Drug_ID,Drug,Y,uidx
6602638.0,CCCC(=O)Nc1ccc(N2CCN(CC)CC2)c(Cl)c1.Cl,0,0
644675.0,CC(=O)N(c1ccc2oc(=O)sc2c1)S(=O)(=O)c1cccs1,1,2
645164.0,CCC(c1nnnn1CC1CCCO1)N(CCN1CCOCC1)Cc1cc2cc(C)ccc2[nH]c1=O,1,5
645569.0,CCc1cc2c(=O)[nH]cnc2s1,0,9
645573.0,CCN(CC)C(=O)CSc1nnc(-c2cc3ccccc3cc2O)n1CC,1,10
5721248.0,Cl.N/C(=N\O)C1COc2ccccc2O1,0,12
645929.0,CC(C)(C)NC(=O)CSc1nnc(Cc2ccc3c(c2)OCO3)n1C1CCCCC1,1,13
645965.0,Cc1ccc2c(c1)nnn2C1CCN(CC(=O)N2c3ccccc3CC2C)CC1,1,14
646164.0,CCOC(=O)CSC1=C(C#N)C(C)C2=C(CCCC2=O)N1,0,15
646353.0,CCOC(=O)N1CCN(S(=O)(=O)Cc2ccccc2)CC1,0,17
646472.0,CCOC(=O)c1cc2sc(C)cc2n1CC(=O)N1CCN(C(=O)c2ccco2)CC1,1,19
646515.0,CCOC(=O)C(NC(C)=O)C(OC(C)=O)c1cccc(N(CCO)CCO)c1,0,20
646597.0,CCC(=O)Nc1cc2c(cc1C(=O)c1ccccc1)OCCO2,0,21
6602690.0,CN(C)CCNC(=O)C(C(=O)c1ccc(F)cc1)n1ccccc1=O.Cl,0,22
646768.0,Cc1cc(C)nc(N2CCC(C(=O)NCCc3ccc(F)cc3)CC2)n1,0,23
646955.0,COC(=O)CN(c1ccccn1)S(=O)(=O)c1ccccc1,0,25
647302.0,Cn1c(-c2ccc3c(c2)OCO3)cnc1NCc1ccccc1.O=C(O)C(=O)O,1,27
647430.0,Cc1cc(C)n(-c2nc3c(c(=O)[nH]c(=O)n3C)n2C(C)C)n1,0,28
647498.0,CC1(CCC#N)N=C(SCCC#N)N(c2ccccc2)C1=O,0,29
647727.0,O=C(Nc1ccc(S(=O)(=O)N2CCCC2)cc1)c1ccc(CN2CCOCC2)cc1,0,31
647933.0,O=C(Nc1cccc(NC(=O)N2CCN(c3ccccc3)CC2)c1)N1CCN(c2ccccc2)CC1,1,32
647937.0,CC(=O)NC1(c2cccc(F)c2)CCN(CC(=O)NC2CCCCC2)CC1,0,33
647987.0,Cc1ccc(Cl)cc1N1CCN(S(=O)(=O)c2ccc3c(c2)OCCO3)CC1,0,34
648007.0,CCOC(=O)c1c(NC(=O)CSc2nnnn2C)sc(C)c1C,1,35
648068.0,CCOc1cccc(C2C(C(=O)c3ccc(C)o3)=C(O)C(=O)N2Cc2ccncc2)c1,1,36
648175.0,CCn1c(Cc2ccccc2)nnc1SCC(=O)NC(C)(C)C,1,37
648236.0,CCC(C)(C)n1nnnc1C(C(C)C)N(CCCO)Cc1cc2cc(C)ccc2[nH]c1=O,1,39
648407.0,CCc1nnc(NC(=O)CSc2nnc(COc3ccccc3)n2Cc2ccccc2)s1,0,41
648428.0,CC(C)Cn1c(-c2ccc(Cl)cc2)cnc1SCC(=O)N1CCOCC1,0,42
648537.0,CCc1cc2c(NCCO)ncnc2s1,0,43
5769011.0,Cc1ccc(C)c(/C(O)=C2\C(=O)C(=O)N(Cc3cccnc3)C2c2cccnc2)c1,0,44
648642.0,Cc1cc(C)n(-c2nc3c(c(=O)[nH]c(=O)n3C)n2CC(C)C)n1,0,45
648708.0,Cc1nn(C)c(C)c1CNC(=O)c1cnn2c1NC(c1ccccc1)CC2C(F)(F)F,1,46
648768.0,CN(CCC#N)CC(=O)Nc1ccc(NC(=O)CN(C)CCC#N)cc1,0,47
648836.0,Cc1ccc(C(c2nnnn2CC2CCCO2)N2CCN(C(=O)c3ccco3)CC2)cc1,1,48
648878.0,CCN(CC)c1ccc2c(Cl)c(Br)c(=O)oc2c1,1,49
649015.0,O=C1CC(c2cccs2)c2cc3c(cc2N1)OCO3,1,51
2859713.0,Br.COC(=O)Cn1c(=N)n(CCN2CCCCC2)c2ccccc21,0,53
649283.0,COc1ccc(-c2noc(C3CCCN(C(=O)c4ccccc4OC)C3)n2)cc1OC,1,54
649453.0,CCn1c(COc2ccccc2)nnc1SCC(=O)Nc1cc(OC)ccc1OC,1,56
649650.0,COCc1nnc(NC(=O)CSc2ccc(C)cc2)s1,0,57
649754.0,Nc1ncc(-c2ccccc2)n1CC1CCCO1,1,58
649786.0,CCCCn1c(SCC(=O)N2CCCC2)nc2c1c(=O)n(C)c(=O)n2C,1,59
650002.0,Cn1c(=O)[nH]c(=O)c2c1nc(NCCCO)n2CCCc1ccccc1,0,62
135439099.0,O=C(Cc1cccs1)N1CCC(c2nc3c(nnn3Cc3ccccc3Cl)c(=O)[nH]2)CC1,1,64
650100.0,COc1ccccc1OCCn1cc(C(=O)c2ccco2)c2ccccc21,1,65
6602529.0,COc1cccc(C(=O)NC2CC3CCCC(C2)N3CC(=O)Nc2ccccc2)c1.Cl,0,66
650486.0,Cn1c(CNC(=O)Nc2ccccc2)nnc1SCc1ccccc1,1,68
650558.0,O=C(CSc1nnc(CNc2ccccc2)o1)N1CCCc2ccccc21,1,69
650691.0,CCCCNC(=O)NS(=O)(=O)c1ccc(C(=O)OC(C)C)o1,0,70
590998.0,CCOc1ccc(C(=O)N2CCCC2C(=O)O)cc1,0,71
650985.0,COc1ccc(CCNc2c(C)c(C)nc3ncnn23)cc1,0,72
5768893.0,COCCN1C(=O)C(=O)/C(=C(/O)c2cccc(OC)c2)C1c1ccco1,0,74
651086.0,COc1ccc(-c2cc(C(F)F)nc(-n3nc(C)cc3C)n2)cc1,1,75
651189.0,COc1ccc(Cl)cc1NC(=O)CN1C(=O)CSC1=O,1,76
651205.0,CCc1c(C)nc2c(C#N)c(C)[nH]n2c1=O,0,77
651207.0,CCOC(=O)N1CCN(C(=O)c2ccc(Cl)c(S(=O)(=O)N3CCOCC3)c2)CC1,0,78
135450659.0,Cc1ccc(Cn2nnc3c(=O)[nH]c(C4CCN(C(=O)Cc5cccs5)CC4)nc32)cc1,1,79
651587.0,O=C(OCCCN1CCCCC1)c1ccc(O)cc1,0,81
651589.0,Cc1cc(NC(=O)CCC(=O)N2CCC3(CC2)OCCO3)no1,0,82
651603.0,O=C(Nc1cnc2ccccc2c1)c1cccc(-n2cnnn2)c1,0,83
651769.0,O=C(CNC(=O)c1ccco1)OCc1c(F)cccc1Cl,0,85
651959.0,Clc1ccc(C(c2nnnn2C2CCCC2)N2CCN(Cc3ccncc3)CC2)cc1,1,86
652002.0,O=C(CSc1nnc(-c2cccnc2)o1)Oc1ccccc1,0,87
652521.0,CN(C)S(=O)(=O)c1ccc(C(=O)Nc2ccc(CN3CCCC3)cc2)cc1,0,88
652549.0,CC(C)C(C(=O)NCC1CCCO1)N(Cc1ccco1)C(=O)CNS(=O)(=O)c1ccc(F)cc1,1,89
611711.0,CCCCn1c(Cl)nc2c1c(=O)n(C)c(=O)n2C,0,90
26880.0,CC(=O)Nc1ccc(-c2ccccc2)s1,0,91
652799.0,CCOc1ccc(-c2nnn(CC(=O)Nc3cc(OC)ccc3OC)n2)cc1OCC,1,93
652954.0,N#CC1=C(N)OC2=C(C(=O)CCC2)C12CCC1(CC2)OCCO1,0,94
6603138.0,Cl.O=C(CN1CCN(C2CCCCC2)CC1)NCCC1=CCCCC1,0,95
2054625.0,N#C/C(=C/N1CCOCC1)c1ccccc1,0,96
653412.0,Cn1c(SCC(=O)NCc2ccc3c(c2)OCO3)nnc1-c1cc2ccccc2cc1O,1,99
135417689.0,Cc1cccc(NC(=O)N(Cc2nc3ccccc3c(=O)[nH]2)C2CCCC2)c1,1,100
6603658.0,CC(C)(C)c1cc(C(=O)O)c(CN2CCCCC2)o1.Cl,0,101
653695.0,O=C(CSc1n[nH]c(-c2ccccc2O)n1)N1CCCc2ccccc21,1,102
653778.0,COc1ccccc1-n1c(SCC(=O)N2CCCC2)nc2cccnc21,1,103
627902.0,CN(C)c1ccc(N=Cc2nc(-c3ccccc3)oc2O)cc1,1,104
654046.0,COc1ccc(N2CC(C(=O)OCC(=O)c3cccc(OC)c3)CC2=O)cc1,1,106
654078.0,CCn1c(SCc2ccc(C#N)cc2)nnc1-c1ccc(S(=O)(=O)N2CCCCC2)cc1,0,107
654182.0,CCOC(=O)Cc1cc(=O)n2[nH]c(C)c(-c3ccccc3)c2n1,0,108
654244.0,CC1CCN(C(=O)CSc2nc3cccnc3n2C)CC1,0,109
654257.0,CCOc1ccc(N2CC(C(=O)NC(C)C)CC2=O)cc1,0,110
654363.0,O=C(NC1CCCCC1)C(c1cccs1)N(Cc1cccs1)C(=O)c1ccco1,1,111
654435.0,O=C(CSc1nc2ccccc2o1)Nc1nc2ccccc2s1,0,112
5373216.0,COc1n[nH]c2nncnc12,0,113
654546.0,CCc1ccc(N2CC(C(=O)NC3=NCCS3)CC2=O)cc1,0,114
655183.0,COc1ccccc1CN(Cc1cc2cc(C)cc(C)c2[nH]c1=O)Cc1nnnn1CC1CCCO1,1,118
655265.0,COc1ccc(OCc2nnc(SCC(=O)O)n2N)cc1,0,119
5768421.0,COCCCN1C(=O)C(=O)/C(=C(/O)c2ccc(OC(C)C)c(C)c2)C1c1ccncc1,0,120
655401.0,CCN(C1CCCCC1)S(=O)(=O)c1ccc(S(=O)(=O)NCc2ccncc2)cc1,1,121
655439.0,CCOC(=O)C1=C(C)NC(=O)NC1c1ccoc1,0,122
655575.0,CC(C)CCn1nnnc1C(c1ccc(F)cc1)N1CCN(C(=O)c2ccco2)CC1,1,123
586663.0,O=C(NCCc1ccc(Cl)cc1)c1ncn[nH]1,0,124
5769094.0,COC(=O)c1cc(/C=C/c2ccccc2)on1,0,125
655785.0,CC(NC(=O)OCc1ccccc1)C(=O)NCC1CCCO1,0,126
656183.0,CC(C)OC(=O)NCCOC(=O)Nc1cccc(Cl)c1,0,129
656216.0,Oc1ccccc1C1Nc2cccc3cccc(c23)N1,0,130
656257.0,Cc1ccccc1OCC1Cn2c(nc3c2c(=O)[nH]c(=O)n3C)O1,0,131
656355.0,CCc1nnc(NC(=O)C2CCN(C(=O)NC3CCCCC3)CC2)s1,0,133
54686761.0,C=CCn1c(=O)c(C(=O)NCCN(CC)CC)c(O)c2ccccc21.Cl,0,134
657423.0,CN1CCC2(CC1)C1CN(C)CC=C1C(C#N)=C(N)C2(C#N)C#N.O.[OH-],0,135
657488.0,Cc1ccc(C(=O)CNc2nc3c(c(=O)[nH]c(=O)n3C)n2Cc2ccccc2)cc1,1,136
6603060.0,I.OCCNC1=NCCN1,0,137
135449532.0,Cc1cc(=O)[nH]c(-n2nc(C)cc2C)n1,0,139
208296.0,O=c1nc(-c2ccccc2)cn[nH]1,0,140
658313.0,Cc1cc(C)n(S(=O)(=O)Cc2ccccc2)n1,0,141
6602578.0,CCOCCN1CCC(OC(C)=O)C(C)C1.Cl,0,142
658614.0,CCN(CC)c1ccc2c(c1)OC(N)=C(C#N)C2c1cccnc1,1,143
658723.0,COC(=O)c1[nH]c2ccc(Br)cc2c1NC(=O)CN1CCN(C2CCCCC2)CC1,1,144
659040.0,O=c1[nH]c(=S)[nH]nc1Cc1ccccc1,0,147
2838016.0,CC1=CC=CN2CC(O)CN=C12.Cl,0,149
659575.0,CCSc1nnc(NC(=O)C(C(F)(F)F)C(F)(F)F)s1,0,151
659654.0,Fc1cc2nc(-c3ccncc3)[nH]c2cc1F,1,153
659658.0,Cc1c(C=NCCOCc2ccccc2)cnn1C,0,154
1571770.0,COc1cccc(-n2c(O)c(C=NCCN3CCOCC3)c(=O)[nH]c2=O)c1,0,155
6603569.0,Cc1ccc2c(c1)[C@@H]1CN(C)CC[C@@H]1N2S(=O)(=O)c1ccc(F)cc1.Cl,1,156
1922089.0,Cc1cc(C)c(-n2c(O)c(C=NCCN3CCOCC3)c(=O)[nH]c2=O)c(C)c1,1,158
659775.0,CCOC(=O)C1C(=O)NC(C)C1c1ccccc1,0,160
659795.0,Cc1cc(Oc2ccc(-c3ccccc3)cc2)nc(N2CCOCC2)n1,0,161
659824.0,CCN(CC)S(=O)(=O)c1cccc2c(N(C)C)cccc12,0,162
659902.0,CC1CCCCN1c1nc(-c2ccncc2)nc2ccccc12,1,164
659943.0,CSc1nc(Oc2ccc(=O)[nH]n2)nc(N(C)C)n1,0,166
660285.0,COc1ccc(S(=O)(=O)N2CCC(N3CCCCC3)CC2)cc1,0,167
660304.0,O=C(COc1ccccc1)Nc1ccc(-c2nnc(-c3ccco3)o2)cc1,0,168
660522.0,CC(C)OC(=O)C(C#N)c1nc2ccccc2nc1N1CCN(Cc2ccccc2)CC1,0,169
660546.0,Cc1cccc(OCC(=O)N2CCC(N3CCCCCC3)CC2)c1,0,170
660660.0,CC1(C)CC(=O)C2=C(C1)Oc1nc3ccccc3cc1C2C(C#N)C#N,1,172
135420605.0,CCCCc1c(O)nc(SCCN(C)C)n(-c2ccccc2)c1=O,0,173
660831.0,COC1(OC)N=C(NC(=O)Nc2ccccc2)C2(C#N)C(c3ccccc3)C12C#N,0,174
661009.0,COc1cccc(C(=O)Nc2ccc(-c3nnc(-c4ccco4)o3)cc2)c1,1,175
661170.0,O=C(Cc1ccc(Cl)cc1)Nc1cccc(-c2nnc(-c3ccco3)o2)c1,1,176
661178.0,CCCOc1ccc(CSC(CC(=O)O)C(=O)O)cc1,0,177
661187.0,c1ccc(-n2ncc3c(NCCCN4CCOCC4)ncnc32)cc1,0,178
661217.0,N#Cc1nc(-c2cccs2)oc1NCc1ccccc1,1,180
661251.0,COc1ccc(CC(=O)Nc2cccc(-c3nnc(-c4ccco4)o3)c2)cc1,1,181
661259.0,CCOC(=O)c1ccc(NC(=O)COc2ccccc2OC)cc1,1,182
661296.0,CCc1c(C(=O)O)[nH]c2ccc(Br)cc12,0,183
661300.0,S=c1nc(-c2ccccc2)[nH]n1-c1ccccc1,0,184
661349.0,CC(=O)c1c(C(C)=O)c(C)n(NC(=O)c2ccncc2)c1C,0,185
661355.0,Cn1c(=O)n(CCC(=O)O)c2ccccc21,0,186
661394.0,CSc1nc(O)c(Cc2ccccc2)c(=O)[nH]1,0,187
661406.0,CC1(C)CC(=O)C(CCCN2C(=O)c3ccccc3C2=O)C(=O)C1,0,188
6603015.0,CN(C)CC(O)COc1cccc(OCC(O)CN(C)C)c1.Cl,0,189
6603014.0,CN(C)CC(O)COc1ccc(C(C)(C)c2ccc(OCC(O)CN(C)C)cc2)cc1.Cl,0,190
661455.0,Oc1ccccc1CNn1cnnc1,0,191
661513.0,CCn1c(SCC(=O)Nc2ccccc2C(=O)OC)nnc1-c1ccc(N)cc1,1,192
661528.0,Cc1ccc(C2Nc3ccccc3C(=O)N2Cc2ccco2)cc1,1,193
661532.0,CCOC(=O)c1[nH]c2cc3c(cc2c1NC(=O)CN1CCC2(CC1)OCCO2)OCO3,0,194
661552.0,Cc1cn2c(-c3ccncc3)nnc2s1,0,195
661596.0,COc1cccc(C2=CC(c3ccccc3)n3nnnc3N2)c1,0,196
661601.0,CCC(=O)Nc1cc(-c2nn(C)c(=O)c3ccccc23)ccc1N1CCCCC1,0,197
661615.0,CCn1cc(C(=O)NCC2CCCO2)c(=O)c2cc(F)c(N3CCN(C)CC3)cc21,0,198
622237.0,CCOC(=O)c1sc2c(c1C)c(=O)c(C(=O)OCC)cn2CC,0,199
661761.0,CCOC(=O)c1[nH]c2cc3c(cc2c1NC(=O)CN1CCc2ccccc2C1)OCO3,1,200
661794.0,Cc1cc2n(n1)SC(Nc1ccccc1)N2,0,201
5389389.0,COc1cccc(/C(O)=C2/C(=O)C(=O)N(c3cc(C)on3)C2c2cccs2)c1,1,202
6881185.0,COCCCNC(=O)c1c(N)n(/N=C/c2ccccn2)c2nc3ccccc3nc12,1,204
6881246.0,CCO/C(C)=N/n1c2nc3ccccc3nc2c2c(=O)n(CC(C)C)c(C)nc21,1,205
662144.0,CCOC(=O)c1c(C)n(C)c2ccc(OC)c(NC(=O)CN3CCN(Cc4ccccc4)CC3)c12,1,206
662243.0,O=C1CC(N(O)C2CC(=O)N(Cc3ccccc3)C2=O)C(=O)N1Cc1ccccc1,1,208
662260.0,CCCCCCOC(=O)C(C#N)c1nc2ccccc2nc1N1CCN(CC)CC1,1,209
662284.0,Cc1ccc(N2C(=O)c3n[nH]c(C)c3C2c2ccccn2)cc1,1,210
662340.0,CCOC(=O)c1cc2c(=O)n3cccc(C)c3nc2n(CCCOC)c1=NC(=O)c1cccnc1,1,211
662344.0,CCOC(=O)c1[nH]c2ccc(OC)cc2c1NC(=O)c1ccc2c(c1)OCO2,1,212
5389504.0,CCOc1ccc(/C(O)=C2/C(=O)C(=O)N(CCOCCO)C2c2cccnc2)cc1,0,213
662407.0,NC(=O)C1CCN(C(=O)CN2C(=O)c3ccccc3S2(=O)=O)CC1,0,214
6603410.0,CC(C)[C@H](N)c1nnc(SCc2ccc(Cl)cc2)o1.Cl,1,215
6603236.0,CCN(CC)CCOC(=O)c1c(C)n(C)c2ccc(OC)cc12.Cl,0,217
6603499.0,COc1ccc(C(=O)OC(C)CN2CCN(C)CC2)cc1OC.Cl,0,218
6602710.0,C=C(C)CSc1nnc([C@@H](N)Cc2c[nH]c3ccccc23)o1.Cl,0,219
662647.0,COc1ccccc1-c1nnc2n1N=C(c1ccc(O)c(O)c1)CS2,1,221
662650.0,COc1ccc(-c2cc(-c3cc(F)ccc3O)[nH]n2)cc1OC,1,222
662710.0,COc1cccc(-c2nnc3sc(-c4ccc(C)cc4)nn23)c1,1,224
662745.0,CCOCCCn1cnc2c([nH]c3cc(OC)ccc32)c1=O,0,225
200556.0,Cl.OC1(c2ccc(F)cc2)CCNC1,0,226
662794.0,CC(C)(C)OC(=O)NCCc1nnc(SCC(=O)Nc2cccc(Cl)c2)o1,1,227
662868.0,Cn1nnc(NC(=O)c2ccco2)n1,0,229
662996.0,CCOc1ccc(-c2nnc3n2N=C(c2ccc(OC)cc2)CS3)cc1,1,232
663055.0,COc1ccc(C)cc1NC(=O)CSc1nnc(-c2ccc(OC)c(OC)c2)n1N,1,233
663121.0,Nc1c(S(=O)(=O)c2ccccc2)c2nc3ccccc3nc2n1Cc1ccco1,1,235
9615342.0,Cn1c[n+](C)cc1/C=N/O.[I-],0,236
663125.0,Oc1ccc(-c2[nH]ncc2-c2ccc(Cl)cc2)c(O)c1,1,237
663143.0,CCOc1ccc(C2=Nn3c(nnc3-c3ccccc3OC)SC2)cc1,1,238
663146.0,COc1ccc2c(c1)[nH]c1c(N3CCN(Cc4ccc5c(c4)OCO5)CC3)ncnc12,1,239
6889315.0,NC(=O)/C(=N\O)c1ccccc1,0,240
663331.0,CN(C)C(=O)COn1c(SCC(=O)N(C)C)nc2ccccc2c1=O,0,243
663337.0,CCOC(=O)c1[nH]c2cc(OC)c(OC)cc2c1NC(=O)c1ccc2c(c1)OCO2,1,244
663340.0,COc1ccc(CCn2c(=N)c(C(=O)NCc3ccco3)cc3c(=O)n4ccccc4nc32)cc1,1,245
663539.0,Cc1nc(SCC(=O)Nc2ccc3c(c2)OCCO3)c2oc3ccccc3c2n1,1,246
663558.0,N#CNC1=NCN(CCc2ccccc2)CN1,0,247
663581.0,COC(=O)[C@@H](NC(=O)Nc1ccc(C(C)=O)cc1)C(C)C,0,248
5389740.0,CCCN1C(=O)C2(/C(=C(\O)c3ccc4c(c3)OCCO4)C(=O)C(=O)N2CCCOC)c2ccccc21,0,249
5389753.0,Cc1nc2c(C)cccn2c1/C(O)=C1\C(=O)C(=O)N(CCN(C)C)C1c1ccncc1,0,251
663879.0,Cc1ccc(C(=O)C2=C(O)C(=O)N(CCCn3ccnc3)C2c2ccc(OC(C)C)cc2)o1,1,252
664033.0,CC1(C)CCCN(C(=O)c2coc(=O)c(Br)c2)C1,0,254
664130.0,Cc1ccc(C2C(C(=O)c3sc(C)nc3C)=C(O)C(=O)N2CCN2CCOCC2)o1,0,255
664154.0,COC(=O)c1[nH]c2cc(C)ccc2c1NC(=O)CN1CCCc2ccccc21,1,256
664283.0,Cc1ccc(S(=O)(=O)N[C@H](C(=O)N2CCC(C(=O)NCC(=O)O)CC2)C(C)C)cc1,0,258
135513628.0,CCOC(=O)/C(C(N)=NCCCO)=C(\O)OCC,0,259
664461.0,O=C1COc2ccc(OCc3ccc(F)cc3)cc21,0,260
664527.0,CN1CCc2c(sc3c2c(=O)n(-c2ccccc2)c2nncn32)C1,0,261
664546.0,CCN1CCN(c2nc3c(c(=O)[nH]c(=O)n3C)n2CCCSc2ncccn2)CC1,0,262
6603365.0,Cl.c1ccc2c(c1)oc1c(NCCCn3ccnc3)ncnc12,1,263
664598.0,Cc1ccc(-n2ncc3c2ncn2nc(-c4ccco4)nc32)c(C)c1,0,264
5389872.0,Cc1nc2ccccn2c1/C(O)=C1\C(=O)C(=O)N(CCN2CCOCC2)C1c1cccnc1,0,266
5389875.0,CC1Cc2cc(/C(O)=C3/C(=O)C(=O)N(CCN4CCOCC4)C3c3cccc(Cl)c3)ccc2O1,0,267
664733.0,Cc1nc2c3cnn(-c4ccc(C)c(C)c4)c3ncn2n1,1,268
2066868.0,O=c1[nH]c(=O)n(CCc2ccc(F)cc2)c(O)c1C=NCCCN1CCOCC1,1,269
5389897.0,COc1ccccc1-c1c(C)oc2c(CN3CCN(CCO)CC3)c(O)ccc2c1=O,0,270
664974.0,COc1ccc(C2C3=C(CC(C)(C)CC3=O)Oc3ncn(CC(C)C)c(=N)c32)cc1,1,272
665084.0,O=C(Nc1ccc2nc(-c3ccc(Br)o3)[nH]c2c1)c1ccco1,1,273
6602811.0,Br.CCCCCCN1Cc2ccccc2C1,0,274
665219.0,COCCN1CN=C(Nc2nc3ccccc3s2)NC1,0,275
665250.0,Cn1cc(C(=O)c2ccc(Cl)cc2)cc1-c1nc2ccccc2n1C,0,276
665278.0,COc1cc2c(cc1OC)-c1cc(NCc3ccccn3)nc(=O)n1CC2,0,277
665343.0,Cc1nnc(SCCCn2c(N3CCN(c4ccccc4)CC3)nc3c2c(=O)[nH]c(=O)n3C)s1,1,279
665437.0,CCOc1ccc(C2=[N+]([O-])C(C)(C)N(O)C2(C)C)cc1,0,280
665459.0,COc1ccccc1-c1nnc(NC(C)=O)s1,0,281
665578.0,CN(C)C(=O)CCc1nc(-c2ccc(C(C)(C)C)cc2)no1,0,282
665654.0,CNC(=O)CCc1nc(-c2ccc(C(C)(C)C)cc2)no1,0,283
665964.0,c1ccc2c(c1)ncn2Cc1nnc2sc(-c3ccc4c(c3)OCO4)nn12,1,284
666412.0,COc1cccc(-c2noc(-c3cccnc3)n2)c1,1,285
666498.0,COc1ccc(-c2noc(CCCC(=O)NCCc3ccccc3)n2)cc1OC,1,286
666499.0,Cc1[nH]n2c(=O)c(C#N)c(-c3ccccc3)nc2c1-c1ccccc1,0,287
666516.0,COC(=O)C1=C(N)Oc2cc(C)n(CC3CCCO3)c(=O)c2C1c1ccccc1OC,1,288
666838.0,CCn1c(-c2ccc(N(C)C)cc2)nc2ccccc21,1,289
667080.0,COc1ccc(-c2nn3cnnc3s2)cc1OC,1,290
667282.0,CS(=O)(=O)N(Cc1cc2ccccc2[nH]c1=O)C1CCCCC1,1,291
135465169.0,Cc1nc(N2CCN(c3ccccc3)CC2)[nH]c(=O)c1Cc1cccc2ccccc12,0,292
667315.0,CN(Cc1cc2ccccc2[nH]c1=O)S(C)(=O)=O,0,293
667387.0,COCCn1c(C)cc2c(c1=O)C(c1ccccc1F)C(C#N)=C(N)O2,1,294
2997551.0,Cn1c(SCc2nnc(-c3ccc(F)cc3)o2)nnc1C1COc2ccccc2O1,1,295
2108763.0,O=c1c2ccccc2nnn1CSc1nnc(COc2ccc(Cl)cc2)n1Cc1ccco1,1,296
2997601.0,CCCCn1c(SCc2c(C)noc2C)nc2cc(S(N)(=O)=O)ccc21,1,297
2360612.0,COC(=O)c1cc2c(s1)N=C(c1ccccc1)N(C)P2(=O)N1CCOCC1,0,298
2997683.0,Cn1ccnc1SCC(=O)Nc1sccc1C#N,1,299
1016562.0,COc1ccc(NC(=O)CN2c3cccc4cccc(c34)S2(=O)=O)cc1,1,300
2309247.0,O=c1nc(-c2ccccc2)n(-c2ccccc2)c2ncccc12,0,301
2570762.0,COCc1c(C(=O)OCC(=O)N2c3ccccc3NC(=O)C2(C)C)oc2ccccc12,0,302
2601844.0,COc1ccc(NC(=O)CSc2nnc(C3CC3)n2N)cc1,0,303
2997913.0,COc1ccc(OC)c(C(=O)CN2C(=O)NC(C)(c3ccccc3)C2=O)c1,1,305
2116404.0,Cc1cc(NC(=O)COC(=O)c2ccc(S(=O)(=O)N3CCCc4ccccc43)cc2)no1,1,306
135415414.0,O=C(CSc1nc2nc(-c3cccs3)cc(C(F)(F)F)c2c(=O)[nH]1)NCc1ccco1,1,307
2079240.0,Cc1ccc(/C=C/C2=Cc3c(sc(NC(=O)CSc4n[nH]c(N)n4)c3C#N)C(C)(C)C2)o1,1,308
943085.0,c1ccc(-n2ncc3c2ncn2cnnc32)cc1,0,309
2426783.0,COc1ccc(Cn2c(N)c(C(=O)NCc3ccco3)c3nc4ccccc4nc32)cc1,1,310
2998010.0,C=CCn1c(C)cc(C(=O)CN2C(=O)c3ccccc3C2=O)c1C,1,311
2161188.0,Cc1cc(C(=O)CSc2nnc(N)s2)c(C)n1CCc1ccc(F)cc1,1,312
2998040.0,CC(C(=O)NCc1ccc2c(c1)OCO2)N1c2cccc3cccc(c23)S1(=O)=O,1,315
2537506.0,Cc1cccc(N2CCN(C(=O)CSCc3c(C)noc3C)CC2)c1C,1,316
135415419.0,CCCCc1n[nH]c2c1/C(=N/O)CC(c1ccccc1)C2,1,317
1107330.0,COc1ccc(-c2cc(-c3c(O)c(OC)c4occc4c3OC)[nH]n2)cc1OC,1,318
2161195.0,CCn1c(SCC(=O)N2CCN(S(=O)(=O)c3ccccc3)CC2)nnc1-c1cccs1,1,320
2091447.0,Cn1c(=O)c(C(=O)CN2CCOCC2)c(N)n(Cc2ccccc2)c1=O,0,321
2998265.0,C=Cn1ccnc1P(=S)(c1nccn1C=C)C1CCCCC1,1,322
2123807.0,COc1ccc(C(=O)Nc2cccc3c2C(=O)NC3=O)cc1S(=O)(=O)N1CCOCC1,0,323
69088.0,Cc1cc(=O)[nH]c2ccccc12,0,324
6861488.0,O=C(/C=N/O)Nc1ccccc1,0,325
2123310.0,CCOC(=O)N1CCN(C(=O)Cc2ccsc2)CC1,0,326
2121339.0,O=c1c2ccccc2nnn1CSc1ccc2c(c1)OCCO2,0,327
2116120.0,CCOc1ccc(-n2c(Cc3ccccc3)nnc2SCc2c(C)noc2C)cc1,1,328
2326262.0,CCCC(=O)Nc1nc(C(=O)OCC)cs1,0,329
2998398.0,Nc1c(C(=O)NCC2CCCO2)c2nc3ccccc3nc2n1-c1ccccc1,1,330
2433797.0,O=C(CSc1ccccc1C(=O)O)NCc1ccco1,0,332
2400918.0,O=S1(=O)CCN2C=Nc3sc4c(c3C2=N1)CCCC4,0,333
2998651.0,O=C(COc1ccc(OCc2ccccc2)cc1)NC1CCOC1=O,0,334
2998702.0,COc1ccc(C2=NCC(CSc3nccc(=O)[nH]3)S2)cc1,1,337
2115079.0,Cc1cc(C(=O)CC#N)c(C)n1CC(F)(F)F,1,339
2098196.0,Cc1noc(C)c1COc1cccc(C(=O)OCC(=O)N2CC(=O)Nc3ccccc32)c1,1,340
2594257.0,CCN1CCc2nc(NC(=O)c3ccc4c(c3)OCCO4)sc2C1,1,341
2060921.0,Cc1onc(-c2ccccc2)c1C(=O)NCCc1c[nH]c2ccccc12,1,342
2998990.0,Cc1ccc(C(CC(=O)c2ccco2)SCCO)cc1,0,343
2999021.0,O=C(CCC(=O)c1cccs1)OCC(=O)N1CCN(C(=O)c2ccco2)CC1,0,344
2545865.0,CCOC(=O)c1c(C)[nH]c(C(=O)COC(=O)c2ccccc2NC(=O)c2ccco2)c1C,1,345
2999101.0,CCc1ccc(C2=Nn3c(nnc3-c3cccs3)SC2)cc1,1,347
2999154.0,Cc1nn(-c2ccccc2)c(Cl)c1C(=O)Nc1c(C)n(C)n(-c2ccccc2)c1=O,0,350
1234753.0,COC(=O)c1nnn(Cc2ccccc2)c1N,0,351
2393456.0,O=C(CSc1nc2ccccc2c(=O)n1-c1ccc(Cl)cc1)c1ccco1,1,352
2569738.0,Cn1c(CCC(=O)Nc2ccc(N3CCOCC3)cc2)nc(=O)c2ccccc21,0,353
2104232.0,O=C(OCc1nnc(-c2ccccc2)o1)c1ccc2c(c1)OCCO2,1,356
135415501.0,O=C(CCc1nc2ccccc2c(=O)[nH]1)OCC(=O)N1CCN(S(=O)(=O)c2ccccc2)CC1,1,358
595193.0,CCn1c(N)nc2ccccc21,0,361
2999387.0,O=C(COC(=O)c1cccc(S(=O)(=O)N2CCN(c3ccccc3)CC2)c1)NCc1ccco1,1,362
2115176.0,CCc1ccc2nc(NC(=O)c3cc(C)on3)sc2c1,0,363
2999540.0,CCc1ccc(OCC(=O)OC2CCS(=O)(=O)C2)cc1,0,364
2122192.0,CC(C)Cn1c(N)c(C(=O)CSc2ccc3c(c2)OCCO3)c(=O)n(C)c1=O,1,365
271643.0,O=C(O)c1cc2cc(Cl)ccc2oc1=O,0,366
2999625.0,CCCn1c(NC(=O)C2CCN(S(=O)(=O)c3cccs3)CC2)nc2ccccc21,1,367
2123289.0,c1ccc2[nH]c(NC3=NCCC3)nc2c1,0,368
2574588.0,CCN(CC(=O)Nc1ccc2c(c1)OCCO2)C(=O)c1cccc(S(=O)(=O)N2CCOCC2)c1,0,369
733062.0,CCS(=O)(=O)c1ccc(O)c(NC(=O)Nc2ccccc2)c1,0,370
77069.0,CCOc1ccc(C(=O)O)cc1OC,0,371
2999963.0,CN(C)C=O.COCCn1c(SCc2nc3sc(C(=O)OC)c(C)c3c(=O)[nH]2)nc2ccccc21,1,374
2999987.0,COc1cc(CC(=O)OC2CCOC2=O)cc(OC)c1OC,0,375
4879.0,Nc1ncnc2c1cnn2-c1ccccc1,0,376
3000015.0,O=C1OCCC1Sc1nc2cc(Cl)ccc2o1,0,377
888621.0,Cc1cccc2nc(C(F)(F)F)nc(=O)n12,0,378
6603002.0,Cl.N=c1sccn1CC(=O)Nc1cccc(Oc2ccccc2)c1,0,379
3000138.0,O=C(Cn1cc(C(F)(F)F)ccc1=O)N1CCN(S(=O)(=O)c2ccccc2)CC1,0,381
2408768.0,COc1ccc2c(Cl)c(-c3nnco3)sc2c1,1,382
2336875.0,Cc1cnc(C(=O)OCC(=O)Nc2ccc(Cl)cc2)cn1,0,383
2326513.0,CCN(CC)S(=O)(=O)c1cc(C(=O)Nc2ccncc2)ccc1Cl,1,384
2368170.0,CN1/C(=C\C(=O)COC(=O)Cn2nnc(-c3ccccc3)n2)C(C)(C)c2ccccc21,1,385
2502130.0,O=C(CSCC(=O)OCn1nnc2ccccc2c1=O)Nc1ccc(Cl)cc1,1,386
3232585.0,COc1ccc(Oc2ncc3nc(-c4cccs4)c(=O)n(CCC#N)c3n2)cc1,1,387
3232586.0,COc1ccc(C(=O)N2CCC3(CC2)CN(c2ccc(-c4ccccc4)cc2)C3)cc1,0,388
3232587.0,COc1ccccc1-c1nc(NCc2ccccc2)c2ccccc2n1,1,389
3232591.0,COc1cccc(-c2ccc3ncnc(NCCN4CCOCC4)c3c2)c1,1,392
3232592.0,CN1CCN(c2ncc3nc(-c4cccc(C#N)c4)c(=O)n(Cc4ccc(F)cc4)c3n2)CC1,1,393
3232594.0,CN1CCN(c2ncc3nc(-c4ccccc4)c(=O)n(CCC#N)c3n2)CC1,0,394
3232597.0,COc1ccc(-c2nc3cnc(N4CCN(C)CC4)nc3n(Cc3cccs3)c2=O)cc1,0,396
3232601.0,COCC(=O)N1CCC2(CCN(Cc3cc(C(F)(F)F)cc(C(F)(F)F)c3)CC2)CC1,0,399
3232602.0,CN(C)c1ccc(-c2cncnc2NCc2ccccc2)cc1,1,400
3232604.0,COc1ccc2[nH]cc(CCNc3ncnc4ccc(-c5c(C)noc5C)cc34)c2c1,1,401
3232609.0,O=c1c(-c2ccc(F)cc2)nc2cncnc2n1C1CC1,0,404
3232610.0,COc1ccc(CNc2ncnc3ccc(-c4ccc5c(c4)OCO5)cc23)c(OC)c1,1,405
3232611.0,CN(C)C(=O)c1ccc(-c2cncnc2Nc2ccc(F)cc2)cc1,1,406
3232612.0,COc1ccc(-c2nc3cnc(OC)nc3n(Cc3cccs3)c2=O)cc1,1,407
3232613.0,COc1cccc(Nc2ncc3nc(C)c(=O)n(C4CC4)c3n2)c1,1,408
3232614.0,COCCn1c(=O)c(-c2cc(F)cc(F)c2)nc2cnc(Oc3ccc(OC)cc3)nc21,1,409
3232616.0,COc1ncc2ncc(=O)n(CCC#N)c2n1,0,410
3232617.0,c1ccc(N2CCC3(CCNCC3)CC2)cc1,0,411
3232620.0,COc1ccc(Oc2ncc3ncc(=O)n(CCC#N)c3n2)cc1,1,413
3232628.0,CC(=O)N1CCC2(CCN(Cc3ccccc3)CC2)CC1,0,416
3232630.0,CS(=O)(=O)N1CCC2(CCN(C(=O)Nc3cccc(C#N)c3)CC2)CC1,0,417
3232633.0,Cc1nc2cnc(N3CCOCC3)nc2n(CCC#N)c1=O,0,419
3232634.0,COc1ccc(CNc2cc(-c3cccc(NS(C)(=O)=O)c3)ncn2)c(OC)c1,1,420
3232635.0,CCNc1ncc2nc(-c3cn(C)c4ccccc34)c(=O)n(C[C@H]3CCCO3)c2n1,1,421
3232638.0,COc1ccc(C(=O)N2CCC3(CCN(Cc4ccc(C#N)cc4)CC3)CC2)cc1,0,423
3232639.0,COCCNc1ccnc(-c2cccc(NS(C)(=O)=O)c2)n1,1,424
3232640.0,O=C(c1ccncc1)N1CCC2(CC1)CCN(C(c1ccccc1)c1ccccc1)CC2,0,425
3232642.0,N#Cc1cccc(-c2nc(NCc3cccnc3)c3ccccc3n2)c1,1,427
3232645.0,Clc1ccccc1-c1nc(Nc2ccncc2)c2ccccc2n1,1,428
3232647.0,c1ccc2c(NC3CCNCC3)nc(-c3ccoc3)nc2c1,0,430
3232648.0,CC(C)CN1CC2(CCN(C(=O)Oc3ccccc3)CC2)C1,0,431
3232650.0,COc1ccc2[nH]cc(CCNc3ncncc3-c3ccccc3C)c2c1,1,432
3232652.0,O=c1c(-c2ccccc2)nc2cncnc2n1Cc1ccccc1Cl,0,434
3232653.0,c1ccc(Nc2ncnc3ccc(-c4ccoc4)cc23)cc1,1,435
3232657.0,COc1cccc(-c2nccc(NCc3ccccc3OC)n2)c1,1,438
3232659.0,CS(=O)(=O)N1CCC2(CCCN(C(=O)Nc3ccccc3)C2)CC1,0,440
3232661.0,CC(C)CN1CCCC2(CCN(S(=O)(=O)c3ccccc3)CC2)C1,1,441
3232663.0,CN(Cc1ccco1)c1ccnc(-c2cccnc2)n1,1,442
3232666.0,Cc1nc2cnc(Oc3cccc(Cl)c3)nc2n(Cc2ccc(F)cc2)c1=O,1,443
3232667.0,COCC(=O)N1CCC2(CC1)CN(Cc1cc(C(F)(F)F)cc(C(F)(F)F)c1)C2,0,444
3232672.0,COc1ccc2[nH]cc(CCNc3ncncc3-c3cccnc3)c2c1,1,445
3232674.0,c1ccc(-c2ccc(N3CC[C@@]4(CCCNC4)C3)cc2)cc1,0,447
3232675.0,N#Cc1cccc(-c2nc(NCc3cccs3)c3ccccc3n2)c1,1,448
3232676.0,COc1cccc(-c2nccc(-n3ccnc3)n2)c1,1,449
3232677.0,CN(C)c1nc(-c2cccc(C#N)c2)nc2ccccc12,1,450
3232680.0,Cc1cnc(CNc2nc(-c3ccoc3)nc3ccccc23)cn1,1,451
3232683.0,N#Cc1cccc(NC(=O)N2CCCC3(CCN(C(=O)c4ccncc4)CC3)C2)c1,1,453
3232684.0,COc1ccc(C(=O)N2CCC[C@@]3(CCN(C(=O)Nc4cccc(C#N)c4)C3)C2)cc1,1,454
3232693.0,Cc1ccccc1-c1nccc(Nc2ccc(F)cc2)n1,1,458
3232694.0,O=c1c(-c2ccccc2)nc2cncnc2n1Cc1ccccc1,1,459
3232697.0,O=c1c(-c2ccccc2)nc2cnc(N3CCNCC3)nc2n1C1CC1,1,460
3232698.0,Cc1ccccc1-c1cncnc1NCc1ccccc1,1,461
3232699.0,CN(C)c1ncc2nc(-c3ccc(F)cc3)c(=O)n(C[C@H]3CCCO3)c2n1,0,462
3232703.0,Cn1cc(-c2nc3cncnc3n(CCN)c2=O)c2ccccc21,1,464
3232704.0,CN1CCN(c2cc(-c3ccccc3Cl)ncn2)CC1,0,465
3232705.0,CS(=O)(=O)Nc1cccc(-c2cncnc2-n2ccnc2)c1,1,466
3232708.0,O=c1c(-c2ccc(F)cc2)nc2cnc(N3CCNCC3)nc2n1Cc1ccc(F)cc1,1,468
3232709.0,COc1cccc(Cn2c(=O)c(C)nc3cnc(N4CCNCC4)nc32)c1,1,469
3232710.0,Cc1nc2cnc(N3CCN(C)CC3)nc2n(C)c1=O,0,470
3232713.0,COc1ccccc1CCn1c(=O)c(-c2ccc(F)cc2)nc2cncnc21,1,471
3232715.0,COc1cccc(Cn2c(=O)cnc3cnc(Oc4cccc(Cl)c4)nc32)c1,1,473
3232716.0,CS(=O)(=O)N1CCC2(CCCN(c3ncccn3)C2)CC1,0,474
3232717.0,O=C(c1ccco1)N1CCC2(CCCN(c3cccc(-c4ccccc4)c3)C2)CC1,1,475
3232720.0,O=C(Nc1cccc(F)c1)N1CCC2(CC1)CCN(C(=O)c1cnccn1)CC2,0,476
3232721.0,Cc1noc(C)c1C(=O)N1CCC2(CCN(Cc3cc(C(F)(F)F)cc(C(F)(F)F)c3)CC2)CC1,0,477
3232722.0,O=C(c1cc(C(F)(F)F)cc(C(F)(F)F)c1)N1CCC[C@@]2(CCN(Cc3ccncc3)C2)C1,1,478
3232724.0,Cn1cc(-c2nc3cnc(N4CCNCC4)nc3n(C)c2=O)c2ccccc21,1,479
3232725.0,COc1ccccc1CN1CC2(CCN(S(=O)(=O)c3ccccc3)CC2)C1,1,480
3232729.0,O=S(=O)(c1ccccc1)N1CCC2(CCCN(Cc3ccccc3)C2)CC1,1,482
3232730.0,COCCn1c(=O)c(-c2ccccc2)nc2cncnc21,0,483
3232732.0,COc1ccc(C(=O)N2CCC3(CCN(CC(C)C)CC3)CC2)cc1,0,484
3232733.0,COc1ncc2nc(-c3cn(C)c4ccccc34)c(=O)n(Cc3ccc(F)cc3)c2n1,1,485
3232738.0,O=S(=O)(c1ccccc1)N1CCC2(CCCN(c3ncccn3)C2)CC1,1,487
3232742.0,CC(=O)NCCNc1ncncc1-c1ccc(N(C)C)cc1,1,488
3232743.0,O=C(c1cccc(F)c1)N1CCC2(CCCN(c3ccncc3)C2)CC1,1,489
3232744.0,N#Cc1ccc(CN2CC[C@@]3(CCCN(C(=O)c4cc(C(F)(F)F)cc(C(F)(F)F)c4)C3)C2)cc1,1,490
3232745.0,O=C(c1cc(C(F)(F)F)cc(C(F)(F)F)c1)N1CCC[C@@]2(CCN(Cc3ccccc3)C2)C1,1,491
3232746.0,COc1ccccc1-c1cc(-n2ccnc2)ncn1,1,492
3232748.0,COc1ccccc1CNc1ncncc1-c1ccc(C(=O)N(C)C)cc1,1,494
3232750.0,O=C(c1cnccn1)N1CCC2(CCCN(c3ccc(-c4ccccc4)cc3)C2)CC1,1,495
3232752.0,O=C(c1csnn1)N1CCC2(CC1)CCN(c1ccccn1)CC2,0,496
3232753.0,O=c1cnc2cnc(Oc3cccc(Cl)c3)nc2n1C[C@H]1CCCO1,0,497
3232754.0,COCC(=O)N1CCC2(CC1)CN(Cc1ccccc1OC)C2,0,498
3232755.0,CN(C)C(=O)c1ccc(-c2ccc3ncnc(N4CCOCC4)c3c2)cc1,1,499
3232756.0,CC(=O)N1CCC2(CC1)CCN(c1ccccn1)CC2,0,500
3232760.0,COc1ccc(-n2c(=O)c(-c3cccc(C#N)c3)nc3cnc(N4CCNCC4)nc32)cc1,0,501
3232763.0,COc1ccccc1CNc1ncnc2ccc(-c3cccc(NS(C)(=O)=O)c3)cc12,1,504
3232764.0,COc1ccc(-n2c(=O)cnc3cnc(Oc4cccc(Cl)c4)nc32)cc1,1,505
3232765.0,COCCn1c(=O)c(-c2cccs2)nc2cnc(Oc3cccc(Cl)c3)nc21,0,506
3232767.0,O=C(c1ccco1)N1CCC2(CC1)CCN(c1ccncc1)CC2,0,507
3232770.0,COCC(=O)N1CCC2(CC1)CCN(c1ccccn1)CC2,0,508
3232774.0,CS(=O)(=O)N1CCC2(CCCN(Cc3cc(C(F)(F)F)cc(C(F)(F)F)c3)C2)CC1,1,510
3232778.0,COc1ccccc1CN1CC[C@@]2(CCCN(C(=O)c3cnccn3)C2)C1,1,512
3232779.0,CS(=O)(=O)Nc1cccc(-c2cc(NCc3ccccc3)ncn2)c1,1,513
3232780.0,O=C(c1ccco1)N1CCC[C@@]2(CCN(c3ccccc3)C2)C1,1,514
3232781.0,CS(=O)(=O)N1CCC2(CCN(c3ccccn3)CC2)CC1,0,515
3232785.0,COC(=O)N1CCC[C@@]2(CCN(C(c3ccccc3)c3ccccc3)C2)C1,0,517
3232786.0,c1csc(CNc2ncncc2-c2ccoc2)c1,1,518
3232787.0,COc1ccccc1-c1ccc2ncnc(NCCN3CCOCC3)c2c1,1,519
3232791.0,COc1cccc(Cn2c(=O)c(CCc3ccccc3)nc3cnc(N4CCOCC4)nc32)c1,0,521
3232792.0,CCNc1ncc2nc(CCc3ccccc3)c(=O)n(CCC#N)c2n1,1,522
3232793.0,COCCNc1ncnc2ccc(-c3ccc(C(=O)N(C)C)cc3)cc12,1,523
3232794.0,COc1cccc(Cn2c(=O)c(-c3cccs3)nc3cnc(Nc4ccccc4)nc32)c1,0,524
3232797.0,NC(=O)c1ccccc1-c1nc(-n2ccnc2)c2ccccc2n1,1,525
3232798.0,COCCn1c(=O)c(-c2cccc(C#N)c2)nc2cnc(OCc3ccccc3)nc21,1,526
3232799.0,COc1ccc2[nH]cc(CCNc3ccnc(-c4ccc(C(=O)N(C)C)cc4)n3)c2c1,1,527
3232800.0,COc1ccccc1-c1cncnc1NCc1cccs1,1,528
3232801.0,Cn1c(=O)c(CCc2ccccc2)nc2cnc(OCc3ccccc3)nc21,0,529
3232802.0,COCCn1c(=O)c(-c2cccs2)nc2cnc(OC)nc21,1,530
3232804.0,COC(=O)N1CCC2(CCCN(Cc3ccccc3)C2)CC1,0,532
3232806.0,COc1ccccc1-c1ccc2ncnc(NCc3ccccc3)c2c1,1,533
3232808.0,CC(=O)N1CCC2(CCN(Cc3nccs3)CC2)CC1,0,534
3232810.0,CCNc1ncc2nc(-c3cccc(C#N)c3)c(=O)n(Cc3cccc(OC)c3)c2n1,0,535
3232811.0,CN1CCN(c2ncc3nc(-c4cccs4)c(=O)n(-c4ccccc4)c3n2)CC1,1,536
3232812.0,COCCNc1ncnc2ccc(-c3cccnc3)cc12,1,537
3232813.0,COc1cccc(Cn2c(=O)c(C)nc3cnc(N4CCOCC4)nc32)c1,1,538
3232818.0,O=C(c1csnn1)N1CCC[C@@]2(CCN(Cc3ccncc3)C2)C1,1,542
3232819.0,N#Cc1cccc(-c2nc(Nc3ccccc3)c3ccccc3n2)c1,0,543
3232820.0,Cc1noc(C)c1-c1nc(N(C)Cc2ccco2)c2ccccc2n1,1,544
3232824.0,COc1ccc2[nH]cc(CCNc3ncncc3-c3ccc(N(C)C)cc3)c2c1,1,546
3232825.0,COc1cccc(Cn2c(=O)c(-c3cc(F)cc(F)c3)nc3cncnc32)c1,1,547
3232828.0,COc1cccc(Cn2c(=O)cnc3cnc(Nc4cccc(OC)c4)nc32)c1,1,548
3232829.0,N#Cc1ccccc1-c1nc(NCCN2CCOCC2)c2ccccc2n1,1,549
3232831.0,O=C(c1csnn1)N1CCC2(CCCN(c3ccccc3)C2)CC1,1,551
3232832.0,COc1ccc(CNc2ncnc3ccc(-c4ccccc4CN(C)C)cc23)c(OC)c1,1,552
3232835.0,COc1ccc(-c2nc3cnc(N4CCOCC4)nc3n(C[C@H]3CCCO3)c2=O)cc1,0,554
3232837.0,Cn1cc(-c2nc3cnc(OCc4ccccc4)nc3n(CCC#N)c2=O)c2ccccc21,0,555
3232838.0,O=C(c1ccncc1)N1CCC2(CCN(Cc3nccs3)CC2)CC1,0,556
3232839.0,c1ccc(CNc2ncnc3ccc(-c4cccnc4)cc23)cc1,1,557
3232843.0,COc1ccc(CNc2ccnc(-c3c(C)noc3C)n2)c(OC)c1,1,558
3232844.0,O=C(Nc1cccc(F)c1)N1CCC2(CCNCC2)CC1,0,559
3232845.0,O=C(Nc1ccccc1)N1CCCC2(CCN(C(=O)Oc3ccccc3)CC2)C1,1,560
3232848.0,Cc1ccccc1-c1cncnc1NCCc1cnc[nH]1,1,562
3232850.0,CN(C)Cc1ccccc1-c1nc(N(C)C)c2ccccc2n1,0,563
3232852.0,O=c1c(-c2cc(F)cc(F)c2)nc2cnc(N3CCOCC3)nc2n1C1CC1,0,564
3232853.0,O=C(Nc1cccc(F)c1)N1CCCC2(CCNCC2)C1,1,565
3232854.0,N#Cc1cccc(-c2nc3cnc(Nc4ccccc4)nc3n(C[C@H]3CCCO3)c2=O)c1,0,566
3232856.0,COc1ncc2ncc(=O)n(C)c2n1,0,568
3232857.0,CCNc1ncc2nc(CCc3ccccc3)c(=O)n(C[C@H]3CCCO3)c2n1,1,569
3232859.0,N#CCCn1c(=O)cnc2cnc(Oc3ccccc3)nc21,0,570
3232863.0,Cc1ccccc1-c1cc(N2CCNCC2)ncn1,0,573
3232864.0,N#Cc1ccc(CN2CCC3(CC2)CCN(C(=O)c2cnccn2)CC3)cc1,0,574
3232868.0,Cn1cc(-c2nc3cnc(N4CCNCC4)nc3n(CCc3ccccc3)c2=O)c2ccccc21,1,577
3232869.0,COc1ccc(-n2c(=O)c(-c3ccc(Cl)cc3)nc3cnc(N4CCOCC4)nc32)cc1,0,578
3232870.0,CCNc1ncc2nc(-c3cn(C)c4ccccc34)c(=O)n(Cc3cccc(OC)c3)c2n1,1,579
3232873.0,CN(C)C(=O)c1ccc(-c2ccc3ncnc(NC4CCNCC4)c3c2)cc1,0,582
3232874.0,COCC(=O)N1CCC2(CC1)CCN(C(=O)Nc1cccc(F)c1)CC2,0,583
3232876.0,Cc1nc2cnc(N(C)C)nc2n(CCC#N)c1=O,0,585
3232879.0,COc1ccc(-n2c(=O)c(-c3cccs3)nc3cncnc32)cc1,0,586
3232881.0,CN(C)Cc1ccccc1-c1cncnc1Nc1ccccc1,1,587
3232883.0,O=C(c1csnn1)N1CCC[C@@]2(CCN(Cc3nccs3)C2)C1,1,589
3232885.0,Cc1ccccc1-c1cncnc1N(C)Cc1ccco1,1,591
3232886.0,COc1ccc(CNc2ncncc2-c2cccc(NS(C)(=O)=O)c2)c(OC)c1,1,592
3232887.0,CNc1nc(-c2ccccc2Cl)nc2ccccc12,1,593
3232888.0,CS(=O)(=O)N1CCC2(CC1)CN(Cc1nccs1)C2,0,594
3232895.0,COc1ccc(CNc2cc(-c3ccccc3C)ncn2)c(OC)c1,1,597
3232896.0,COc1ccc(C(=O)N2CCC[C@@]3(CCN(c4ncccn4)C3)C2)cc1,1,598
3232897.0,O=C(c1cc(C(F)(F)F)cc(C(F)(F)F)c1)N1CCC[C@@]2(CCN(c3ccccn3)C2)C1,1,599
3232898.0,CCNc1ncc2nc(-c3cc(F)cc(F)c3)c(=O)n(Cc3ccc(F)cc3)c2n1,0,600
3232903.0,CC(=O)NCCNc1nc(-c2cccc(C#N)c2)nc2ccccc12,1,603
3232904.0,Cc1cccc(CNc2cc(-c3cccc(C#N)c3)ncn2)c1,1,604
3232905.0,CC(C)CN1CC2(CCN(C(=O)c3ccco3)CC2)C1,0,605
3232906.0,COc1ccc(-c2nc3cnc(N(C)C)nc3n(CCC#N)c2=O)cc1,0,606
3232908.0,Cc1noc(C)c1-c1cncnc1Nc1ccccc1,1,607
3232909.0,CN(C)c1nc(-c2ccccc2C(F)(F)F)nc2ccccc12,0,608
3232910.0,COc1ccc(C(=O)N2CCC3(CCN(C(=O)Nc4ccccc4)CC3)CC2)cc1,0,609
3232911.0,Cc1nc2cnc(N3CCN(C)CC3)nc2n(C2CC2)c1=O,0,610
3232912.0,c1cc(CN2CCCC3(CCNCC3)C2)ccn1,1,611
3232915.0,COc1ccccc1CNc1ncncc1-c1ccccc1CN(C)C,1,612
3232917.0,CS(=O)(=O)Nc1cccc(-c2nccc(Nc3ccc(F)cc3)n2)c1,1,613
3232918.0,CC(=O)N1CCC2(CC1)CN(c1cccc(-c3ccccc3)c1)C2,0,614
3232920.0,COc1ccc2[nH]cc(CCNc3cc(-c4ccc5c(c4)OCO5)ncn3)c2c1,1,615
3232921.0,O=C(c1ccco1)N1CCC2(CCCN(C(c3ccccc3)c3ccccc3)C2)CC1,1,616
3232922.0,COCC(=O)N1CCC2(CCCN(Cc3cc(C(F)(F)F)cc(C(F)(F)F)c3)C2)CC1,1,617
3232923.0,COc1cccc(Cn2c(=O)c(C)nc3cnc(OC)nc32)c1,1,618
3232925.0,COCCNc1nc(-c2cccc(NS(C)(=O)=O)c2)nc2ccccc12,1,620
3232926.0,CCNc1ncc2nc(-c3ccc(F)cc3)c(=O)n(CCc3ccccc3)c2n1,0,621
3232928.0,CN1CCN(c2ncnc3ccc(-c4ccoc4)cc23)CC1,1,622
3232931.0,CC(C)NC(=O)N1CC[C@@]2(CCCN(C(=O)c3ccncc3)C2)C1,0,623
3232932.0,CN1CCN(c2ncc3nc(-c4cc(F)cc(F)c4)c(=O)n(C)c3n2)CC1,0,624
3232934.0,COc1cccc(-c2nccc(NCc3cccnc3)n2)c1,1,626
3232936.0,COc1cccc(-c2ccc3ncnc(NCc4ccc(OC)cc4OC)c3c2)c1,1,628
3232939.0,O=C(Oc1ccccc1)N1CCC[C@@]2(CCN(c3ccncc3)C2)C1,1,630
3232942.0,N#Cc1cccc(-c2cncnc2NCc2cccnc2)c1,1,631
3232945.0,Cc1noc(C)c1-c1ccc2ncnc(N(C)C)c2c1,0,634
3232947.0,NCCn1c(=O)c(CCc2ccccc2)nc2cncnc21,1,635
3232948.0,COc1cccc(Cn2c(=O)c(-c3ccc(Cl)cc3)nc3cnc(N4CCOCC4)nc32)c1,0,636
3232950.0,COc1ccc(Oc2ncc3ncc(=O)n(Cc4cccc(OC)c4)c3n2)cc1,1,638
3232953.0,CN(Cc1ccco1)c1ncncc1-c1ccc2c(c1)OCO2,1,639
3232955.0,COc1ccc(-n2c(=O)c(-c3cc(F)cc(F)c3)nc3cnc(N(C)C)nc32)cc1,0,641
3232956.0,COc1ncc2nc(-c3cccc(C#N)c3)c(=O)n(CCC#N)c2n1,1,642
3232957.0,COc1ccc(C(=O)N2CCC[C@@]3(CCN(CC(C)C)C3)C2)cc1,1,643
3232960.0,COc1cccc(-c2cncnc2NCc2cnc(C)cn2)c1,1,646
3232961.0,O=C(c1cnccn1)N1CCC2(CCCN(c3ncccn3)C2)CC1,0,647
3232964.0,COc1ccc(NC(=O)N2CCCC3(CCN(C(=O)Oc4ccccc4)CC3)C2)cc1,1,648
3232965.0,CCNc1ncc2nc(CCc3ccccc3)c(=O)n(-c3ccccc3)c2n1,1,649
3232967.0,COc1ccc(-c2nc3cnc(N4CCN(C)CC4)nc3n(C)c2=O)cc1,0,650
3232968.0,COc1ccc(-n2c(=O)c(-c3cc(F)cc(F)c3)nc3cncnc32)cc1,1,651
3232969.0,COCCn1c(=O)c(-c2cc(F)cc(F)c2)nc2cnc(Nc3cccc(OC)c3)nc21,1,652
3232970.0,Cn1cccc1C(=O)N1CCC2(CCN(Cc3ccc(C#N)cc3)CC2)CC1,0,653
3232971.0,CC(=O)NCCNc1ncnc2ccc(-c3ccccc3Cl)cc12,1,654
3232975.0,Cc1cnc(CNc2cc(-c3ccc(N(C)C)cc3)ncn2)cn1,1,657
3232978.0,COc1ccc(Oc2ncc3nc(C)c(=O)n(-c4ccccc4)c3n2)cc1,1,658
3232979.0,c1ccc(CNc2ncncc2-c2ccoc2)cc1,1,659
3232981.0,CN(Cc1ccco1)c1cc(-c2ccc3c(c2)OCO3)ncn1,1,661
3232989.0,COc1ccccc1CNc1ccnc(-c2cccnc2)n1,1,667
3232990.0,O=C(c1cnccn1)N1CCC[C@@]2(CCN(c3ccccc3)C2)C1,1,668
3232991.0,COc1ccc(-n2c(=O)c(-c3cccc(F)c3)nc3cncnc32)cc1,1,669
3232992.0,COc1ccccc1CNc1cc(-c2ccccc2CN(C)C)ncn1,0,670
3232994.0,COc1ccccc1CN1CCC2(CC1)CCN(C(C)=O)CC2,0,671
3232995.0,COCC(=O)N1CCC2(CC1)CCN(C(=O)NC(C)C)CC2,0,672
3232996.0,COc1ccc2[nH]cc(CCNc3cc(-c4ccccc4OC)ncn3)c2c1,1,673
3233005.0,O=C(c1cccc(F)c1)N1CCC[C@@]2(CCN(Cc3ccncc3)C2)C1,1,676
3233006.0,Cc1cccc(CNc2ncnc3ccc(-c4cccc(NS(C)(=O)=O)c4)cc23)c1,1,677
3233007.0,CN(C)C(=O)c1ccc(-c2ccc3ncnc(NCc4ccccc4)c3c2)cc1,1,678
3233011.0,Cn1cc(-c2nc3cnc(Oc4ccccc4)nc3n(C)c2=O)c2ccccc21,0,680
3233013.0,CN(C)c1ncc2nc(-c3ccc(Cl)cc3)c(=O)n(CCC#N)c2n1,0,682
3233014.0,CN(C)c1ncc2nc(CCc3ccccc3)c(=O)n(C[C@H]3CCCO3)c2n1,1,683
3233015.0,COCCn1c(=O)c(-c2cn(C)c3ccccc23)nc2cnc(Oc3ccccc3)nc21,1,684
3233016.0,COc1ccc(CNc2ccnc(-c3ccccc3OC)n2)c(OC)c1,1,685
3233017.0,CN(Cc1ccco1)c1ncnc2ccc(-c3ccccc3C(F)(F)F)cc12,1,686
3233021.0,O=C(c1cccc(F)c1)N1CCC2(CCCN(c3ncccn3)C2)CC1,0,690
3233023.0,O=c1cnc2cnc(Oc3ccccc3)nc2n1C[C@H]1CCCO1,0,692
3233027.0,O=C(c1ccncc1)N1CCC[C@@]2(CCN(C(c3ccccc3)c3ccccc3)C2)C1,1,694
3233028.0,FC(F)(F)c1ccccc1-c1nccc(NCCN2CCOCC2)n1,1,695
3233029.0,CN(C)Cc1ccccc1-c1ccc2ncnc(N3CCOCC3)c2c1,1,696
3233030.0,COc1ccccc1CNc1nc(-c2ccc(C(=O)N(C)C)cc2)nc2ccccc12,1,697
3233031.0,CN(C)C(=O)c1ccc(-c2cncnc2NCc2cccnc2)cc1,1,698
3233032.0,Cc1cccc(CNc2ncncc2-c2ccc3c(c2)OCO3)c1,1,699
3233035.0,CS(=O)(=O)N1CCC2(CCN(Cc3nccs3)CC2)CC1,0,700
3233036.0,COCC(=O)N1CCC2(CCCN(c3ccccn3)C2)CC1,0,701
3233037.0,COc1ccc(NC(=O)N2CC3(CCN(C(C)=O)CC3)C2)cc1,0,702
3233038.0,COC(=O)N1CCC2(CCN(C(=O)Nc3ccccc3)CC2)CC1,0,703
3233040.0,COCC(=O)N1CCC2(CC1)CN(c1ccncc1)C2,0,704
3233041.0,FC(F)(F)c1ccccc1-c1nc(-n2ccnc2)c2ccccc2n1,1,705
3233043.0,FC(F)(F)c1ccccc1-c1nccc(NCc2cccs2)n1,1,707
3233044.0,CS(=O)(=O)Nc1cccc(-c2cncnc2Nc2ccc(F)cc2)c1,1,708
3233045.0,Cc1cnc(CNc2ncnc3ccc(-c4c(C)noc4C)cc23)cn1,1,709
3233048.0,COc1ccc(CNc2nc(-c3ccccc3CN(C)C)nc3ccccc23)c(OC)c1,1,710
3233049.0,Cc1cnc(CNc2ncncc2-c2ccccc2C)cn1,1,711
3233054.0,COc1ncc2nc(-c3cccs3)c(=O)n(C)c2n1,1,716
3233056.0,N#CCCn1c(=O)c(-c2ccc(Cl)cc2)nc2cnc(Nc3ccccc3)nc21,0,718
3233057.0,CN(C)Cc1ccccc1-c1ccc2ncnc(NCc3cccs3)c2c1,1,719
3233058.0,N#Cc1cccc(NC(=O)N2CC[C@@]3(CCCN(C(=O)c4ccncc4)C3)C2)c1,1,720
3233060.0,COc1ccc(NC(=O)N2CCC3(CC2)CCN(C(=O)Oc2ccccc2)CC3)cc1,0,722
3233065.0,COc1ccc(Oc2ncc3nc(C)c(=O)n(C)c3n2)cc1,1,724
3233066.0,N#CCCn1c(=O)c(-c2cccc(C#N)c2)nc2cnc(Oc3ccccc3)nc21,0,725
3233069.0,COc1ccc(CNc2ccnc(-c3ccc4c(c3)OCO4)n2)c(OC)c1,1,727
3233070.0,COc1ccccc1CCn1c(=O)c(-c2cc(F)cc(F)c2)nc2cncnc21,1,728
3233072.0,COc1ccccc1-c1ccc2ncnc(NCCNC(C)=O)c2c1,1,730
3233074.0,COc1ccccc1CNc1ccnc(-c2ccc(C(=O)N(C)C)cc2)n1,1,732
3233077.0,CN(C)Cc1ccccc1-c1cncnc1NCc1cccnc1,1,733
3233078.0,Cc1cnc(CNc2ncncc2-c2ccoc2)cn1,1,734
3233079.0,O=C(Nc1cccc(F)c1)N1CCCC2(CCN(S(=O)(=O)c3ccccc3)CC2)C1,1,735
3233082.0,O=C(Nc1cccc(F)c1)N1CCCC2(CCN(C(=O)c3cccc(F)c3)CC2)C1,1,737
3233083.0,O=C(Nc1cccc(F)c1)N1CCCC2(CCN(C(=O)c3cnccn3)CC2)C1,1,738
3233084.0,N#Cc1cccc(-c2nccc(-n3ccnc3)n2)c1,1,739
3233085.0,Cn1cccc1C(=O)N1CCC[C@@]2(CCN(c3ccccc3)C2)C1,1,740
3233088.0,O=C(c1cccc(F)c1)N1CCC[C@@]2(CCN(C(c3ccccc3)c3ccccc3)C2)C1,1,742
3233090.0,CN(C)c1ncc2nc(-c3ccc(F)cc3)c(=O)n(C)c2n1,0,743
3233094.0,c1ccc(CNc2ccnc(-c3ccoc3)n2)cc1,1,744
3233095.0,COc1cccc(-c2cncnc2NCc2cccs2)c1,1,745
3233097.0,COc1ncc2ncc(=O)n(C[C@H]3CCCO3)c2n1,0,746
3233098.0,O=C(c1ccncc1)N1CCC2(CCCN(c3ccc(-c4ccccc4)cc3)C2)CC1,1,747
3233105.0,COCCn1c(=O)c(C)nc2cnc(N(C)C)nc21,0,749
3233106.0,COc1ccc2[nH]cc(CCNc3ccnc(-c4cccc(C#N)c4)n3)c2c1,1,750
3233108.0,O=C(Oc1ccccc1)N1CCC2(CCCN(C(c3ccccc3)c3ccccc3)C2)CC1,0,751
3233111.0,N#Cc1cccc(NC(=O)N2CCCC3(CCN(C(=O)c4cccc(F)c4)CC3)C2)c1,1,752
3233112.0,COc1cccc(Nc2ncc3ncc(=O)n(CCC#N)c3n2)c1,1,753
3233113.0,CN(C)c1nc(-c2ccc3c(c2)OCO3)nc2ccccc12,1,754
3233120.0,COc1ccccc1CNc1nc(-c2cccc(C#N)c2)nc2ccccc12,1,755
3233124.0,CC(=O)N1CCC2(CC1)CCN(c1ccc(-c3ccccc3)cc1)CC2,0,756
3233127.0,COc1ccc(Oc2ncc3nc(-c4ccc(F)cc4)c(=O)n(CCC#N)c3n2)cc1,1,758
3233128.0,COc1ccc2[nH]cc(CCNc3cc(-c4ccccc4CN(C)C)ncn3)c2c1,0,759
3233129.0,O=C(c1cnccn1)N1CCC2(CC1)CN(Cc1nccs1)C2,0,760
3233134.0,COc1ncc2nc(-c3ccc(F)cc3)c(=O)n(C)c2n1,1,761
3233135.0,CS(=O)(=O)Nc1cccc(-c2nc(N3CCNCC3)c3ccccc3n2)c1,0,762
3233140.0,O=c1c(-c2ccc(Cl)cc2)nc2cnc(N3CCOCC3)nc2n1-c1ccccc1,0,764
3233143.0,O=C(Nc1ccccc1)N1CC2(CCN(C(=O)c3ccco3)CC2)C1,0,767
3233144.0,CN1CCN(c2nc(-c3cccc(C#N)c3)nc3ccccc23)CC1,1,768
3233145.0,c1cncc(-c2cncnc2NC2CCNCC2)c1,0,769
3233147.0,COc1ccc(CNc2ncncc2-c2ccccc2CN(C)C)c(OC)c1,1,771
3233151.0,COc1ccccc1-c1nccc(NCc2cccc(C)c2)n1,1,774
3233152.0,Cn1cccc1C(=O)N1CCC[C@@]2(CCN(Cc3cc(C(F)(F)F)cc(C(F)(F)F)c3)C2)C1,1,775
3233156.0,COc1ccc2[nH]cc(CCNc3nc(-c4c(C)noc4C)nc4ccccc34)c2c1,1,778
3233157.0,COc1ccc(CNc2cc(-c3ccoc3)ncn2)c(OC)c1,1,779
3233158.0,N#CCCn1c(=O)cnc2cnc(N3CCNCC3)nc21,0,780
3233160.0,Cc1nc2cncnc2n(Cc2ccccc2Cl)c1=O,1,781
3233161.0,Clc1ccccc1-c1cncnc1NCCc1cnc[nH]1,1,782
3233162.0,CN(C)c1ncc2nc(-c3cc(F)cc(F)c3)c(=O)n(C[C@H]3CCCO3)c2n1,0,783
3233163.0,FC(F)(F)c1ccccc1-c1cc(NCCN2CCOCC2)ncn1,0,784
3233164.0,COCCn1c(=O)c(-c2cccs2)nc2cnc(N3CCNCC3)nc21,1,785
3233166.0,COCCn1c(=O)c(-c2cccc(C#N)c2)nc2cnc(N(C)C)nc21,0,786
3233167.0,CS(=O)(=O)Nc1cccc(-c2nc(NCCN3CCOCC3)c3ccccc3n2)c1,1,787
3233168.0,O=c1c(-c2ccccc2)nc2cnc(N3CCNCC3)nc2n1Cc1cccs1,1,788
3233169.0,Cn1c(=O)c(-c2ccc(Cl)cc2)nc2cnc(OCc3ccccc3)nc21,0,789
3233171.0,O=c1cnc2cnc(Oc3ccccc3)nc2n1CCc1ccccc1,0,791
805524.0,c1cncc(-c2nc(NCCN3CCOCC3)c3ccccc3n2)c1,1,792
3233173.0,CCNc1ncc2nc(-c3cc(F)cc(F)c3)c(=O)n(-c3ccc(OC)cc3)c2n1,1,793
3233174.0,COc1cccc(Nc2ncc3ncc(=O)n(Cc4ccc(F)cc4)c3n2)c1,1,794
3233175.0,CNc1nc(-c2cccnc2)nc2ccccc12,1,795
3233177.0,COc1cccc(Cn2c(=O)c(-c3ccc(F)c(F)c3)nc3cncnc32)c1,1,797
3233182.0,COc1ccc(Oc2ncc3ncc(=O)n(C[C@H]4CCCO4)c3n2)cc1,1,799
3233183.0,CN1CCN(c2ncc3nc(-c4cccc(C#N)c4)c(=O)n(CCC#N)c3n2)CC1,0,800
3233185.0,Cc1cccc(CNc2ccnc(-c3ccc(N(C)C)cc3)n2)c1,1,801
3233186.0,Cn1c(=O)c(-c2cccc(Cl)c2)nc2cncnc21,0,802
3233187.0,Cc1ccccc1-c1cc(NCc2cccnc2)ncn1,1,803
3233188.0,Cc1cnc(CNc2nc(-c3cccc(NS(C)(=O)=O)c3)nc3ccccc23)cn1,1,804
3233189.0,CC(C)CN1CCC2(CC1)CCN(C(=O)c1cc(C(F)(F)F)cc(C(F)(F)F)c1)CC2,0,805
3233190.0,c1ncc(-c2ccc3c(c2)OCO3)c(NCCc2cnc[nH]2)n1,1,806
3233191.0,CN1CCN(c2ncc3nc(-c4cc(F)cc(F)c4)c(=O)n(CCc4ccccc4)c3n2)CC1,1,807
3233192.0,Cc1cccc(CNc2ncncc2-c2cccnc2)c1,1,808
3233193.0,COCCn1c(=O)c(-c2ccc(F)cc2)nc2cnc(Nc3cccc(OC)c3)nc21,1,809
3233194.0,Cc1nc2cnc(N3CCOCC3)nc2n(CCc2ccccc2)c1=O,1,810
3233196.0,COc1ccc(Oc2ncc3nc(-c4ccccc4)c(=O)n(Cc4cccs4)c3n2)cc1,1,811
3233199.0,COCCn1c(=O)c(-c2ccc(F)cc2)nc2cnc(N3CCOCC3)nc21,0,812
3233200.0,CN1CCC2(CC1)CCN(C(=O)c1cccc(F)c1)CC2,0,813
3233201.0,COc1ccc(C(=O)N2CCC[C@@]3(CCN(C(=O)Nc4ccccc4)C3)C2)cc1,1,814
3233204.0,CC(C)CN1CCC2(CC1)CCN(C(=O)c1cccc(F)c1)CC2,0,817
3233209.0,CN(C)c1ncc2nc(-c3ccc(F)cc3)c(=O)n(C3CC3)c2n1,0,818
3233210.0,O=C(c1ccncc1)N1CCC[C@@]2(CCN(Cc3ccncc3)C2)C1,1,819
3233211.0,O=c1cnc2cnc(OCc3ccccc3)nc2n1CCc1ccccc1,0,820
3233213.0,CN1CCN(c2ncnc3ccc(-c4ccc5c(c4)OCO5)cc23)CC1,1,821
3233215.0,O=C(c1cccc(F)c1)N1CCC[C@@]2(CCN(c3ccccn3)C2)C1,1,822
3233216.0,O=C(c1ccncc1)N1CCC2(CCN(Cc3ccccc3)CC2)CC1,1,823
3233220.0,Cc1nc2cnc(N(C)C)nc2n(Cc2ccc(F)cc2)c1=O,1,824
3233221.0,Cc1noc(C)c1C(=O)N1CCC2(CCN(C(=O)NC(C)C)CC2)CC1,0,825
3233223.0,O=C(c1ccncc1)N1CCC[C@@]2(CCN(c3ccccc3)C2)C1,1,826
3233225.0,N#Cc1cccc(-c2nccc(NCc3ccccc3)n2)c1,1,827
3233227.0,c1ccc(Nc2ncncc2-c2ccc3c(c2)OCO3)cc1,1,828
3233228.0,Cc1noc(C)c1-c1ccc2ncnc(NCCN3CCOCC3)c2c1,1,829
3233229.0,CC(=O)NCCNc1ncncc1-c1ccccc1C,1,830
3233231.0,Cn1c(=O)c(-c2ccc(Cl)cc2)nc2cncnc21,0,831
3233232.0,COc1ccc2[nH]cc(CCNc3ncncc3-c3cccc(NS(C)(=O)=O)c3)c2c1,1,832
3233233.0,O=C(c1ccncc1)N1CCC[C@@]2(CCN(Cc3cc(C(F)(F)F)cc(C(F)(F)F)c3)C2)C1,1,833
3233234.0,CN(C)Cc1ccccc1-c1nc(NCc2ccccc2)c2ccccc2n1,1,834
3233235.0,COc1ccccc1CN1CC[C@@]2(CCCN(C(=O)c3cccn3C)C2)C1,1,835
3233238.0,O=C(c1ccco1)N1CCC2(CC1)CCN(c1cccc(-c3ccccc3)c1)CC2,0,836
3233239.0,CCNc1ncc2nc(-c3ccc(F)cc3)c(=O)n(C)c2n1,0,837
3233244.0,COc1ncc2nc(-c3cc(F)cc(F)c3)c(=O)n(-c3ccccc3)c2n1,0,840
3233247.0,COc1ccccc1CNc1ncncc1-c1ccc2c(c1)OCO2,1,841
3233248.0,N#Cc1cccc(-c2nc(NCCN3CCOCC3)c3ccccc3n2)c1,1,842
3233249.0,COc1ncc2nc(C)c(=O)n(C)c2n1,0,843
3233252.0,CN(C)c1ncc2ncc(=O)n(CCc3ccccc3)c2n1,0,844
3233254.0,COc1ccc2[nH]cc(CCNc3ncncc3-c3ccc4c(c3)OCO4)c2c1,1,845
3233257.0,COc1ccc2[nH]cc(CCNc3ncnc4ccc(-c5ccc6c(c5)OCO6)cc34)c2c1,1,846
3233259.0,COCCn1c(=O)c(C)nc2cnc(Oc3ccc(OC)cc3)nc21,1,848
3233260.0,Cn1cc(-c2nc3cnc(N4CCNCC4)nc3n(Cc3ccc(F)cc3)c2=O)c2ccccc21,1,849
3233261.0,FC(F)(F)c1ccccc1-c1ccc2ncnc(NCc3cccnc3)c2c1,1,850
3233262.0,COc1ccc(-c2nc3cnc(Nc4cccc(OC)c4)nc3n(C)c2=O)cc1,0,851
3233263.0,CN1CCN(c2ncc3nc(-c4ccccc4)c(=O)n(Cc4cccs4)c3n2)CC1,0,852
3233265.0,O=C(c1csnn1)N1CCC2(CCN(Cc3ccccc3)CC2)CC1,0,853
3233267.0,COCCn1c(=O)c(C)nc2cnc(N3CCN(C)CC3)nc21,0,854
3233270.0,COC(=O)N1CCC2(CCCN(c3cccc(-c4ccccc4)c3)C2)CC1,1,856
3233271.0,COc1cccc(-c2nccc(NCc3ccc(OC)cc3OC)n2)c1,1,857
3233274.0,Clc1ccccc1-c1cc(NCCN2CCOCC2)ncn1,0,859
3233275.0,COCCn1c(=O)c(CCc2ccccc2)nc2cnc(N(C)C)nc21,1,860
3233277.0,O=C(c1cnccn1)N1CCC[C@@]2(CCN(Cc3ccncc3)C2)C1,1,862
3233279.0,CN1CCC2(CC1)CCN(C(=O)c1ccncc1)CC2,0,863
3233280.0,COC(=O)N1CCC2(CC1)CN(C(=O)Nc1cccc(F)c1)C2,0,864
3233281.0,CN1CCN(c2ncc3nc(-c4cc(F)cc(F)c4)c(=O)n(-c4ccccc4)c3n2)CC1,1,865
3233283.0,COCCNc1ncncc1-c1ccccc1OC,1,866
3233286.0,COc1ccc(Oc2ncc3nc(-c4ccc(F)cc4)c(=O)n(C[C@H]4CCCO4)c3n2)cc1,1,867
3233287.0,COc1ccc(CNc2ncncc2-c2ccccc2OC)c(OC)c1,1,868
3233288.0,CN1CCN(c2ncc3nc(-c4cccs4)c(=O)n(CCc4ccccc4)c3n2)CC1,1,869
3233289.0,CN1CCN(c2ncc3ncc(=O)n(CCC#N)c3n2)CC1,0,870
3233290.0,Cc1noc(C)c1-c1ccc2ncnc(N3CCN(C)CC3)c2c1,1,871
3233291.0,CCNc1ncc2nc(-c3ccccc3)c(=O)n(C)c2n1,0,872
3233292.0,CC(C)NC(=O)N1CCC2(CC1)CCN(S(=O)(=O)c1ccccc1)CC2,0,873
3233294.0,COc1cccc(-c2nc(NCc3ccccc3OC)c3ccccc3n2)c1,1,874
3233297.0,c1cc(CN2CCC3(CCNCC3)CC2)ccn1,0,875
3233298.0,CC(C)NC(=O)N1CC[C@@]2(CCCN(C(=O)c3cccn3C)C2)C1,0,876
3233299.0,Cn1c(=O)c(-c2ccccc2)nc2cnc(N3CCNCC3)nc21,0,877
3233303.0,CC(C)NC(=O)N1CC[C@@]2(CCCN(C(=O)c3cnccn3)C2)C1,0,878
3233307.0,Cc1noc(C)c1-c1nccc(N2CCN(C)CC2)n1,0,880
3233309.0,c1cnc(N2CC3(CCNCC3)C2)nc1,0,881
3233310.0,COc1ccc(-c2nc3cnc(OC)nc3n(C[C@H]3CCCO3)c2=O)cc1,1,882
3233313.0,CN(C)c1ncc2nc(-c3cc(F)cc(F)c3)c(=O)n(C)c2n1,0,885
3233314.0,Cc1noc(C)c1-c1cc(NCc2cccnc2)ncn1,1,886
3233315.0,Cc1cnc(CNc2ncncc2-c2ccc(C(=O)N(C)C)cc2)cn1,1,887
3233316.0,COc1ccc(CNc2nc(-c3cccc(NS(C)(=O)=O)c3)nc3ccccc23)c(OC)c1,1,888
3233317.0,COc1ncc2nc(-c3ccc(Cl)cc3)c(=O)n(Cc3cccs3)c2n1,1,889
3233318.0,COc1ncc2nc(-c3ccc(F)cc3)c(=O)n(C3CC3)c2n1,0,890
3233319.0,COc1ncc2nc(C)c(=O)n(CCC#N)c2n1,0,891
3233320.0,CN(C)Cc1ccccc1-c1cc(N(C)C)ncn1,0,892
3233321.0,O=C(Nc1cccc(F)c1)N1CCCC2(CCN(C(=O)c3cc(C(F)(F)F)cc(C(F)(F)F)c3)CC2)C1,1,893
3233322.0,O=S(=O)(c1ccccc1)N1CCC2(CC1)CN(c1ncccn1)C2,0,894
3233323.0,Cn1cc(-c2nc3cnc(Oc4ccccc4)nc3n(Cc3cccs3)c2=O)c2ccccc21,0,895
3233324.0,COc1cccc(Cn2c(=O)cnc3cnc(OC)nc32)c1,1,896
3233325.0,COCC(=O)N1CCC2(CCN(Cc3ccccc3OC)CC2)CC1,0,897
3233326.0,CC(C)CN1CCC2(CC1)CCN(C(=O)c1csnn1)CC2,0,898
3233327.0,c1ccc(C(c2ccccc2)N2CCC3(CCNCC3)CC2)cc1,0,899
3233328.0,O=c1c(-c2cccs2)nc2cnc(Oc3ccccc3)nc2n1-c1ccccc1,0,900
3233329.0,CS(=O)(=O)N1CCC2(CC1)CN(C(=O)Nc1cccc(F)c1)C2,0,901
3233330.0,COc1ccc(C(=O)N2CCC[C@@]3(CCN(c4cccc(-c5ccccc5)c4)C3)C2)cc1,1,902
3233331.0,Clc1ccccc1-c1nc(NCc2cccs2)c2ccccc2n1,1,903
3233332.0,CC(=O)N1CCC2(CC1)CN(Cc1ccc(C#N)cc1)C2,0,904
3233334.0,COc1ccc2[nH]cc(CCNc3nc(-c4ccc(N(C)C)cc4)nc4ccccc34)c2c1,1,905
3233336.0,COCCn1c(=O)c(C)nc2cncnc21,1,906
3233338.0,Cc1noc(C)c1C(=O)N1CCC[C@@]2(CCN(c3cccc(-c4ccccc4)c3)C2)C1,1,907
3233339.0,COc1ccc(C(=O)N2CCC3(CC2)CN(c2ncccn2)C3)cc1,0,908
3233341.0,CS(=O)(=O)Nc1cccc(-c2ccc3ncnc(NCc4cccnc4)c3c2)c1,1,910
3233342.0,Cc1cnc(CNc2ncncc2-c2ccccc2CN(C)C)cn1,1,911
3233344.0,COCC(=O)N1CCC2(CC1)CCN(c1ccccc1)CC2,0,912
3233345.0,O=C(Nc1cccc(F)c1)N1CC[C@@]2(CCCN(C(=O)c3ccncc3)C2)C1,1,913
3233347.0,COc1ccc(Oc2ncc3nc(-c4cccc(C#N)c4)c(=O)n(Cc4cccc(OC)c4)c3n2)cc1,1,914
3233348.0,COc1ccc(Oc2ncc3nc(-c4ccccc4)c(=O)n(C4CC4)c3n2)cc1,1,915
3233350.0,CN(Cc1ccco1)c1ncnc2ccc(-c3cccc(NS(C)(=O)=O)c3)cc12,1,916
3233351.0,O=C(Nc1cccc(F)c1)N1CCCC2(CCN(C(=O)c3ccncc3)CC2)C1,1,917
3233353.0,CS(=O)(=O)N1CCC2(CCN(c3ccccc3)CC2)CC1,0,918
3233356.0,COCC(=O)N1CCC2(CC1)CN(C(=O)Nc1ccccc1)C2,0,919
3233358.0,c1cncc(-c2nccc(-n3ccnc3)n2)c1,1,920
3233361.0,Cc1noc(C)c1-c1cc(N(C)Cc2ccco2)ncn1,0,921
3233362.0,COc1ccc(C(=O)N2CCC3(CCCN(C(c4ccccc4)c4ccccc4)C3)CC2)cc1,1,922
3233363.0,COCCNc1nc(-c2ccc(N(C)C)cc2)nc2ccccc12,1,923
3233364.0,COc1ccc(Oc2ncc3nc(-c4ccc(F)cc4)c(=O)n(Cc4cccs4)c3n2)cc1,1,924
3233367.0,COc1ccccc1CN1CCC2(CC1)CCN(C(=O)c1ccncc1)CC2,1,925
3233368.0,CN1CCN(c2ncc3nc(CCc4ccccc4)c(=O)n(CCC#N)c3n2)CC1,0,926
3233369.0,Clc1ccccc1-c1ccc2ncnc(NC3CCNCC3)c2c1,0,927
3233370.0,Clc1ccccc1-c1cncnc1NCc1cccs1,1,928
3233372.0,O=c1cnc2cnc(Nc3ccccc3)nc2n1Cc1ccc(F)cc1,1,930
3233374.0,COc1cccc(-c2cncnc2NCc2ccccc2)c1,1,931
3233375.0,O=c1c(-c2ccc(F)cc2)nc2cnc(Oc3ccccc3)nc2n1C1CC1,0,932
3233377.0,COCC(=O)N1CCC2(CCCN(C(=O)Nc3cccc(F)c3)C2)CC1,0,934
3233378.0,CN(C)c1ccc(-c2cc(N(C)Cc3ccco3)ncn2)cc1,1,935
3233380.0,COc1ncc2ncc(=O)n(Cc3ccc(F)cc3)c2n1,1,937
3233381.0,O=C(c1ccco1)N1CCC2(CCCN(c3ncccn3)C2)CC1,0,938
3233382.0,FC(F)(F)c1ccccc1-c1cncnc1NCc1cccs1,1,939
3233383.0,CN1CCN(c2ncc3nc(-c4cccc(C#N)c4)c(=O)n(C)c3n2)CC1,0,940
3233387.0,O=C(c1ccncc1)N1CCC2(CC1)CN(Cc1cc(C(F)(F)F)cc(C(F)(F)F)c1)C2,1,941
3233388.0,CS(=O)(=O)Nc1cccc(-c2nc(NCc3cccs3)c3ccccc3n2)c1,1,942
3233389.0,Cc1noc(C)c1-c1nc(N2CCN(C)CC2)c2ccccc2n1,0,943
3233391.0,Cc1cccc(CNc2cc(-c3ccccc3CN(C)C)ncn2)c1,1,944
3233392.0,CS(=O)(=O)Nc1cccc(-c2ccc3ncnc(NC4CCNCC4)c3c2)c1,0,945
3233396.0,COCC(=O)N1CCC2(CCCN(c3ccc(-c4ccccc4)cc3)C2)CC1,1,946
3233398.0,O=C(c1csnn1)N1CCC2(CCCN(Cc3ccccc3)C2)CC1,0,948
3233403.0,O=c1cnc2cnc(Nc3ccccc3)nc2n1CCc1ccccc1,0,949
3233404.0,COc1cccc(-c2cncnc2NC2CCNCC2)c1,0,950
3233407.0,c1ccc(CN2CCCC3(CCNCC3)C2)cc1,0,952
3233412.0,COc1ccc2[nH]cc(CCNc3ncnc4ccc(-c5cccnc5)cc34)c2c1,1,954
3233414.0,O=S(=O)(c1ccccc1)N1CCC2(CC1)CN(Cc1ccccc1)C2,0,955
3233416.0,Cc1noc(C)c1C(=O)N1CCC[C@@]2(CCN(C(=O)NC(C)C)C2)C1,0,956
3233417.0,Cc1ccccc1-c1nc(NC2CC2)c2ccccc2n1,1,957
3233418.0,COc1cccc(Nc2ncc3nc(-c4ccccc4)c(=O)n(C[C@H]4CCCO4)c3n2)c1,1,958
3233422.0,O=C(c1ccncc1)N1CCC[C@@]2(CCN(Cc3nccs3)C2)C1,1,959
3233424.0,COc1ccc(Oc2ncc3nc(-c4ccc(F)cc4)c(=O)n(C)c3n2)cc1,1,960
3233425.0,COc1ccccc1CN1CC[C@@]2(CCCN(C(C)=O)C2)C1,0,961
3233426.0,CN(C)Cc1ccccc1-c1nccc(NC2CC2)n1,1,962
3233427.0,COc1ncc2nc(-c3cn(C)c4ccccc34)c(=O)n(C)c2n1,1,963
3233428.0,O=c1c(-c2ccc(F)cc2)nc2cnc(N3CCNCC3)nc2n1Cc1cccs1,1,964
3233429.0,c1csc(CNc2nc(-c3ccoc3)nc3ccccc23)c1,1,965
3233431.0,CCNc1ncc2nc(C)c(=O)n(C3CC3)c2n1,0,967
3233432.0,CN(C)c1ccc(-c2nc(N(C)C)c3ccccc3n2)cc1,1,968
3233434.0,CN1CC[C@@]2(CCCN(S(=O)(=O)c3ccccc3)C2)C1,1,970
3233436.0,COc1ncc2nc(-c3cccs3)c(=O)n(-c3ccccc3)c2n1,0,971
3233437.0,CN(C)c1nc(-c2cccnc2)nc2ccccc12,1,972
3233439.0,O=S(=O)(c1ccccc1)N1CCC[C@@]2(CCN(c3cccc(-c4ccccc4)c3)C2)C1,1,973
3233440.0,COc1cccc(-c2nc(NCc3ccc(OC)cc3OC)c3ccccc3n2)c1,1,974
3233441.0,O=c1c(-c2ccc(F)cc2)nc2cnc(N3CCOCC3)nc2n1Cc1ccc(F)cc1,0,975
3233444.0,N#Cc1ccc(CN2CCC3(CC2)CCN(C(=O)c2ccco2)CC3)cc1,0,977
3233445.0,Cc1noc(C)c1-c1cncnc1NCc1cccnc1,1,978
3233446.0,O=c1c(CCc2ccccc2)nc2cnc(N3CCNCC3)nc2n1Cc1cccs1,1,979
3233448.0,CN(C)C(=O)c1ccc(-c2cncnc2NCc2cccs2)cc1,1,981
3233450.0,CC(=O)NCCNc1ncnc2ccc(-c3ccc(C(=O)N(C)C)cc3)cc12,0,982
3233451.0,COc1ccc(-n2c(=O)cnc3cnc(Oc4ccccc4)nc32)cc1,1,983
3233452.0,N#Cc1ccc(CN2CCC3(CC2)CCN(C(=O)c2csnn2)CC3)cc1,0,984
3233456.0,COc1ccccc1CCn1c(=O)c(-c2cccs2)nc2cncnc21,1,987
3233457.0,O=C(Nc1cccc(F)c1)N1CC2(CCN(S(=O)(=O)c3ccccc3)CC2)C1,0,988
3233458.0,CS(=O)(=O)Nc1cccc(-c2cncnc2Nc2ccccc2)c1,1,989
3233460.0,c1cncc(CNc2ncncc2-c2ccoc2)c1,1,990
3233461.0,O=C(c1cnccn1)N1CCC2(CC1)CN(c1ccccc1)C2,0,991
3233462.0,CCNc1ncc2nc(-c3ccccc3)c(=O)n(C3CC3)c2n1,0,992
3233463.0,COc1cccc(-c2nc(NC3CC3)c3ccccc3n2)c1,1,993
3233464.0,FC(F)(F)c1ccccc1-c1ccc2ncnc(NC3CCNCC3)c2c1,0,994
3233467.0,Cc1cccc(CNc2ccnc(-c3cccnc3)n2)c1,1,995
3233468.0,N#Cc1ccc(CN2CC[C@@]3(CCCN(S(=O)(=O)c4ccccc4)C3)C2)cc1,1,996
3233469.0,COc1cccc(Nc2ncc3nc(-c4ccccc4)c(=O)n(C)c3n2)c1,0,997
3233470.0,COc1ncc2nc(-c3ccc(Cl)cc3)c(=O)n(C)c2n1,1,998
3233472.0,CN(C)c1ncc2ncc(=O)n(CCC#N)c2n1,0,999
3233475.0,COc1ccc(-n2c(=O)c(-c3ccccc3)nc3cnc(N4CCNCC4)nc32)cc1,0,1002
3233478.0,CN(C)c1ncc2nc(-c3cccc(C#N)c3)c(=O)n(C[C@H]3CCCO3)c2n1,0,1003
3233483.0,Cc1cnc(CNc2ncnc3ccc(-c4ccccc4C#N)cc23)cn1,1,1005
3233484.0,COCCn1c(=O)c(-c2ccccc2)nc2cnc(N3CCN(C)CC3)nc21,0,1006
3233485.0,O=c1c(CCc2ccccc2)nc2cnc(Oc3cccc(Cl)c3)nc2n1C[C@H]1CCCO1,1,1007
3233486.0,CN1CCN(c2ncnc3ccc(-c4ccccc4Cl)cc23)CC1,1,1008
3233488.0,COc1ccc(CNc2ncncc2-c2ccc(C(=O)N(C)C)cc2)c(OC)c1,1,1009
3233489.0,O=C(c1ccncc1)N1CCC2(CCCN(Cc3ccccc3)C2)CC1,1,1010
3233490.0,O=C(Oc1ccccc1)N1CCC2(CCCN(c3ncccn3)C2)CC1,0,1011
3233491.0,COc1ccc(-c2nc3cnc(N4CCOCC4)nc3n(C)c2=O)cc1,0,1012
3233492.0,Cn1c(=O)c(-c2cccs2)nc2cncnc21,1,1013
3233493.0,COC(=O)N1CCC2(CCN(Cc3ccccc3OC)CC2)CC1,0,1014
3233494.0,COc1ncc2nc(-c3cccs3)c(=O)n(CCc3ccccc3)c2n1,1,1015
419533.0,c1ccc(CN2CCC3(CCNCC3)CC2)cc1,0,1017
3233499.0,CN1CCN(c2ccnc(-c3ccoc3)n2)CC1,0,1019
3233501.0,COC(=O)N1CCC2(CCN(C(=O)Nc3cccc(C#N)c3)CC2)CC1,0,1021
3233503.0,COc1ccc(-c2nc3cnc(Oc4ccccc4)nc3n(CCC#N)c2=O)cc1,0,1023
3233504.0,COc1ccc(-c2nc3cnc(N4CCN(C)CC4)nc3n(Cc3cccc(OC)c3)c2=O)cc1,0,1024
3233505.0,COc1ccc(C(=O)N2CCC3(CCN(C(=O)Nc4cccc(F)c4)CC3)CC2)cc1,0,1025
3233506.0,CN1CCN(c2cc(-c3ccoc3)ncn2)CC1,0,1026
3233507.0,COc1ccccc1CNc1ncnc2ccc(-c3cccc(C#N)c3)cc12,1,1027
3233509.0,COCCn1c(=O)c(-c2cc(F)cc(F)c2)nc2cnc(OC)nc21,1,1028
3233510.0,COc1ncc2nc(-c3ccccc3)c(=O)n(C)c2n1,0,1029
3233513.0,O=C(c1csnn1)N1CCC[C@@]2(CCN(Cc3ccccc3)C2)C1,1,1032
3233514.0,COc1ccccc1-c1ccc2ncnc(NC3CC3)c2c1,1,1033
3233515.0,Cc1noc(C)c1C(=O)N1CCC2(CC1)CN(C(=O)Nc1cccc(F)c1)C2,0,1034
3233516.0,CS(=O)(=O)N1CCC[C@@]2(CCN(c3ccccc3)C2)C1,1,1035
3233521.0,CC(=O)N1CCC2(CC1)CCN(C(=O)Nc1cccc(F)c1)CC2,0,1038
3233522.0,COCCn1c(=O)c(-c2ccccc2)nc2cnc(Nc3cccc(OC)c3)nc21,0,1039
3233524.0,c1cncc(-c2ccc3ncnc(N4CCNCC4)c3c2)c1,1,1040
3233525.0,c1csc(CN2CCCC3(CCNCC3)C2)n1,0,1041
3233526.0,O=C(c1ccncc1)N1CCC2(CC1)CN(c1ccccc1)C2,0,1042
3233528.0,COc1ccccc1CNc1ncnc2ccc(-c3c(C)noc3C)cc12,1,1044
3233529.0,CN(C)c1ncc2nc(-c3ccccc3)c(=O)n(Cc3ccc(F)cc3)c2n1,0,1045
3233531.0,N#Cc1cccc(-c2cc(-n3ccnc3)ncn2)c1,1,1047
3233532.0,COc1ccc(-c2nc3cnc(Oc4ccccc4)nc3n(Cc3cccs3)c2=O)cc1,0,1048
3233533.0,Cn1cccc1C(=O)N1CCC2(CCCN(C(=O)Nc3cccc(C#N)c3)C2)CC1,1,1049
3233536.0,Cn1cccc1C(=O)N1CCC2(CCCN(c3ccc(-c4ccccc4)cc3)C2)CC1,1,1051
3233537.0,O=C(Nc1cccc(F)c1)N1CC2(CCN(C(=O)c3ccco3)CC2)C1,0,1052
3233538.0,O=S(=O)(c1ccccc1)N1CCC[C@@]2(CCN(Cc3nccs3)C2)C1,1,1053
3233539.0,Cc1nc2cnc(N3CCNCC3)nc2n(C2CC2)c1=O,0,1054
3233540.0,O=c1c(-c2ccccc2)nc2cnc(N3CCOCC3)nc2n1Cc1ccc(F)cc1,0,1055
3233541.0,COc1cccc(Nc2ncc3ncc(=O)n(CCc4ccccc4)c3n2)c1,1,1056
3233542.0,Cc1nc2cnc(N3CCNCC3)nc2n(Cc2cccs2)c1=O,1,1057
3233543.0,CCNc1ncc2nc(-c3ccc(F)cc3)c(=O)n(Cc3ccc(F)cc3)c2n1,0,1058
3233546.0,CN1CCN(c2ncc3nc(-c4cn(C)c5ccccc45)c(=O)n(-c4ccccc4)c3n2)CC1,1,1059
3233547.0,COc1ccc(C(=O)N2CCC3(CCCN(C(=O)Nc4cccc(C#N)c4)C3)CC2)cc1,1,1060
3233549.0,CN(C)C(=O)c1ccc(-c2nc(NCc3cccnc3)c3ccccc3n2)cc1,1,1062
3233550.0,COCCNc1ncnc2ccc(-c3ccc(N(C)C)cc3)cc12,1,1063
3233553.0,c1nc(N2CCOCC2)c2cc(-c3ccoc3)ccc2n1,1,1064
3233554.0,O=C(Oc1ccccc1)N1CCC2(CC1)CCN(c1ccncc1)CC2,0,1065
3233555.0,O=C(c1ccncc1)N1CCC2(CC1)CN(Cc1ccccc1)C2,1,1066
3233561.0,CNc1ncncc1-c1ccc(C(=O)N(C)C)cc1,1,1067
3233565.0,COCCn1c(=O)cnc2cnc(N3CCOCC3)nc21,0,1069
3233567.0,FC(F)(F)c1ccccc1-c1nc(Nc2ccncc2)c2ccccc2n1,1,1070
3233568.0,COC(=O)N1CCC[C@@]2(CCN(Cc3nccs3)C2)C1,0,1071
3233571.0,Cc1noc(C)c1C(=O)N1CCC2(CCN(Cc3ccccc3)CC2)CC1,0,1072
3233572.0,Cn1cccc1C(=O)N1CCC2(CCCN(Cc3nccs3)C2)CC1,1,1073
3233573.0,CN(C)C(=O)c1ccc(-c2nccc(NCc3cccnc3)n2)cc1,1,1074
3233577.0,COc1ccc(-c2nc3cnc(Nc4cccc(OC)c4)nc3n(C3CC3)c2=O)cc1,0,1076
3233578.0,CN(C)C(=O)c1ccc(-c2cc(-n3ccnc3)ncn2)cc1,1,1077
3233580.0,CN(Cc1ccco1)c1cc(-c2cccc(C#N)c2)ncn1,0,1079
3233581.0,Cn1cccc1C(=O)N1CCC2(CC1)CCN(c1cccc(-c3ccccc3)c1)CC2,0,1080
3233584.0,COc1ccc(CNc2ncncc2-c2ccc3c(c2)OCO3)c(OC)c1,1,1081
3233586.0,FC(F)(F)c1ccccc1-c1nc(NC2CCNCC2)c2ccccc2n1,0,1083
3233590.0,COc1ccc(CNc2ncncc2-c2cccnc2)c(OC)c1,1,1084
3233591.0,O=c1cnc2cnc(Oc3cccc(Cl)c3)nc2n1C1CC1,0,1085
3233592.0,CC(=O)N1CCC2(CCCN(Cc3ccc(C#N)cc3)C2)CC1,0,1086
3233595.0,COc1ccc2[nH]cc(CCNc3ncnc4ccc(-c5ccccc5CN(C)C)cc34)c2c1,1,1089
3233597.0,CS(=O)(=O)Nc1cccc(-c2nccc(NCc3ccccc3)n2)c1,1,1091
3233599.0,FC(F)(F)c1ccccc1-c1cncnc1NCc1cccnc1,1,1092
3233600.0,COc1ccc(-c2nc3cnc(N(C)C)nc3n(C3CC3)c2=O)cc1,0,1093
3233602.0,O=C(c1cnccn1)N1CCC2(CC1)CN(Cc1ccncc1)C2,0,1095
3233604.0,Cc1noc(C)c1-c1ccc2ncnc(N3CCOCC3)c2c1,1,1096
3233607.0,O=C(c1ccncc1)N1CCC2(CCCN(c3cccc(-c4ccccc4)c3)C2)CC1,1,1097
3233608.0,COc1ccc(C(=O)N2CCC3(CCCN(Cc4ccc(C#N)cc4)C3)CC2)cc1,1,1098
3233609.0,O=C(c1ccncc1)N1CCC2(CCN(Cc3cc(C(F)(F)F)cc(C(F)(F)F)c3)CC2)CC1,1,1099
3233610.0,O=C(c1ccco1)N1CCC2(CC1)CN(Cc1cc(C(F)(F)F)cc(C(F)(F)F)c1)C2,0,1100
3233612.0,CNc1cc(-c2ccccc2CN(C)C)ncn1,0,1101
3233613.0,Cc1noc(C)c1-c1nc(NCc2cccs2)c2ccccc2n1,1,1102
3233618.0,CNc1nc(-c2cccc(C#N)c2)nc2ccccc12,1,1104
3233619.0,Fc1ccc(Nc2ncncc2-c2ccoc2)cc1,1,1105
3233620.0,Cc1cnc(CNc2ncncc2-c2cccnc2)cn1,1,1106
3233622.0,COc1ccccc1-c1cc(N(C)Cc2ccco2)ncn1,0,1107
3233625.0,COc1cccc(Cn2c(=O)c(C)nc3cnc(Nc4cccc(OC)c4)nc32)c1,1,1109
3233626.0,COCCn1c(=O)c(-c2cc(F)cc(F)c2)nc2cnc(OCc3ccccc3)nc21,1,1110
3233628.0,Cc1ccccc1-c1nc(N2CCOCC2)c2ccccc2n1,1,1111
3233629.0,CN(C)C(=O)c1ccc(-c2nc(NC3CCNCC3)c3ccccc3n2)cc1,0,1112
3233630.0,CN(C)c1ncc2nc(-c3ccc(Cl)cc3)c(=O)n(C3CC3)c2n1,0,1113
3233632.0,Cc1ccccc1-c1cncnc1NC1CCNCC1,1,1114
3233635.0,Cc1noc(C)c1-c1nccc(N2CCOCC2)n1,0,1116
3233636.0,O=c1c(CCc2ccccc2)nc2cncnc2n1Cc1ccc(F)cc1,1,1117
3233638.0,COc1ccc(C(=O)N2CCC3(CCN(Cc4ccncc4)CC3)CC2)cc1,1,1118
3233639.0,COc1ccccc1CN1CCC2(CC1)CCN(S(C)(=O)=O)CC2,0,1119
3233641.0,O=C(c1cnccn1)N1CCC[C@@]2(CCN(c3cccc(-c4ccccc4)c3)C2)C1,1,1120
3233644.0,COc1ccccc1CN1CCCC2(CCN(S(C)(=O)=O)CC2)C1,0,1121
3233646.0,Cc1noc(C)c1-c1cc(NCc2ccccc2)ncn1,0,1123
3233647.0,COCCn1c(=O)c(CCc2ccccc2)nc2cnc(N3CCNCC3)nc21,1,1124
3233649.0,N#Cc1cccc(-c2nc3cnc(N4CCOCC4)nc3n(C[C@H]3CCCO3)c2=O)c1,0,1125
3233651.0,COc1ncc2nc(-c3ccc(Cl)cc3)c(=O)n(CCC#N)c2n1,1,1126
3233653.0,N#Cc1ccc(CN2CCC3(CC2)CCN(C(=O)c2cc(C(F)(F)F)cc(C(F)(F)F)c2)CC3)cc1,0,1128
3233654.0,COc1ccccc1CN1CC[C@@]2(CCCN(S(=O)(=O)c3ccccc3)C2)C1,1,1129
3233658.0,COc1ccc(NC(=O)N2CCCC3(CCN(C(=O)c4ccco4)CC3)C2)cc1,1,1132
3233661.0,COc1cccc(Cn2c(=O)c(-c3ccc(F)cc3)nc3cnc(OC)nc32)c1,1,1133
3233663.0,Cc1cccc(CNc2nc(-c3ccc(C(=O)N(C)C)cc3)nc3ccccc23)c1,0,1134
3233664.0,CCNc1ncc2nc(-c3cn(C)c4ccccc34)c(=O)n(Cc3ccc(F)cc3)c2n1,1,1135
3233666.0,CS(=O)(=O)N1CCC[C@@]2(CCN(Cc3ccc(C#N)cc3)C2)C1,1,1137
3233667.0,O=c1c(-c2ccc(Cl)cc2)nc2cnc(N3CCOCC3)nc2n1C1CC1,0,1138
3233668.0,COCC(=O)N1CCC2(CC1)CN(C(=O)Nc1cccc(C#N)c1)C2,0,1139
3233669.0,COc1ccc(C(=O)N2CCC3(CC2)CN(CC(C)C)C3)cc1,0,1140
3233670.0,Cc1cccc(CNc2nc(-c3cccnc3)nc3ccccc23)c1,1,1141
3233674.0,COc1ccccc1CN1CC[C@@]2(CCCN(C(=O)c3ccco3)C2)C1,1,1142
3233677.0,CN(C)Cc1ccccc1-c1nccc(N(C)C)n1,1,1143
3233678.0,COc1cccc(Nc2ncc3nc(C)c(=O)n(C)c3n2)c1,0,1144
3233679.0,O=C(c1csnn1)N1CCC[C@@]2(CCN(c3ccccc3)C2)C1,1,1145
3233683.0,COCCn1c(=O)c(-c2ccc(OC)cc2)nc2cnc(Oc3ccc(OC)cc3)nc21,1,1147
3233684.0,N#Cc1ccc(CN2CCC3(CCNCC3)CC2)cc1,0,1148
3233685.0,CN1CCN(c2ncc3ncc(=O)n(C[C@H]4CCCO4)c3n2)CC1,0,1149
3233687.0,COc1cccc(Cn2c(=O)c(-c3ccccc3)nc3cnc(N(C)C)nc32)c1,1,1151
3233689.0,Cn1c(=O)c(-c2ccccc2)nc2cnc(Nc3ccccc3)nc21,0,1153
3233694.0,O=C(Oc1ccccc1)N1CCC[C@@]2(CCN(Cc3nccs3)C2)C1,1,1156
3233695.0,COC(=O)N1CCC2(CC1)CN(c1cccc(-c3ccccc3)c1)C2,0,1157
3233696.0,COc1ccccc1CN1CCC2(CC1)CCN(C(=O)c1cccn1C)CC2,0,1158
3233699.0,CN(Cc1ccco1)c1ncncc1-c1cccnc1,1,1159
3233702.0,CN(C)c1nc(-c2cccc(NS(C)(=O)=O)c2)nc2ccccc12,1,1160
3233704.0,c1ccc(CNc2ccnc(-c3cccnc3)n2)cc1,1,1162
3233705.0,CC(C)CN1CCCC2(CCN(C(=O)c3ccncc3)CC2)C1,1,1163
3233707.0,O=c1c(-c2cccs2)nc2cnc(N3CCNCC3)nc2n1Cc1cccs1,1,1164
3233708.0,CN(C)c1ncc2nc(-c3cccc(C#N)c3)c(=O)n(C)c2n1,0,1165
3233710.0,N#CCCn1c(=O)c(-c2ccc(F)cc2)nc2cnc(Oc3ccccc3)nc21,0,1166
3233711.0,COc1ccccc1CN1CCCC2(CCN(C(=O)c3cc(C(F)(F)F)cc(C(F)(F)F)c3)CC2)C1,1,1167
3233712.0,N#Cc1ccc(CN2CC[C@@]3(CCCN(C(=O)c4cccc(F)c4)C3)C2)cc1,1,1168
3233713.0,CCNc1ncc2nc(C)c(=O)n(Cc3cccc(OC)c3)c2n1,1,1169
3233714.0,COCC(=O)N1CCC2(CCN(Cc3ccc(C#N)cc3)CC2)CC1,0,1170
3233716.0,N#CCCn1c(=O)c(-c2cccs2)nc2cnc(Oc3ccccc3)nc21,0,1171
3233718.0,O=c1c(-c2ccccc2)nc2cnc(Oc3ccccc3)nc2n1Cc1cccs1,0,1172
3233721.0,CN(C)Cc1ccccc1-c1nc(NC2CC2)c2ccccc2n1,1,1174
3233722.0,CC(C)CN1CCC2(CC1)CCN(S(=O)(=O)c1ccccc1)CC2,0,1175
3233723.0,c1cncc(-c2nccc(NCc3cccs3)n2)c1,1,1176
3233724.0,O=C(c1cccc(F)c1)N1CCC[C@@]2(CCN(c3ccccc3)C2)C1,1,1177
3233725.0,COc1ccccc1-c1cc(NCc2cnc(C)cn2)ncn1,0,1178
3233729.0,O=S(=O)(c1ccccc1)N1CCC2(CC1)CN(Cc1nccs1)C2,0,1180
3233731.0,CN(C)C(=O)c1ccc(-c2nc(N(C)Cc3ccco3)c3ccccc3n2)cc1,0,1181
3233732.0,N#Cc1cccc(NC(=O)N2CCCC3(CCN(S(=O)(=O)c4ccccc4)CC3)C2)c1,1,1182
3233734.0,CC(C)CN1CC2(CCN(C(=O)c3cnccn3)CC2)C1,0,1183
3233735.0,Cn1cccc1C(=O)N1CCC[C@@]2(CCN(C(c3ccccc3)c3ccccc3)C2)C1,1,1184
3233743.0,CCNc1ncc2nc(C)c(=O)n(C)c2n1,0,1186
3233744.0,CN1CCC2(CC1)CCN(S(=O)(=O)c1ccccc1)CC2,0,1187
3233745.0,CN(Cc1ccco1)c1ncncc1-c1cccc(NS(C)(=O)=O)c1,1,1188
3233747.0,CN(C)c1ccc(-c2nc(NCc3cccnc3)c3ccccc3n2)cc1,1,1189
3233748.0,COc1cccc(Cn2c(=O)c(CCc3ccccc3)nc3cnc(N4CCN(C)CC4)nc32)c1,1,1190
3233750.0,COc1ccc2[nH]cc(CCNc3ncnc4ccc(-c5cccc(C#N)c5)cc34)c2c1,1,1191
3233751.0,COc1ccc(CNc2ccnc(-c3ccccc3Cl)n2)c(OC)c1,1,1192
3233755.0,COc1ccc2[nH]cc(CCNc3nc(-c4ccccc4OC)nc4ccccc34)c2c1,1,1193
3233756.0,O=C(c1ccco1)N1CCC[C@@]2(CCN(c3ccncc3)C2)C1,1,1194
3233758.0,Cc1noc(C)c1C(=O)N1CCC[C@@]2(CCN(Cc3nccs3)C2)C1,1,1195
3233760.0,CN(C)c1ncc2nc(-c3ccc(Cl)cc3)c(=O)n(C)c2n1,0,1197
3233761.0,CN(Cc1ccco1)c1cc(-c2cccc(NS(C)(=O)=O)c2)ncn1,1,1198
3233763.0,COc1ncc2nc(-c3ccc(Cl)cc3)c(=O)n(C[C@H]3CCCO3)c2n1,1,1200
3233766.0,Cc1noc(C)c1C(=O)N1CCC2(CCCN(C(=O)Nc3cccc(C#N)c3)C2)CC1,0,1201
3233767.0,N#Cc1ccc(CN2CC3(CCN(C(=O)c4csnn4)CC3)C2)cc1,0,1202
3233769.0,Cc1ccccc1-c1cncnc1NCc1cccnc1,1,1203
3233770.0,N#CCCn1c(=O)c(-c2ccccc2)nc2cnc(N3CCOCC3)nc21,0,1204
3233771.0,c1ncc(-c2ccoc2)c(NC2CC2)n1,1,1205
3233772.0,COc1ccc(NC(=O)N2CCC3(CC2)CCN(C(=O)c2cnccn2)CC3)cc1,0,1206
3233773.0,CCNc1ncc2ncc(=O)n(C)c2n1,0,1207
3233777.0,c1ccc(Nc2ncnc3ccc(-c4ccc5c(c4)OCO5)cc23)cc1,1,1209
3233781.0,COc1ccccc1-c1cc(NCc2cccnc2)ncn1,1,1210
3233782.0,COC(=O)N1CCC[C@@]2(CCN(Cc3cc(C(F)(F)F)cc(C(F)(F)F)c3)C2)C1,0,1211
3233786.0,COc1ncc2ncc(=O)n(C3CC3)c2n1,0,1213
3233788.0,CS(=O)(=O)Nc1cccc(-c2cc(NCc3cccs3)ncn2)c1,1,1214
3233789.0,COc1ccc(NC(=O)N2CC[C@@]3(CCCN(C(=O)c4ccc(OC)cc4)C3)C2)cc1,1,1215
3233790.0,COc1ccc(Oc2ncc3nc(-c4cccc(C#N)c4)c(=O)n(C)c3n2)cc1,1,1216
3233793.0,COc1ccc(CNc2cc(-c3cccnc3)ncn2)c(OC)c1,1,1217
3233795.0,COc1ccc(Oc2ncc3nc(C)c(=O)n(C4CC4)c3n2)cc1,1,1218
3233796.0,COc1cccc(Cn2c(=O)c(-c3ccccc3)nc3cnc(OC)nc32)c1,1,1219
3233799.0,COc1cccc(-c2cncnc2NCc2cccc(C)c2)c1,1,1220
3233800.0,COc1ncc2nc(-c3cn(C)c4ccccc34)c(=O)n(CCc3ccccc3)c2n1,1,1221
3233801.0,COc1ccc(-c2nc3cnc(N4CCOCC4)nc3n(CCc3ccccc3)c2=O)cc1,0,1222
3233803.0,O=c1c(CCc2ccccc2)nc2cnc(N3CCOCC3)nc2n1C[C@H]1CCCO1,1,1223
3233804.0,COc1ccccc1-c1nccc(NC2CCNCC2)n1,0,1224
3233805.0,COCCn1c(=O)c(-c2cc(F)cc(F)c2)nc2cnc(Oc3cccc(Cl)c3)nc21,1,1225
3233806.0,COc1ncc2nc(-c3ccc(F)cc3)c(=O)n(Cc3cccs3)c2n1,1,1226
3233807.0,O=C(c1ccncc1)N1CCC[C@@]2(CCN(c3cccc(-c4ccccc4)c3)C2)C1,1,1227
3233810.0,O=c1c(-c2ccc(Cl)cc2)nc2cnc(Oc3ccccc3)nc2n1C1CC1,0,1228
3233811.0,COc1cccc(-c2nc(N(C)C)c3ccccc3n2)c1,1,1229
3233813.0,CN(Cc1ccco1)c1ncncc1-c1ccccc1Cl,1,1231
3233815.0,CS(=O)(=O)N1CCC[C@@]2(CCN(c3ccncc3)C2)C1,1,1232
3233816.0,CS(=O)(=O)Nc1cccc(-c2nc(NC3CC3)c3ccccc3n2)c1,1,1233
3233818.0,O=C(c1ccco1)N1CCC[C@@]2(CCN(c3cccc(-c4ccccc4)c3)C2)C1,1,1235
3233822.0,Cc1ccccc1-c1nc(-n2ccnc2)c2ccccc2n1,1,1236
3233823.0,CN(C)c1ccc(-c2nccc(NCc3ccccc3)n2)cc1,1,1237
3233824.0,c1cncc(CNc2cc(-c3ccc4c(c3)OCO4)ncn2)c1,1,1238
3233826.0,CC(C)CN1CCC2(CC1)CCN(C(=O)Oc1ccccc1)CC2,0,1239
3233827.0,COC(=O)N1CCC[C@@]2(CCN(c3ccncc3)C2)C1,1,1240
3233829.0,COc1ccccc1-c1nccc(NCc2ccccc2)n1,1,1241
3233834.0,CS(=O)(=O)Nc1cccc(-c2nc(Nc3ccncc3)c3ccccc3n2)c1,1,1242
3233836.0,COc1ccc2[nH]cc(CCNc3ncncc3-c3ccccc3Cl)c2c1,1,1243
3233837.0,COc1ccc(Oc2ncc3nc(-c4cc(F)cc(F)c4)c(=O)n(C)c3n2)cc1,1,1244
3233838.0,Clc1ccccc1-c1nc(NC2CCNCC2)c2ccccc2n1,0,1245
3233839.0,COc1ccccc1CNc1cc(-c2cccnc2)ncn1,1,1246
3233844.0,COc1ccc(C(=O)N2CCC[C@@]3(CCN(c4ccccn4)C3)C2)cc1,1,1248
3233846.0,N#Cc1ccc(CN2CC3(CCN(C(=O)c4cc(C(F)(F)F)cc(C(F)(F)F)c4)CC3)C2)cc1,0,1249
3233847.0,CC(=O)N1CCC2(CCCN(c3ccccn3)C2)CC1,0,1250
3233851.0,COc1ccc2[nH]cc(CCNc3cc(-c4ccc(C(=O)N(C)C)cc4)ncn3)c2c1,1,1253
3233854.0,Cc1noc(C)c1-c1cncnc1-n1ccnc1,1,1254
3233855.0,Cc1ccccc1-c1nccc(NCc2cccs2)n1,1,1255
3233856.0,Cc1cnc(CNc2ncnc3ccc(-c4ccc5c(c4)OCO5)cc23)cn1,1,1256
3233857.0,COc1ccccc1CNc1nc(-c2ccccc2OC)nc2ccccc12,1,1257
3233858.0,Cc1noc(C)c1C(=O)N1CCC2(CCCN(Cc3ccc(C#N)cc3)C2)CC1,0,1258
3233859.0,COc1ccccc1CCn1c(=O)c(-c2ccccc2)nc2cncnc21,1,1259
3233860.0,COCCn1c(=O)c(-c2ccc(Cl)cc2)nc2cnc(Oc3ccc(OC)cc3)nc21,1,1260
3233862.0,CN(C)Cc1ccccc1-c1cncnc1NC1CC1,1,1261
3233863.0,CCNc1ncc2nc(-c3ccc(Cl)cc3)c(=O)n(Cc3cccs3)c2n1,0,1262
3233865.0,COc1cccc(-c2ccc3ncnc(NCCNC(C)=O)c3c2)c1,1,1264
3233866.0,CN(C)c1ccc(-c2cncnc2-n2ccnc2)cc1,1,1265
3233867.0,COc1cccc(Nc2ncc3nc(C)c(=O)n(C[C@H]4CCCO4)c3n2)c1,1,1266
3233868.0,Cc1cnc(CNc2cc(-c3ccoc3)ncn2)cn1,0,1267
3233871.0,Cc1noc(C)c1C(=O)N1CCC2(CC1)CN(c1ccccn1)C2,0,1270
3233872.0,CC(C)NC(=O)N1CC[C@@]2(CCCN(C(=O)c3ccco3)C2)C1,0,1271
3233873.0,COc1ccc2[nH]cc(CCNc3ncncc3-c3ccoc3)c2c1,1,1272
3233874.0,COc1ccc(-n2c(=O)c(-c3cccs3)nc3cnc(N4CCNCC4)nc32)cc1,1,1273
3233875.0,Clc1ccccc1-c1cncnc1NCCN1CCOCC1,1,1274
3233879.0,COc1cccc(-c2ccc3ncnc(NCc4ccccc4)c3c2)c1,1,1277
3233880.0,CS(=O)(=O)Nc1cccc(-c2ccc3ncnc(NC4CC4)c3c2)c1,1,1278
3233881.0,COc1ccc(-n2c(=O)c(-c3cccs3)nc3cnc(Oc4ccccc4)nc32)cc1,0,1279
3233882.0,Cc1cnc(CNc2ncnc3ccc(-c4ccoc4)cc23)cn1,1,1280
3233883.0,Cc1cnc(CNc2nc(-c3ccc4c(c3)OCO4)nc3ccccc23)cn1,1,1281
3233886.0,O=c1c(-c2ccc(F)cc2)nc2cnc(N3CCOCC3)nc2n1C1CC1,0,1283
3233888.0,COCC(=O)N1CCC2(CC1)CCN(C(=O)Nc1ccc(OC)cc1)CC2,0,1284
3233892.0,COC(=O)N1CCC[C@@]2(CCN(c3ncccn3)C2)C1,0,1287
3233893.0,c1cncc(-c2nc(-n3ccnc3)c3ccccc3n2)c1,1,1288
3233894.0,CN(C)c1ccc(-c2nc(-n3ccnc3)c3ccccc3n2)cc1,1,1289
3233896.0,COc1ccc(Oc2ncc3ncc(=O)n(Cc4cccs4)c3n2)cc1,1,1291
3233897.0,O=C(c1csnn1)N1CCC2(CC1)CN(c1ccncc1)C2,0,1292
3233900.0,N#Cc1cccc(-c2cncnc2NCCc2cnc[nH]2)c1,1,1293
3233901.0,COC(=O)N1CCC[C@@]2(CCN(c3ccccn3)C2)C1,0,1294
3233905.0,COc1ccccc1-c1nccc(-n2ccnc2)n1,1,1296
3233907.0,COc1ccc(-n2c(=O)c(CCc3ccccc3)nc3cnc(N4CCNCC4)nc32)cc1,1,1297
3233908.0,Cc1cnc(CNc2cc(-c3ccccc3CN(C)C)ncn2)cn1,0,1298
3233910.0,COc1ccccc1CN1CCCC2(CCNCC2)C1,0,1299
3233911.0,COc1ccccc1CN1CC2(CCN(C(=O)c3cccc(F)c3)CC2)C1,0,1300
2475526.0,CC(=O)NCCNc1nc(-c2cccnc2)nc2ccccc12,1,1301
3233914.0,COc1ccccc1CNc1nc(-c2c(C)noc2C)nc2ccccc12,1,1302
3233915.0,FC(F)(F)c1ccccc1-c1nc(N2CCNCC2)c2ccccc2n1,0,1303
3233918.0,COc1cccc(-c2nc(NCc3cccnc3)c3ccccc3n2)c1,1,1305
3233920.0,COc1ccccc1CN1CCC2(CC1)CCN(C(=O)c1cccc(F)c1)CC2,0,1306
3233921.0,Cc1ccccc1-c1cc(N2CCN(C)CC2)ncn1,0,1307
3233922.0,COc1cccc(-c2nccc(NCCc3c[nH]c4ccc(OC)cc34)n2)c1,1,1308
3233923.0,CN(C)c1ncc2ncc(=O)n(C3CC3)c2n1,0,1309
3233926.0,COc1ncc2nc(C)c(=O)n(Cc3cccs3)c2n1,1,1311
3233929.0,CCNc1ncc2nc(-c3cn(C)c4ccccc34)c(=O)n(Cc3cccs3)c2n1,1,1313
3233932.0,COCCn1c(=O)c(C)nc2cnc(Nc3cccc(OC)c3)nc21,1,1315
3233935.0,CN(C)C(=O)c1ccc(-c2nccc(N(C)Cc3ccco3)n2)cc1,0,1317
3233937.0,CNc1ncnc2ccc(-c3cccc(NS(C)(=O)=O)c3)cc12,1,1319
3233938.0,COc1ccc2[nH]cc(CCNc3ccnc(-c4ccccc4C(F)(F)F)n3)c2c1,1,1320
3233939.0,COC(=O)N1CCC2(CC1)CN(c1ccncc1)C2,0,1321
3233943.0,COc1ccccc1-c1cc(NCc2ccccc2)ncn1,0,1324
3233944.0,CCNc1ncc2nc(-c3ccc(F)cc3)c(=O)n(CCOC)c2n1,0,1325
3233947.0,CC(C)NC(=O)N1CCCC2(CCN(S(=O)(=O)c3ccccc3)CC2)C1,1,1326
3233948.0,CS(=O)(=O)N1CCC2(CC1)CN(c1ccc(-c3ccccc3)cc1)C2,0,1327
3233950.0,CN(C)c1ncnc2ccc(-c3cccnc3)cc12,1,1328
3233951.0,O=S(=O)(c1ccccc1)N1CCC[C@@]2(CCN(c3ccccc3)C2)C1,1,1329
3233952.0,FC(F)(F)c1ccccc1-c1nc(NCCN2CCOCC2)c2ccccc2n1,1,1330
3233953.0,O=C(Oc1ccccc1)N1CCC[C@@]2(CCN(c3ccccc3)C2)C1,1,1331
3233960.0,COc1cccc(-c2nccc(NCc3ccccc3)n2)c1,1,1338
3233961.0,c1cn(-c2cc(-c3ccc4c(c3)OCO4)ncn2)cn1,1,1339
3233962.0,COc1cccc(Nc2ncc3nc(-c4ccc(F)cc4)c(=O)n(C)c3n2)c1,0,1340
3233963.0,CC(=O)NCCNc1ncnc2ccc(-c3ccccc3C)cc12,1,1341
3233964.0,CS(=O)(=O)N1CCC2(CCCN(c3ccncc3)C2)CC1,0,1342
3233965.0,COc1cccc(-c2cncnc2NCCc2c[nH]c3ccc(OC)cc23)c1,1,1343
3233967.0,c1cncc(-c2cncnc2NCc2cccs2)c1,1,1344
3233968.0,Cc1noc(C)c1-c1nc(NCc2ccccc2)c2ccccc2n1,1,1345
3233970.0,O=S(=O)(c1ccccc1)N1CCC[C@@]2(CCN(C(c3ccccc3)c3ccccc3)C2)C1,1,1346
3233972.0,CN1CCN(c2ncnc3ccc(-c4ccccc4C(F)(F)F)cc23)CC1,1,1347
3233973.0,COc1ccc(CNc2nc(-c3ccc4c(c3)OCO4)nc3ccccc23)c(OC)c1,1,1348
3233977.0,O=C(Oc1ccccc1)N1CCC2(CCCN(c3ccccn3)C2)CC1,1,1351
3233979.0,CN(Cc1ccco1)c1ccnc(-c2cccc(NS(C)(=O)=O)c2)n1,1,1352
3233980.0,N#CCCn1c(=O)c(-c2ccc(Cl)cc2)nc2cnc(Oc3cccc(Cl)c3)nc21,0,1353
3233981.0,Cc1nc2cnc(Oc3ccccc3)nc2n(C)c1=O,0,1354
3233982.0,COCCn1c(=O)c(CCc2ccccc2)nc2cnc(Nc3ccccc3)nc21,1,1355
3233985.0,CNc1nc(-c2cccc(NS(C)(=O)=O)c2)nc2ccccc12,1,1357
3233986.0,c1csc(CNc2nc(-c3ccc4c(c3)OCO4)nc3ccccc23)c1,1,1358
3233987.0,COc1ccc(C(=O)N2CCC3(CCCN(c4cccc(-c5ccccc5)c4)C3)CC2)cc1,1,1359
3233989.0,COc1ccc(-n2c(=O)c(CCc3ccccc3)nc3cncnc32)cc1,1,1360
3233990.0,COc1ccc(CNc2ccnc(-c3cccnc3)n2)c(OC)c1,1,1361
3233991.0,Cc1nc2cnc(N3CCNCC3)nc2n(CCC#N)c1=O,0,1362
3233992.0,COc1ccc(C(=O)N2CCC[C@@]3(CCN(c4ccncc4)C3)C2)cc1,1,1363
3233995.0,O=c1c(-c2cccs2)nc2cnc(N3CCNCC3)nc2n1C1CC1,1,1365
3233996.0,CS(=O)(=O)Nc1cccc(-c2ccc3ncnc(NCc4cccs4)c3c2)c1,1,1366
3233999.0,COc1ccccc1CNc1ncncc1-c1ccc(N(C)C)cc1,1,1368
3234000.0,O=c1cnc2cncnc2n1Cc1ccccc1Cl,0,1369
3234008.0,CS(=O)(=O)Nc1cccc(-c2ccc3ncnc(Nc4ccccc4)c3c2)c1,1,1372
3234009.0,COc1ccc(Oc2ncc3nc(C)c(=O)n(CCc4ccccc4)c3n2)cc1,1,1373
3234011.0,COc1ccc(-n2c(=O)cnc3cnc(N4CCN(C)CC4)nc32)cc1,0,1374
3234012.0,Cn1cccc1C(=O)N1CCC[C@@]2(CCN(Cc3nccs3)C2)C1,1,1375
3234014.0,COc1ncc2nc(-c3ccc(F)cc3)c(=O)n(C[C@H]3CCCO3)c2n1,1,1377
1877191.0,Fc1ccc(Nc2nc(-c3cccnc3)nc3ccccc23)cc1,1,1378
3234017.0,N#Cc1cccc(-c2ccc3ncnc(NC4CCNCC4)c3c2)c1,0,1379
3234018.0,COc1ccc(CNc2ccnc(-c3ccccc3CN(C)C)n2)c(OC)c1,1,1380
3234019.0,Cc1cnc(CNc2ncnc3ccc(-c4ccccc4Cl)cc23)cn1,1,1381
3234022.0,CN(C)c1ccc(-c2nc(N(C)Cc3ccco3)c3ccccc3n2)cc1,1,1382
3234023.0,CN1CCN(c2cc(-c3ccccc3C(F)(F)F)ncn2)CC1,0,1383
3234025.0,O=c1c(-c2cc(F)cc(F)c2)nc2cnc(N3CCOCC3)nc2n1C[C@H]1CCCO1,0,1384
3234030.0,CNc1ncncc1-c1ccccc1CN(C)C,1,1388
3234031.0,O=c1c(-c2ccc(Cl)cc2)nc2cnc(N3CCOCC3)nc2n1C[C@H]1CCCO1,0,1389
3234032.0,COc1cccc(-c2cncnc2N(C)Cc2ccco2)c1,1,1390
3234033.0,COc1ccc(CNc2ncnc3ccc(-c4cccc(C#N)c4)cc23)c(OC)c1,1,1391
3234038.0,O=C(Oc1ccccc1)N1CCC[C@@]2(CCN(C(c3ccccc3)c3ccccc3)C2)C1,1,1392
3234039.0,N#Cc1cccc(NC(=O)N2CC3(CCN(C(=O)c4ccco4)CC3)C2)c1,0,1393
3234040.0,COc1ccccc1-c1nccc(N2CCN(C)CC2)n1,1,1394
3234041.0,CN(C)Cc1ccccc1-c1cc(NC2CC2)ncn1,1,1395
3234043.0,O=c1c(-c2ccccc2)nc2cnc(N3CCOCC3)nc2n1C1CC1,0,1397
3234046.0,c1csc(CN2CC3(CCNCC3)C2)n1,0,1399
3234048.0,COc1cccc(Cn2c(=O)c(C)nc3cnc(OCc4ccccc4)nc32)c1,1,1400
3234049.0,O=C(c1cccc(F)c1)N1CCC2(CC1)CN(Cc1ccccc1)C2,0,1401
3234051.0,COc1cccc(Nc2ncc3nc(-c4cccs4)c(=O)n(CCC#N)c3n2)c1,1,1403
3234053.0,COc1ccccc1-c1nc(NCc2cnc(C)cn2)c2ccccc2n1,1,1404
3234055.0,Cc1noc(C)c1-c1cncnc1NCCN1CCOCC1,1,1405
3234056.0,O=C(Nc1ccccc1)N1CC[C@@]2(CCCN(C(=O)c3ccco3)C2)C1,0,1406
3234057.0,O=S(=O)(c1ccccc1)N1CCC2(CCCN(c3ccncc3)C2)CC1,1,1407
3234060.0,CN(C)C(=O)c1ccc(-c2ccc3ncnc(NC4CC4)c3c2)cc1,1,1408
3234061.0,CS(=O)(=O)N1CCC2(CCCN(Cc3ccncc3)C2)CC1,1,1409
3234062.0,Cc1noc(C)c1-c1cc(Nc2ccccc2)ncn1,0,1410
3234064.0,CCNc1ncc2nc(C)c(=O)n(CCC#N)c2n1,0,1411
3234065.0,COc1ccc(CNc2ccnc(-c3ccc(N(C)C)cc3)n2)c(OC)c1,1,1412
3234066.0,c1cncc(-c2cc(NCc3cccs3)ncn2)c1,1,1413
3234067.0,CS(=O)(=O)Nc1cccc(-c2nc(Nc3ccc(F)cc3)c3ccccc3n2)c1,1,1414
3234070.0,N#CCCn1c(=O)c(-c2ccc(Cl)cc2)nc2cnc(OCc3ccccc3)nc21,0,1415
3234071.0,CN1CCN(c2ccnc(-c3cccc(NS(C)(=O)=O)c3)n2)CC1,1,1416
3234073.0,CN1CCN(c2ncncc2-c2ccccc2Cl)CC1,1,1418
3234076.0,O=C(c1cnccn1)N1CCC2(CCN(Cc3nccs3)CC2)CC1,0,1420
3234077.0,COc1ccc(-n2c(=O)cnc3cnc(N4CCOCC4)nc32)cc1,0,1421
3234079.0,COc1ccc(CNc2ncncc2-c2ccccc2C)c(OC)c1,1,1423
3234081.0,COCCn1c(=O)cnc2cnc(Nc3cccc(OC)c3)nc21,1,1425
3234082.0,CN(C)Cc1ccccc1-c1cc(Nc2ccccc2)ncn1,0,1426
3234083.0,COc1ccccc1CNc1nc(-c2ccccc2CN(C)C)nc2ccccc12,1,1427
3234084.0,c1cc(CN2CC3(CCNCC3)C2)ccn1,0,1428
3234085.0,CN(C)Cc1ccccc1-c1cc(NCc2ccccc2)ncn1,0,1429
3234087.0,COc1ccccc1CNc1ncnc2ccc(-c3ccc(N(C)C)cc3)cc12,1,1430
3234088.0,Cc1nc2cnc(Oc3cccc(Cl)c3)nc2n(C2CC2)c1=O,0,1431
3234091.0,COc1ccc(-n2c(=O)c(C)nc3cncnc32)cc1,1,1432
3234094.0,COc1ccc(Oc2ncc3nc(C)c(=O)n(Cc4cccs4)c3n2)cc1,1,1433
3234096.0,COCCNc1cc(-c2c(C)noc2C)ncn1,0,1435
3234097.0,O=C(c1csnn1)N1CCC[C@@]2(CCN(c3cccc(-c4ccccc4)c3)C2)C1,1,1436
3234098.0,Clc1ccccc1-c1nccc(NCCN2CCOCC2)n1,1,1437
3234101.0,COCCn1c(=O)c(CCc2ccccc2)nc2cnc(Oc3ccccc3)nc21,1,1438
3234102.0,c1cn(-c2ccnc(-c3ccc4c(c3)OCO4)n2)cn1,1,1439
3234103.0,Cc1cnc(CNc2nc(-c3cccnc3)nc3ccccc23)cn1,1,1440
3234104.0,COCCn1c(=O)cnc2cnc(N(C)C)nc21,0,1441
3234105.0,CN1CCN(c2ncc3nc(-c4ccccc4)c(=O)n(CCc4ccccc4)c3n2)CC1,0,1442
3234106.0,COc1ccc(C(=O)N2CCC[C@@]3(CCN(C(=O)Nc4cccc(F)c4)C3)C2)cc1,1,1443
3234107.0,Cn1cc(-c2nc3cncnc3n(Cc3ccc(F)cc3)c2=O)c2ccccc21,0,1444
3234108.0,COc1ccccc1CN1CCC2(CC1)CCN(C(=O)c1ccco1)CC2,0,1445
3234111.0,COc1ccc(Oc2ncc3ncc(=O)n(CCc4ccccc4)c3n2)cc1,1,1446
3234112.0,O=c1c(-c2ccccc2)nc2cnc(N3CCOCC3)nc2n1Cc1cccs1,0,1447
3234113.0,Cc1cccc(CNc2nc(-c3cccc(NS(C)(=O)=O)c3)nc3ccccc23)c1,1,1448
3234114.0,CN(C)C(=O)c1ccc(-c2cncnc2NC2CCNCC2)cc1,0,1449
3234115.0,COCCn1c(=O)cnc2cnc(Nc3ccccc3)nc21,0,1450
3234117.0,COc1cccc(Nc2ncc3nc(-c4ccccc4)c(=O)n(Cc4cccs4)c3n2)c1,0,1451
3234118.0,COc1ncc2nc(CCc3ccccc3)c(=O)n(Cc3cccs3)c2n1,1,1452
3234124.0,Fc1ccc(Nc2nc(-c3ccoc3)nc3ccccc23)cc1,1,1453
3234125.0,COc1ccc(CNc2nc(-c3cccc(C#N)c3)nc3ccccc23)c(OC)c1,1,1454
3234128.0,COCC(=O)N1CCC[C@@]2(CCN(c3ccncc3)C2)C1,1,1455
3234134.0,COc1ccccc1-c1ccc2ncnc(NC3CCNCC3)c2c1,0,1458
3234135.0,COc1cccc(Nc2ncc3nc(-c4cn(C)c5ccccc45)c(=O)n(C[C@H]4CCCO4)c3n2)c1,1,1459
3234136.0,COCCn1c(=O)c(-c2ccc(OC)cc2)nc2cnc(Oc3ccccc3)nc21,1,1460
3234137.0,COc1ccc(NC(=O)N2CCC3(CC2)CCN(C(=O)c2ccco2)CC3)cc1,0,1461
3234138.0,COC(=O)N1CCC[C@@]2(CCN(c3ccccc3)C2)C1,1,1462
3234139.0,COc1ccccc1CNc1nc(-c2ccoc2)nc2ccccc12,1,1463
3234140.0,Cc1nc2cnc(Nc3ccccc3)nc2n(C2CC2)c1=O,1,1464
3234141.0,O=C(c1ccncc1)N1CCC[C@@]2(CCN(c3ccccn3)C2)C1,1,1465
3234142.0,O=C(c1cnccn1)N1CCC[C@@]2(CCN(Cc3cc(C(F)(F)F)cc(C(F)(F)F)c3)C2)C1,1,1466
3234145.0,Cc1nc2cnc(N(C)C)nc2n(-c2ccccc2)c1=O,0,1467
3234148.0,COc1ccccc1-c1nc(NCCNC(C)=O)c2ccccc2n1,0,1469
3234150.0,O=c1c(-c2cc(F)cc(F)c2)nc2cnc(N3CCOCC3)nc2n1Cc1cccs1,0,1470
3234153.0,CC(=O)N1CCC[C@@]2(CCN(C(=O)Nc3cccc(C#N)c3)C2)C1,0,1472
3234154.0,COCC(=O)N1CCC2(CC1)CN(c1ccccn1)C2,0,1473
3234156.0,COc1ccccc1-c1cc(NCc2cccc(C)c2)ncn1,1,1474
3234157.0,Cc1cnc(CNc2ncncc2-c2ccc(N(C)C)cc2)cn1,1,1475
3234159.0,COc1ccc2[nH]cc(CCNc3ccnc(-c4ccc5c(c4)OCO5)n3)c2c1,1,1476
3234160.0,COc1ccc(CNc2ccnc(-c3ccoc3)n2)c(OC)c1,1,1477
3234162.0,CCNc1ncc2nc(-c3ccccc3)c(=O)n(C[C@H]3CCCO3)c2n1,1,1478
3234164.0,CN(C)c1ncc2nc(-c3cccs3)c(=O)n(C3CC3)c2n1,1,1479
3234166.0,CN1CCN(c2ncc3nc(-c4cn(C)c5ccccc45)c(=O)n(C[C@H]4CCCO4)c3n2)CC1,1,1480
3234167.0,c1cc(NC2CC2)nc(-c2ccoc2)n1,1,1481
3234168.0,COc1ccc(NC(=O)N2CC3(CCN(S(C)(=O)=O)CC3)C2)cc1,0,1482
3234169.0,Cc1cnc(CNc2cc(-c3c(C)noc3C)ncn2)cn1,0,1483
3234173.0,COc1ccc(NC(=O)N2CC3(CCN(C(=O)c4cccn4C)CC3)C2)cc1,0,1486
3234176.0,Cc1noc(C)c1C(=O)N1CCC2(CCCN(C(c3ccccc3)c3ccccc3)C2)CC1,0,1487
3234177.0,O=C(Nc1cccc(F)c1)N1CCC2(CC1)CCN(C(=O)c1csnn1)CC2,0,1488
3234178.0,COc1ccc(C(=O)N2CCC3(CCCN(Cc4cc(C(F)(F)F)cc(C(F)(F)F)c4)C3)CC2)cc1,1,1489
3234180.0,COc1ccccc1-c1cncnc1N1CCN(C)CC1,1,1490
3234182.0,COC(=O)N1CCC2(CCN(C(=O)Nc3cccc(F)c3)CC2)CC1,0,1492
3234183.0,Cn1cccc1C(=O)N1CCC[C@@]2(CCN(c3cccc(-c4ccccc4)c3)C2)C1,1,1493
3234185.0,COCCn1c(=O)c(-c2cccc(C#N)c2)nc2cnc(Nc3ccccc3)nc21,1,1495
3234186.0,O=c1c(CCc2ccccc2)nc2cnc(Nc3ccccc3)nc2n1C[C@H]1CCCO1,1,1496
3234187.0,N#Cc1cccc(-c2ccc3ncnc(N4CCNCC4)c3c2)c1,1,1497
3234188.0,COc1cccc(Cn2c(=O)c(-c3cccc(C#N)c3)nc3cnc(N4CCOCC4)nc32)c1,0,1498
3234190.0,CCNc1ncc2nc(-c3cccs3)c(=O)n(Cc3cccs3)c2n1,1,1500
3234193.0,COc1ccc(C(=O)N2CCC3(CCCN(c4ccc(-c5ccccc5)cc4)C3)CC2)cc1,1,1502
3234194.0,COCC(=O)N1CCC[C@@]2(CCN(c3ccccc3)C2)C1,1,1503
3234196.0,CN(C)Cc1ccccc1-c1nccc(NCc2cccs2)n1,0,1504
3234199.0,Cc1ccccc1-c1nc(NCc2cccs2)c2ccccc2n1,1,1506
3234202.0,COc1cccc(-c2nccc(NCc3cnc(C)cn3)n2)c1,1,1507
3234205.0,COC(=O)N1CCC[C@@]2(CCN(C(=O)Nc3ccccc3)C2)C1,0,1509
3234208.0,CCNc1ncc2nc(-c3cccs3)c(=O)n(CCC#N)c2n1,1,1510
3234212.0,Cc1noc(C)c1C(=O)N1CCC2(CCN(Cc3nccs3)CC2)CC1,0,1512
3234213.0,O=c1c(-c2ccc(F)c(F)c2)nc2cncnc2n1Cc1ccc(F)cc1,1,1513
3234214.0,CCNc1ncc2nc(-c3ccc(F)cc3)c(=O)n(-c3ccccc3)c2n1,0,1514
3234216.0,O=c1cnc2cnc(N3CCNCC3)nc2n1Cc1ccc(F)cc1,1,1515
3234218.0,O=C(c1cc(C(F)(F)F)cc(C(F)(F)F)c1)N1CCC2(CCCN(c3ccccc3)C2)CC1,1,1517
3234219.0,CN(C)Cc1ccccc1-c1cncnc1Nc1ccncc1,1,1518
3234220.0,COc1ccc(-n2c(=O)c(-c3cn(C)c4ccccc34)nc3cncnc32)cc1,1,1519
3234221.0,Cc1ccccc1-c1nc(N2CCNCC2)c2ccccc2n1,1,1520
3234222.0,Cc1cccc(CNc2ncnc3ccc(-c4ccccc4CN(C)C)cc23)c1,1,1521
3234223.0,CC(C)NC(=O)N1CCC2(CCNCC2)CC1,0,1522
3234224.0,COc1ccc2[nH]cc(CCNc3nc(-c4cccc(NS(C)(=O)=O)c4)nc4ccccc34)c2c1,1,1523
3234225.0,COCC(=O)N1CCC2(CCCN(c3ncccn3)C2)CC1,0,1524
3234228.0,COCCn1c(=O)c(C)nc2cnc(OCc3ccccc3)nc21,1,1525
3234229.0,COc1cccc(Cn2c(=O)c(-c3ccc(Cl)cc3)nc3cncnc32)c1,1,1526
3234231.0,O=C(c1cnccn1)N1CCC2(CCCN(Cc3ccncc3)C2)CC1,1,1527
3234235.0,COc1ncc2nc(-c3cccs3)c(=O)n(CCC#N)c2n1,1,1529
3234237.0,COc1cccc(-c2nccc(N(C)Cc3ccco3)n2)c1,1,1530
3234239.0,CN(C)c1ccc(-c2cncnc2Nc2ccc(F)cc2)cc1,1,1532
3234241.0,FC(F)(F)c1ccccc1-c1nc(NCc2cccnc2)c2ccccc2n1,1,1533
3234242.0,c1ccc2c(N3CCOCC3)nc(-c3ccoc3)nc2c1,1,1534
3234245.0,Cc1nc2cnc(N3CCOCC3)nc2n(C)c1=O,0,1536
3234246.0,O=C(c1ccncc1)N1CCC2(CCCN(c3ccccc3)C2)CC1,1,1537
3234247.0,O=c1c(-c2cccs2)nc2cnc(Oc3cccc(Cl)c3)nc2n1C1CC1,0,1538
3234248.0,CS(=O)(=O)N1CCC[C@@]2(CCN(C(c3ccccc3)c3ccccc3)C2)C1,1,1539
3234250.0,Cc1noc(C)c1C(=O)N1CCC[C@@]2(CCN(C(=O)Nc3ccccc3)C2)C1,1,1540
3234251.0,COc1ccc(C(=O)N2CCC3(CCN(C(=O)Nc4cccc(C#N)c4)CC3)CC2)cc1,1,1541
3234253.0,FC(F)(F)c1ccccc1-c1ccc2ncnc(NCCN3CCOCC3)c2c1,1,1543
3234254.0,COc1ccccc1-c1cncnc1NCCNC(C)=O,1,1544
3234256.0,CC(=O)NCCNc1nc(-c2ccccc2C)nc2ccccc12,1,1545
3234257.0,O=C(c1csnn1)N1CCC[C@@]2(CCN(Cc3cc(C(F)(F)F)cc(C(F)(F)F)c3)C2)C1,1,1546
3234258.0,CN(C)c1ncc2nc(-c3cc(F)cc(F)c3)c(=O)n(-c3ccccc3)c2n1,0,1547
3234259.0,COCCn1c(=O)c(-c2ccccc2)nc2cnc(N3CCOCC3)nc21,0,1548
3234260.0,COc1cccc(Cn2c(=O)c(-c3ccc(F)cc3)nc3cnc(N(C)C)nc32)c1,1,1549
3234261.0,CC(=O)N1CCC2(CC1)CCN(c1ccncc1)CC2,0,1550
3234262.0,COc1ccccc1-c1nc(NCCc2cnc[nH]2)c2ccccc2n1,1,1551
3234264.0,c1nc(N2CCNCC2)c2cc(-c3ccc4c(c3)OCO4)ccc2n1,1,1552
3234266.0,COc1cccc(-c2cc(NCCc3c[nH]c4ccc(OC)cc34)ncn2)c1,1,1554
3234268.0,COc1ccc(CNc2nc(-c3ccccc3OC)nc3ccccc23)c(OC)c1,1,1555
3234269.0,COCCn1c(=O)c(-c2ccc(OC)cc2)nc2cnc(OC)nc21,1,1556
3234270.0,CCNc1ncc2nc(-c3ccc(F)cc3)c(=O)n(CCC#N)c2n1,0,1557
3234272.0,CN(C)c1ccc(-c2ccc3ncnc(N4CCNCC4)c3c2)cc1,1,1558
3234273.0,O=C(c1cc(C(F)(F)F)cc(C(F)(F)F)c1)N1CCC[C@@]2(CCN(Cc3nccs3)C2)C1,1,1559
3234274.0,CN(C)C(=O)c1ccc(-c2nc(Nc3ccncc3)c3ccccc3n2)cc1,1,1560
3234277.0,Cc1noc(C)c1-c1nccc(-n2ccnc2)n1,1,1561
3234278.0,COc1cccc(Cn2c(=O)c(-c3cc(F)cc(F)c3)nc3cnc(N(C)C)nc32)c1,0,1562
3234279.0,COc1ccccc1CN1CC2(CCN(S(C)(=O)=O)CC2)C1,0,1563
3234280.0,COc1cccc(Nc2ncc3nc(-c4cccs4)c(=O)n(Cc4cccs4)c3n2)c1,0,1564
3234282.0,CN1CCN(c2nc(-c3ccc4c(c3)OCO4)nc3ccccc23)CC1,1,1565
3234283.0,COc1ccc(C(=O)N2CCC3(CC2)CN(c2cccc(-c4ccccc4)c2)C3)cc1,1,1566
3234285.0,COc1ccccc1CNc1cc(-c2ccoc2)ncn1,1,1567
3234290.0,COc1cccc(Cn2c(=O)c(-c3cccs3)nc3cncnc32)c1,1,1569
3234291.0,O=c1c(-c2cc(F)cc(F)c2)nc2cnc(N3CCOCC3)nc2n1Cc1ccc(F)cc1,0,1570
3234292.0,COc1ccc(-c2nc3cnc(N4CCN(C)CC4)nc3n(-c3ccc(OC)cc3)c2=O)cc1,0,1571
3234293.0,CN1CCCC2(CCN(C(=O)c3csnn3)CC2)C1,0,1572
3234296.0,COCCNc1cc(-c2ccccc2CN(C)C)ncn1,0,1573
3234297.0,Cc1noc(C)c1C(=O)N1CCC2(CCCN(C(=O)NC(C)C)C2)CC1,0,1574
3234298.0,CN(C)C(=O)c1ccc(-c2nc(N3CCOCC3)c3ccccc3n2)cc1,0,1575
3234299.0,c1ccc2c(N3CCNCC3)nc(-c3ccc4c(c3)OCO4)nc2c1,1,1576
3234301.0,CC(C)CN1CC2(CCN(C(=O)c3csnn3)CC2)C1,0,1578
3234303.0,Cc1noc(C)c1C(=O)N1CCC2(CCCN(CC(C)C)C2)CC1,0,1579
3234307.0,Cn1c(=O)c(-c2ccc(F)cc2)nc2cnc(Nc3ccccc3)nc21,0,1580
3234310.0,COc1cccc(Cn2c(=O)cnc3cnc(Oc4ccccc4)nc32)c1,1,1582
3234313.0,N#CCCn1c(=O)cnc2cnc(N3CCOCC3)nc21,0,1583
3234314.0,O=C(Nc1cccc(F)c1)N1CC[C@@]2(CCCN(C(=O)c3cnccn3)C2)C1,1,1584
3234316.0,CS(=O)(=O)N1CCC2(CC1)CN(c1ccncc1)C2,0,1585
3234322.0,Cc1noc(C)c1C(=O)N1CCC[C@@]2(CCN(c3ccccn3)C2)C1,1,1587
3234325.0,CNc1nc(-c2ccc3c(c2)OCO3)nc2ccccc12,1,1588
3234327.0,Clc1ccccc1-c1nccc(NCc2ccccc2)n1,1,1589
3234328.0,CCNc1ncc2nc(C)c(=O)n(Cc3cccs3)c2n1,1,1590
3234329.0,COc1cccc(-c2cc(NCc3ccc(OC)cc3OC)ncn2)c1,1,1591
3234330.0,Cc1noc(C)c1C(=O)N1CCC2(CCCN(c3ncccn3)C2)CC1,0,1592
3234331.0,c1nc(NCCN2CCOCC2)c2cc(-c3ccc4c(c3)OCO4)ccc2n1,1,1593
3234339.0,COCCn1c(=O)c(-c2ccc(OC)cc2)nc2cnc(N3CCOCC3)nc21,0,1594
3234343.0,CC(=O)N1CCC2(CC1)CCN(c1ccccc1)CC2,0,1595
3234345.0,Cc1cccc(CNc2ncnc3ccc(-c4ccoc4)cc23)c1,1,1596
3234349.0,COCC(=O)N1CCC2(CCCN(C(=O)Nc3cccc(C#N)c3)C2)CC1,0,1598
3234352.0,COCCn1c(=O)c(CCc2ccccc2)nc2cnc(Oc3cccc(Cl)c3)nc21,1,1599
3234355.0,COc1ccc2[nH]cc(CCNc3cc(-c4ccccc4C)ncn3)c2c1,1,1601
3234357.0,Cc1cccc(CNc2cc(-c3ccccc3C)ncn2)c1,1,1603
3234358.0,COc1ccccc1-c1nc(NC2CC2)c2ccccc2n1,1,1604
3234359.0,CCNc1ncc2nc(-c3ccc(Cl)cc3)c(=O)n(C[C@H]3CCCO3)c2n1,0,1605
3234363.0,COc1cccc(-c2cc(NCc3cccs3)ncn2)c1,1,1607
3234365.0,CN(C)c1ncc2nc(-c3ccccc3)c(=O)n(C3CC3)c2n1,0,1608
3234367.0,COCCn1c(=O)c(-c2cc(F)cc(F)c2)nc2cnc(N3CCOCC3)nc21,0,1609
3234370.0,O=C(Nc1cccc(F)c1)N1CC[C@@]2(CCCN(S(=O)(=O)c3ccccc3)C2)C1,1,1610
3234371.0,CN(C)Cc1ccccc1-c1cncnc1Nc1ccc(F)cc1,1,1611
3234373.0,COc1ccccc1CNc1ccnc(-c2cccc(NS(C)(=O)=O)c2)n1,1,1612
3234376.0,N#Cc1cccc(NC(=O)N2CC[C@@]3(CCCN(C(=O)c4cccc(F)c4)C3)C2)c1,1,1614
3234377.0,Cc1cccc(CNc2cc(-c3cccnc3)ncn2)c1,1,1615
3234378.0,O=C(c1cnccn1)N1CCC2(CCCN(c3cccc(-c4ccccc4)c3)C2)CC1,1,1616
3234381.0,CNc1nc(-c2ccccc2C(F)(F)F)nc2ccccc12,0,1619
3234383.0,COCC(=O)N1CCC2(CC1)CN(c1ccccc1)C2,0,1621
3234384.0,COCC(=O)N1CCC[C@@]2(CCN(Cc3cc(C(F)(F)F)cc(C(F)(F)F)c3)C2)C1,1,1622
3234387.0,Cc1cccc(CNc2ncnc3ccc(-c4cccc(C#N)c4)cc23)c1,0,1623
3234388.0,COCCn1c(=O)c(C)nc2cnc(N3CCOCC3)nc21,0,1624
3234390.0,COc1ccc(-c2nc3cnc(Nc4cccc(OC)c4)nc3n(CCC#N)c2=O)cc1,1,1626
3234394.0,COc1cccc(Nc2ncc3nc(C)c(=O)n(CCC#N)c3n2)c1,1,1629
3234396.0,CC(C)CN1CCC2(CC1)CCN(C(=O)c1ccco1)CC2,0,1630
3234397.0,COC(=O)N1CCC2(CCCN(C)C2)CC1,0,1631
3234398.0,CN1CCCC2(CCN(C(=O)c3ccco3)CC2)C1,0,1632
3234399.0,COCCn1c(=O)c(-c2cccs2)nc2cnc(Oc3ccc(OC)cc3)nc21,1,1633
3234400.0,Cc1noc(C)c1-c1nccc(Nc2ccc(F)cc2)n1,1,1634
3234403.0,CC(=O)NCCNc1ncncc1-c1ccccc1C(F)(F)F,1,1635
3234404.0,COc1ccc(Oc2ncc3nc(-c4cc(F)cc(F)c4)c(=O)n(C[C@H]4CCCO4)c3n2)cc1,1,1636
3234405.0,CNc1cc(-c2ccccc2C)ncn1,0,1637
3234406.0,Cn1cccc1C(=O)N1CCC[C@@]2(CCN(Cc3ccc(C#N)cc3)C2)C1,1,1638
3234407.0,O=c1c(-c2cccs2)nc2cnc(N3CCNCC3)nc2n1CCc1ccccc1,1,1639
3234408.0,COc1ccc(CNc2nc(-c3c(C)noc3C)nc3ccccc23)c(OC)c1,1,1640
3234410.0,COc1ccc(-n2c(=O)c(-c3cccs3)nc3cnc(Nc4ccccc4)nc32)cc1,0,1642
3234413.0,COc1ccc(NC(=O)N2CCCC3(CCN(C(=O)c4csnn4)CC3)C2)cc1,1,1643
3234416.0,Fc1ccc(Nc2ccnc(-c3ccoc3)n2)cc1,1,1644
3234418.0,COc1ncc2nc(-c3cc(F)cc(F)c3)c(=O)n(C)c2n1,0,1646
3234420.0,COc1ccc(CNc2cc(-c3ccccc3OC)ncn2)c(OC)c1,1,1647
3234425.0,O=C(c1cccc(F)c1)N1CCC2(CCN(Cc3ccccc3)CC2)CC1,0,1650
3234427.0,COc1ccccc1-c1nc(NCc2cccnc2)c2ccccc2n1,1,1651
3234428.0,COc1ccccc1CN1CCC2(CC1)CCN(S(=O)(=O)c1ccccc1)CC2,0,1652
3234430.0,COc1ccccc1CNc1ccnc(-c2ccc3c(c2)OCO3)n1,1,1654
3234432.0,O=c1c(-c2cc(F)cc(F)c2)nc2cnc(N3CCNCC3)nc2n1Cc1ccc(F)cc1,1,1655
3234433.0,O=C(c1ccncc1)N1CCC2(CCCN(Cc3nccs3)C2)CC1,1,1656
3234434.0,CN(C)Cc1ccccc1-c1cncnc1NCc1ccccc1,1,1657
3234435.0,COc1ccc(Oc2ncc3nc(-c4cccs4)c(=O)n(Cc4cccs4)c3n2)cc1,1,1658
3234436.0,CS(=O)(=O)N1CCC2(CC1)CN(c1cccc(-c3ccccc3)c1)C2,0,1659
3234437.0,Cc1cccc(CNc2nc(-c3c(C)noc3C)nc3ccccc23)c1,1,1660
3234439.0,COc1cccc(-c2nc(N(C)Cc3ccco3)c3ccccc3n2)c1,1,1661
3234442.0,Cc1cnc(CNc2nc(-c3ccc(N(C)C)cc3)nc3ccccc23)cn1,1,1663
3234443.0,COc1ccc(Oc2ncc3nc(-c4cccs4)c(=O)n(C)c3n2)cc1,1,1664
3234444.0,COc1ccc(CNc2ncnc3ccc(-c4ccccc4C#N)cc23)c(OC)c1,1,1665
3234445.0,CC(C)CN1CC2(CCN(C(=O)c3ccncc3)CC2)C1,0,1666
3234447.0,COc1ncc2nc(CCc3ccccc3)c(=O)n(Cc3ccc(F)cc3)c2n1,1,1668
3234449.0,O=c1c(-c2ccc(F)cc2)nc2cnc(Nc3ccccc3)nc2n1Cc1cccs1,0,1669
3234451.0,Cc1cnc(CNc2ncnc3ccc(-c4cccc(NS(C)(=O)=O)c4)cc23)cn1,1,1670
3234455.0,COc1ccccc1-c1nc(N(C)Cc2ccco2)c2ccccc2n1,1,1672
3234456.0,Cc1cnc(CNc2ncnc3ccc(-c4ccc(N(C)C)cc4)cc23)cn1,1,1673
3234457.0,COc1ccc(-c2nc3cnc(N(C)C)nc3n(CCc3ccccc3)c2=O)cc1,0,1674
3234458.0,CCNc1ncc2nc(CCc3ccccc3)c(=O)n(C3CC3)c2n1,1,1675
3234461.0,COc1ccc(C(=O)N2CCC3(CC2)CCN(c2ccccn2)CC3)cc1,0,1677
3234462.0,Cc1noc(C)c1-c1ccc2ncnc(NCc3cccs3)c2c1,1,1678
3234464.0,Cc1ccccc1-c1ccc2ncnc(NCc3cccs3)c2c1,1,1679
3234466.0,O=C(Nc1cccc(F)c1)N1CCCC2(CCN(C(=O)c3csnn3)CC2)C1,1,1681
3234467.0,O=c1c(CCc2ccccc2)nc2cnc(N3CCOCC3)nc2n1Cc1ccc(F)cc1,0,1682
3234469.0,COc1ccccc1-c1nccc(Nc2ccc(F)cc2)n1,1,1683
3234470.0,CCNc1ncc2ncc(=O)n(Cc3cccc(OC)c3)c2n1,1,1684
3234471.0,Cn1cccc1C(=O)N1CCC2(CC1)CN(Cc1cc(C(F)(F)F)cc(C(F)(F)F)c1)C2,0,1685
3234472.0,N#CCCn1c(=O)c(-c2ccc(F)cc2)nc2cnc(Oc3cccc(Cl)c3)nc21,0,1686
3234474.0,COc1cccc(Nc2ncc3nc(-c4ccc(Cl)cc4)c(=O)n(C4CC4)c3n2)c1,0,1687
3234476.0,COc1ccc(CNc2ncnc3ccc(-c4ccccc4OC)cc23)c(OC)c1,1,1688
3234479.0,Cc1cccc(CNc2nc(-c3ccccc3CN(C)C)nc3ccccc23)c1,1,1689
3234480.0,O=C(c1ccco1)N1CCC[C@@]2(CCN(c3ncccn3)C2)C1,0,1690
3234483.0,N#Cc1ccccc1-c1ccc2ncnc(NCCN3CCOCC3)c2c1,1,1692
3234484.0,COc1cccc(Cn2c(=O)c(-c3ccccc3)nc3cncnc32)c1,1,1693
3234485.0,COCCn1c(=O)c(CCc2ccccc2)nc2cnc(OC)nc21,1,1694
3234489.0,COc1cccc(-c2cc(NCc3cccnc3)ncn2)c1,1,1696
3234490.0,N#Cc1ccccc1-c1ccc2ncnc(NCc3cccs3)c2c1,1,1697
3234494.0,CC(=O)N1CCC2(CCCN(c3ncccn3)C2)CC1,0,1699
3234495.0,COCCn1c(=O)c(-c2cccs2)nc2cnc(Oc3ccccc3)nc21,1,1700
3234496.0,Cn1c(=O)c(-c2ccc(Cl)cc2)nc2cnc(Nc3ccccc3)nc21,0,1701
3234498.0,COc1ccc(CNc2ncnc3ccc(-c4ccc(C(=O)N(C)C)cc4)cc23)c(OC)c1,1,1702
3234500.0,COc1ccccc1CN1CCC2(CC1)CCN(C(=O)c1c(C)noc1C)CC2,0,1704
3234501.0,COc1cccc(-c2cncnc2NCc2ccc(OC)cc2OC)c1,1,1705
3234502.0,COC(=O)N1CCC2(CCN(C(=O)NC(C)C)CC2)CC1,0,1706
3234504.0,CS(=O)(=O)N1CCC[C@@]2(CCN(C(=O)Nc3ccccc3)C2)C1,0,1708
3234506.0,CCNc1ncc2nc(-c3ccc(Cl)cc3)c(=O)n(Cc3cccc(OC)c3)c2n1,0,1709
3234507.0,CN(C)C(=O)c1ccc(-c2ccc3ncnc(N(C)Cc4ccco4)c3c2)cc1,1,1710
3234508.0,O=C(c1ccncc1)N1CCC[C@@]2(CCN(c3ccncc3)C2)C1,1,1711
3234509.0,Cc1noc(C)c1C(=O)N1CCC2(CCN(Cc3ccc(C#N)cc3)CC2)CC1,0,1712
3234510.0,CC(C)CN1CC[C@@]2(CCCN(C(=O)c3ccncc3)C2)C1,1,1713
3234512.0,COc1ccc(-c2nc3cnc(N(C)C)nc3n(Cc3ccc(F)cc3)c2=O)cc1,0,1715
3234518.0,c1cncc(CNc2ncnc3ccc(-c4cccnc4)cc23)c1,1,1718
3234520.0,Cc1ccccc1-c1nc(N(C)C)c2ccccc2n1,0,1719
3234521.0,CN(C)c1ncc2nc(-c3cccs3)c(=O)n(CCc3ccccc3)c2n1,0,1720
3234523.0,N#CCCn1c(=O)c(-c2ccc(Cl)cc2)nc2cnc(Oc3ccccc3)nc21,0,1721
3234524.0,Cn1c(=O)cnc2cnc(Oc3ccccc3)nc21,0,1722
3234526.0,Cc1noc(C)c1C(=O)N1CCC2(CC1)CCN(c1ncccn1)CC2,0,1723
3234529.0,COc1cccc(Nc2ncc3nc(CCc4ccccc4)c(=O)n(C)c3n2)c1,0,1724
3234531.0,Cc1cnc(CNc2ncnc3ccc(-c4ccccc4CN(C)C)cc23)cn1,0,1726
3234533.0,COCCn1c(=O)c(-c2ccc(F)cc2)nc2cnc(N(C)C)nc21,0,1728
3234535.0,CNc1ccnc(-c2ccccc2CN(C)C)n1,0,1730
3234538.0,COc1ccccc1CN1CCCC2(CCN(C(=O)c3ccncc3)CC2)C1,1,1731
3234539.0,O=C(c1cccc(F)c1)N1CCC[C@@]2(CCN(Cc3ccccc3)C2)C1,1,1732
3234541.0,O=C(c1cccc(F)c1)N1CCC[C@@]2(CCN(Cc3nccs3)C2)C1,1,1733
3234543.0,COc1cccc(Cn2c(=O)c(-c3cn(C)c4ccccc34)nc3cnc(N4CCOCC4)nc32)c1,0,1734
3234545.0,CC(C)NC(=O)N1CC[C@@]2(CCCN(S(C)(=O)=O)C2)C1,0,1735
3234547.0,COc1ncc2nc(-c3ccc(F)cc3)c(=O)n(CCc3ccccc3)c2n1,0,1736
3234548.0,COc1ccccc1CCn1c(=O)c(-c2cccc(Cl)c2)nc2cncnc21,1,1737
3234549.0,N#Cc1cccc(NC(=O)N2CCCC3(CCN(C(=O)c4ccco4)CC3)C2)c1,1,1738
3234550.0,CC(C)CN1CC[C@@]2(CCCN(C(=O)Oc3ccccc3)C2)C1,1,1739
3234551.0,COc1cccc(Nc2ncc3nc(-c4cccs4)c(=O)n(C[C@H]4CCCO4)c3n2)c1,1,1740
3234553.0,COc1ccc(CNc2ccnc(-c3cccc(C#N)c3)n2)c(OC)c1,1,1741
3234554.0,CN(C)c1ccc(-c2ccc3ncnc(-n4ccnc4)c3c2)cc1,1,1742
3234555.0,N#Cc1cccc(-c2nc3cnc(N4CCOCC4)nc3n(Cc3ccc(F)cc3)c2=O)c1,0,1743
3234556.0,O=c1c(-c2cc(F)cc(F)c2)nc2cnc(Oc3ccccc3)nc2n1C1CC1,0,1744
3234558.0,Cc1noc(C)c1-c1nc(NC2CC2)c2ccccc2n1,1,1745
3234562.0,COc1cccc(Cn2c(=O)c(-c3cccs3)nc3cnc(N4CCNCC4)nc32)c1,1,1746
3234564.0,c1ccc(Nc2nc(-c3ccc4c(c3)OCO4)nc3ccccc23)cc1,1,1748
3234566.0,CN(C)c1ncc2nc(-c3ccc(F)cc3)c(=O)n(-c3ccccc3)c2n1,0,1749
3234570.0,COc1ncc2nc(-c3ccc(F)cc3)c(=O)n(Cc3ccc(F)cc3)c2n1,1,1751
3234571.0,CN(C)c1ncc2nc(CCc3ccccc3)c(=O)n(Cc3cccs3)c2n1,1,1752
3234573.0,Cc1noc(C)c1-c1ccc2ncnc(NC3CC3)c2c1,1,1754
3234574.0,CCNc1ncc2nc(-c3ccccc3)c(=O)n(Cc3cccs3)c2n1,1,1755
3234575.0,N#Cc1cccc(NC(=O)N2CCCC3(CCN(C(=O)c4cc(C(F)(F)F)cc(C(F)(F)F)c4)CC3)C2)c1,1,1756
3234578.0,CN1CCN(c2ncnc3ccc(-c4cccnc4)cc23)CC1,1,1758
3234579.0,O=C(Nc1cccc(F)c1)N1CC[C@@]2(CCCN(C(=O)c3cc(C(F)(F)F)cc(C(F)(F)F)c3)C2)C1,1,1759
3234583.0,CC(C)CN1CC[C@@]2(CCCN(C(=O)c3cccc(F)c3)C2)C1,1,1760
3234584.0,CC(C)NC(=O)N1CC[C@@]2(CCCN(C(=O)c3cccc(F)c3)C2)C1,0,1761
3234585.0,COc1ncc2nc(-c3cc(F)cc(F)c3)c(=O)n(CCc3ccccc3)c2n1,1,1762
3234587.0,c1ccc2c(Nc3ccncc3)nc(-c3ccc4c(c3)OCO4)nc2c1,1,1763
3234588.0,COCCn1c(=O)c(-c2cccc(C#N)c2)nc2cnc(Oc3ccccc3)nc21,1,1764
3234590.0,COc1ccc(NC(=O)N2CC[C@@]3(CCCN(C(C)=O)C3)C2)cc1,0,1765
3234591.0,COc1ccc(CNc2ncnc3ccc(-c4c(C)noc4C)cc23)c(OC)c1,1,1766
3234592.0,COc1ccc(NC(=O)N2CCCC3(CCN(C(=O)c4ccncc4)CC3)C2)cc1,1,1767
3234593.0,COc1ccc(CNc2ncncc2-c2cccc(C#N)c2)c(OC)c1,1,1768
3234596.0,COc1ccc(-n2c(=O)c(-c3cccs3)nc3cnc(OC)nc32)cc1,1,1770
3234599.0,COc1ccccc1CNc1nc(-c2cccc(NS(C)(=O)=O)c2)nc2ccccc12,1,1772
3234600.0,COc1ccc(-c2nc3cnc(N4CCNCC4)nc3n(Cc3cccs3)c2=O)cc1,1,1773
3234601.0,Cn1c(=O)c(CCc2ccccc2)nc2cnc(Oc3ccccc3)nc21,0,1774
3234602.0,O=C(c1ccco1)N1CCC[C@@]2(CCN(c3ccccn3)C2)C1,1,1775
3234605.0,O=c1c(-c2ccc(F)cc2)nc2cnc(N3CCOCC3)nc2n1C[C@H]1CCCO1,0,1776
3234606.0,N#CCCn1c(=O)c(-c2cc(F)cc(F)c2)nc2cnc(Oc3ccccc3)nc21,0,1777
3234608.0,CC(=O)N1CCC2(CCCN(Cc3ccccc3)C2)CC1,0,1778
3234611.0,O=C(Nc1cccc(F)c1)N1CC2(CCN(C(=O)c3ccncc3)CC2)C1,1,1781
3234613.0,CC(=O)N1CCC2(CC1)CCN(C(=O)Nc1cccc(C#N)c1)CC2,0,1782
3234614.0,CNc1ccnc(-c2cccc(NS(C)(=O)=O)c2)n1,1,1783
3234615.0,COc1ccccc1CN1CCC2(CC1)CCN(C(=O)c1cc(C(F)(F)F)cc(C(F)(F)F)c1)CC2,0,1784
3234616.0,COc1ncc2nc(CCc3ccccc3)c(=O)n(C)c2n1,0,1785
3234619.0,O=c1c(-c2ccccc2)nc2cnc(Oc3cccc(Cl)c3)nc2n1C[C@H]1CCCO1,1,1787
3234620.0,COc1ccc(-n2c(=O)c(CCc3ccccc3)nc3cnc(N4CCOCC4)nc32)cc1,1,1788
3234621.0,COc1ccc(-c2nc3cnc(N4CCOCC4)nc3n(Cc3cccc(OC)c3)c2=O)cc1,0,1789
3234622.0,COC(=O)N1CCC2(CCCN(c3ccncc3)C2)CC1,1,1790
3234623.0,N#Cc1ccccc1-c1ccc2ncnc(NCc3ccccc3)c2c1,1,1791
3234625.0,COc1ccc(Oc2ncc3nc(C)c(=O)n(CCC#N)c3n2)cc1,1,1792
3234627.0,CN1CCN(c2ncc3nc(-c4ccccc4)c(=O)n(C)c3n2)CC1,0,1793
3234628.0,CN(C)C(=O)c1ccc(-c2cc(NCc3cccnc3)ncn2)cc1,1,1794
3234630.0,COc1ccc(Oc2ncc3nc(CCc4ccccc4)c(=O)n(C[C@H]4CCCO4)c3n2)cc1,1,1795
3234631.0,COc1ccccc1-c1ccc2ncnc(N3CCN(C)CC3)c2c1,1,1796
3234632.0,O=S(=O)(c1ccccc1)N1CCC2(CCCN(c3cccc(-c4ccccc4)c3)C2)CC1,1,1797
3234633.0,COc1cccc(-c2nc(N3CCNCC3)c3ccccc3n2)c1,1,1798
3234635.0,Clc1ccccc1-c1nc(-n2ccnc2)c2ccccc2n1,1,1799
3234638.0,Cc1nc2cnc(N3CCNCC3)nc2n(CCc2ccccc2)c1=O,1,1800
3234641.0,N#Cc1cccc(NC(=O)N2CC[C@@]3(CCCN(C(=O)c4csnn4)C3)C2)c1,1,1802
3234643.0,COCC(=O)N1CCC2(CC1)CN(Cc1ccc(C#N)cc1)C2,0,1804
3234646.0,O=S(=O)(c1ccccc1)N1CCC2(CCN(Cc3ccncc3)CC2)CC1,1,1806
3234648.0,CN(C)Cc1ccccc1-c1ccc2ncnc(NCc3ccccc3)c2c1,1,1808
3234650.0,COc1cccc(Nc2ncc3nc(-c4ccc(F)cc4)c(=O)n(CCC#N)c3n2)c1,1,1809
3234651.0,CN(C)C(=O)c1ccc(-c2cncnc2NCc2ccccc2)cc1,1,1810
3234652.0,COc1ccccc1CN1CCCC2(CCN(S(=O)(=O)c3ccccc3)CC2)C1,1,1811
3234653.0,CCNc1ncc2nc(-c3ccc(OC)cc3)c(=O)n(C[C@H]3CCCO3)c2n1,1,1812
3234654.0,CC(=O)N1CCC2(CCCN(c3ccncc3)C2)CC1,0,1813
3234656.0,COc1ccc(CNc2cc(-c3ccccc3Cl)ncn2)c(OC)c1,1,1814
3234660.0,CN(C)C(=O)c1ccc(-c2ccc3ncnc(N4CCC(C(=O)O)CC4)c3c2)cc1,0,1817
3234662.0,COCCn1c(=O)c(-c2cccs2)nc2cnc(N(C)C)nc21,1,1819
3234664.0,COc1ccc2[nH]cc(CCNc3cc(-c4cccnc4)ncn3)c2c1,1,1820
3234668.0,CC(C)CN1CCC2(CC1)CCN(S(C)(=O)=O)CC2,0,1822
3234671.0,Cc1ccccc1-c1cncnc1N1CCNCC1,1,1823
3234672.0,COc1cccc(Nc2ncc3ncc(=O)n(Cc4cccs4)c3n2)c1,1,1824
3234673.0,COc1ccc2[nH]cc(CCNc3nc(-c4cccnc4)nc4ccccc34)c2c1,1,1825
3234674.0,FC(F)(F)c1ccccc1-c1cncnc1-n1ccnc1,1,1826
3234675.0,Cn1cccc1C(=O)N1CCC[C@@]2(CCN(C(=O)Nc3cccc(F)c3)C2)C1,1,1827
3234676.0,COCCn1c(=O)c(-c2ccc(Cl)cc2)nc2cnc(N3CCNCC3)nc21,1,1828
3234677.0,Cc1nc2cnc(Nc3ccccc3)nc2n(CCC#N)c1=O,0,1829
3234678.0,CS(=O)(=O)N1CCC2(CC1)CN(c1ccccc1)C2,0,1830
3234680.0,Cc1cccc(CNc2nc(-c3ccoc3)nc3ccccc23)c1,1,1831
3234682.0,COc1ccc(Oc2ncc3nc(-c4cccs4)c(=O)n(Cc4cccc(OC)c4)c3n2)cc1,1,1832
3234686.0,Cc1ccccc1-c1cncnc1NCc1cccs1,1,1834
3234688.0,COc1cccc(Cn2c(=O)c(CCc3ccccc3)nc3cncnc32)c1,1,1835
3234689.0,Cn1cccc1C(=O)N1CCC2(CC1)CCN(c1ccncc1)CC2,0,1836
3234692.0,N#Cc1cccc(NC(=O)N2CC[C@@]3(CCCN(C(=O)c4cnccn4)C3)C2)c1,1,1838
3234693.0,O=c1cnc2cnc(N3CCNCC3)nc2n1C1CC1,0,1839
3234695.0,COc1ccccc1CN1CC2(CCN(C(=O)c3cc(C(F)(F)F)cc(C(F)(F)F)c3)CC2)C1,0,1840
3234697.0,Cc1ccccc1-c1cc(-n2ccnc2)ncn1,1,1842
3234699.0,N#CCCn1c(=O)c(-c2ccccc2)nc2cnc(Oc3cccc(Cl)c3)nc21,0,1844
3234700.0,COc1ccc2[nH]cc(CCNc3ccnc(-c4ccccc4C)n3)c2c1,1,1845
3234702.0,O=C(Nc1ccccc1)N1CC[C@@]2(CCCNC2)C1,0,1846
3234703.0,O=C(c1ccco1)N1CCC[C@@]2(CCN(C(c3ccccc3)c3ccccc3)C2)C1,1,1847
3234704.0,O=C(Oc1ccccc1)N1CCC2(CCN(Cc3ccncc3)CC2)CC1,1,1848
3234705.0,Cn1c(=O)c(-c2cccs2)nc2cnc(N3CCOCC3)nc21,0,1849
3234707.0,Cc1noc(C)c1-c1ccc2ncnc(Nc3ccccc3)c2c1,1,1850
3234710.0,Cc1cnc(CNc2cc(-c3ccc4c(c3)OCO4)ncn2)cn1,1,1851
3234714.0,Cc1nc2cnc(Nc3ccccc3)nc2n(Cc2cccs2)c1=O,1,1852
3234716.0,COCCn1c(=O)c(-c2ccccc2)nc2cnc(OCc3ccccc3)nc21,1,1854
3234718.0,Cn1cccc1C(=O)N1CCC2(CCN(C(=O)Nc3cccc(F)c3)CC2)CC1,0,1855
3234722.0,N#CCCn1c(=O)c(-c2ccc(F)cc2)nc2cnc(N3CCOCC3)nc21,0,1857
3234726.0,Cc1noc(C)c1C(=O)N1CCC[C@@]2(CCN(c3ccccc3)C2)C1,1,1859
3234732.0,O=C(Nc1cccc(F)c1)N1CCC2(CC1)CCN(C(=O)c1cc(C(F)(F)F)cc(C(F)(F)F)c1)CC2,0,1860
3234733.0,COc1ccc(-c2nc3cnc(OC)nc3n(Cc3cccc(OC)c3)c2=O)cc1,1,1861
3234734.0,Cc1ccccc1-c1nccc(NCCN2CCOCC2)n1,1,1862
3234735.0,Cc1noc(C)c1-c1nc(Nc2ccccc2)c2ccccc2n1,1,1863
3234736.0,CC(C)NC(=O)N1CCC2(CC1)CCN(C(=O)c1cnccn1)CC2,0,1864
3234737.0,CCNc1ncc2nc(CCc3ccccc3)c(=O)n(Cc3ccc(F)cc3)c2n1,1,1865
3234738.0,O=C(Nc1ccccc1)N1CC2(CCN(C(=O)c3cnccn3)CC2)C1,0,1866
3234739.0,COc1ccccc1CNc1ncnc2ccc(-c3ccoc3)cc12,1,1867
3234740.0,COc1ncc2nc(-c3ccc(F)cc3)c(=O)n(CCC#N)c2n1,1,1868
3234741.0,Cn1cc(-c2nc3cnc(Oc4cccc(Cl)c4)nc3n(C3CC3)c2=O)c2ccccc21,0,1869
3234742.0,O=C(c1cc(C(F)(F)F)cc(C(F)(F)F)c1)N1CCC2(CC1)CCN(c1ccccn1)CC2,0,1870
3234743.0,COc1cccc(-c2cncnc2NCc2cccnc2)c1,1,1871
3234744.0,O=S(=O)(c1ccccc1)N1CCC2(CCCN(Cc3nccs3)C2)CC1,1,1872
3234745.0,O=C(c1ccncc1)N1CCC2(CCCN(C(c3ccccc3)c3ccccc3)C2)CC1,1,1873
3234747.0,COc1cccc(-c2cncnc2Nc2ccc(F)cc2)c1,1,1874
3234750.0,CCNc1ncc2nc(-c3ccc(Cl)cc3)c(=O)n(C)c2n1,0,1876
3234752.0,COc1ccc(C(=O)N2CCC[C@@]3(CCN(Cc4ccc(C#N)cc4)C3)C2)cc1,1,1877
3234754.0,CN(C)C(=O)c1ccc(-c2cncnc2N2CCNCC2)cc1,0,1879
3234755.0,O=C(c1ccco1)N1CCC2(CC1)CN(c1cccc(-c3ccccc3)c1)C2,0,1880
3234756.0,O=C(c1cc(C(F)(F)F)cc(C(F)(F)F)c1)N1CCC[C@@]2(CCN(c3ccncc3)C2)C1,1,1881
3234758.0,COc1ccc(NC(=O)N2CCCC3(CCNCC3)C2)cc1,1,1883
3234762.0,COc1ccccc1-c1nccc(NCc2cccnc2)n1,1,1886
3234763.0,O=c1c(-c2ccc(Cl)cc2)nc2cnc(Nc3ccccc3)nc2n1C1CC1,0,1887
3234764.0,COCCNc1ccnc(-c2ccccc2C(F)(F)F)n1,0,1888
3234769.0,CS(=O)(=O)Nc1cccc(-c2nc(N3CCOCC3)c3ccccc3n2)c1,1,1892
3234770.0,COc1ccc(Oc2ncc3nc(-c4cccs4)c(=O)n(-c4ccccc4)c3n2)cc1,1,1893
3234771.0,O=S(=O)(c1ccccc1)N1CCC2(CCN(Cc3nccs3)CC2)CC1,0,1894
3234772.0,COc1cccc(Cn2c(=O)c(-c3ccc(Cl)cc3)nc3cnc(OC)nc32)c1,1,1895
3234774.0,COc1cccc(-c2nccc(NCc3cccc(C)c3)n2)c1,1,1897
3234775.0,Cc1nc2cnc(N3CCN(C)CC3)nc2n(-c2ccccc2)c1=O,0,1898
3234776.0,COc1ccc(Oc2ncc3nc(-c4cn(C)c5ccccc45)c(=O)n(C4CC4)c3n2)cc1,1,1899
3234779.0,c1ccc(-c2ccc(N3CCCC4(CCNCC4)C3)cc2)cc1,1,1902
3234781.0,COCCNc1cc(-c2ccccc2C)ncn1,0,1904
3234782.0,O=C(Oc1ccccc1)N1CCC2(CCCN(Cc3nccs3)C2)CC1,1,1905
3234783.0,O=c1cnc2cnc(N3CCOCC3)nc2n1C1CC1,0,1906
3234784.0,Cc1cccc(CNc2ncncc2-c2ccccc2Cl)c1,1,1907
3234787.0,COc1ccc2[nH]cc(CCNc3ncncc3-c3ccccc3CN(C)C)c2c1,1,1909
3234789.0,CC(=O)N1CCC[C@@]2(CCN(Cc3cc(C(F)(F)F)cc(C(F)(F)F)c3)C2)C1,1,1911
3234790.0,COc1ccccc1CCn1c(=O)c(-c2ccc(F)c(F)c2)nc2cncnc21,1,1912
3234792.0,COc1ccccc1CNc1ccnc(-c2ccoc2)n1,1,1913
3234795.0,COCC(=O)N1CCC2(CC1)CCN(c1cccc(-c3ccccc3)c1)CC2,0,1914
3234796.0,COc1ccccc1-c1ccc2ncnc(N(C)Cc3ccco3)c2c1,1,1915
3234798.0,CN1CCN(c2ncc3nc(CCc4ccccc4)c(=O)n(CCc4ccccc4)c3n2)CC1,1,1916
3234799.0,COc1cccc(-c2nc(NCc3cnc(C)cn3)c3ccccc3n2)c1,1,1917
3234801.0,CS(=O)(=O)Nc1cccc(-c2cncnc2NCc2cccnc2)c1,1,1918
3234804.0,CN(C)c1ncc2nc(-c3cccs3)c(=O)n(-c3ccccc3)c2n1,0,1921
3234805.0,COc1ccc(CNc2ccnc(-c3ccccc3C(F)(F)F)n2)c(OC)c1,1,1922
3234807.0,COc1ccccc1CN1CC[C@@]2(CCCN(C(=O)c3cccc(F)c3)C2)C1,1,1923
3234808.0,COCCNc1ncnc2ccc(-c3ccccc3C)cc12,1,1924
3234809.0,COc1ccc(Oc2ncc3nc(-c4ccc(Cl)cc4)c(=O)n(C4CC4)c3n2)cc1,1,1925
3234811.0,COc1ncc2nc(-c3ccccc3)c(=O)n(Cc3cccs3)c2n1,1,1926
3234812.0,N#Cc1cccc(-c2cncnc2NCc2ccccc2)c1,1,1927
3234813.0,Cc1cccc(CNc2ncncc2-c2cccc(C#N)c2)c1,1,1928
3234815.0,CS(=O)(=O)N1CCC2(CCN(C(=O)Nc3cccc(F)c3)CC2)CC1,0,1929
3234816.0,COc1ccc(CNc2ccnc(-c3cccc(NS(C)(=O)=O)c3)n2)c(OC)c1,1,1930
3234817.0,c1nc(NC2CCNCC2)c2cc(-c3ccc4c(c3)OCO4)ccc2n1,1,1931
3234818.0,O=C(c1cc(C(F)(F)F)cc(C(F)(F)F)c1)N1CCC2(CCN(Cc3ccccc3)CC2)CC1,0,1932
3234819.0,O=c1c(-c2ccccc2)nc2cnc(Nc3ccccc3)nc2n1Cc1cccs1,0,1933
3234820.0,COCCn1c(=O)c(-c2ccc(F)cc2)nc2cnc(Oc3ccc(OC)cc3)nc21,1,1934
3234826.0,CC(C)CN1CCC2(CC1)CCN(C(=O)c1cnccn1)CC2,0,1938
3234827.0,COCCNc1ncnc2ccc(-c3cccc(NS(C)(=O)=O)c3)cc12,1,1939
3234828.0,Cn1cccc1C(=O)N1CCC2(CC1)CN(C(=O)Nc1ccccc1)C2,0,1940
3234830.0,c1cnc(N2CCCC3(CCNCC3)C2)nc1,0,1942
3234831.0,O=C(c1cccc(F)c1)N1CCC[C@@]2(CCN(c3ccncc3)C2)C1,1,1943
3234832.0,COc1ccccc1CCn1c(=O)c(-c2cn(C)c3ccccc23)nc2cncnc21,1,1944
3234834.0,N#CCCn1c(=O)c(CCc2ccccc2)nc2cnc(Oc3cccc(Cl)c3)nc21,1,1946
3234844.0,CNc1nc(-c2ccoc2)nc2ccccc12,1,1949
3234845.0,COc1ccccc1CNc1cc(-c2ccc(C(=O)N(C)C)cc2)ncn1,1,1950
3234846.0,CS(=O)(=O)N1CCC2(CC1)CN(c1ccccn1)C2,0,1951
3234848.0,O=C(c1ccncc1)N1CCC2(CC1)CN(c1ncccn1)C2,0,1952
3234850.0,c1csc(CNc2ncnc3ccc(-c4ccoc4)cc23)c1,1,1953
3234852.0,CN(C)c1ncc2nc(-c3ccccc3)c(=O)n(C)c2n1,0,1954
3234857.0,COc1ccc(CNc2ncncc2-c2c(C)noc2C)c(OC)c1,1,1955
3234858.0,CN(Cc1ccco1)c1cc(-c2cccnc2)ncn1,1,1956
3234860.0,COc1ccc(-n2c(=O)c(-c3cn(C)c4ccccc34)nc3cnc(N4CCOCC4)nc32)cc1,0,1958
3234861.0,COCC(=O)N1CCC[C@@]2(CCN(c3ccccn3)C2)C1,0,1959
3234862.0,CCNc1ncc2nc(-c3ccc(Cl)cc3)c(=O)n(-c3ccc(OC)cc3)c2n1,0,1960
3234864.0,c1csc(CNc2ccnc(-c3ccoc3)n2)c1,1,1962
3234866.0,O=c1c(-c2cccs2)nc2cncnc2n1Cc1ccccc1,1,1963
3234867.0,N#Cc1cccc(-c2cc(NCc3cccnc3)ncn2)c1,1,1964
3234868.0,CN(C)c1ccc(-c2cc(Nc3ccc(F)cc3)ncn2)cc1,1,1965
3234870.0,O=C(Nc1cccc(F)c1)N1CC[C@@]2(CCCN(C(=O)c3csnn3)C2)C1,1,1967
3234872.0,CN1CCN(c2ncc3nc(-c4ccccc4)c(=O)n(C4CC4)c3n2)CC1,0,1968
3234874.0,CN(C)C(=O)c1ccc(-c2cc(NCc3ccccc3)ncn2)cc1,0,1969
3234875.0,COCCn1c(=O)c(-c2cccc(C#N)c2)nc2cnc(OC)nc21,1,1970
3234877.0,Cc1noc(C)c1-c1nc(NCc2cccnc2)c2ccccc2n1,1,1972
3234878.0,COc1cccc(Nc2ncc3ncc(=O)n(C[C@H]4CCCO4)c3n2)c1,1,1973
3234880.0,CN(C)c1ncnc2ccc(-c3ccc4c(c3)OCO4)cc12,1,1975
3234882.0,O=C(c1ccco1)N1CCC2(CCN(Cc3cc(C(F)(F)F)cc(C(F)(F)F)c3)CC2)CC1,0,1977
3234884.0,N#Cc1cccc(-c2nccc(NCc3cccs3)n2)c1,1,1978
3234889.0,N#Cc1ccc(CN2CCCC3(CCNCC3)C2)cc1,0,1980
3234891.0,O=C(c1cnccn1)N1CCC2(CC1)CN(c1ncccn1)C2,0,1981
3234892.0,O=S(=O)(c1ccccc1)N1CCC[C@@]2(CCN(c3ncccn3)C2)C1,1,1982
3234894.0,COC(=O)N1CCC2(CCCN(c3ncccn3)C2)CC1,0,1983
3234897.0,Cc1noc(C)c1-c1nccc(NCc2cccs2)n1,1,1984
3234898.0,N#Cc1cccc(-c2cncnc2-n2ccnc2)c1,1,1985
3234899.0,Fc1ccc(Nc2ncnc3ccc(-c4ccoc4)cc23)cc1,1,1986
3234900.0,O=C(Oc1ccccc1)N1CCC2(CCCN(c3ccncc3)C2)CC1,1,1987
3234903.0,O=C(c1cc(C(F)(F)F)cc(C(F)(F)F)c1)N1CCC[C@@]2(CCN(c3ncccn3)C2)C1,1,1989
3234907.0,CN(Cc1ccco1)c1nc(-c2cccc(C#N)c2)nc2ccccc12,1,1990
3234909.0,c1nc(NC2CCNCC2)c2cc(-c3ccoc3)ccc2n1,0,1992
3234910.0,O=c1c(CCc2ccccc2)nc2cnc(N3CCNCC3)nc2n1CCc1ccccc1,1,1993
3234911.0,O=c1c(-c2cccs2)nc2cnc(N3CCNCC3)nc2n1-c1ccccc1,1,1994
3234914.0,CS(=O)(=O)Nc1cccc(-c2nccc(-n3ccnc3)n2)c1,1,1996
3234915.0,Cc1cccc(CNc2cc(-c3cccc(NS(C)(=O)=O)c3)ncn2)c1,1,1997
3234916.0,CC(=O)NCCNc1cc(-c2ccccc2C)ncn1,0,1998
3234922.0,COCCn1c(=O)c(-c2cccc(C#N)c2)nc2cnc(Oc3ccc(OC)cc3)nc21,1,1999
3234925.0,N#Cc1cccc(-c2ccc3ncnc(NCCN4CCOCC4)c3c2)c1,1,2000
3234927.0,COc1cccc(Cn2c(=O)c(-c3ccccc3)nc3cnc(N4CCNCC4)nc32)c1,1,2001
3234928.0,COc1ccc(-c2nc3cnc(N4CCOCC4)nc3n(Cc3cccs3)c2=O)cc1,0,2002
3234930.0,COCCn1c(=O)c(-c2cccc(C#N)c2)nc2cnc(N3CCOCC3)nc21,0,2003
3234931.0,O=c1c(CCc2ccccc2)nc2cncnc2n1Cc1ccccc1,1,2004
3234932.0,COc1ccc(C(=O)N2CCC3(CCN(Cc4ccccc4)CC3)CC2)cc1,0,2005
3234933.0,COc1cccc(Nc2ncc3nc(C)c(=O)n(CCc4ccccc4)c3n2)c1,1,2006
3234934.0,CC(C)NC(=O)N1CCC2(CC1)CCN(C(=O)c1ccco1)CC2,0,2007
3234936.0,CN(C)C(=O)c1ccc(-c2nc(NCc3ccccc3)c3ccccc3n2)cc1,1,2009
3234940.0,Cc1cnc(CNc2ccnc(-c3cccnc3)n2)cn1,1,2012
3234942.0,COc1ccc(-c2nc3cnc(OC)nc3n(Cc3ccc(F)cc3)c2=O)cc1,1,2013
3234943.0,Cn1c(=O)cnc2cnc(OCc3ccccc3)nc21,0,2014
3234944.0,CN(C)Cc1ccccc1-c1ccc2ncnc(NC3CC3)c2c1,1,2015
3234945.0,COC(=O)N1CCC2(CC1)CN(C(=O)Nc1ccccc1)C2,0,2016
3234946.0,COc1ccc2[nH]cc(CCNc3cc(-c4ccoc4)ncn3)c2c1,1,2017
3234948.0,COc1ccccc1CN1CCCC2(CCN(C(C)=O)CC2)C1,0,2019
3234954.0,COc1ccc(Oc2ncc3nc(-c4ccc(OC)cc4)c(=O)n(C4CC4)c3n2)cc1,1,2022
3234955.0,CS(=O)(=O)Nc1cccc(-c2ccc3ncnc(N4CCNCC4)c3c2)c1,1,2023
3234956.0,COCCNc1nc(-c2ccccc2Cl)nc2ccccc12,1,2024
3234957.0,Cc1cccc(CNc2cc(-c3ccc(N(C)C)cc3)ncn2)c1,1,2025
3234958.0,COc1ccc(NC(=O)N2CC3(CCN(C(=O)c4cnccn4)CC3)C2)cc1,0,2026
3234960.0,COC(=O)N1CCC2(CC1)CN(C(=O)Nc1ccc(OC)cc1)C2,0,2027
3234961.0,COc1ncc2nc(C)c(=O)n(Cc3ccc(F)cc3)c2n1,1,2028
3234963.0,CS(=O)(=O)N1CCC2(CCCN(C(c3ccccc3)c3ccccc3)C2)CC1,1,2030
3234964.0,O=c1c(-c2ccc(F)cc2)nc2cnc(Oc3ccccc3)nc2n1Cc1cccs1,0,2031
3234967.0,Cc1nc2cncnc2n(C2CC2)c1=O,1,2032
3234968.0,COc1ccccc1-c1cc(Nc2ccc(F)cc2)ncn1,0,2033
3234969.0,COc1cccc(Cn2c(=O)cnc3cnc(N4CCN(C)CC4)nc32)c1,1,2034
3234970.0,Cn1c(=O)c(-c2cc(F)cc(F)c2)nc2cnc(N3CCOCC3)nc21,0,2035
3234973.0,CN1CCC2(CC1)CCN(C(=O)c1ccco1)CC2,0,2037
3234978.0,Cn1cccc1C(=O)N1CCC2(CC1)CN(c1ccncc1)C2,0,2039
3234980.0,CC(=O)NCCNc1ncnc2ccc(-c3ccoc3)cc12,0,2041
3234981.0,CC(=O)N1CCC2(CCN(Cc3ccncc3)CC2)CC1,0,2042
3234982.0,O=C(c1ccco1)N1CCC2(CC1)CN(Cc1ccncc1)C2,1,2043
3234988.0,Cc1ccccc1-c1nccc(-n2ccnc2)n1,1,2045
3234990.0,CN1CCCC2(CCN(C(=O)Oc3ccccc3)CC2)C1,0,2046
3234991.0,O=C(Oc1ccccc1)N1CCC2(CCCN(c3ccc(-c4ccccc4)cc3)C2)CC1,1,2047
3234992.0,COC(=O)N1CCC2(CCN(C(=O)Nc3ccc(OC)cc3)CC2)CC1,0,2048
3234995.0,COc1ccccc1-c1cncnc1NCc1cccc(C)c1,1,2050
3234998.0,c1cncc(CNc2ccnc(-c3ccc4c(c3)OCO4)n2)c1,1,2053
3235001.0,c1ccc(N2CC3(CCNCC3)C2)cc1,0,2055
3235002.0,O=C(Nc1ccccc1)N1CC2(CCN(C(=O)c3cc(C(F)(F)F)cc(C(F)(F)F)c3)CC2)C1,0,2056
3235003.0,COc1ccccc1-c1cc(Nc2ccn[nH]2)ncn1,1,2057
3235004.0,CN(C)c1ccc(-c2cncnc2NCCN2CCOCC2)cc1,1,2058
3235005.0,COCCn1c(=O)c(-c2ccccc2)nc2cnc(Nc3ccccc3)nc21,1,2059
3235006.0,CN(C)c1ncc2nc(-c3ccc(F)cc3)c(=O)n(CCc3ccccc3)c2n1,0,2060
3235008.0,COc1cccc(-c2nccc(NCc3cccs3)n2)c1,1,2062
3235009.0,COc1ccccc1CNc1ccnc(-c2ccccc2CN(C)C)n1,1,2063
3235010.0,Cn1cccc1C(=O)N1CCC2(CC1)CN(C(=O)Nc1cccc(C#N)c1)C2,0,2064
3235011.0,COc1ccc(CNc2nc(-c3cccnc3)nc3ccccc23)c(OC)c1,1,2065
3235012.0,O=c1c(CCc2ccccc2)nc2cnc(N3CCOCC3)nc2n1-c1ccccc1,0,2066
3235014.0,CS(=O)(=O)N1CCC[C@@]2(CCN(c3ncccn3)C2)C1,0,2067
3235015.0,FC(F)(F)c1cc(CN2CCCC3(CCNCC3)C2)cc(C(F)(F)F)c1,1,2068
3235016.0,c1ccc(CNc2ncncc2-c2cccnc2)cc1,1,2069
3235017.0,N#CCCn1c(=O)c(-c2ccc(F)cc2)nc2cnc(OCc3ccccc3)nc21,1,2070
3235018.0,Cc1cnc(CNc2cc(-c3ccc(C(=O)N(C)C)cc3)ncn2)cn1,0,2071
3235019.0,Cc1ccccc1-c1cncnc1Nc1ccc(F)cc1,1,2072
3235020.0,COc1ccc(NC(=O)N2CC3(CCN(C(=O)Oc4ccccc4)CC3)C2)cc1,0,2073
3235021.0,COc1ncc2nc(-c3cn(C)c4ccccc34)c(=O)n(CCC#N)c2n1,1,2074
3235022.0,CN(C)c1ccc(-c2cncnc2Nc2ccccc2)cc1,1,2075
3235023.0,FC(F)(F)c1ccccc1-c1cncnc1NCCN1CCOCC1,1,2076
3235025.0,Cn1cccc1C(=O)N1CCC2(CCN(Cc3ccccc3)CC2)CC1,0,2078
3235026.0,Cc1cccc(CNc2ncncc2-c2ccc(C(=O)N(C)C)cc2)c1,1,2079
3235027.0,O=c1c(-c2cc(F)cc(F)c2)nc2cnc(N3CCOCC3)nc2n1-c1ccccc1,0,2080
3235028.0,COc1ncc2nc(-c3ccccc3)c(=O)n(-c3ccccc3)c2n1,0,2081
3235030.0,Cc1cnc(CNc2ccnc(-c3cccc(C#N)c3)n2)cn1,1,2083
3235032.0,COc1ccc(C(=O)N2CCC3(CCCN(Cc4ccncc4)C3)CC2)cc1,1,2084
3235033.0,O=C(c1cnccn1)N1CCC2(CCN(Cc3cc(C(F)(F)F)cc(C(F)(F)F)c3)CC2)CC1,1,2085
3235035.0,c1cncc(CNc2nc(-c3ccc4c(c3)OCO4)nc3ccccc23)c1,1,2087
3235036.0,COCCn1c(=O)c(CCc2ccccc2)nc2cnc(N3CCOCC3)nc21,0,2088
3235038.0,O=C(c1cccc(F)c1)N1CCC2(CCCN(Cc3nccs3)C2)CC1,1,2089
3235040.0,O=C(c1cc(C(F)(F)F)cc(C(F)(F)F)c1)N1CCC2(CC1)CN(c1ncccn1)C2,0,2090
3235042.0,FC(F)(F)c1ccccc1-c1nccc(-n2ccnc2)n1,1,2091
3235047.0,COc1ccc2[nH]cc(CCNc3nc(-c4ccoc4)nc4ccccc34)c2c1,1,2092
3235048.0,c1cncc(CNc2ncncc2-c2ccc3c(c2)OCO3)c1,1,2093
3235049.0,CN1CCN(c2ncnc3ccc(-c4ccccc4C#N)cc23)CC1,1,2094
3235050.0,COCC(=O)N1CCC2(CCCN(Cc3ccccc3OC)C2)CC1,0,2095
3235051.0,Cc1noc(C)c1-c1nccc(NCc2ccccc2)n1,1,2096
3235056.0,COCCn1c(=O)c(CCc2ccccc2)nc2cnc(N3CCN(C)CC3)nc21,0,2097
3235061.0,CS(=O)(=O)N1CCC2(CC1)CN(Cc1cc(C(F)(F)F)cc(C(F)(F)F)c1)C2,0,2099
3235062.0,COCCn1c(=O)c(-c2cn(C)c3ccccc23)nc2cnc(N3CCNCC3)nc21,1,2100
3235064.0,O=C(c1csnn1)N1CCC2(CCCN(c3cccc(-c4ccccc4)c3)C2)CC1,1,2102
3235067.0,COc1ccccc1CN1CCCC2(CCN(C(=O)c3cnccn3)CC2)C1,1,2103
3235069.0,Cc1cnc(CNc2ccnc(-c3cccc(NS(C)(=O)=O)c3)n2)cn1,1,2105
3235070.0,O=C(c1cnccn1)N1CCC2(CC1)CN(Cc1ccccc1)C2,0,2106
3235072.0,CNc1ncncc1-c1ccccc1C,1,2107
3235073.0,Cc1ccccc1-c1nc(NCc2cccnc2)c2ccccc2n1,1,2108
3235074.0,COCCn1c(=O)c(CCc2ccccc2)nc2cncnc21,1,2109
3235075.0,COc1ccc2[nH]cc(CCNc3ncncc3-c3ccccc3C(F)(F)F)c2c1,1,2110
3235080.0,CN(C)C(=O)c1ccc(-c2ccc3ncnc(N4CCNCC4)c3c2)cc1,0,2112
3235081.0,CN(C)c1ncc2nc(-c3cccs3)c(=O)n(CCC#N)c2n1,0,2113
3235082.0,N#Cc1cccc(-c2cc(NCc3ccccc3)ncn2)c1,0,2114
3235083.0,COc1ccc(-n2c(=O)c(-c3ccc(F)cc3)nc3cnc(N4CCOCC4)nc32)cc1,0,2115
3235084.0,CC(=O)N1CCC2(CC1)CN(Cc1ccccc1)C2,0,2116
3235086.0,COc1cccc(-c2ccc3ncnc(NCc4cccnc4)c3c2)c1,1,2118
3235088.0,O=C(c1ccco1)N1CCC2(CCCN(Cc3ccncc3)C2)CC1,1,2120
3235089.0,COc1ccc2[nH]cc(CCNc3ncncc3-c3ccccc3OC)c2c1,1,2121
3235090.0,COCCNc1nc(-c2cccc(OC)c2)nc2ccccc12,1,2122
3235091.0,O=S(=O)(c1ccccc1)N1CCC2(CCCN(Cc3cc(C(F)(F)F)cc(C(F)(F)F)c3)C2)CC1,1,2123
3235094.0,COCCn1c(=O)c(CCc2ccccc2)nc2cnc(Oc3ccc(OC)cc3)nc21,1,2125
3235097.0,COc1ccc(C(=O)N2CCC[C@@]3(CCN(Cc4nccs4)C3)C2)cc1,1,2128
3235098.0,COc1ccc(-c2nc3cnc(N4CCNCC4)nc3n(Cc3cccc(OC)c3)c2=O)cc1,1,2129
3235099.0,O=c1c(-c2ccc(Cl)cc2)nc2cnc(Nc3ccccc3)nc2n1C[C@H]1CCCO1,0,2130
3235102.0,COc1ncc2nc(CCc3ccccc3)c(=O)n(CCC#N)c2n1,1,2131
3235106.0,O=C(Nc1cccc(F)c1)N1CCC2(CC1)CCN(S(=O)(=O)c1ccccc1)CC2,0,2134
3235107.0,COc1ccc(Oc2ncc3nc(-c4ccc(OC)cc4)c(=O)n(CCC#N)c3n2)cc1,1,2135
3235109.0,O=c1c(CCc2ccccc2)nc2cnc(N3CCNCC3)nc2n1Cc1ccc(F)cc1,1,2136
3235110.0,CN1CCN(c2ncc3nc(-c4cccs4)c(=O)n(Cc4ccc(F)cc4)c3n2)CC1,1,2137
3235112.0,c1csc(CNc2ccnc(-c3ccc4c(c3)OCO4)n2)c1,1,2139
3235113.0,CS(=O)(=O)Nc1cccc(-c2cc(Nc3ccccc3)ncn2)c1,1,2140
3235114.0,COc1cccc(Cn2c(=O)c(-c3ccc(F)cc3)nc3cncnc32)c1,1,2141
3235115.0,CN(Cc1ccco1)c1nc(-c2cccnc2)nc2ccccc12,1,2142
3235116.0,COc1ccc(Oc2ncc3nc(-c4ccc(Cl)cc4)c(=O)n(CCC#N)c3n2)cc1,1,2143
3235117.0,Cn1cccc1C(=O)N1CCC2(CCCN(c3ncccn3)C2)CC1,0,2144
3235120.0,COCCNc1nc(-c2ccccc2C(F)(F)F)nc2ccccc12,1,2145
3235121.0,CCNc1ncc2nc(-c3ccc(OC)cc3)c(=O)n(CCc3ccccc3)c2n1,0,2146
3235123.0,COc1ccc2[nH]cc(CCNc3ccnc(-c4c(C)noc4C)n3)c2c1,1,2147
3235124.0,CC(=O)N1CCC[C@@]2(CCN(C(c3ccccc3)c3ccccc3)C2)C1,0,2148
3235125.0,COc1ccc2[nH]cc(CCNc3cc(-c4ccccc4C(F)(F)F)ncn3)c2c1,1,2149
3235127.0,CC(C)CN1CCCC2(CCN(C(=O)c3cnccn3)CC2)C1,1,2150
3235128.0,COc1ncc2nc(-c3cccs3)c(=O)n(Cc3cccs3)c2n1,1,2151
3235129.0,COCC(=O)N1CCC2(CC1)CN(C(=O)Nc1ccc(OC)cc1)C2,0,2152
3235130.0,O=c1cnc2cnc(OCc3ccccc3)nc2n1Cc1ccc(F)cc1,1,2153
3235131.0,O=C(c1cnccn1)N1CCC[C@@]2(CCN(c3ccccn3)C2)C1,1,2154
3235132.0,COc1ccc(CNc2ncncc2-c2ccoc2)c(OC)c1,1,2155
3235133.0,CN1CCN(c2ncc3ncc(=O)n(-c4ccccc4)c3n2)CC1,0,2156
3235135.0,COc1ccccc1CNc1ncnc2ccc(-c3ccccc3CN(C)C)cc12,1,2157
3235137.0,O=C(c1ccncc1)N1CCC2(CC1)CN(c1cccc(-c3ccccc3)c1)C2,1,2158
3235138.0,Cc1noc(C)c1-c1ccc2ncnc(NCc3ccccc3)c2c1,1,2159
3235140.0,Cn1c(=O)c(CCc2ccccc2)nc2cnc(N3CCOCC3)nc21,0,2160
3235144.0,CN(C)c1ncc2ncc(=O)n(C)c2n1,0,2161
3235145.0,c1cncc(-c2cncnc2-n2ccnc2)c1,1,2162
3235151.0,O=S(=O)(c1ccccc1)N1CCC[C@@]2(CCN(c3ccncc3)C2)C1,1,2167
3235154.0,COc1ccccc1CNc1ncncc1-c1cccnc1,1,2169
3235155.0,Cc1cnc(CNc2ncncc2-c2cccc(C#N)c2)cn1,1,2170
3235158.0,c1ccc2c(NCCN3CCOCC3)nc(-c3ccc4c(c3)OCO4)nc2c1,1,2172
3235160.0,Cc1cccc(CNc2cc(-c3ccccc3Cl)ncn2)c1,1,2173
3235163.0,COc1ccc(Oc2ncc3nc(-c4ccc(F)cc4)c(=O)n(C4CC4)c3n2)cc1,1,2175
3235164.0,c1ccc2c(NC3CC3)nc(-c3ccoc3)nc2c1,1,2176
3235165.0,COc1cccc(Cn2c(=O)c(-c3cc(F)cc(F)c3)nc3cnc(OC)nc32)c1,1,2177
3235166.0,CN(Cc1ccco1)c1ncnc2ccc(-c3ccccc3Cl)cc12,1,2178
3235170.0,COc1ccccc1-c1ccc2ncnc(N(C)C)c2c1,1,2179
3235171.0,Cc1cccc(CNc2cc(-c3ccc(C(=O)N(C)C)cc3)ncn2)c1,1,2180
3235172.0,COc1ccc(NC(=O)N2CC[C@@]3(CCCN(C(=O)c4cc(C(F)(F)F)cc(C(F)(F)F)c4)C3)C2)cc1,1,2181
3235173.0,COCCn1c(=O)c(-c2ccc(Cl)cc2)nc2cnc(N3CCOCC3)nc21,0,2182
3235174.0,N#Cc1cccc(-c2nc(N3CCNCC3)c3ccccc3n2)c1,1,2183
3235175.0,O=S(=O)(c1ccccc1)N1CCC2(CCCN(c3ccccc3)C2)CC1,1,2184
3235180.0,CN(C)C(=O)c1ccc(-c2ccc3ncnc(NCc4cccnc4)c3c2)cc1,1,2186
3235181.0,CN1CCN(c2ncc3nc(CCc4ccccc4)c(=O)n(Cc4ccc(F)cc4)c3n2)CC1,1,2187
3235183.0,c1ccc(N2CC3(CCNCC3)C2)nc1,0,2189
3235185.0,COc1ccccc1-c1cncnc1NCCc1cnc[nH]1,1,2190
3235187.0,COc1cccc(-c2nc(NCc3cccs3)c3ccccc3n2)c1,1,2191
3235188.0,O=C(c1cnccn1)N1CCC2(CC1)CN(c1ccncc1)C2,0,2192
3235190.0,COc1ccccc1CCn1c(=O)c(-c2cccc(F)c2)nc2cncnc21,1,2193
3235192.0,Cc1nc2cnc(N(C)C)nc2n(C[C@H]2CCCO2)c1=O,0,2195
3235193.0,Cc1cccc(CNc2ncncc2-c2ccccc2CN(C)C)c1,1,2196
3235194.0,Cc1noc(C)c1-c1cc(NCCN2CCOCC2)ncn1,0,2197
3235199.0,Fc1ccc(Nc2ncncc2-c2ccccc2C(F)(F)F)cc1,1,2200
3235202.0,Cc1noc(C)c1-c1ccc2ncnc(NCc3cccnc3)c2c1,1,2203
3235204.0,COc1ccc(NC(=O)N2CC3(CCNCC3)C2)cc1,0,2204
3235205.0,COc1ccc(Oc2ncc3nc(-c4cn(C)c5ccccc45)c(=O)n(CCC#N)c3n2)cc1,1,2205
3235206.0,Cc1noc(C)c1-c1cc(N2CCN(C)CC2)ncn1,0,2206
3235207.0,COc1ccc(C(=O)N2CCC3(CCCN(C(=O)Nc4cccc(F)c4)C3)CC2)cc1,1,2207
3235208.0,COCCn1c(=O)c(-c2cccc(C#N)c2)nc2cnc(N3CCN(C)CC3)nc21,0,2208
3235211.0,Cn1cccc1C(=O)N1CCC[C@@]2(CCN(c3ccncc3)C2)C1,1,2210
3235214.0,CN1CCN(c2cc(-c3ccc(N(C)C)cc3)ncn2)CC1,0,2211
3235215.0,COc1ccc2[nH]cc(CCNc3ncncc3-c3c(C)noc3C)c2c1,1,2212
3235217.0,COc1ccc2[nH]cc(CCNc3cc(-c4cccc(C#N)c4)ncn3)c2c1,1,2213
3235220.0,CNc1cc(-c2c(C)noc2C)ncn1,0,2214
3235221.0,COc1ccccc1-c1cncnc1NCCN1CCOCC1,1,2215
3235222.0,O=C(Nc1cccc(F)c1)N1CC2(CCNCC2)C1,0,2216
3235224.0,COCC(=O)N1CCC2(CCN(Cc3ccccc3)CC2)CC1,0,2218
3235225.0,COc1ccccc1-c1nccc(NCc2cccs2)n1,1,2219
3235230.0,COCCn1c(=O)c(-c2ccc(Cl)cc2)nc2cnc(Nc3ccccc3)nc21,0,2222
3235231.0,O=S(=O)(c1ccccc1)N1CCC[C@@]2(CCN(Cc3cc(C(F)(F)F)cc(C(F)(F)F)c3)C2)C1,1,2223
3235233.0,Clc1ccccc1-c1nccc(NCc2cccs2)n1,1,2224
3235236.0,Cc1nc2cnc(N3CCOCC3)nc2n(Cc2ccc(F)cc2)c1=O,1,2227
3235237.0,COCCn1c(=O)c(-c2ccccc2)nc2cnc(Oc3ccc(OC)cc3)nc21,1,2228
3235238.0,Cc1noc(C)c1C(=O)N1CCC2(CC1)CN(c1ncccn1)C2,0,2229
3235244.0,O=C(c1csnn1)N1CCC[C@@]2(CCN(C(c3ccccc3)c3ccccc3)C2)C1,1,2231
3235245.0,COCCn1c(=O)c(-c2ccc(OC)cc2)nc2cnc(N3CCN(C)CC3)nc21,0,2232
3235246.0,COCCn1c(=O)c(C)nc2cnc(Nc3ccccc3)nc21,1,2233
3235248.0,CN(Cc1ccco1)c1nc(-c2ccoc2)nc2ccccc12,1,2235
3235250.0,COc1ccc(Oc2ncc3nc(C)c(=O)n(-c4ccc(OC)cc4)c3n2)cc1,1,2236
3235251.0,N#Cc1cccc(NC(=O)N2CC[C@@]3(CCCN(S(=O)(=O)c4ccccc4)C3)C2)c1,1,2237
3235254.0,O=C(c1cc(C(F)(F)F)cc(C(F)(F)F)c1)N1CCC2(CC1)CN(Cc1ccccc1)C2,0,2238
3235255.0,O=c1c(-c2ccccc2)nc2cncnc2n1C1CC1,0,2239
3235256.0,Cc1cccc(CNc2ccnc(-c3ccc(C(=O)N(C)C)cc3)n2)c1,1,2240
3235259.0,O=C(c1cnccn1)N1CCC[C@@]2(CCN(c3ccncc3)C2)C1,1,2242
3235261.0,CN(C)c1ncc2nc(-c3cc(F)cc(F)c3)c(=O)n(CCc3ccccc3)c2n1,0,2243
3235263.0,c1ccc(Nc2ncnc3ccc(-c4cccnc4)cc23)cc1,1,2244
3235264.0,O=S(=O)(c1ccccc1)N1CCC2(CCN(c3cccc(-c4ccccc4)c3)CC2)CC1,0,2245
3235265.0,COCCNc1ncnc2ccc(-c3ccccc3OC)cc12,1,2246
3235266.0,COc1ccccc1-c1ccc2ncnc(NCc3cccnc3)c2c1,1,2247
3235267.0,O=c1c(-c2ccc(F)cc2)nc2cnc(N3CCOCC3)nc2n1-c1ccccc1,0,2248
3235269.0,CS(=O)(=O)N1CCC2(CC1)CN(C(=O)Nc1ccccc1)C2,0,2250
3235271.0,COCCn1c(=O)c(C)nc2cnc(N3CCNCC3)nc21,0,2252
3235272.0,COc1ccc(C(=O)N2CCC3(CCN(C)CC3)CC2)cc1,0,2253
3235273.0,Cc1noc(C)c1C(=O)N1CCC2(CC1)CN(c1cccc(-c3ccccc3)c1)C2,0,2254
3235275.0,O=C(c1cccc(F)c1)N1CCC2(CC1)CN(c1ccncc1)C2,0,2256
3235278.0,CN(C)c1ncc2ncc(=O)n(C[C@H]3CCCO3)c2n1,0,2259
3235280.0,Cc1noc(C)c1-c1nc(Nc2ccc(F)cc2)c2ccccc2n1,0,2261
3235281.0,COc1ncc2nc(-c3cccs3)c(=O)n(Cc3ccc(F)cc3)c2n1,1,2262
3235282.0,COc1cccc(-c2nccc(NC3CCNCC3)n2)c1,0,2263
3235286.0,O=C(c1csnn1)N1CCC2(CC1)CN(Cc1cc(C(F)(F)F)cc(C(F)(F)F)c1)C2,0,2266
3235287.0,COc1cccc(-c2nc(N3CCN(C)CC3)c3ccccc3n2)c1,1,2267
3235289.0,COc1ccc2[nH]cc(CCNc3ncnc4ccc(-c5ccccc5C#N)cc34)c2c1,1,2269
3235290.0,COCC(=O)N1CCC2(CCCN(Cc3ccc(C#N)cc3)C2)CC1,0,2270
3235292.0,COc1ccc(-c2nc3cnc(Oc4cccc(Cl)c4)nc3n(CCC#N)c2=O)cc1,0,2272
3235293.0,O=C(Nc1ccccc1)N1CCC2(CC1)CCN(C(=O)c1csnn1)CC2,0,2273
3235296.0,Cc1noc(C)c1-c1cc(N2CCNCC2)ncn1,0,2274
3235297.0,CN1CCN(c2ncncc2-c2ccoc2)CC1,1,2275
3235298.0,COc1ccc(-n2c(=O)c(C)nc3cnc(Nc4ccccc4)nc32)cc1,1,2276
3235299.0,Cc1ccccc1-c1nc(NCCN2CCOCC2)c2ccccc2n1,1,2277
3235301.0,Cc1noc(C)c1C(=O)N1CCC2(CCCN(C(=O)Nc3ccccc3)C2)CC1,0,2278
3235302.0,O=C(Nc1ccccc1)N1CCCC2(CCN(C(=O)c3csnn3)CC2)C1,1,2279
3235303.0,Cc1noc(C)c1-c1nc(NC2CCNCC2)c2ccccc2n1,0,2280
3235306.0,COc1ccc(-n2c(=O)cnc3cnc(OC)nc32)cc1,0,2282
3235307.0,COc1ccc(-c2nc3cnc(N4CCOCC4)nc3n(C3CC3)c2=O)cc1,0,2283
3235308.0,CC(=O)NCCNc1nc(-c2ccccc2CN(C)C)nc2ccccc12,0,2284
3235309.0,CS(=O)(=O)N1CCC2(CCCN(Cc3ccccc3)C2)CC1,0,2285
3235312.0,COC(=O)N1CCC[C@@]2(CCN(C(=O)Nc3cccc(C#N)c3)C2)C1,0,2287
3235313.0,CN(C)c1ncc2nc(-c3ccc(Cl)cc3)c(=O)n(C[C@H]3CCCO3)c2n1,0,2288
3235316.0,O=C(c1cnccn1)N1CCC2(CCN(Cc3ccccc3)CC2)CC1,0,2290
3235318.0,COc1cccc(Cn2c(=O)c(-c3cccs3)nc3cnc(N4CCN(C)CC4)nc32)c1,1,2291
3235319.0,COc1ccc(-c2nc3cnc(N4CCNCC4)nc3n(C3CC3)c2=O)cc1,1,2292
3235320.0,COc1cccc(-c2cc(NCc3ccccc3OC)ncn2)c1,1,2293
3235322.0,Cc1ccccc1-c1nc(N2CCN(C)CC2)c2ccccc2n1,1,2294
3235323.0,O=C(Nc1ccccc1)N1CC[C@@]2(CCCN(C(=O)c3csnn3)C2)C1,1,2295
3235325.0,CS(=O)(=O)Nc1cccc(-c2nc(Nc3ccccc3)c3ccccc3n2)c1,1,2296
3235328.0,COc1ccccc1CNc1ncncc1-c1cccc(NS(C)(=O)=O)c1,1,2297
3235331.0,COc1cccc(Cn2c(=O)c(-c3cccc(Cl)c3)nc3cncnc32)c1,1,2298
3235333.0,Cc1noc(C)c1C(=O)N1CCC[C@@]2(CCN(C(=O)Nc3cccc(F)c3)C2)C1,1,2299
3235336.0,CC(=O)N1CCC2(CC1)CCN(c1cccc(-c3ccccc3)c1)CC2,0,2301
3235337.0,Clc1ccccc1-c1ccc2ncnc(NCCN3CCOCC3)c2c1,1,2302
3235338.0,COc1ccc(Oc2ncc3nc(-c4ccccc4)c(=O)n(C[C@H]4CCCO4)c3n2)cc1,1,2303
3235340.0,Cc1nc2cnc(N(C)C)nc2n(C2CC2)c1=O,0,2305
3235342.0,COc1ccccc1-c1ccc2ncnc(Nc3ccccc3)c2c1,1,2307
3235344.0,Cc1nc2cnc(OCc3ccccc3)nc2n(C)c1=O,0,2309
3235347.0,O=C(c1csnn1)N1CCC[C@@]2(CCN(c3ccncc3)C2)C1,1,2312
3235348.0,CS(=O)(=O)N1CCC2(CC1)CN(Cc1ccc(C#N)cc1)C2,0,2313
3235349.0,COc1cccc(-c2cc(NCc3ccccc3)ncn2)c1,1,2314
3235350.0,Cn1cccc1C(=O)N1CCC2(CCCN(c3cccc(-c4ccccc4)c3)C2)CC1,1,2315
3235352.0,O=C(c1csnn1)N1CCC2(CC1)CN(c1ccccc1)C2,0,2316
3235355.0,COc1ccc(-n2c(=O)c(-c3ccc(F)cc3)nc3cncnc32)cc1,0,2317
3235356.0,CN1CCN(c2ncc3nc(-c4cn(C)c5ccccc45)c(=O)n(Cc4cccs4)c3n2)CC1,0,2318
3235357.0,Cc1ccccc1-c1nc(Nc2ccncc2)c2ccccc2n1,1,2319
3235358.0,O=C(c1ccncc1)N1CCC[C@@]2(CCN(Cc3ccccc3)C2)C1,1,2320
3235362.0,Cc1noc(C)c1C(=O)N1CCC2(CC1)CN(c1ccccc1)C2,0,2323
3235364.0,CC(=O)N1CCC2(CC1)CCN(c1ncccn1)CC2,0,2325
3235365.0,COC(=O)N1CCC2(CCN(Cc3cc(C(F)(F)F)cc(C(F)(F)F)c3)CC2)CC1,0,2326
3235368.0,CC(=O)NCCNc1nc(-c2cccc(NS(C)(=O)=O)c2)nc2ccccc12,1,2329
3235369.0,CS(=O)(=O)Nc1cccc(-c2cncnc2NCc2cccs2)c1,1,2330
3235374.0,CCNc1ncc2ncc(=O)n(C3CC3)c2n1,0,2332
3235375.0,CC(=O)NCCNc1cc(-c2ccccc2C(F)(F)F)ncn1,0,2333
3235379.0,COc1cccc(-c2cc(NCc3cccc(C)c3)ncn2)c1,1,2336
3235383.0,COc1ccc(-n2c(=O)c(-c3ccc(Cl)cc3)nc3cnc(N4CCNCC4)nc32)cc1,0,2338
3235387.0,N#Cc1ccc(CN2CC[C@@]3(CCCN(C(=O)c4cnccn4)C3)C2)cc1,1,2340
3235389.0,O=c1c(-c2ccccc2)nc2cnc(Oc3ccccc3)nc2n1C[C@H]1CCCO1,1,2341
3235390.0,COc1cccc(-c2cc(NCc3cnc(C)cn3)ncn2)c1,1,2342
3235391.0,COc1ccc(-n2c(=O)c(C)nc3cnc(Oc4ccccc4)nc32)cc1,1,2343
3235392.0,COc1ccc(NC(=O)N2CCCC3(CCN(S(=O)(=O)c4ccccc4)CC3)C2)cc1,1,2344
3235394.0,c1ccc(CNc2nc(-c3ccoc3)nc3ccccc23)cc1,1,2345
3235395.0,COc1ccc(NC(=O)N2CCC3(CC2)CCN(S(C)(=O)=O)CC3)cc1,0,2346
3235397.0,COc1ccccc1CNc1ncnc2ccc(-c3ccc(C(=O)N(C)C)cc3)cc12,1,2348
3235398.0,COc1cccc(-c2ccc3ncnc(NCc4cccs4)c3c2)c1,1,2349
3235399.0,CN1CC[C@@]2(CCCN(C(=O)c3csnn3)C2)C1,0,2350
3235401.0,CN(C)C(=O)c1ccc(-c2cc(Nc3ccccc3)ncn2)cc1,0,2351
3235403.0,COc1ccccc1-c1cncnc1Nc1ccccc1,1,2352
3235405.0,O=c1c(-c2cc(F)cc(F)c2)nc2cnc(N3CCNCC3)nc2n1Cc1cccs1,1,2354
3235406.0,COc1ncc2nc(-c3cc(F)cc(F)c3)c(=O)n(Cc3cccs3)c2n1,1,2355
3235408.0,COc1ccc(-c2nc3cnc(N4CCNCC4)nc3n(-c3ccccc3)c2=O)cc1,1,2356
3235410.0,Cc1cnc(CNc2ncncc2-c2cccc(NS(C)(=O)=O)c2)cn1,1,2357
3235411.0,Cn1cccc1C(=O)N1CCC2(CC1)CN(C(=O)Nc1cccc(F)c1)C2,0,2358
3235412.0,CCNc1ncc2nc(-c3ccccc3)c(=O)n(Cc3cccc(OC)c3)c2n1,1,2359
3235414.0,Cc1ccccc1-c1ccc2ncnc(-n3ccnc3)c2c1,1,2360
3235415.0,FC(F)(F)c1ccccc1-c1ccc2ncnc(NC3CC3)c2c1,1,2361
3235417.0,CS(=O)(=O)N1CCC2(CCN(c3ccncc3)CC2)CC1,0,2363
3235418.0,COc1cccc(Cn2c(=O)c(-c3cc(F)cc(F)c3)nc3cnc(N4CCN(C)CC4)nc32)c1,1,2364
3235420.0,COCCn1c(=O)cnc2cnc(OC)nc21,0,2365
3235425.0,FC(F)(F)c1ccccc1-c1nc(NCc2cccs2)c2ccccc2n1,1,2366
3235426.0,COc1cccc(Nc2ncc3nc(-c4cc(F)cc(F)c4)c(=O)n(C4CC4)c3n2)c1,0,2367
3235429.0,c1cncc(CNc2ncnc3ccc(-c4ccoc4)cc23)c1,1,2369
3235430.0,c1ccc(-c2cccc(N3CCCC4(CCNCC4)C3)c2)cc1,1,2370
3235431.0,Cc1noc(C)c1C(=O)N1CCC[C@@]2(CCN(Cc3ccccc3)C2)C1,1,2371
3235432.0,Cc1cnc(CNc2ncnc3ccc(-c4ccccc4C)cc23)cn1,1,2372
3235433.0,COCC(=O)N1CCC[C@@]2(CCN(c3ncccn3)C2)C1,0,2373
667555.0,c1ccc(CNc2nc(-c3cccnc3)nc3ccccc23)cc1,1,2374
3235435.0,N#CCCn1c(=O)c(CCc2ccccc2)nc2cnc(Oc3ccccc3)nc21,1,2375
3235436.0,O=S(=O)(c1ccccc1)N1CCC2(CCCN(c3ccccn3)C2)CC1,1,2376
3235437.0,N#CCCn1c(=O)c(-c2ccccc2)nc2cnc(Oc3ccccc3)nc21,0,2377
3235438.0,Clc1ccccc1-c1nccc(-n2ccnc2)n1,1,2378
3235439.0,Cc1ccccc1-c1ccc2ncnc(N3CCN(C)CC3)c2c1,1,2379
3235441.0,O=c1c(-c2ccc(F)cc2)nc2cnc(Nc3ccccc3)nc2n1C1CC1,0,2380
3235443.0,COc1ccccc1-c1ccc2ncnc(N3CCNCC3)c2c1,1,2381
3235444.0,COc1ccc(Oc2ncc3nc(CCc4ccccc4)c(=O)n(CCC#N)c3n2)cc1,1,2382
3235448.0,COc1ccccc1-c1cncnc1NCc1cccnc1,1,2384
3235449.0,CCNc1ncc2nc(-c3cc(F)cc(F)c3)c(=O)n(CCC#N)c2n1,0,2385
3235451.0,COc1ccccc1CCn1c(=O)c(-c2ccc(Cl)cc2)nc2cncnc21,1,2387
3235453.0,CN(Cc1ccco1)c1ccnc(-c2cccc(C#N)c2)n1,1,2388
3235458.0,c1ccc2c(-n3ccnc3)nc(-c3ccoc3)nc2c1,1,2389
3235460.0,COc1cccc(-c2cc(N(C)Cc3ccco3)ncn2)c1,1,2390
3235461.0,CC(=O)N1CCC2(CCN(Cc3ccc(C#N)cc3)CC2)CC1,0,2391
3235462.0,COC(=O)N1CCC2(CCCN(Cc3cc(C(F)(F)F)cc(C(F)(F)F)c3)C2)CC1,0,2392
3235463.0,CC(=O)N1CCC2(CC1)CN(c1ccccc1)C2,0,2393
3235464.0,c1csc(CNc2ncncc2-c2ccc3c(c2)OCO3)c1,0,2394
3235465.0,COCCNc1ncnc2ccc(-c3ccccc3C(F)(F)F)cc12,1,2395
3235471.0,c1cncc(CNc2nc(-c3cccnc3)nc3ccccc23)c1,1,2396
3235473.0,CS(=O)(=O)N1CCC2(CCN(c3cccc(-c4ccccc4)c3)CC2)CC1,0,2398
3235474.0,Cc1noc(C)c1-c1nc(Nc2ccncc2)c2ccccc2n1,1,2399
3235475.0,FC(F)(F)c1ccccc1-c1cc(N2CCNCC2)ncn1,0,2400
3235478.0,O=c1c(-c2ccccc2)nc2cnc(N3CCNCC3)nc2n1Cc1ccc(F)cc1,1,2402
3235480.0,COc1ccc(-c2nc3cnc(N(C)C)nc3n(C)c2=O)cc1,0,2403
3235481.0,COc1ccccc1CNc1ncnc2ccc(-c3ccccc3OC)cc12,1,2404
3235482.0,COc1ccc(-c2nc3cnc(N4CCOCC4)nc3n(CCC#N)c2=O)cc1,0,2405
3235486.0,CC(C)NC(=O)N1CC2(CCN(C(=O)c3ccco3)CC2)C1,0,2408
3235487.0,Cc1noc(C)c1-c1nccc(NC2CC2)n1,1,2409
3235489.0,FC(F)(F)c1ccccc1-c1cncnc1NCc1ccccc1,1,2410
3235490.0,O=C(c1csnn1)N1CCC2(CCCN(Cc3cc(C(F)(F)F)cc(C(F)(F)F)c3)C2)CC1,1,2411
3235491.0,CN(C)c1ncc2nc(-c3cc(F)cc(F)c3)c(=O)n(C3CC3)c2n1,0,2412
3235492.0,COc1ccccc1CCn1c(=O)c(CCc2ccccc2)nc2cncnc21,1,2413
3235493.0,COc1cccc(-c2nc(Nc3ccncc3)c3ccccc3n2)c1,1,2414
3235494.0,Cc1cccc(CNc2ccnc(-c3cccc(C#N)c3)n2)c1,1,2415
3235496.0,COc1ccc(Nc2ncc3nc(-c4cccs4)c(=O)n(Cc4cccc(OC)c4)c3n2)cc1,0,2417
3235497.0,FC(F)(F)c1ccccc1-c1cncnc1Nc1ccccc1,1,2418
3235499.0,O=c1c(-c2ccc(F)cc2)nc2cnc(N3CCNCC3)nc2n1C1CC1,1,2420
3235500.0,Cn1c(=O)c(-c2cccs2)nc2cnc(Oc3ccccc3)nc21,0,2421
3235501.0,CN1CCN(c2ncc3nc(-c4cn(C)c5ccccc45)c(=O)n(CCc4ccccc4)c3n2)CC1,1,2422
3235504.0,O=C(c1cccc(F)c1)N1CCC2(CCCN(C(c3ccccc3)c3ccccc3)C2)CC1,0,2423
3235505.0,CC(C)NC(=O)N1CCCC2(CCN(C(=O)c3cc(C(F)(F)F)cc(C(F)(F)F)c3)CC2)C1,1,2424
3235507.0,CCNc1ncc2nc(-c3cccs3)c(=O)n(Cc3ccc(F)cc3)c2n1,1,2426
3235510.0,COc1ccc(C(=O)N2CCC3(CCCN(c4ccccc4)C3)CC2)cc1,1,2428
3235512.0,COc1ccc(CNc2ncnc3ccc(-c4ccc(N(C)C)cc4)cc23)c(OC)c1,1,2429
3235515.0,COc1ncc2nc(-c3ccccc3)c(=O)n(CCc3ccccc3)c2n1,1,2432
3235516.0,O=C(c1cnccn1)N1CCC2(CC1)CN(Cc1cc(C(F)(F)F)cc(C(F)(F)F)c1)C2,0,2433
3235519.0,COCCn1c(=O)cnc2cnc(N3CCN(C)CC3)nc21,0,2434
3235521.0,COc1ccc(CNc2ncncc2-c2ccccc2C(F)(F)F)c(OC)c1,1,2435
3235522.0,O=C(c1csnn1)N1CCC2(CCN(Cc3nccs3)CC2)CC1,0,2436
3235524.0,COc1ccc2[nH]cc(CCNc3ncncc3-c3cccc(C#N)c3)c2c1,1,2437
3235529.0,COc1ccc(C(=O)N2CCC3(CC2)CN(C(=O)Nc2cccc(C#N)c2)C3)cc1,1,2440
3235530.0,N#Cc1ccccc1-c1ccc2ncnc(NC3CC3)c2c1,1,2441
3235532.0,COc1cccc(Cn2c(=O)c(-c3ccc(F)cc3)nc3cnc(N4CCNCC4)nc32)c1,1,2442
3235533.0,Cc1cccc(CNc2ncnc3ccc(-c4ccc(C(=O)N(C)C)cc4)cc23)c1,1,2443
3235535.0,CCNc1ncc2nc(-c3ccc(Cl)cc3)c(=O)n(C3CC3)c2n1,0,2444
3235537.0,Cc1cccc(CNc2ncnc3ccc(-c4cccnc4)cc23)c1,1,2445
3235538.0,CN(C)c1ncnc2ccc(-c3cccc(C#N)c3)cc12,1,2446
3235539.0,CN(C)c1ncc2nc(-c3ccccc3)c(=O)n(CCC#N)c2n1,0,2447
3235541.0,COc1ccccc1CN1CC[C@@]2(CCCN(C(=O)c3ccncc3)C2)C1,1,2449
3235544.0,CN(C)c1ncnc2ccc(-c3cccc(NS(C)(=O)=O)c3)cc12,1,2451
3235546.0,COc1ccccc1CNc1cc(-c2ccccc2OC)ncn1,1,2452
3235547.0,CN1CCN(c2ncc3nc(-c4ccc(Cl)cc4)c(=O)n(CCC#N)c3n2)CC1,0,2453
3235548.0,COCCn1c(=O)c(-c2cc(F)cc(F)c2)nc2cnc(N3CCN(C)CC3)nc21,0,2454
3235549.0,O=C(Nc1ccccc1)N1CCC2(CC1)CCN(C(=O)c1cnccn1)CC2,0,2455
3235550.0,CN1CCN(c2ncc3nc(-c4cccs4)c(=O)n(Cc4cccs4)c3n2)CC1,1,2456
3235551.0,O=c1c(-c2cc(F)cc(F)c2)nc2cncnc2n1-c1ccccc1,0,2457
3235553.0,O=C(c1cnccn1)N1CCC2(CCCN(C(c3ccccc3)c3ccccc3)C2)CC1,1,2459
3235554.0,O=c1c(-c2ccc(F)cc2)nc2cnc(Oc3cccc(Cl)c3)nc2n1C1CC1,0,2460
3235556.0,Cc1noc(C)c1-c1nccc(N2CCNCC2)n1,0,2461
3235557.0,Cc1noc(C)c1-c1ccc2ncnc(N3CCC(C(=O)O)CC3)c2c1,0,2462
3235559.0,CS(=O)(=O)N1CCC2(CCCN(c3cccc(-c4ccccc4)c3)C2)CC1,1,2463
3235560.0,N#Cc1cccc(-c2ccc3ncnc(NCc4cccnc4)c3c2)c1,1,2464
3235563.0,O=C(Nc1cccc(F)c1)N1CC2(CCN(C(=O)c3cnccn3)CC2)C1,0,2465
3235565.0,COc1cccc(Cn2c(=O)cnc3cnc(OCc4ccccc4)nc32)c1,1,2466
3235566.0,Cn1cccc1C(=O)N1CCC2(CC1)CCN(c1ccccn1)CC2,0,2467
3235567.0,CN1CCC2(CC1)CCN(C(=O)c1cc(C(F)(F)F)cc(C(F)(F)F)c1)CC2,0,2468
3235569.0,CC(C)NC(=O)N1CCC2(CC1)CCN(C(=O)c1cccn1C)CC2,0,2469
3235572.0,CNc1ncncc1-c1c(C)noc1C,1,2471
3235573.0,CS(=O)(=O)Nc1cccc(-c2ccc3ncnc(N4CCOCC4)c3c2)c1,1,2472
3235574.0,CN(C)c1ncc2nc(-c3ccccc3)c(=O)n(CCc3ccccc3)c2n1,0,2473
3235582.0,COc1ccc(C2=NOC(C(=O)NCc3ccco3)C2)cc1OC,0,2475
3235583.0,O=C(O)CCCCCn1c(SCC(=O)N2CCCC2)nc2ccsc2c1=O,0,2476
3235593.0,CC1CCCC(NC(=O)c2n[nH]c(=O)c3ccccc23)C1C,1,2478
135476792.0,C=CCN=C1CC(C)(C)CC(=O)/C1=C(/O)CCC(=O)OC,0,2481
3235626.0,COc1cc(NC(=O)C2CCN(S(=O)(=O)c3cccc4nonc34)CC2)cc(OC)c1,1,2482
3235627.0,CCOCCCN1C(=O)CN(C2CCCCCC2)C(=O)C1c1ccc(OC)cc1,1,2483
3235636.0,O=C(NCc1n[nH]c(=S)n1-c1cccc(Cl)c1)c1ccc(S(=O)(=O)N2CCCC2)cc1,1,2484
3235637.0,O=C(CCCCn1c(=O)c2ccccc2n(CC(=O)NC2CCCC2)c1=O)NC1CCCC1,1,2485
3235648.0,CCCCOC(=O)CCc1c(C)[nH]c(=O)c(C#N)c1C,0,2486
3235654.0,CCOc1ccc2nc(C)cc(C(=O)O)c2c1,0,2487
3235658.0,CCCCN(Cc1ccccc1)C(=O)c1cnc2n(c1=O)CCS2,0,2488
3235677.0,O=C1CC(c2ccc3c(c2)OCO3)Sc2nc3ccccc3n21,1,2489
2183797.0,Cc1noc(NS(=O)(=O)c2ccc(N/C=C/C(=O)c3ccc4c(c3)OCO4)cc2)c1C,1,2490
3235680.0,Cc1ccc(-n2nc3c(c2NC(=O)c2cccs2)CSC3)cc1,1,2491
3235695.0,Cc1sc(NC(=O)c2ccco2)c(C(c2ccncc2)N2CCOCC2)c1C,1,2493
3235724.0,Cc1nonc1NC(=O)OCCN1CCOC1=O,0,2494
3235738.0,O=C(NCc1ccccc1)c1cnc2n(c1=O)CCS2,0,2495
1219642.0,O=C(NC1CCCC1)c1cnn2c(C(F)(F)F)cc(-c3ccco3)nc12,1,2496
3235781.0,COc1ccc(CCNC(=O)CCN2C(=O)C(C)Oc3ccc(C)cc32)cc1OC,1,2497
3235784.0,CCOC(=O)N1CCN(Cc2nc3c(c(=O)[nH]c(=O)n3C)n2Cc2ccccc2C)CC1,1,2498
592152.0,Nc1cc(-c2nn[nH]n2)ccc1F,0,2499
3235805.0,CCCN(CCC)CCNC(=O)C1CCCN(S(=O)(=O)c2ccc3c(c2)oc(=O)n3C)C1,0,2500
6602863.0,Cc1cc(S(=O)(=O)NCCN(C)C)c(C)s1.Cl,0,2501
3235842.0,COc1ccc(S(=O)(=O)NC(CC(=O)NC2CCCC2)c2ccco2)cc1,1,2502
1564494.0,CCCCN(C)Cc1c(C)[nH]c2ccc(Cl)cc2c1=O,0,2504
3235861.0,O=C(NCc1ccco1)c1ccc(N2CCCC2=O)cc1,0,2505
3235885.0,COc1ccccc1-n1c(SCC(=O)Nc2ccccc2F)nc2[nH]ncc2c1=O,1,2508
713871.0,CNC(=O)c1nnn(Cc2ccccc2)c1NC(=O)C(F)(F)F,0,2510
671564.0,Cc1cc(NC(=O)NC(=O)c2ccc(F)cc2F)n[nH]1,0,2511
585642.0,O=C(O)c1ccc(CSc2nc3ccccc3o2)cc1,0,2514
3235961.0,O=C(O)CCCCCNC(=O)c1ccncc1,0,2515
9595210.0,CCCC[n+]1cc(/N=C(\[O-])OC)on1,0,2516
3236000.0,COc1ccc(NC(=O)CN2CCN(CC(=O)Nc3ccccc3Cl)CC2)cc1,1,2517
1267908.0,NC(=O)C1(N2CCCCC2)CCN(C(=O)c2ccc(-n3cnnn3)cc2)CC1,0,2518
3236024.0,COc1cccc(-c2nc(CS(=O)(=O)CC(=O)NCCCOC(C)C)c(C)o2)c1,1,2520
3236061.0,COC(=O)NCC(c1cccnc1)N1CCN(c2ccccc2OC)CC1,1,2522
3236098.0,Cc1nc2nc(SCC(=O)NCc3ccco3)nn2c(C)c1Cc1c(F)cccc1Cl,1,2524
3236101.0,CCOC(=O)c1nc2sc(C)c(C)c2c(=O)[nH]1,0,2525
3236112.0,COCCCNC(=O)CCS(=O)(=O)Cc1ccc(C)cc1,0,2526
3236121.0,CN(Cc1ccco1)C(=O)C1CCC(=O)N1Cc1ccc(F)cc1,0,2528
3236133.0,COc1ccc(NC(=O)N(C2CCCCC2)C(C)c2cccnc2)c(OC)c1,1,2529
135447668.0,COCCCN=CC1=C(O)CC(C)(C)CC1=O,0,2531
3236145.0,COc1ccc(C(C(=O)NC2CCCCC2)N2CCC3(CC2)OCCO3)cc1,1,2532
3236164.0,COC(=O)C1=C(C)OC(N)=C(C#N)C1C1CCCCC1,1,2533
3236166.0,CC(=O)Nc1ccc(S(=O)(=O)NCC2CCC(C(=O)NCCC(C)C)CC2)cc1,1,2534
3236188.0,CC1CCCN(CCCNC(=O)C2CC(=O)N(c3ccc(F)c(Cl)c3)C2)C1,0,2535
2335574.0,CCOc1ccc2nc(NC(=O)c3ccc(S(=O)(=O)N4CCOCC4)cc3)sc2c1,0,2537
1193297.0,CCN(CC)S(=O)(=O)c1ccc(C(=O)Nc2ncn(Cc3ccccc3)n2)cc1,0,2538
719076.0,Cc1nc(S(=O)(=O)NC2CCCCC2)c(C#N)c(C)c1Cl,1,2539
3236245.0,CCOc1ccc(-n2c(=O)[nH]cc(C(=O)N3CCCc4ccccc43)c2=O)cc1,0,2540
3236331.0,CN(C(=O)COc1cccc(Br)c1)C1CCS(=O)(=O)C1,0,2545
3236337.0,Cc1cc2ccccc2c(=O)n1CC(=O)NCC(=O)N1CCCC1,0,2546
3236342.0,COC(=O)c1c(C)nc2ccccc2c1C(=O)O,0,2547
6603308.0,Cc1cc2nc(C)n(CCCN)c2cc1C.Cl,0,2548
3236352.0,COc1ccc(-c2ccc(C(=S)N3CCN(C(C)=O)CC3)o2)cc1,1,2549
3236354.0,COc1cc2c(cc1OC)C(C(=O)NCc1cccnc1)C(c1cccnc1)N(C)C2=O,1,2551
3236373.0,O=C1c2cccc3c(Cl)ccc(c23)C(=O)N1O,0,2553
3236392.0,CC(C)OC(=O)c1nnn(-c2nonc2N)c1CSc1ccccn1,1,2555
3236393.0,Cn1c(=O)[nH]c(=O)c2c1nc(CN(Cc1ccccc1)Cc1ccccc1)n2CCN1CCOCC1,1,2556
3236400.0,O=C(c1ccc2c(c1)N(Cc1ccccc1)C(=O)CS2)N1CCOCC1,0,2557
3236473.0,COc1ccc(-n2c(CNC(=O)c3ccc(S(=O)(=O)N4CCCC4)cc3)n[nH]c2=S)cc1,1,2560
3236475.0,CCOc1ccccc1NC(=O)C1Cc2ccccc2CN1S(C)(=O)=O,0,2561
202020.0,COc1ccccc1OC(C)C(=O)O,0,2563
3236483.0,COc1ccc(S(=O)(=O)N2CCCN(CC(=O)C(C)(C)C)CC2)cc1,1,2564
2155632.0,COCc1nnc(NC(=O)c2ccc(S(=O)(=O)N3CCCCCC3)cc2)o1,0,2565
559643.0,CCOC(=O)c1[nH]c(C(=O)O)c(CCN(CC)CC)c1C,0,2566
3236502.0,CCS(=O)(=O)N1CCC(C(=O)NCC2CCCO2)CC1,0,2567
3236512.0,COc1ccc(CNC(=O)C2CCN(C(=O)N3CCOc4ccc(C)cc43)CC2)cc1,1,2568
3236513.0,O=C1c2cccnc2C(=O)N1Cc1ccc(F)cc1,0,2569
3236583.0,CCCS(=O)(=O)N1CCCC(C(=O)NCCN2CCOCC2)C1,0,2571
3236601.0,COc1ccc(CNC(=O)C2CC(c3ccc(OC)cc3)=NO2)cc1,0,2572
54708404.0,COc1cccc2c1OC1(C)CC2/C(=C(\C)O)C(=O)N1,0,2574
3236630.0,CCC(C)NC(=O)C(NS(=O)(=O)c1cccc2nsnc12)c1ccccc1,1,2575
557261.0,CCCCS(=O)(=O)NC1=NCN(Cc2ccco2)CN1,0,2576
3236640.0,CCOC(=O)N1CCN(C(=O)CCn2nc(-c3ccccc3)ccc2=O)CC1,0,2577
3236657.0,Cc1ccc(S(=O)(=O)c2c(C)nn(C(C)(C)C)c2OC(=O)c2cccs2)cc1,1,2579
3236661.0,COc1ccc(C(=O)N2CCCCC2)cc1S(=O)(=O)Nc1ccccc1,1,2580
3236663.0,COc1ccc(CCNC(=O)CCN2C(=O)COc3ccc(C)cc32)cc1OC,1,2581
3236689.0,COc1ccccc1NC(=O)CN1CCN(CC(=O)Nc2ccc(Cl)c(C(F)(F)F)c2)CC1,1,2582
2860669.0,CC1(O)CC(=O)N(c2ccccc2)O1,0,2584
3236704.0,Cn1c(=O)c2cc(S(=O)(=O)NCCC(=O)NCc3ccccc3Cl)ccc2n(C)c1=O,1,2585
1815678.0,CCc1ccc(OCC(=O)NCCN(C)C)c(Br)c1,0,2586
3236736.0,CCC1(C)Nc2ccccc2C(=O)N1O,0,2587
3236768.0,CCOC(=O)c1c(C)oc2c1c(C=NC1CCS(=O)(=O)C1)c(O)c1ccccc12,0,2589
3236772.0,CCOc1ccc(-n2ccnc2SCC(=O)Nc2nnc(C)s2)cc1,1,2590
3236775.0,CCNC(=O)CC1C(=O)N(c2ccc(F)cc2)C(=O)N1CCc1ccc(OC)cc1,1,2591
3236795.0,O=C(CCCn1c(=S)[nH]c2ccc(Br)cc2c1=O)N1CCN(c2ccccn2)CC1,1,2594
3236804.0,CCCS(=O)(=O)N1CCCC(C(=O)NCCCN(Cc2ccccc2)C(C)C)C1,0,2595
3236812.0,C(=NC12CN3CN(CN(C3)C1)C2)c1cccnc1,0,2596
3236817.0,O=S(=O)(c1ccccc1S(=O)(=O)N1CCCCC1)N1CCCCC1,1,2598
6602871.0,Cc1oc(-c2cccs2)[n+]([O-])c1C.Cl,0,2599
1181764.0,COc1cc2ccccc2cc1C(=O)Nc1ccc(S(=O)(=O)Nc2cc(C)on2)cc1,0,2600
3236865.0,CCOc1ccc(OCC)c(NC(=O)CN(C)S(=O)(=O)c2cnc[nH]2)c1,1,2601
3236867.0,CN(C)CCNC(=O)Cn1nc(-c2ccc(Cl)cc2)ccc1=O,0,2602
3236897.0,Cc1ccc(S(=O)(=O)N2CCN(C(=O)CN3CCN(C)CC3)C2)cc1,0,2603
3236920.0,CCOC(=O)c1oc2ccccc2c1NC(=O)c1ccc2c(c1)OCO2,1,2606
3236925.0,CC1CCCC(C)N1C(=O)C1CC(c2ccc(F)cc2)=NO1,1,2607
678599.0,CCOC(=O)c1c(C)oc2c1cc(O)c1ccccc12,1,2608
3236955.0,CCOc1ccc(-n2c(C)nc3cc(C(=O)NCc4ccco4)ccc32)cc1,0,2609
3236959.0,O=C(CCCCCn1c(=S)[nH]c2cc3c(cc2c1=O)OCO3)N1CCN(C2CCCCC2)CC1,1,2610
3236976.0,O=C(Cn1cnc2c(oc3ccccc32)c1=O)NCc1ccco1,0,2612
3236985.0,O=C(c1coc(=O)c2ccccc12)N1CCN(Cc2ccccc2)CC1,0,2614
3236988.0,COc1ccc(NC(C)=O)cc1NC(=O)CN1CCN(C2c3ccccc3-c3ccccc32)CC1,1,2615
3237012.0,CCOc1ccc(NC(=O)Cn2nnc(C(=O)NCc3ccccc3OC)c2N)cc1,1,2616
3237024.0,Cc1ccc(CS(=O)(=O)CCC(=O)N2CCOCC2)cc1,0,2617
3237033.0,CCOC(=O)Cn1c(CN(Cc2ccccc2)Cc2ccccc2)nc2c1c(=O)[nH]c(=O)n2C,1,2618
678099.0,Oc1c(CN2CCCCC2)cc(Br)c2cccnc12,0,2619
3237068.0,CCOc1ccc(C(CC(=O)O)NC(=O)COc2ccccc2)cc1,0,2620
3237083.0,CCC(C)NC(=O)c1c(C)cc(=O)oc1C,0,2621
2152425.0,CCOC(=O)c1cc2c(=O)n3ccccc3nc2n(CCCOC)c1=NC(C)=O,0,2623
135544632.0,COc1ccccc1Cn1nnc2c(=O)[nH]c(C3CCN(C(=O)c4ccc(C)cc4)CC3)nc21,1,2624
3237128.0,COc1ccc(CNC(=O)Nc2cccs2)cc1OC,1,2625
3237144.0,CC1Cc2ccccc2N1C(=O)CCN1C(=O)C2C3C=CC(C3)C2C1=O,1,2626
3237165.0,Cc1cc(C)n(C(=O)c2cc3ccccc3c(=O)o2)n1,0,2628
3237172.0,O=C(c1ccco1)N1CCN(c2cc(=O)n(C3CCCCC3)c(=O)[nH]2)CC1,0,2629
3237178.0,COc1ccccc1CNS(=O)(=O)c1ccc2[nH]cc(C(=O)O)c(=O)c2c1,0,2631
684511.0,CC(C)=CCc1c(C)nc2ccccc2c1C(=O)O,0,2633
685677.0,COc1cc(NC(=O)c2c(F)cccc2F)nc(OC)n1,0,2634
135473895.0,Cc1nnc(SCC(=O)Nc2nccs2)[nH]c1=O,0,2635
3237217.0,Cn1c(=O)cc(OCCCC(=O)Nc2cccnc2)c2ccccc21,1,2636
3237246.0,COc1ccc(NC(=O)c2cc(C(C)C)on2)cc1OC,0,2637
3237253.0,Cn1c(=O)c2cc(S(=O)(=O)NCCC(=O)NCCc3ccc(Cl)cc3)ccc2n(C)c1=O,1,2638
3237265.0,Cc1nc2ncnn2c(C)c1CCC(=O)NC(C)c1ccc2c(c1)OCCO2,1,2639
3237278.0,CC(C)C(NC(=O)C1CCCCC1)C(=O)NC1CCN(Cc2ccccc2)CC1,0,2640
3237285.0,O=C(C1CCN(S(=O)(=O)N2CCOCC2)CC1)N1CCN(c2ccccc2)CC1,0,2641
3237292.0,COc1ccc(OCC(O)COc2ccc(C(=O)O)cc2)cc1,0,2642
3237300.0,Cc1cc(C(=O)NCc2ccccc2)no1,0,2643
3237314.0,COC(=O)c1c(C)n(-c2ccccc2)c2ccc(O)cc12,1,2645
3237345.0,COc1ccc(-c2nc(CS(=O)(=O)CC(=O)NCCc3cc(OC)ccc3OC)c(C)o2)cc1,1,2646
571682.0,CCOC(=O)Nc1ccc(S(=O)(=O)NCc2ccccc2)cc1,0,2647
715064.0,OCc1nnn(-c2cccc(C(F)(F)F)c2)c1CO,0,2648
3237354.0,CCOc1ccc(C(=O)Nc2ccc(Cl)cn2)cc1Cl,0,2649
3237356.0,Cc1ccc(NC(=O)C2CCN(S(=O)(=O)c3c(C)n[nH]c3C)CC2)nc1,0,2650
3237362.0,CSc1nnc2c(n1)OC(C)N(C(=O)c1ccccc1)c1ccccc1-2,0,2651
3237365.0,CC1C(=NO)C(C)C(c2ccc(N(C)C)cc2)NC1c1ccc(N(C)C)cc1,1,2652
980411.0,O=c1nc(N2CCOCC2)ccn1-c1nc(-c2ccccc2)oc1-c1ccccc1,0,2654
3237391.0,CCOCC(=O)Nc1cc(-c2cn3cccnc3n2)ccc1C,0,2655
3237411.0,CC1=C(C(=O)Nc2cccnc2)C(c2cccnc2)n2nc(-c3cccs3)nc2N1,1,2657
3237438.0,Cc1ccc2c(c1)N(CC(=O)NC1CCC(C)CC1)C(=O)CO2,1,2660
3237440.0,CCOC(=O)CSc1nnc(CNC(=O)c2ccc(OC)cc2)n1C1CCCCC1,1,2661
3237443.0,CCCS(=O)(=O)N1CCCC(C(=O)NCCN2CCC(Cc3ccccc3)CC2)C1,0,2662
135544634.0,COc1nc(/C(N)=N/O)nc(N2CCCCC2)n1,0,2664
3237469.0,CCc1cccc(NC(=O)CN(C)S(=O)(=O)c2cnc[nH]2)c1,1,2665
3237480.0,CN(C)C(CNC(=O)NC1CCCCC1)c1cccnc1,1,2666
3237485.0,CCOc1ccc(-n2ccnc2SCC(=O)Nc2nnc(CC)s2)cc1,1,2667
3237528.0,CC1(O)c2ccccc2C(=O)N1CCc1ccccc1F,0,2670
3237542.0,Cc1ccc2c(c1)-c1c(cnn1CC(=O)O)CO2,0,2672
3237552.0,CCOc1ccc(CCNC(=O)C2CC(=O)N(C3CCCC3)C2)cc1OCC,1,2673
3237565.0,Cc1cccc(-n2nnc(C(=O)NCc3ccco3)c2N)c1,0,2675
3237572.0,Cc1cccc(-n2ncc3c(Nc4c(C)n(C)n(-c5ccccc5)c4=O)ncnc32)c1,0,2676
3237588.0,Cc1nc2ccc(S(=O)(=O)NC(CC(C)C)C(=O)O)cc2s1,0,2677
3237602.0,Cc1ccc(S(=O)(=O)N2CCN(S(C)(=O)=O)C2)cc1,0,2678
3237618.0,O=C(Nc1cccc(OC(=O)c2ccco2)c1)c1ccco1,0,2681
3237634.0,CC(C)NC(=O)c1n[nH]c(=O)c2ccccc12,0,2682
3237684.0,CC(C)N(CCNC(=O)C1CCC(=O)N1Cc1ccc(F)cc1)Cc1ccccc1,0,2685
3237688.0,CCOC(=O)C(NC(=O)CC)(Nc1sc2c(c1C(=O)OC)CCN(C)C2)C(F)(F)F,1,2686
713757.0,Oc1ccccc1-c1nnc(-c2ccc(C(F)(F)F)cc2)o1,0,2687
3237721.0,COc1ccc(CCNC(=O)CC(NS(=O)(=O)c2ccc(NC(C)=O)cc2)C(C)C)cc1OC,1,2688
3237724.0,CCc1c(C(=O)NCc2ccc3c(c2)OCO3)[nH]c(C)c1C(C)=O,1,2689
3237725.0,COCCNC(=O)c1cc(-c2ccc(OC)c(OC)c2)on1,0,2690
3237727.0,CSc1nsc(SC)c1NC(=O)OCc1ccccc1,1,2691
3237739.0,Cc1oc(-c2ccccc2F)nc1CSCC(=O)NCc1ccc2c(c1)OCO2,1,2692
3237741.0,O=C(CNS(=O)(=O)c1ccc(Br)s1)N1CCC(N2CCCCC2)CC1,0,2693
3237758.0,O=C(Nc1ccc2oc(-c3ccccc3F)nc2c1)c1ccc2c(c1)OCCO2,1,2695
3237785.0,O=C(NCCN1CCOCC1)c1nn2c(c1Cl)NC(c1ccccc1)CC2C(F)(F)F,1,2696
3237786.0,Cc1cccn2c(=O)c3cc(C(=O)N4COCC4(C)C)n(C)c3nc12,0,2697
3237795.0,O=C(NCCc1ccc(Cl)cc1)C1CCN(S(=O)(=O)N2CCC3(CC2)OCCO3)CC1,1,2698
2152426.0,CCOC(=O)c1cc2c(=O)n3ccccc3nc2n(CCCOC)c1=NC(=O)C(C)(C)C,1,2699
3237813.0,N#CCSc1nc2cc(C(=O)N3CCCC3)ccc2c(=O)n1Cc1ccccc1,1,2700
3237829.0,Cc1ccc(Nc2cc(=O)n(C3CCCCC3)c(=O)[nH]2)cc1C,1,2701
3237832.0,O=C(CCN1C(=O)C2C3C=CC(C3)C2C1=O)NCCN1CCCc2ccccc21,1,2702
3237849.0,CCOc1ccc(N2C(=O)c3cccnc3C2=O)cc1,0,2703
606400.0,Cc1cc(=O)c2cc(Cl)ccc2[nH]1,0,2704
3237860.0,CC(C)OCCCn1c(=S)[nH]c2ncccc2c1=O,0,2705
3237863.0,CCCCN(C)CCCNC(=O)c1ccc(N2CCCC2=O)cc1,0,2706
80634.0,O=C(O)CCC(=O)CCC(=O)c1ccccc1,0,2707
3237873.0,COc1ccc(CNn2c(C)nc3ccccc3c2=O)cc1,1,2708
3237939.0,COc1ccc(C)cc1NC(=O)c1cc2cc3ccc(C)cc3nc2o1,0,2709
3237949.0,CCCS(=O)(=O)N1CCCC(C(=O)NCC2CCCO2)C1,0,2710
3237952.0,COc1ccc(C(=O)Nc2ccc(Cl)cn2)cc1Cl,1,2711
3237984.0,COc1ccc(NC(=O)CC2C(=O)N(c3cccc(OC)c3)C(=O)N2C2CCCCC2)cc1,1,2712
3237997.0,COc1ccc(OC)c2[nH]c(=O)c(CCNC(=O)COc3ccccc3)cc12,1,2713
842004.0,CC(=O)c1cc2c(cc1NC(=O)CCCC(=O)O)OCO2,0,2716
135463214.0,C/C(O)=c1/ccc2cccc3nc(C)nc1c23,0,2717
3238044.0,CCCc1nnc(NC(=O)CN2C(=O)C3C4C=CC(C4)C3C2=O)s1,1,2718
3238048.0,CCN(CC)c1cc(C)c2cc(NC(=O)CNC(C)=O)ccc2n1,0,2719
3238049.0,O=C(CCn1nc(-c2ccc(Cl)cc2)ccc1=O)NCc1ccccn1,1,2720
3238054.0,CCCS(=O)(=O)N1CCCC(C(=O)NCCCN2CCN(c3ccccc3F)CC2)C1,0,2721
3238064.0,CCC(C)NC(=O)C1CC(c2ccc(OC)cc2)=NO1,0,2722
3238069.0,Cc1ccc(NC(=O)CCN2C(=O)c3ccncc3C2=O)cc1,1,2723
3238071.0,O=S(=O)(NCc1cn2ccsc2n1)c1ccc(Oc2ccccc2)cc1,1,2724
3238081.0,CCN(CC)CCCNC(=O)C1CCC(=O)N(c2ccc(OC)cc2)C1c1ccc(F)cc1,1,2725
2049501.0,Cc1[nH]n(C(C)(C)C)c(=O)c1Sc1ccc(Cl)cc1,1,2726
3238112.0,CC(=O)c1c(N=CN(C)C)nc(C)nc1-c1ccccc1,0,2730
3238115.0,Cc1ccc2c(c1)N(CCC(=O)N1CCC3(CC1)OCCO3)C(=O)C(C)O2,1,2731
3238146.0,CC(C)CCN1CC(C(=O)N2CCN(c3ccc(F)cc3)CC2)CC1=O,0,2732
3238158.0,O=C(CCCn1c(=S)[nH]c2cc3c(cc2c1=O)OCO3)N1CCN(c2ncccn2)CC1,1,2734
3238192.0,COc1ccc(OC)c(C2N(c3cc(C)on3)C(=O)C3CCCN32)c1,0,2735
3238193.0,Cc1ccc(CS(=O)(=O)CCC(=O)NCCCN2CCCC2=O)cc1,0,2736
3238204.0,Cc1ccc(C)c(NC(=O)Cn2nnc(C(=O)Nc3c(C)cccc3C)c2N)c1,1,2737
3238211.0,Cn1c(C(=O)O)c(CC(=O)NCc2cccnc2)c2ccccc21,0,2738
3238216.0,CCOCCn1c(CN(Cc2ccccc2)Cc2ccccc2)nc2c1c(=O)[nH]c(=O)n2C,1,2739
3238227.0,COCCCn1c(=S)[nH]c2ncccc2c1=O,0,2740
757779.0,O=C(O)c1cccnc1SCc1ccccc1,0,2741
3238290.0,CCOC(=O)c1oc2ccccc2c1NC(=O)c1ccc(S(=O)(=O)N(C)C)cc1,1,2742
3238292.0,CCc1ccc(NC(=O)c2cc(C(C)C)on2)cc1,0,2743
3238300.0,O=C(O)c1ccc(S(=O)(=O)NC2CCCc3ccccc32)cc1,0,2745
3238312.0,CCn1cc(C(=O)NCC(=O)OC)c2cc(OC)c(OC)cc2c1=O,0,2746
3238359.0,O=C(NCCCN1CCN(C2CCCCC2)CC1)Nc1ccccc1C(F)(F)F,0,2747
3238370.0,COc1ccc(-n2c(=O)[nH]cc(C(=O)Nc3ccc4c(c3)OCCO4)c2=O)cc1,1,2748
559616.0,CC1(C)OC(C(N)=O)C(C(N)=O)O1,0,2749
3238395.0,CCC(=O)Nc1c2c(nc3c1CCC3)CCCC2,0,2750
2302374.0,COc1ccccc1CNC(=O)CSc1nc2nc(C)cc(C)n2n1,1,2751
3238414.0,CCOC(=O)N1CCC(NC(=O)CCC(=O)N2CC(C)Oc3ccc(C)cc32)CC1,1,2753
3238452.0,O=C(Nc1ccc(Cl)c(C(F)(F)F)c1)C1CCCN(S(=O)(=O)c2cnc[nH]2)C1,1,2754
3238567.0,CC1CCOC2(O1)C(=O)N(CN1CCN(c3ccccc3F)CC1)c1ccccc12,0,2758
5771356.0,COc1ccccc1C1/C(=C(/O)c2ccccc2)C(=O)C(=O)N1CCO,0,2759
764722.0,O=c1cc(CO)oc(CN2CCCC2)c1O,0,2760
3238604.0,CC(C)c1ccc(OCc2ccc(C(=O)N3CCN(c4ccccn4)CC3)cc2)cc1,0,2761
3238616.0,COc1cccc(N2C(=O)C(CC(=O)Nc3ccccc3)N(C3CCCCC3)C2=O)c1,1,2763
3238624.0,CC(=O)Nc1ccc(S(=O)(=O)NCC2CCC(C(=O)N3CCN(c4ccccn4)CC3)CC2)cc1,1,2764
3238637.0,NC(=O)NC(=O)Nc1ccccc1Cl,0,2765
3238652.0,Cc1ccc(-c2nc3ncccn3c2NC(=O)C2CC2)cc1,0,2767
3238653.0,CC1=C(C(N)=O)C(c2cccs2)n2nc(-c3cccc(Cl)c3)nc2N1,1,2768
3238660.0,O=C(NCC1CCCO1)c1ccc(CS(=O)(=O)Cc2ccc(F)cc2)o1,0,2769
3238669.0,CCOC(=O)Cc1csc(NC(=O)c2ccc(S(=O)(=O)N3CCCCC3)cc2)n1,0,2770
3238675.0,COc1ccc(CN2CC(C(=O)NCCC3=CCCCC3)CC2=O)cc1,1,2771
3238711.0,Cc1oc(-c2ccccc2F)nc1CS(=O)(=O)CC(=O)NCCCN(C)C1CCCCC1,1,2773
3238717.0,O=C(O)CN1CCN(Cc2ccccc2)C1=O,0,2774
223824.0,O=C1OCc2cccc3cccc1c23,0,2776
748847.0,CCOC(=O)c1sc(=N)n(-c2ccc(OC)cc2)c1C,1,2777
3238786.0,O=C(O)CC(c1ccccc1)n1cnnn1,0,2779
3238792.0,COCCNC(=O)c1ccc2c(c1)ncn2-c1ccc(F)c(F)c1,0,2780
3238797.0,COCCCNC(=O)CCC(=O)Nc1ccc2nc(N3CCOCC3)cc(C)c2c1,1,2781
3238812.0,CCCCn1cnc2c(cnn2-c2ccc(F)cc2)c1=O,0,2783
3238816.0,CC1(C)OC(=O)C(=CNCC(O)c2ccccc2)C(=O)O1,0,2784
3238835.0,Cc1ccc(CNC(=O)CCNS(=O)(=O)c2ccc3c(c2)c(=O)n(C)c(=O)n3C)cc1,1,2786
717668.0,CCOC(=O)Nc1ccc(C(=O)Oc2ccccc2)c(O)c1,0,2787
3238850.0,COc1ccc(OC)c2[nH]c(=O)c(CCNC(=O)C3CCCCC3)cc12,1,2788
3238851.0,CC(=O)c1c(C)[nH]c(C(=O)N2CCc3ccccc3C2)c1C,1,2789
3238881.0,CCC(=O)n1nc(-c2ccc(OC)cc2)nc1N,0,2790
715260.0,CCOc1cc(C#N)c(NC(=O)c2cccnc2)cc1OCC,1,2791
3238930.0,COc1ccccc1CNC(=O)CCCn1c(=O)c2ccccc2n(CC(=O)NC2CCCC2)c1=O,1,2792
3238963.0,CCN(C(=O)CSc1nc2cc(C(=O)OC)ccc2c(=O)n1Cc1ccco1)c1cccc(C)c1,0,2794
698541.0,C1CCN(c2nc3nonc3nc2N2CCCC2)C1,0,2795
3238976.0,CN(C(=O)CSc1ncccc1C(=O)O)c1ccccc1,0,2796
3238982.0,COc1ccccc1NC(=O)CN1CCN(C2c3ccccc3-c3ccccc32)CC1,1,2797
3238983.0,Cc1ccc(C)n1CCN1CCN(CC(=O)Nc2ccc(S(N)(=O)=O)cc2)CC1,0,2798
5938244.0,CN(C)c1ccc(/C=c2\sc3nc(-c4ccccc4)nn3c2=O)cc1,0,2799
674163.0,O=c1[nH]c(=O)n(CCOc2ccc(Cl)cc2)cc1Br,0,2800
3239013.0,COc1ccc(NC(=O)NCCCN2CCCCC2C)cc1,0,2801
3239025.0,CCOC(=O)C1CCCN(C(=O)CCCOc2cc(=O)n(C)c3ccccc23)C1,1,2802
3239031.0,CN1C(=O)c2ccccc2C(C(=O)O)C1c1cn(C)c2ccccc12,0,2803
3239032.0,Cc1ccc(C)c(S(=O)(=O)NC(CC(C)C)C(=O)O)c1,0,2804
1098144.0,Oc1c(CN2CCOCC2)cc(-c2ccccc2)cc1CN1CCOCC1,1,2805
3239073.0,CCS(=O)(=O)N1CCC(C(=O)NCc2ccccc2OC)CC1,0,2808
3239074.0,Cn1c(=O)cc(SCC(=O)NCCN2CCN(c3ccccc3F)CC2)c2cc(Cl)ccc21,1,2809
3239086.0,COc1cccc(C2=NOC(C(=O)NCCN3CCOCC3)C2)c1,0,2810
3239104.0,CCC(=O)N(c1ccc(F)cc1)C1C=CS(=O)(=O)C1,0,2811
3239105.0,CCS(=O)(=O)N1CCC(C(=O)NCCCN2CCCC2)CC1,0,2812
6603309.0,Br.Brc1ccc(C2=Nn3c(nnc3-c3cccnc3)SC2)s1,1,2813
685244.0,CCOc1ccc(C(F)(F)F)cc1NC(C)=O,0,2814
3239130.0,COc1ccc(NC(=O)CSc2nc3ccccc3c(=O)n2CCC(=O)N2CCCCC2)cc1,1,2815
3239144.0,O=C(Nc1cccc(C(F)(F)F)c1)C1CCCN(S(=O)(=O)c2cnc[nH]2)C1,1,2816
3239155.0,COc1ccc(N(C)S(=O)(=O)c2c(C)[nH]c(=O)[nH]c2=O)cc1,0,2818
3239169.0,O=C(CCCNS(=O)(=O)c1cccc2nsnc12)NCCc1ccccc1,1,2819
3239175.0,COc1ccc(NC(=O)C2c3cc(OC)c(OC)cc3C(=O)N(C)C2c2cccnc2)cc1OC,1,2820
3239183.0,CCS(=O)(=O)N1CCC(C(=O)NCCc2ccccc2)CC1,0,2821
6603506.0,Cl.OC(COc1ccc(OCC(O)CN2CCCCCC2)cc1)CN1CCCCCC1,0,2822
3239222.0,CC1CCN(CCCn2c(=S)[nH]c3ccc(N4CCOCC4)cc3c2=O)CC1,0,2823
3239273.0,COc1ccc2nc(NC(=O)C3CCN(S(=O)(=O)c4cccc5nsnc45)CC3)sc2c1,1,2824
2925182.0,O=C(Nc1cccnc1)c1ccc2snnc2c1,1,2825
3239277.0,O=C(C1CCN(S(=O)(=O)c2cccc3cccnc23)CC1)N1CCN(c2ccccn2)CC1,1,2826
3239288.0,CCC(Sc1ccc2nnc(-c3ccc(F)cc3)n2n1)C(=O)O,0,2828
3239295.0,CC(C)(C)C(=O)NC(=C(Cl)Cl)P(=O)(O)O,0,2829
3239301.0,O=C(c1cc2cc3ccc(Cl)cc3nc2o1)N1CCC2(CC1)OCCO2,0,2830
3239309.0,CCCCOc1ccc(OC(=O)c2cccnc2)cc1,0,2831
3239311.0,Cc1cc(=O)oc(C)c1C(=O)NCCCN1CCN(c2ccc(F)cc2)CC1,0,2832
3239323.0,CCS(=O)(=O)N1CCC(C(=O)NCCCN2CCN(c3ccccc3F)CC2)CC1,0,2833
3239336.0,O=C(NCc1ccc2c(c1)OCO2)C1CC(=O)N(C2CCCC2)C1,1,2834
3239353.0,CSCCC(NC=C1C(=O)OC(C)(C)OC1=O)C(=O)O,0,2835
3239359.0,O=C(Cn1cccc1C(=O)c1ccccc1)NCc1cccs1,1,2836
101181.0,CC(Oc1ccc(-c2ccccc2)cc1)C(=O)O,0,2837
3239372.0,CCOc1ccc(NC(=O)CCNS(=O)(=O)c2ccc3c(c2)c(=O)n(C)c(=O)n3C)cc1,1,2838
54693395.0,O=c1c(-c2ccccc2)c(O)c2cccc3c2n1CCC3,0,2839
3239419.0,COc1cc(OC)c(C2C(C(=O)Nc3ccc(C)cc3C)=C(C)Nc3ncnn32)cc1OC,1,2841
3239430.0,COC(=O)C1=C(NC(=O)c2cccs2)CCS1,1,2842
741378.0,COC(=O)Sc1nnc(-c2ccc(Br)cc2)o1,0,2843
3239474.0,Cc1oc(-c2ccccc2Cl)nc1CSCC(=O)NC1CC1,1,2844
3239491.0,CC(=O)NC(O)C(=O)c1ccco1,0,2845
3239498.0,CCOc1nc(NCCc2ccc(OC)c(OC)c2)nc(NC(C)(C)CO)n1,1,2846
3239501.0,COc1ccc(N2CCN(Cc3nc4c(c(=O)[nH]c(=O)n4C)n3CCCc3ccccc3)CC2)cc1,1,2847
3239509.0,Cc1cccc(Cn2cnc3c(nnn3Cc3ccc(Cl)cc3)c2=O)c1,1,2849
3239527.0,COC(=O)C(NS(=O)(=O)c1ccc(NC(C)=O)cc1)C(C)C,0,2850
3239549.0,CCCCOC(=O)C1=C(C)Nc2nnnn2C1c1ccc(OC)c(OC)c1OC,1,2851
3239551.0,CCn1c(=O)cc(SCC(=O)N2CCN(C(=O)c3ccco3)CC2)c2ccccc21,1,2852
3239565.0,COc1ccc(-c2cc(C(=O)NCc3cccnc3)no2)cc1OC,1,2854
719070.0,Cc1nc(S(=O)(=O)N(C)c2ccccc2)c(C#N)c(C)c1Cl,0,2855
3239579.0,NC(=O)CCCC1=NS(=O)(=O)c2ccccc2N1,0,2856
3239613.0,Cc1nc2c(C(=O)NCc3ccc4c(c3)OCO4)c[nH]n2c(=O)c1Cc1ccccc1F,1,2858
3239620.0,CCOC(=O)c1ccc(NC(=O)Nc2ccc3c4c(cccc24)C(=O)N3CC)cc1,0,2859
684679.0,CSc1nsc(SC)c1NC(=O)Nc1ccccn1,0,2861
3239643.0,S=c1[nH]nc(C23CC4CC(CC(C4)C2)C3)n1Cc1ccco1,1,2863
3239654.0,Cc1ccccc1C(=O)c1cccn1CC(=O)NCc1ccco1,1,2865
135467355.0,CCSc1nc2c(c(=O)[nH]1)C(c1ccncc1)C(C(=O)OC(C)C)=C(C)N2,1,2866
3239699.0,CCOC(=O)Cn1c(=O)oc2cc(S(=O)(=O)NCCc3ccc(OCC)c(OCC)c3)ccc21,1,2867
3239701.0,CCOc1ccc(N(CC(=O)NCc2ccc(OC)cc2)S(=O)(=O)c2c(C)noc2C)cc1,1,2868
3239707.0,Cc1cc(C)c(NC(=O)CSc2nnc(Cc3cccn3C)n2-c2ccc(F)cc2)c(C)c1,1,2869
719755.0,CC(=O)Nc1ccc2nc(C3CCCCC3)[nH]c2c1,0,2870
3239725.0,COC(=O)c1ccc(OCC2c3cc(OC)c(OC)cc3CCN2C(=O)C2CC2)cc1,1,2871
684970.0,Nc1nonc1-n1nncc1-c1ccccc1,1,2872
3239752.0,COCCNC(=O)C1CC(c2cccc(OC)c2)=NO1,0,2873
3239757.0,COc1ccc(OC(=O)c2ccncc2)cc1,0,2874
3239775.0,CCOc1ccc(N(CCC#N)S(=O)(=O)c2ccc(OC)cc2)cc1,1,2875
2861856.0,CN1C2CCC1CC(OC(=O)c1ccc(Cl)cc1)C2.Cl,0,2876
3239778.0,O=C(CN1CCN(S(=O)(=O)c2ccc(F)cc2)CC1)Nc1ccc(Cl)c(C(F)(F)F)c1,1,2877
3239781.0,CCCCOc1ccc(S(=O)(=O)Nc2cccnc2)cc1,1,2878
3239791.0,CCn1c(SCC(=O)Nc2ccc3c(c2)OCCO3)nc2c(c1=O)SC(C)C2,1,2879
3239797.0,CCOC(=O)c1c(C)c(C(=O)N2CCCCCC2)c(C)n1C,1,2880
3239817.0,O=C1OC2CC3CC1CC(O)(C3)C2,0,2881
3239823.0,O=C(c1cc(=O)[nH]c2ccc(Br)cc12)N1CCC2(CC1)OCCO2,0,2882
3239837.0,O=[n+]1c2c(n([O-])c3cc(F)c(F)cc31)CCCC2,0,2883
2155329.0,CCOc1ccc(-n2c(SCC(=O)Nc3ccc4c(c3)OCCO4)nc3c(c2=O)SCC3)cc1,0,2884
2049499.0,Cc1[nH]n(C(C)(C)C)c(=O)c1Sc1ccccc1,0,2885
6603521.0,COc1ccc2[nH]c3c(c2c1)CN(C)CC3.Cl,0,2886
3239891.0,Cc1ccc(CS(=O)(=O)CCC(=O)NCCCN2CCCC2)cc1,1,2887
3137668.0,Cc1ccnc(NS(=O)(=O)c2ccc(NC(=O)C3CCCNC3=O)cc2)n1,0,2889
3239900.0,Cc1oc(-c2ccccc2F)nc1CS(=O)CC(=O)N1CCC2(CC1)OCCO2,1,2890
3239914.0,COC(=O)C(C)Sc1ccc2nnc(-c3ccc(F)cc3)n2n1,0,2891
3239922.0,CCCCNC(=O)CC(=O)Nc1ccccc1C(=O)O,0,2892
3239941.0,COc1ccc(C2C(=O)N(C3CCCCCC3)CC(=O)N2Cc2ccccc2)cc1OC,1,2893
3239961.0,COc1ccc(N2CCC(CNC(=O)Nc3ccc(OC)cc3OC)C2)cc1,1,2894
3239962.0,O=C(NCC1CCCO1)C1CCN(S(=O)(=O)N2CCCC2)CC1,0,2895
3239973.0,CC(=O)N1c2ccc(S(=O)(=O)CCC(=O)O)cc2CC1C,0,2897
3239997.0,CCN(C(=O)COc1cc(=O)n(C)c2ccccc12)c1cccc(Cl)c1,1,2900
135422422.0,CCC(Sc1nc(C)cc(=O)[nH]1)C(=O)Nc1nc2c(s1)CCCC2,1,2904
3240062.0,CCCNC(=O)CC(NS(=O)(=O)c1ccc(Cl)cc1)c1ccco1,1,2905
3240072.0,O=C(NC1CCCc2ccccc21)C1CCN(S(=O)(=O)N2CCCCCC2)CC1,1,2906
3240075.0,O=C(O)c1cccnc1SCC(=O)N1CCCCCC1,0,2907
3240079.0,CC(=O)NC(CCS(C)(=O)=O)C(=O)Nc1c(F)cccc1F,0,2908
3240083.0,O=C(NCc1ccccc1Cl)C1CCN(S(=O)(=O)N2CCC3(CC2)OCCO3)CC1,1,2909
3240090.0,COC(=O)c1ccccc1NC(=O)C(CCS(C)(=O)=O)NC(C)=O,0,2910
3240093.0,CN(C)c1oc(-c2ccccc2)nc1C#N,0,2911
135520072.0,Cc1[nH]nc2nc(SCC(=O)NCC3CCCO3)n(-c3ccc(Br)cc3)c(=N)c12,1,2912
3240105.0,COCCNC(=O)c1cc(-c2cccc(OC)c2)on1,0,2913
1201476.0,COCc1c(C(N)=O)nnn1-c1nonc1N,0,2915
3240130.0,COc1ccc(NC(=O)C(c2ccc(OC)cc2)N(C)C(=O)CNC(C)=O)cc1,0,2916
742810.0,CSc1cc(C)nc(NC(C)=O)n1,0,2917
3240174.0,O=C(O)CN1CCN(Cc2ccc(F)cc2Cl)C1=O,1,2918
3240184.0,COc1ccc(NC(=O)Cn2nnc(C(N)=O)c2N)c(OC)c1,0,2919
3240186.0,CC1Cc2ccccc2N1C(=O)C1CCCN(S(=O)(=O)c2cccc3nsnc23)C1,1,2920
705105.0,CCOc1cc2c(C)cc(=O)oc2cc1Cl,0,2922
3240206.0,Cc1ccc(S(=O)(=O)NCC2CCC(C(=O)N3CCC4(CC3)OCCO4)CC2)cc1,1,2923
3240236.0,CC(C)NC(=O)C1CC(=O)N(c2ccc(F)c(Cl)c2)C1,0,2924
2786572.0,Cn1c(=O)c2nc(-c3ccccc3)oc2c2ccccc21,1,2926
135005.0,c1ccc(-c2nc3ccccc3o2)nc1,0,2928
1150890.0,COc1ccc(CCNC(=O)Cn2cnc3c2c(=O)n(C)c(=O)n3C)cc1OC,1,2929
605292.0,COc1nnc(OC)c2ccccc12,0,2930
3240316.0,CCCCN(C)C(=O)c1coc(=O)c2ccccc12,0,2931
3240317.0,Cc1cccc(C)c1NC(=O)N1CCC(N2CCCCC2)CC1,0,2932
3240318.0,O=C(NCCCN1CCCCCC1)C1CC(=O)N(CCc2ccccc2)C1,0,2933
3240319.0,CC(C)(C)c1[nH]nc2c1C(c1ccc(OC(=O)c3ccco3)cc1)C(C#N)=C(N)O2,1,2934
3240341.0,O=C(NC1CCCCC1)C(c1ccccc1)N1CCOCC1,1,2935
3240345.0,CCCS(=O)(=O)N1CCCC(C(=O)NCCCN2CCN(c3ccc(F)cc3)CC2)C1,0,2936
3240373.0,Cc1ccc(OC(=O)c2cccc(C(=O)Oc3ccc(C)cn3)n2)nc1,0,2937
3240381.0,Cc1cc2ccccc2n1CCNC(=O)C1CCCC1,1,2938
3240399.0,Cn1cnnc1SCC(=O)OCN1C(=O)c2ccccc2C1=O,0,2939
3240414.0,CCC(=O)Nc1ccc(C(=O)Nc2ccc3c(c2)OCO3)cc1,1,2940
3240432.0,CCOc1ccc(C(=O)CN2CCN(S(=O)(=O)c3ccc(F)cc3)CC2)cc1,1,2941
3240459.0,CCOc1ccc(CCNC(=O)C2CCN(S(=O)(=O)CC)CC2)cc1OCC,1,2943
690246.0,COc1cc(Cn2cnnn2)ccc1O,0,2944
3240467.0,CCn1c(SCC(=O)NC2CCCCC2)nc2c(c1=O)SC(C)C2,1,2945
3240481.0,COc1ccc(N2C(=O)CSC2c2cccc(F)c2)c(OC)c1,1,2946
6603311.0,Cc1n[nH]c(C)c1S(=O)(=O)N1CCC(C(=O)O)CC1.Cl,0,2947
3240495.0,CC(=O)Nc1ccc(S(=O)(=O)NC(CC(=O)NCCC2=CCCCC2)C(C)C)cc1,1,2948
3240500.0,CCN1CCN(Cc2ccc(NC(=O)Nc3cccs3)cc2)CC1,0,2949
3240501.0,CCS(=O)(=O)N1CCC(C(=O)NCc2cccnc2)CC1,0,2950
3240509.0,CCCCN(CC)Cc1ccc(CNC(=O)Nc2ccc(OC)cc2OC)o1,1,2951
3240529.0,COc1ccc(OC)c(NC(=O)CC(Cc2ccccc2OC)C(=O)O)c1,0,2953
3240544.0,CSc1ccc2nnc(-c3cccc(F)c3)n2n1,0,2956
3240546.0,COC(=O)C1C(=O)C2=C(CC1C)NC(=O)CC2c1cccc(C)c1,1,2957
3240558.0,COc1ccc(CCNC(=O)C2CCCN(Cc3nc(-c4cccc(Cl)c4)oc3C)C2)cc1OC,1,2958
3240582.0,COc1ccc2cc3cc(C(=O)NCCc4ccc(OC)c(OC)c4)oc3nc2c1,1,2959
3240616.0,CCC(=O)N1CCc2cc(S(=O)(=O)NC(C(=O)NCc3ccc(F)cc3)C(C)C)ccc21,1,2961
3240651.0,O=C(NCC(c1cccnc1)N1CCOCC1)Nc1ccccc1,1,2963
3240659.0,COc1ccc(CN2C(=O)CN(C3CCCCCC3)C(=O)C2c2ccc(OC)c(OC)c2)cc1,1,2964
3240665.0,Fc1ccc2nc(Nc3nc4c(s3)CCCC4)sc2c1,1,2966
564795.0,CCOC(=O)N(c1ccccc1)P1(=S)OCCO1,0,2967
3240677.0,O=C(O)c1ccccc1C(=O)NCc1ccc(F)cc1,0,2968
3240682.0,CCOC(=O)N1CCN(C(=O)CN(C)S(=O)(=O)c2ccc3c(c2)C(C)(C)C(=O)N3C)CC1,0,2969
579369.0,O=C(c1cccc(F)c1)N1C2C=CC(C2)C1(C(F)(F)F)C(F)(F)F,1,2970
2771368.0,O=C(O)CSc1sc(=S)sc1SCC(=O)O,1,2971
3240715.0,CNc1oc(C)nc1S(=O)(=O)c1ccc(C)cc1,0,2972
5322459.0,O=C(O)C1C2C=CC(C2)C1C(=O)N1CCN(C/C=C/c2ccccc2)CC1,0,2973
3240721.0,COc1ccc(OC)c2[nH]c(=O)c(CCNC(=O)c3ccc(S(=O)(=O)N(C)C)cc3)cc12,0,2974
3240742.0,Cn1c(=O)[nH]c(=O)c2c1nc(CN1CCOCC1)n2CCCO,0,2975
1104762.0,COc1ccccc1NC(=O)c1nc[nH]c1C(=O)Nc1ccccc1OC,0,2976
3240766.0,Cc1oc(C)c(C(=O)NCCCC(=O)O)c1C(=O)NCCCC(=O)O,0,2977
3240776.0,COC(=O)C1=C(C)OC(N)=C(C#N)C1c1cc(OC)ccc1OC,1,2978
3240794.0,O=C(O)c1cccc(N2CCCC2=O)c1,1,2979
3240799.0,CCOC(=O)CSc1nc2ccccc2c(=O)n1CC1CCC(C(=O)NCc2ccco2)CC1,1,2980
3240818.0,CCOC(=O)c1cnc2cc3c(cn2c1=O)CCCC3,0,2982
1263621.0,Cc1noc(N)c1C(=O)Nc1ccc(F)cc1,0,2983
3240822.0,COC(=O)N1CC(=O)N(OC)C1c1ccc(Cl)cc1Cl,0,2984
3240839.0,CCCCNC(=O)CCC(=O)Nc1ccc2nc(N3CCOCC3)cc(C)c2c1,1,2986
3240844.0,COc1ccc(N2CCN(C(CNC(=O)C3CCCCC3)c3cccnc3)CC2)cc1,1,2987
3240849.0,COc1ccc(NC(C)=O)cc1NC(=O)CN1CCN(CC(=O)Nc2ccccc2Cl)CC1,1,2988
3240860.0,CCCS(=O)(=O)N1CCCC(C(=O)NCCCN(C)Cc2ccccc2)C1,0,2989
3240900.0,Cc1ccc(S(=O)(=O)N2CCCC(C(=O)NCCCN3CCCCC3C)C2)cc1,1,2990
3240913.0,COc1ccc(OC)c(NC(=O)CSCc2cnn(-c3ccccc3)c2-n2cccc2)c1,1,2992
3240920.0,O=c1[nH]ncn2cccc12,0,2993
3240921.0,O=C(CCCn1c(=S)[nH]c2cc3c(cc2c1=O)OCO3)N1CCN(c2ccccc2)CC1,1,2994
3240947.0,CC(=O)NCCc1cc2cc(C)c(C)cc2[nH]c1=O,0,2995
3240958.0,CN(CC(=O)Nc1ccc(F)c(F)c1)S(=O)(=O)c1cccc2nsnc12,1,2996
3240959.0,CCn1c(=O)cc(OCC(=O)Nc2cccnc2)c2ccccc21,1,2997
3240975.0,Cc1ccc(CNC(=O)CN2C(=O)COc3ccc(C)cc32)cc1,1,2998
3240997.0,COc1ccc(OC)c2[nH]c(=O)c(CCNC(=O)c3ccc(S(=O)(=O)N4CCCC4)cc3)cc12,1,2999
3241000.0,Cn1c(=O)oc2cc(S(=O)(=O)NCCC(=O)N3CC=C(c4ccccc4)CC3)ccc21,1,3000
752452.0,O=C(CSc1nc2ccccc2[nH]1)NCCN1CCCCC1,0,3002
3241016.0,COc1cc2c(cc1OC)C(C(=O)Nc1ccc3c(c1)OCCO3)C(c1cccnc1)N(C)C2=O,1,3003
3241018.0,COCC(=O)Oc1c(S(=O)(=O)c2ccc(C)cc2)c(C)nn1-c1ccccc1,0,3004
3241027.0,Cc1ccc2c(c1)N(CCC(=O)NCc1ccc3c(c1)OCO3)C(=O)CO2,1,3005
3241034.0,CCn1c(SCC(=O)Nc2nc3ccc(C)cc3s2)nc2c(c1=O)SC(C)C2,1,3006
3241044.0,CC(C)(C)NC(=O)C(Cc1ccccc1)NS(=O)(=O)c1ccc2c(c1)CCC(=O)N2,1,3007
3241056.0,CCC(=O)NCCNC(=O)c1c(SC)nsc1SC,0,3008
3241070.0,O=C(NCc1cccs1)C1CCN(S(=O)(=O)c2cccc3nsnc23)CC1,1,3009
3241084.0,COc1ccc(OC)c(CNC(=O)CCNC(=O)Cn2ccc3ccccc3c2=O)c1,0,3010
3241109.0,O=C(Nc1ccc(-n2nncc2-c2ccco2)cc1)c1cc2ccccc2oc1=O,1,3011
3241119.0,COc1ccc(OC)c(NC(=O)c2cc3n(n2)C(C(F)(F)F)CC(c2ccc4c(c2)OCO4)N3)c1,1,3014
3241128.0,CCCOc1ccc(OC(=O)c2ccc(Br)o2)cc1,0,3016
3241138.0,COc1ccc(-c2cn3c(C)c(C(=O)NCCN4CCOCC4)sc3n2)cc1,1,3017
3241143.0,CC1CCCC(C)N1C(=O)c1cc(-c2ccc(Cl)c(Cl)c2)on1,1,3018
3241165.0,COc1ccc(C2=NOC(C(=O)Nc3ccc(C(C)=O)cc3)C2)cc1OC,1,3019
3241174.0,CN(C)c1nc2c(c(=O)[nH]c(=O)n2C)n1Cc1ccccc1Br,0,3020
5292846.0,CCOC(=O)/C=C1\NC(C)(C)Cc2cc(OC)c(O)cc21,1,3021
3241189.0,CCOc1ccc(S(=O)(=O)NCc2ccc(F)cc2)c2cccnc12,1,3022
1518984.0,COC(=O)c1cc(=O)n(C2CC2)c(=NC2CC2)s1,0,3023
3104616.0,CCCCOc1ccc(C(=O)NCc2ccco2)cc1,0,3024
3241233.0,O=C(NCCN1CCOCC1)c1csc2c1CCCCC2,0,3025
3241236.0,O=C(CSc1nc2c(c(=O)n1-c1ccc(F)cc1)SCC2)N1CCCC1,0,3026
3241242.0,OCC1N=C(c2ccccn2)OC1c1ccccc1,0,3027
3241244.0,COc1ccc(C2C(=O)N(CCc3ccccc3)CC(=O)N2C2CCCC2)cc1,1,3028
3241265.0,COc1ccc(CCN2CC34C=CC(O3)C(C(=O)NCc3ccccc3)C4C2=O)cc1OC,1,3029
693071.0,CCOc1ccccc1NC(=O)CCC(=O)O,0,3031
3241301.0,O=C(CN1CCN(S(=O)(=O)c2ccc(F)cc2)CC1)Nc1ccc2c(c1)OCO2,1,3032
3241353.0,CCC(C)Nc1nc(OCC(F)(F)F)nc(OCC(F)(F)F)n1,0,3034
3241365.0,CCOC(=O)c1ccc(CNC(=O)C2CCCCC2C(=O)OCC(F)(F)F)o1,0,3035
2974470.0,COc1ccc(F)cc1S(=O)(=O)NC(Cc1ccccc1)C(N)=O,1,3036
3241439.0,CCOc1ccc(C2C(C(=O)O)c3ccccc3C(=O)N2CCN2CCOCC2)cc1,0,3039
3241450.0,CCN(CC)S(=O)(=O)N1CCC(C(=O)NCc2ccc(C)cc2)CC1,1,3040
3241461.0,COc1ccc(Nc2cc(=O)n(C3CCCCC3)c(=O)[nH]2)c(OC)c1,1,3041
2972179.0,CN(C)CCn1c(C(=O)O)cc2ccccc21.Cl,0,3042
3241475.0,CCN1CCN(C(c2cccs2)C(C)NC(=O)c2cccnc2)CC1,0,3043
3241478.0,O=C(NCC1CCCO1)C1CC(=O)N(C2CCCCCC2)C1,0,3044
3241479.0,CC1Cc2ccccc2N1C(=O)CSCC(=O)O,0,3045
3241493.0,COc1cccc(C2=NOC(C(=O)Nc3ccc(OC)c(OC)c3)C2)c1,1,3046
3241497.0,CCC(C)NC(=O)CCC(=O)Nc1ccc2nc(N3CCOCC3)cc(C)c2c1,0,3047
3241504.0,CCOC(=O)N1CCC(NC(=O)CSCc2cnn(-c3ccccc3)c2-n2cccc2)CC1,1,3048
3241505.0,COc1ccc(-c2cn3c(C)c(C(=O)NC(C)C)sc3n2)cc1,0,3049
3241522.0,Cc1cccc(N2CCN(C(=O)CCCn3c(=S)[nH]c4cc5c(cc4c3=O)OCO5)CC2)c1C,1,3050
3241524.0,CCOC(=O)CCc1c(C)nc2ncnn2c1C,0,3051
3241530.0,O=C(NCCN1CCN(Cc2ccccc2)CC1)C1c2ccccc2C(=O)N2CCc3ccccc3C12,0,3052
744264.0,Cn1c(SCc2nc3ccccc3n2CCO)nc2ccccc21,1,3053
3241555.0,COC(=O)c1cccc(C(=O)Oc2cccc(Br)c2)n1,0,3054
3241559.0,CCCS(=O)(=O)N1CCCC(C(=O)NCCN(Cc2ccccc2)C(C)C)C1,0,3055
3241568.0,Cc1cc2c(c(=O)o1)C1(C(=O)N(CC(=O)O)c3ccccc31)C(C#N)=C(N)O2,0,3056
3241580.0,Cc1ccc2c(c1)N(CC(=O)NC1CCCc3ccccc31)C(=O)CO2,1,3057
3241582.0,CCC1C(=O)N=C(SCC(=O)Nc2ccc(C(=O)OC)cc2)NC1=O,0,3058
3241631.0,CCCS(=O)(=O)N1CCCC(C(=O)NCc2cccnc2)C1,0,3061
3241647.0,CCN1C(=O)/C(=C2\SC(N3CCCCC3)=NC2=O)c2ccccc21,1,3064
3241650.0,Cc1ccc(CCNC(=O)CCNS(=O)(=O)c2ccc3c(c2)c(=O)n(C)c(=O)n3C)cc1,1,3065
3241669.0,CCN(CC)S(=O)(=O)CCP(=O)(O)CN1CCCCC1,0,3066
3241670.0,CN(C)c1ccc(NC(=O)CN2C(=O)CN=C(c3ccccc3)c3ccccc32)cc1,1,3067
3241680.0,CCN1CCN(CCCNC(=O)C(NC(=O)C2CCC(C)CC2)C(C)C)CC1,0,3068
3241684.0,O=C(NCC1CCCO1)C1CCC(=O)N1CCc1ccccc1,0,3069
3241690.0,c1ccc(-c2noc(-c3ccc4ccccc4c3)n2)cc1,0,3070
3241708.0,CC(=O)Nc1cc(C(=O)N2CCCC2)ccc1S(=O)(=O)c1ccc(C)cc1,1,3071
3241709.0,CCn1c(N)c(C(=O)NCc2cccnc2)sc1=S,1,3072
3241718.0,O=C(C1CCN(S(=O)(=O)c2cccc3nsnc23)CC1)N1CCN(c2ccccc2F)CC1,0,3075
3241729.0,Cc1ccc(-c2ccc(=O)n(CC(=O)NCCN(C)C)n2)cc1,0,3077
3241735.0,O=S(=O)(NCCNS(=O)(=O)c1cccs1)c1cccs1,0,3078
839995.0,O=C(CCc1ccccc1)Nc1ncn[nH]1,0,3079
3241755.0,COc1cccc(NC(=O)c2oc3ccccc3c2NC(=O)c2ccc3c(c2)OCO3)c1,1,3081
135412064.0,CCCCCSc1nncc(=O)[nH]1,0,3082
135450217.0,Cc1ccc(C2CC(=O)C(C=NCCN3CCN(C(=O)Cc4ccccc4)CC3)=C(O)C2)cc1,1,3083
3241776.0,COC(=O)C1CCC(C)(C(=O)Nc2ccccc2)C1(C)C,0,3085
3241797.0,O=S(=O)(Nc1ccc2oc(-c3ccccc3)nc2c1)c1ccccc1,0,3086
3241814.0,Cn1c(C(=O)NCC2CCCO2)cc2c(=O)n3ccccc3nc21,0,3087
3241821.0,CCOC(=O)N1CCN(C(=O)C(CC)n2nc(C)c3sc4ccccc4c3c2=O)CC1,1,3089
619280.0,CCOC(=O)C1(N(CC)CC)Sc2cc(C)ccc2NC1=O,1,3090
243414.0,N#CCCn1nnc2ccccc21,0,3091
3241853.0,O=C(CNS(=O)(=O)c1cccs1)N1CCC2(CC1)OCCO2,0,3092
3241872.0,COc1ccc(S(=O)(=O)NCc2ccc(C(=O)N3CCN(c4ccccn4)CC3)cc2)cc1,1,3093
3241878.0,CCOc1ccc(-c2nnc3ccc(SC)nn23)cc1,0,3094
3241881.0,CCOC(=O)C1CCN(C(=O)C2CCN(c3nc4ccc(OC)cc4s3)CC2)CC1,0,3095
3241907.0,COc1ccc(N2C(=O)CCC(C(=O)N3CCC(C(N)=O)CC3)C2c2ccc(F)cc2)cc1,1,3096
135544650.0,Oc1[nH]c2ccccc2c1/C=N/c1nccs1,1,3097
2053792.0,O=S(=O)(Nc1ccc2c(c1)OCCO2)c1cccc2cccnc12,1,3099
714398.0,CC12CN3CC(C)(CN(C1)C31CCSCC1)C2=O,0,3100
756904.0,Cc1cc(C)nc(NC(=O)CCCC(=O)O)c1,0,3101
3242009.0,COc1ccc(CCNC(=O)c2nnn(CC(=O)Nc3ccccc3C)c2N)cc1OC,1,3103
3242012.0,O=C(O)CCC(=O)N1CCc2cc(S(=O)(=O)NCc3cccs3)ccc21,0,3104
3242027.0,CCCNC(=O)c1c(C)cc(=O)oc1C,0,3106
3242055.0,COC(=O)CSc1ccc2nnc(-c3ccc(F)cc3)n2n1,0,3107
3242061.0,NC(=O)C1(N2CCCCC2)CCN(C(=O)c2cccn3c(=O)c4cc(Cl)ccc4nc23)CC1,1,3108
2641318.0,CCOC(=O)NC(=O)CSc1nc2ccc(OCC)cc2[nH]1,1,3109
81146.0,O=C(O)c1cc2cc(OCc3ccccc3)ccc2[nH]1,0,3110
3242099.0,Cc1ccc(CNC(=O)CCc2c(C)nc3ncnn3c2C)cc1,1,3111
3242127.0,O=C(C1CCN(S(=O)(=O)c2cccc3nsnc23)CC1)N1CCCc2ccccc21,1,3113
3242156.0,Cn1c(=O)c2cc(S(=O)(=O)NCCC(=O)N3CC=C(c4ccccc4)CC3)ccc2n(C)c1=O,1,3114
776387.0,COc1ccc(OC)c(NC(=O)[C@H]2CC=CC[C@H]2C(=O)O)c1,0,3116
3242188.0,CCCCN(C)CCCNC(=O)CS(=O)Cc1nc(-c2ccc(OC)c(OC)c2)oc1C,1,3117
3242207.0,Cc1cc(=O)c2c(O)c(O)ccc2o1,0,3118
3242274.0,Cc1cc(NC(=O)C2CCCCC2)nc2c1c(=O)oc1ccccc12,0,3122
3242279.0,CCCC(=O)Nc1c2c(nn1-c1ccc(C)cc1C)CSC2,1,3123
3242293.0,COc1ccc(S(=O)(=O)N2CCN(CC(=O)Nc3cccc(F)c3)CC2)cc1,1,3124
3242299.0,COCCN1CSC(=S)N(Cc2ccco2)C1,1,3126
3242305.0,COc1ccc(OC)c2[nH]c(=O)c(CCNS(=O)(=O)c3ccc(C)cc3)cc12,1,3127
1069530.0,O=C(Nc1cccc(NC(=O)c2ccc(-c3cccc(Br)c3)o2)c1)c1ccco1,1,3128
3242321.0,Cc1ccc(CN2CC34C=CC(O3)C(C(=O)NCc3ccc5c(c3)OCO5)C4C2=O)cc1,1,3129
3242371.0,COc1ccc(-c2cc(CCCC(=O)NCCc3ccc(OC)cc3OC)no2)cc1,1,3131
3242379.0,COc1ccccc1N1CCN(C(=O)C(NS(=O)(=O)c2cccs2)c2ccccc2)CC1,1,3133
3242388.0,COc1cc2c(cc1OC)C(C(=O)Nc1ccccn1)C(c1cccnc1)N(C)C2=O,0,3134
3242389.0,Cc1ccccc1NS(=O)(=O)c1ccc2[nH]cc(C(=O)NCCCN3CCOCC3)c(=O)c2c1,1,3135
3242391.0,COc1cc(OC)c(C2N(c3cc(C)on3)C(=O)C3CCCN32)cc1OC,0,3136
2833784.0,CC(=O)OC1CCC(OC(C)=O)c2c1n([O-])c(C)c(C)[n+]2=O,0,3137
3242395.0,CC1=C(C(N)=O)C(c2ccccn2)n2nc(SCc3ccccc3Cl)nc2N1,1,3138
3242396.0,COc1ccccc1CNC(=O)CCN1C(=O)COc2ccc(C)cc21,1,3139
3242406.0,COc1cc(C(=O)NCC(c2cccnc2)N2CCN(C)CC2)cc(OC)c1OC,0,3140
3242412.0,COc1ccccc1NC(=O)CN1CCN(c2ccccc2F)CC1,0,3141
3242418.0,COc1cccc(CNC(=O)C2CCN(S(=O)(=O)N3CCCCC3)CC2)c1,1,3142
3242422.0,CCCCOC(=O)CSCC(=O)Nc1cc(C)on1,0,3143
3242429.0,O=C(NCCCN1CCCC1=O)c1ccc(CNS(=O)(=O)c2ccc(F)cc2)cc1,0,3145
3242468.0,COCCNC(=O)c1ccc2c(c1)nc(C)n2-c1cc(OC)c(OC)c(OC)c1,0,3147
3242475.0,CCCCN(C(=O)NC(=O)Nc1ccccc1OCC)S(C)(=O)=O,0,3149
3242491.0,O=C(NCc1cccnc1)C1c2ccccc2C(=O)N1C1CCCCCCC1,1,3151
866705.0,COc1cccc(-n2ccnc2SCC(=O)Nc2nccs2)c1,1,3152
3242503.0,Cc1c(C(=O)O)oc2ccc(S(=O)(=O)NCc3ccc4c(c3)OCO4)cc12,1,3153
3242530.0,CCOc1ccccc1NC(=O)C1=C(C)NC(=O)NC1c1cccc(OC)c1OC,1,3154
3242542.0,Cc1ccc(-n2c(=O)[nH]cc(C(=O)N3CCc4ccccc43)c2=O)cc1,0,3155
3242556.0,CCS(=O)(=O)N1CCC(C(=O)NCc2ccco2)CC1,0,3156
3242598.0,Cc1ccc(C(=O)N(CN2CCCC2=O)c2ccccc2)cc1C,1,3157
3242617.0,O=C(CN1CCN(S(=O)(=O)c2ccc(Cl)cc2)CC1)Nc1ccc2c(c1)OCO2,1,3158
3242639.0,CC1=C(C(N)=O)C(c2ccccc2)n2nc(-c3ccncc3)nc2N1,1,3161
3242645.0,O=C(Nn1cnc2ccccc2c1=O)c1ccc(F)cc1Cl,0,3162
3242650.0,CCC(C)NC(=O)CCS(=O)(=O)c1ccc(Br)s1,1,3163
3242673.0,Cc1ccc(S(=O)(=O)n2nc(C)c(Br)c2C)c(C)c1C,0,3164
2992168.0,COc1ccc(-c2cc(C(F)(F)F)nc(N3CCOCC3)n2)cc1OC,1,3165
135402594.0,CCOC(=O)C(/C(N)=N/C(=O)Nc1ccccc1)=C(\C)O,0,3166
3242711.0,O=C(O)CCC(=O)N1CCc2cc(S(=O)(=O)N3CCCCC3)ccc21,0,3168
135522058.0,COc1cccc(OC)c1/C(O)=C(\C#N)c1nc2ccccc2[nH]1,1,3169
70766.0,Nc1cccc2cnccc12,1,3170
3242715.0,COC(=O)C1=C(NC(=O)c2ccc(C)c(C)c2)CCS1,1,3171
3242716.0,CCCCOc1ccc(CNn2c(C)nc3ccccc3c2=O)cc1,1,3172
3242738.0,CN(CC(=O)N1CCN(c2ccccc2)CC1)S(=O)(=O)c1cnc[nH]1,1,3173
2972762.0,O=S(=O)(NCCOCC(F)(F)F)c1ccc2oc3ccccc3c2c1,0,3174
3242749.0,CCCCCn1c(SCc2ccncc2)nc2cc(C(=O)NCc3ccco3)ccc2c1=O,1,3175
599987.0,Nc1nonc1-c1noc(CCCN2C(=O)c3ccccc3C2=O)n1,1,3176
3242766.0,O=C(O)CSCNC(=O)CC12CC3CC(CC(C3)C1)C2,1,3177
3242767.0,Cc1ccc(C(=O)NCCCN2CCOCC2)cc1N1CCCC1=O,0,3178
3242777.0,Cc1ccc2cc(CCNC(=O)c3ccc(Br)o3)c(=O)[nH]c2c1,1,3179
3242785.0,CC(C)C(NS(=O)(=O)c1cccc2nsnc12)C(=O)N1CCc2ccccc2C1,1,3180
3242788.0,COc1cc(N2CCOCC2)ncn1,0,3181
3152509.0,Cc1cc(C(=O)O)c(=O)[nH]c1C,0,3182
3242798.0,O=C(NCCC1=CCCCC1)C1CCCN(c2nc3ccccc3o2)C1,1,3183
3242801.0,Cc1ccc(C(=O)NCC2CCCO2)cc1N1CCCC1=O,0,3184
3242805.0,COc1ccc(CCNc2nc(-c3ccco3)cc(C(F)(F)F)n2)cc1OC,1,3185
3242845.0,CC(C)(CC(=O)N1CCN(c2ccc(Cl)cc2)CC1)CC1=NS(=O)(=O)c2ccccc2N1,1,3187
135402275.0,CCCc1cc(=O)[nH]c(SCC)n1,0,3189
3242877.0,Cc1ccc(N2C(=O)C3C4C=CC(C4)C3C2=O)cc1C,1,3190
3242883.0,Cc1ccc(Cn2nc(C)c(NC(=O)c3cc(-c4ccco4)on3)c2C)cc1,1,3191
3242906.0,S=C1SCN(Cc2ccccn2)CN1Cc1ccco1,1,3192
135467358.0,CCSc1nnc(-c2ccccc2NC(C)=O)c(=O)[nH]1,0,3193
3242936.0,CCn1c(CC(C)C)n[nH]c1=S,0,3195
3242946.0,Cc1ccc(Cn2cnc3c(nnn3Cc3ccc(Cl)cc3)c2=O)cc1,1,3196
5771437.0,Fc1ccc2nc3[nH]c4ccccc4c3nc2c1,1,3197
3242966.0,CCCS(=O)(=O)N1CCCC(C(=O)NCCCN2CCN(c3cccc(Cl)c3)CC2)C1,0,3198
3242978.0,COc1ccc(C(=O)CN2CCN(c3ccc(F)cc3)CC2)cc1OC,1,3199
3242983.0,CCOc1ccc(NC(=O)N(CCN2CCOCC2)Cc2ccc3c(c2)CCCN3CC)cc1,1,3200
3242993.0,CCc1cc2c(=O)c(-c3cnn(-c4ccccc4)c3)coc2c(CN2CCOCC2)c1O,0,3201
3242995.0,COc1ccc(S(=O)(=O)N2CCN(CC(=O)Nc3cc(C(F)(F)F)ccc3Cl)CC2)cc1,1,3202
3242996.0,O=C(CN1C(=O)C2C3C=CC(C3)C2C1=O)Nc1cccc2c1CCCC2,1,3203
2804810.0,O=C(NCCCn1ccnc1)Nc1ccc(Cl)cc1,1,3204
3243014.0,O=C(CCCCn1c(=S)[nH]c2ccsc2c1=O)NCc1ccco1,1,3205
3243023.0,Cc1ccc(CN2CC34C=CC(O3)C(C(=O)NCc3ccco3)C4C2=O)cc1,1,3207
3243045.0,COc1ccc2cc(CCNC(=O)C3CC3)c(=O)[nH]c2c1,0,3208
3243057.0,O=c1[nH]ncc2c3ccccc3n(Cc3ccccc3)c12,0,3209
3243076.0,Cc1cc(NC(=O)CSc2nc3ccccc3c(=O)n2CCCC(=O)NCc2ccco2)n[nH]1,1,3210
3243078.0,O=C(O)C1CCN(S(=O)(=O)c2cccnc2)CC1,0,3212
3134044.0,Cc1ccc(C2CC(C(F)(F)F)n3nc(C(=O)NCCN4CCOCC4)cc3N2)cc1,1,3213
3243117.0,COC(=O)c1cccc(C(=O)Nc2ccc(C)cc2)n1,1,3215
3243127.0,Cc1ccc(NC(=O)c2nnn(-c3cc(C)cc(C)c3)c2N)cc1,0,3216
3243162.0,CCC(Sc1ncccc1C(=O)O)C(=O)N1CCOCC1,0,3218
707391.0,Clc1ccc(-c2nnc(-c3ccco3)o2)cc1,0,3219
3243172.0,O=C1Nc2cc(C(=O)N3CCOCC3)ccc2SC1N1CCOCC1,0,3220
958894.0,CC1=CC(=C2C(=O)c3ccccc3C2=O)C=C(C)N1Cc1ccco1,1,3221
3243206.0,Cn1c(C(=O)N2COCC2(C)C)cc2c(=O)n3ccccc3nc21,0,3222
3243207.0,CCN(C(=O)c1cnc(N2CCN(c3ncccn3)CC2)c2ccccc12)c1cccc(Cl)c1,1,3223
3243223.0,CC(C)(C)n1ncc2c(=O)n(CC(=O)NCc3ccccc3Cl)cnc21,0,3224
3243240.0,COc1ccccc1N1CCN(c2nc(-c3ccccc3)cc(C(F)(F)F)n2)CC1,0,3225
694194.0,O=C(OCn1nnc2ccccc2c1=O)c1cccnc1,1,3226
2052768.0,COc1cccc(-c2cc(C(F)(F)F)nc(N3CCOCC3)n2)c1,1,3227
3243283.0,CCN1CCCC1CNC(=O)CSCc1nc(-c2ccccc2C)oc1C,1,3228
3243287.0,CCCCN1C(=O)CN(CCc2ccccc2)C(=O)C1c1ccc(OC)cc1,1,3229
686110.0,CC(=O)Nc1c2c3c(cccc3n(C)c1=O)C(=O)c1ccccc1-2,1,3230
3243314.0,CCS(=O)(=O)N1CCC(C(=O)NCCN2CCN(Cc3ccccc3)CC2)CC1,0,3231
3243318.0,COc1ccccc1-n1c(CNC(=O)c2ccco2)nnc1SCC(=O)Nc1ccc(F)cc1,1,3232
2867472.0,O=C1C=C(NCCN2CCOCC2)CC(c2ccccc2)C1,0,3233
3243332.0,CCOC(=O)N1CCN(S(=O)(=O)c2ccc3[nH]cc(C(=O)O)c(=O)c3c2)CC1,0,3234
3243333.0,COCCNC(=O)CCn1c(=O)oc2ccccc21,0,3235
3243358.0,CCCOc1ccccc1C1CC(=O)NC(C)=C1C(=O)OCC(C)C,1,3236
6603654.0,COc1ccc(C2NCc3ccc4c(c3-n3cccc32)OCO4)cc1OC.Cl,1,3237
3243373.0,O=C(c1ccc2c(=O)n(Cc3ccco3)c(=S)[nH]c2c1)N1CCN(c2ccccc2)CC1,1,3238
609231.0,CCCCC(=O)NC(Nc1cc(C)ccn1)(C(=O)OCC)C(F)(F)F,1,3240
3243405.0,O=C(CN1C(=O)C2C3C=CC(C3)C2C1=O)Nc1ccc2c(c1)OCCO2,1,3241
3243410.0,Cc1cccc(-c2nsc(SCC(=O)Nc3nccs3)n2)c1,1,3242
3243426.0,Cc1ccc(CNC(=O)Cn2c(=O)oc3ccccc32)o1,0,3245
1246518.0,Cc1ccc(S(=O)(=O)N2CCN(C(=O)CN3CCOCC3)C2)cc1,0,3246
3243433.0,COc1cccc(NS(=O)(=O)c2ccc3[nH]cc(C(=O)NCCN4CCOCC4)c(=O)c3c2)c1,1,3247
2872630.0,C=CCc1cccc(C2Nc3ccccc3C(=O)N2O)c1O,1,3248
3243443.0,CC1CCN(C(=O)CN(C)S(=O)(=O)c2cccc3nsnc23)CC1,1,3249
3243454.0,CCC(Sc1nc(=O)cc(N)n1CCc1ccccc1)C(=O)Nc1ccccc1C#N,1,3250
3243463.0,CCOC(=O)C1CCCN(C(=O)C2CCN(S(=O)(=O)CC)CC2)C1,0,3251
3243485.0,O=C1CSC(c2ccccc2F)N1c1cc(Cl)ccc1O,1,3253
600980.0,CCc1c(C)c2c(C)[nH]nc2oc1=O,0,3254
3243494.0,CC(C)C(NS(=O)(=O)c1cccs1)C(=O)NCCN1CCN(c2ccccc2)CC1,1,3255
3243496.0,OC(Cc1nc2ccccc2[nH]1)c1ccccc1Cl,1,3256
3243507.0,COCC(=O)Nc1ccc(-c2cn3cccnc3n2)cc1,0,3257
3243508.0,CC(=O)N1c2c(cc(Br)cc2S(=O)(=O)NCC2COc3ccccc3O2)CC1C,1,3258
3243514.0,CCOc1ccc(-c2cc(CCCC(=O)Nc3cc(OC)ccc3OC)no2)cc1,1,3259
3243524.0,O=C(O)CCc1nn2c3ccccc3nc2n(CCN2CCCCC2)c1=O,0,3260
426788.0,Cc1onc(-c2ccccc2Cl)c1C(=O)NCC(=O)O,0,3261
3243567.0,COC(=O)CNC(=O)CCCCC(=O)NCC(=O)OC,0,3262
3243589.0,CC(NC(=O)c1cc2ccccc2o1)C(=O)O,0,3263
3243590.0,Cc1cc(C)c(C#N)c(SCS(=O)c2ccc(C(C)(C)C)cc2)n1,1,3264
3243615.0,O=C(Nc1cccc(C(F)(F)F)c1)C1CCCN1S(=O)(=O)c1cccc2cccnc12,1,3267
3243623.0,CC(C)(C)c1ccc(C(=O)NCCC(=O)NCc2ccco2)cc1,1,3268
3243635.0,CCC(CC)C(=O)Nc1c2cnn(-c3ccccc3)c2nc(=O)n1-c1ccccc1,0,3269
3243636.0,CCC(C)NC(=O)Cn1cnc2sc(C)cc2c1=O,0,3270
3243650.0,COc1ccccc1NC(=O)CN1CCN(CC(=O)Nc2ccc(OCc3ccccc3)cc2)CC1,0,3271
3243652.0,CSc1nsc(SC)c1NC(=O)OCC1CCCO1,0,3272
2155640.0,CCCCN(C)S(=O)(=O)c1ccc(C(=O)Nc2nnc(CSC)o2)cc1,0,3273
232388.0,O=C(O)C1CCCN1C(=O)OCc1ccccc1,0,3274
3243674.0,Cc1ccc(CCN2CC(C(=O)NCCN3CCOCC3)CC2=O)cc1,0,3275
3243676.0,CCC(Sc1nc2cc3c(cc2c(=O)n1Cc1ccco1)OCO3)C(=O)Nc1cccc(OC)c1,1,3276
3243698.0,Cc1ccc(S(=O)(=O)N2CCN(C(=O)c3ccccc3)C2C(C)C)cc1,1,3277
3243701.0,CCOC(=O)N1CCC(NC(=O)CS(=O)(=O)Cc2nc(-c3cccc(OC)c3)oc2C)CC1,1,3278
3243718.0,COc1ccccc1NC(=O)C1=C(C)Nc2nnnn2C1c1cc(Br)ccc1OC,1,3279
3243725.0,CCCCN(C)CCCNC(=O)CCn1nc(-c2ccccc2)ccc1=O,0,3280
694660.0,Cc1sc(CO)c(Sc2ccccc2)c1C(=O)O,0,3282
3243751.0,CCOc1ccc(NC(=O)c2nnn(CC(=O)Nc3ccccc3OC)c2N)cc1,0,3283
3243758.0,O=C(c1ccc(COc2ccc(F)cc2)o1)n1cccn1,0,3284
3243772.0,O=C(NCCCN1CCN(c2cccc(Cl)c2)CC1)C1CCC(=O)N1Cc1ccccc1Cl,0,3285
3243795.0,N#Cc1c(N)nc2c(c1-c1cccc(O)c1)CCCCCC2,1,3286
3243797.0,COc1cccc(-c2cc(C(=O)Nc3cccc(O)c3)no2)c1,1,3287
3243819.0,Cn1c(C(F)(F)F)nc2c(=O)oc3ccccc3c21,0,3288
3243841.0,COc1ccc(S(=O)(=O)N2CCN(CC(=O)Nc3cc(OC)cc(OC)c3)CC2)cc1,1,3290
3243842.0,COc1ccc(-c2cnnn2-c2ccc(NC(=O)c3ccco3)cc2)cc1OC,1,3291
3243851.0,CCc1ccccc1NC(=O)c1ccc(F)c(S(=O)(=O)N2CCC(C(N)=O)CC2)c1,1,3292
3243857.0,O=C1c2cccnc2C(O)N1C1CCCCC1,0,3293
3243869.0,COc1ccc(NC(=O)c2ccc3c(=O)n(Cc4ccco4)c(=S)[nH]c3c2)c(OC)c1,0,3294
3243879.0,CCCNC(=O)Cn1cnc2sc(C(=O)NCCN(CC)CC)c(C)c2c1=O,0,3295
3243918.0,Cn1c(=O)cc(OCC(=O)NCc2cccnc2)c2ccccc21,1,3297
3243919.0,O=C(CCNS(=O)(=O)c1ccc2c(c1)CCC(=O)N2)NCc1ccc2c(c1)OCO2,1,3298
3243941.0,Cc1ccccc1-n1nc2c(c1NC(=O)c1c(-c3ccccc3Cl)noc1C)CSC2,1,3300
3243958.0,CCCCN(C(=O)c1c(C)[nH]c(C(=O)OCC)c1C)c1ccccc1,1,3301
3243959.0,CC1CCc2c(C(=O)NCCN3CCOCC3)csc2C1,0,3302
3243981.0,O=C(CCC1CCCCC1)Nc1c2c(nn1-c1ccc(F)cc1)CS(=O)(=O)C2,1,3305
3244020.0,O=C(NCC1COc2ccccc2O1)C1CCN(S(=O)(=O)c2cccc3nsnc23)CC1,1,3306
223042.0,COc1ccc(C(=O)c2ccc(OC)c(OC)c2)cc1OC,1,3307
3244032.0,CSc1nc(C2CC2)cc(-c2cccs2)c1C#N,0,3308
3244053.0,O=S(=O)(NC1CCN(Cc2ccccc2)CC1)c1cccc2cccnc12,1,3310
3244069.0,CCS(=O)(=O)N1CCC(C(=O)NCc2ccc(F)cc2Cl)CC1,0,3311
3244072.0,CC(=O)C1C(c2ccccc2OC(F)F)NC(=O)NC1(O)C(F)(F)F,0,3312
3244097.0,COc1cccc2cc(NC(=O)C3CCCCC3)c(=O)oc12,0,3313
3244103.0,Cc1cccc(-c2nc(CN3CCCC(C(=O)NC4CCCCC4)C3)c(C)o2)c1,1,3314
1284314.0,O=C(Nc1c(C(=O)N2CCOCC2)cnn1-c1ccccc1)c1ccco1,0,3315
3244105.0,CC(=O)Nc1ccc(-c2cn3cccnc3n2)cc1,0,3316
3244106.0,CC1(C)OC(=O)C(=CNn2cnc3ccccc3c2=O)C(=O)O1,0,3317
3244119.0,O=C(O)CCC(=O)N1CCOc2ccc(Cl)cc21,0,3318
3244121.0,N#CCSc1nc2ccc(N3CCCCC3)cc2c(=O)n1Cc1ccccc1,1,3319
3244122.0,O=C1c2ccccc2NC(c2ccc(Cl)cc2Cl)N1O,0,3320
3244137.0,O=C(NCC1CCCO1)C1c2ccccc2C(=O)N1Cc1ccc2c(c1)OCO2,1,3321
3244151.0,COc1ccc(C(O)c2nccn2Cc2ccccc2)cc1,0,3323
3244152.0,O=C(NCCCN1CCCCCC1)C1CC(=O)N(C2CCCC2)C1,0,3324
3244163.0,COc1ccc2cc3cc(C(=O)Nc4ccc5c(c4)OCO5)oc3nc2c1,1,3325
2155641.0,CCCCN(CC)S(=O)(=O)c1ccc(C(=O)Nc2nnc(CSC)o2)cc1,0,3326
3244179.0,O=C1NCCN1Cc1ccccc1F,1,3327
3244210.0,COc1ccc(NC(=O)CSC2=NC(=O)CC(C)=N2)cc1,0,3328
3244227.0,COc1ccccc1CNC(=O)C1CCN(S(=O)(=O)N2CC(C)CC(C)C2)CC1,1,3330
3244228.0,Cc1ccc(Cl)cc1-n1c(=O)cc(N2CC(C)OC(C)C2)[nH]c1=O,0,3331
3244244.0,COc1ccc(N2C(=O)CCC(C(=O)O)C2c2ccc(F)cc2)cc1,0,3333
3244268.0,COc1ccccc1C(=O)NCCn1cc(SCC(=O)Nc2nnc(C)s2)c2ccccc21,1,3334
135485415.0,Cn1c(/C(C#N)=C(\O)c2ccc(S(=O)(=O)N3CCCCC3)cc2)nc2ccccc21,1,3335
3244292.0,CCCS(=O)(=O)N1CCCC(C(=O)N2CCC3(CC2)OCCO3)C1,0,3337
539709.0,CC(=O)NC1=NC(=O)CS1,0,3338
135412481.0,Cc1ccc(C2C3=C(CCCC3=O)Nc3nc(SCC(=O)NCc4ccco4)[nH]c(=O)c32)cc1,1,3339
3244305.0,Cc1cc(N2CCN(C)CC2)nc2ccc(NC(=O)CCC(=O)NCc3ccco3)cc12,1,3340
3244317.0,COCCNC(=O)c1sc2nc(-c3ccccc3)cn2c1C,0,3343
3244341.0,CCCS(=O)(=O)N1CCCC(C(=O)NCCCOCC)C1,0,3344
1285300.0,Cc1cc(NS(=O)(=O)c2ccc(NC(=O)CN3C(=O)c4ccccc4C3=O)cc2)nc(C)n1,0,3345
3244361.0,Cc1csc(NC(=O)CCNS(=O)(=O)c2ccc3c(c2)c(=O)n(C)c(=O)n3C)n1,1,3347
3244392.0,COC(=O)c1cnn(C(=O)c2cc(OC)ccc2Br)c1N,1,3348
619876.0,O=C(O)Cn1c(-c2ccccc2)nc2ccccc21,0,3349
3244423.0,COc1ccc(NC(=O)c2cc3n(n2)C(C(F)(F)F)CC(c2ccc4c(c2)OCO4)N3)cc1OC,0,3351
719057.0,N#CN(CC(N)=O)c1nc(N2CCCCC2)nc(N2CCCCC2)n1,0,3352
3244432.0,CCOc1ccc(NC(=O)N(C2CCCCC2)C(C)c2ccncc2)cc1,1,3353
135485417.0,CCOc1ccc(Cc2nc(C)c(CC(=O)N3CCOCC3)c(=O)[nH]2)cc1,0,3354
3244448.0,Cc1ccc2nc(NC(=O)CSc3nc4c(c(=O)n3C)SC(C)C4)sc2c1,0,3356
541823.0,CC(C)OC(=O)c1cc2ccccc2oc1=O,0,3358
3244472.0,O=C(c1ccc2c(c1)C(=O)N(Cc1ccco1)C2=O)N1CCOCC1,0,3359
3244475.0,COc1ccc(S(=O)(=O)N2CCCN(CC(=O)Nc3ccc(OC)c(Cl)c3)CC2)cc1,1,3360
3244478.0,CCOC(=O)c1cnn(CCOC(=O)C(C)(C)C)c1NC(=O)C(C)(C)C,1,3361
3244564.0,CCOC(=O)C(C)Sc1nnc(CNC(=O)c2ccc(OC)cc2)n1C1CCCCC1,1,3362
3244580.0,CC(C)N(CCNC(=O)C1CCN(S(=O)(=O)N2CCOCC2)CC1)Cc1ccccc1,0,3363
3244582.0,C=CCNC(=O)c1ccccc1Cl,0,3364
3244603.0,COc1ccccc1-c1cc(C(=O)Nc2cc(C)n(Cc3ccc(Cl)cc3)n2)no1,1,3365
612407.0,Cc1cc(C)n(-c2ccc(F)cc2)c(=O)c1C(=O)O,0,3366
3244645.0,CC1CCCC(NC(=O)CCn2c(=O)oc3ccccc32)C1C,1,3367
3244648.0,O=c1c2ccccc2nc(N2CCCC2)n1-c1ccc(Cl)cc1,1,3368
3244649.0,Cc1nc2c(ccc3nc(NC(=O)c4ccc5c(c4)OCCO5)sc32)s1,1,3369
3244669.0,CCOCCCN1C(=O)CN(C2CCCCC2)C(=O)C1c1ccc(OCC)c(OC)c1,1,3371
135485421.0,Cc1ccc(C)c(S(=O)(=O)N2CCC(c3nc4c(nnn4Cc4ccc(F)cc4)c(=O)[nH]3)CC2)c1,1,3372
6602868.0,Cc1nc2nc(C)c(CCC(=O)NCCCN3CCN(c4cccc(Cl)c4)CC3)c(C)n2n1.Cl,0,3373
3244702.0,CCCCNC(=O)C1C2C=CC3(CN(Cc4ccccc4Cl)C(=O)C13)O2,1,3374
3244703.0,Cc1ccc(-n2ncc3c(=O)n(CC(=O)NCC4CCCO4)cnc32)cc1,0,3375
6603307.0,Cc1nc2nc(C)c(CCC(=O)NC(C)c3ccc4c(c3)OCCO4)c(C)n2n1.Cl,1,3377
3244726.0,CCOc1ccc(-c2cc(CCCC(=O)NCCc3ccc(OC)c(OC)c3OC)no2)cc1,1,3378
3244753.0,CC1CCCC(C)N1CCNC(=O)Cn1nc(-c2ccccc2)ccc1=O,0,3379
3244755.0,CSc1nncc(-c2ccc(F)c(F)c2)n1,0,3380
135482459.0,CCCCCSc1nnc(C)c(=O)[nH]1,0,3381
3244769.0,COc1cccc(-c2cc(C(F)(F)F)nc(N3CCN(c4ccccc4)CC3)n2)c1,0,3382
3244777.0,COc1ccc2oc(=O)c(NC(=O)C3CCCCC3)cc2c1,0,3384
3244782.0,O=C(NCCCN1CCN(Cc2ccccc2)CC1)C1CCN(S(=O)(=O)N2CCCC2)CC1,0,3385
3244801.0,COc1cc(C2N(c3cc(C)on3)C(=O)C3CCCN32)cc(OC)c1OC,0,3386
3244815.0,CCN(CC)CCCNC(=O)CC1Sc2ccccc2NC1=O,0,3387
3244823.0,COc1ccc2cc3cc(C(=O)NCc4ccc5c(c4)OCO5)oc3nc2c1,1,3388
715208.0,Cc1nc(S(=O)(=O)N2CCOCC2)c(C#N)c(C)c1Cl,0,3389
3244827.0,COc1ccccc1Cn1c(=S)[nH]c2cc(C(=O)N3CCN(C)CC3)ccc2c1=O,0,3390
3244839.0,O=C(NCC12CC3CC(CC(C3)C1)C2)c1cc2n(n1)C(C(F)(F)F)CC(c1ccco1)N2,1,3391
866706.0,COc1ccc(-n2ccnc2SCC(=O)Nc2ccccc2)cc1,1,3394
3244907.0,COc1ccc2c(c1)CCc1c(C(=O)N3CCCCCC3)noc1-2,1,3397
3244910.0,COc1cc2c(cc1OC)C(C(=O)N1CCN(c3ccccn3)CC1)C(c1cccs1)N(C)C2=O,1,3398
3244931.0,CC(=O)C1C(c2cccc(F)c2)NC(=O)NC1(O)C(F)(F)F,0,3400
9555297.0,Cn1c(=O)n(C)c2cc(/C=N/n3cnnc3)ccc21,0,3401
3244945.0,O=C1C=C(NCC2CCCO2)C2(CCCCC2)O1,0,3402
3244960.0,CCC(C)N1C(=O)C2C(C(=O)Nc3cccc(OC)c3)C3C=CC2(O3)C1C(=O)NC1CCCCC1C,1,3403
2990071.0,CCOC(=O)N1CCN(c2nc(-c3ccco3)cc(C(F)(F)F)n2)CC1,0,3404
3244994.0,CC1CCN(CCCNC(=O)c2n[nH]c(=O)c3ccccc23)CC1,0,3406
3245036.0,O=C(C1CCCN(S(=O)(=O)c2cccc3nsnc23)C1)N1CC=C(c2ccccc2)CC1,1,3408
3245072.0,CC(=O)N1CCC2(CC1)CC(=O)c1cc(OCC(=O)N3CCN(C)CC3)ccc1O2,0,3411
3245082.0,COc1ccc(-n2c(=S)[nH]c3cc(C(=O)NCCCN4CCCC4=O)ccc3c2=O)cc1,0,3412
3245110.0,CCCN(c1nc(C)cc(OC)n1)S(=O)(=O)c1ccccc1,1,3413
3245111.0,O=C(CCN1C(=O)C2C3C=CC(C3)C2C1=O)Nc1c(F)cccc1F,1,3414
2767267.0,O=C(O)C1CCN(c2ncccn2)CC1,0,3415
3245122.0,N#Cc1ccccc1NC(=O)Nc1cccs1,0,3416
3245134.0,Cc1ccc(CCN2CC(C(=O)NC3CCCC3)CC2=O)cc1,1,3417
3245146.0,COc1cccc(Nc2ncc(C(=O)O)c3ccccc23)c1,0,3419
3245152.0,CCCS(=O)(=O)N1CCCC(C(=O)N2CCOCC2)C1,0,3420
713783.0,CCSc1nc2nc(C)cc(C)n2n1,0,3421
3245199.0,COCCCNC(=O)C1CCC(=O)N1Cc1ccccc1Cl,0,3424
3245287.0,O=C(Cn1ncc2ccsc2c1=O)N1CCC2(CC1)OCCO2,0,3425
3245288.0,Cn1c(C(=O)O)c(CC(=O)NCC2COc3ccccc3O2)c2ccccc21,0,3426
3245311.0,CN1C(=C2C(=O)OC(C)(C)OC2=O)Sc2ccccc21,0,3427
3245313.0,COc1ccc(NC(=O)CSc2nnc(Cc3cccn3C)n2CCc2ccccc2)c(OC)c1,1,3428
3245318.0,Cc1ccc(-c2ccc(=O)n(CC(=O)N3CCN(c4cccc(C)c4)C(C)C3)n2)cc1,1,3429
3245333.0,Cc1ccc(CNC(=O)C2CCC(=O)N2C2CCCCC2)cc1,1,3430
3245343.0,CC1CCN(C(=O)C(NS(=O)(=O)c2cccc3nsnc23)c2ccccc2)CC1,1,3431
3245344.0,CC#CCCCC(=O)Nc1ccc(C(=O)O)cc1,0,3432
1266897.0,CN(c1ccccc1)c1nc(-n2ccnc2)nc(-n2ccnc2)n1,1,3434
135485428.0,CCC(Sc1nc2n[nH]c(C)c2c(=N)n1-c1cccc(Cl)c1)C(=O)NCCOC,1,3435
3245387.0,CCOc1ccccc1NC(=O)CCn1c(=O)oc2ccccc21,1,3436
2835548.0,CCOC(=O)N(c1ccccc1)P1(=S)OCC(C)O1,1,3437
3245402.0,CCOC(=O)C1CCN(C(=O)C2CCN(S(=O)(=O)N3CCCC3)CC2)CC1,0,3438
3245411.0,CCOC(=O)N1CCC(NC(=O)C2CCN(S(=O)(=O)N3CCCC3)CC2)CC1,0,3439
3245430.0,CCOc1ccccc1C1C(C(N)=O)=C(C)Nc2nc(-c3ccc(OC)cc3)nn21,1,3441
3245446.0,Cc1cc(C(F)F)n2ncc(C(=O)NCc3ccccc3C(F)(F)F)c2n1,0,3443
3245455.0,Cc1c(NC(=O)OCCNC(=O)Nc2ccccc2)sc(=S)n1C,1,3444
3245466.0,CC1(C)OC(=O)N(c2ccccn2)C1(C)O,0,3446
3245470.0,Cn1c(=O)cc(SCC(=O)NCCCN2CCOCC2)c2ccc(Cl)cc21,1,3447
601074.0,Cc1c(C)c2c(C)[nH]nc2oc1=O,0,3449
756979.0,CC(C)(C)C1CCC2(CC1)NC(CO)(CO)CO2,0,3451
3245502.0,COCCCNC(=O)C1C2C=CC3(CN(Cc4ccc(C)cc4)C(=O)C13)O2,1,3452
3245519.0,Cc1ccc(NC(=O)N(Cc2ccco2)C(C)c2ccco2)cc1C,1,3453
829823.0,Cc1ccc2nc(-c3cccnc3)oc2c1,1,3454
3245531.0,O=C(O)C1C2C=CC(O2)C1C(=O)NC1CCCc2ccccc21,0,3455
591517.0,CCOc1ccc(N2CC(C(=O)NCc3cccc(C)c3)CC2=O)cc1,1,3456
2830161.0,CC(=O)NC(NC(C)=O)c1ccc(Br)cc1,0,3457
3245564.0,CCOC(=O)/C(C#N)=C1/C=CN(C)C=N1,0,3458
11257.0,CC(=O)Nc1ccc(S(=O)(=O)c2ccc(N)cc2)cc1,0,3459
3245571.0,Cc1cc(N)ccc1NC(=O)c1ccccc1,0,3460
3245572.0,CN(C)c1ccc(NC(=O)c2cccc(N3C(=O)C4C5C=CC(C5)C4C3=O)c2)cc1,0,3461
3245583.0,Cc1n[nH]c(C)c1S(=O)(=O)N1CCOCC1,0,3462
2990940.0,FC(F)(F)c1cc(-c2ccco2)nc(NCc2cccs2)n1,1,3463
3245595.0,COc1ccc(N(CC(=O)Nc2cccc(C)c2)S(=O)(=O)c2c(C)n[nH]c2C)cc1,1,3464
3245597.0,Cc1ccc(NC2c3ncccc3C(=O)N2Cc2ccc(F)cc2)cc1,1,3465
3245603.0,CCOc1ccc(C(C)=O)cc1N1C(=O)C2C3C=CC(O3)C2C1=O,0,3466
3245612.0,Cc1cccc(NC(=O)Cn2c(=O)n3nc(CCn4nc(C)cc4C)nc3c3ccccc32)c1,1,3467
3245621.0,Cc1c(NC(=O)CN2C(=O)C3C4C=CC(C4)C3C2=O)c(=O)n(-c2ccccc2)n1C,1,3468
3245624.0,CCCCN(CC)S(=O)(=O)N1CCC(C(=O)NCCCN2CCOCC2)CC1,1,3469
3245653.0,COc1ccc(C2CC(C(F)(F)F)n3nc(C(=O)N(C)Cc4cn(C)nc4C)c(Cl)c3N2)cc1,1,3470
3245654.0,CCC1CCCCN1CCn1c(=S)[nH]c2cc(OC)c(OC)cc2c1=O,1,3471
627093.0,CCC(=O)Nc1nonc1-c1nc2ccccc2n1N(C(=O)CC)C(=O)CC,1,3472
3245665.0,O=C(c1cnc(N2CCN(c3ncccn3)CC2)c2ccccc12)N1CCN(c2ccccn2)CC1,0,3473
3245674.0,O=C1C2C3C=CC(C3)C2C(=O)N1c1ncn[nH]1,0,3474
3245687.0,Cc1ccccc1-n1nc2c(c1NC(=O)c1ccc(S(=O)(=O)N(C)C)cc1)CSC2,1,3475
3245705.0,Cc1c(C(=O)O)sc2nc(C)n(C)c(=O)c12,0,3476
3245710.0,O=P(C(c1ccc2c(c1)OCO2)N1CCOCC1)(N1CCOCC1)N1CCOCC1,1,3477
3245715.0,CCCC(=O)N1CCN(S(=O)(=O)c2cc(Cl)ccc2OC)CC1,1,3478
3245725.0,CCCS(=O)(=O)N1CCCC(C(=O)NCCN(C)Cc2ccccc2)C1,0,3479
3245738.0,CCC(C)(C(=O)NC1CCCC1)N(C(=O)c1ccccn1)c1ccccc1,1,3480
135458518.0,COc1cccc(Cn2nnc3c(=O)[nH]c(C4CCCN(C(=O)c5ccccc5Cl)C4)nc32)c1,1,3481
3245745.0,CCOC(=O)c1c(C)c(C(=O)N2CCN(C(=O)c3ccco3)CC2)c(C)n1C,0,3482
3245747.0,O=C(Nc1ccc(-n2nncc2-c2ccco2)cc1)c1ccc(F)cc1,1,3483
3245768.0,CCCS(=O)(=O)N1CCCC(C(=O)N2CCN(C(=O)OCC)CC2)C1,0,3484
3245780.0,CCCCNC(=O)C1CC(=O)N(CCC(C)C)C1,0,3485
3245798.0,CN1CCN(CCCNC(=O)C2CCN(c3nnc(-n4cccc4)s3)CC2)CC1,0,3486
3245807.0,O=C(Nc1ccccn1)C(NS(=O)(=O)c1cccc2nsnc12)c1ccccc1,1,3487
3245815.0,COc1ccc(-n2c(CNC(=O)c3cc(OC)c(OC)c(OC)c3)n[nH]c2=S)cc1,1,3488
3245831.0,C=C(C)C1Cc2nc(N)nc(C)c2C1,0,3489
3245840.0,CCS(=O)(=O)N1CCCC(C(=O)NCCCOC(C)C)C1,0,3490
3245843.0,Cc1ccc2cc3cc(C(=O)N4CCCCC4C)oc3nc2c1,1,3491
3245857.0,O=C(CCS(=O)(=O)c1cccs1)N1CCN(c2ccc(F)cc2)CC1,1,3492
3245893.0,CS(=O)(=O)N1CCCC(C(=O)N2CCC3(CC2)OCCO3)C1,0,3493
254510.0,CCOC(=O)c1cccc(C(=O)OCC)n1,0,3494
3245920.0,Cc1ccc(S(=O)(=O)NCCn2c(C)cc3ccccc32)cc1,1,3496
3245964.0,Cc1onc(-c2ccccc2Cl)c1C(=O)NCc1cccs1,0,3499
3245971.0,CCCC(=O)Nc1cc(-c2cn3cccnc3n2)ccc1OC,0,3500
6602872.0,Cc1oc(-c2cccc(Cl)c2)[n+]([O-])c1C.Cl,0,3501
3245991.0,CCN(CCCNC(=O)C1CCN(S(=O)(=O)CC)CC1)c1cccc(C)c1,1,3502
3245992.0,COc1ccccc1-n1cc(C(=O)NCC(=O)N2CCN(c3ccccc3)CC2)c2ccccc2c1=O,1,3503
3245998.0,CCCN1CCN(CCCNC(=O)Cn2nc(-c3ccc(C)cc3)ccc2=O)CC1,0,3504
219559.0,CC(C)N(CC(=O)O)CC(=O)O,0,3505
3246001.0,O=C(O)c1ccccc1N[C@H](c1ccccc1)c1ccc2cccnc2c1O,0,3506
3246002.0,O=[N+]([O-])c1ccc([C@@H](Nc2ccccc2)c2ccc3cccnc3c2O)cc1,0,3507
219585.0,CCN(CC(=O)O)CC(=O)O,0,3508
219648.0,CC(C)(N)CO[C@H]1C[C@H]2CC[C@@]1(C)C2(C)C,0,3509
219751.0,Cn1ncc2c(Cl)ncnc21,0,3510
3246003.0,N[C@@H](Cc1[nH]nc2ccccc12)C(=O)O,0,3511
219796.0,CC(C)(CO[C@H]1C[C@H]2CC[C@@]1(C)C2(C)C)[N+](=O)[O-],0,3512
3246004.0,C[C@H](CCC(=O)O)[C@H]1CC[C@]2(C)[C@@H]3C(=O)C[C@H]4C(C)(C)[C@@H](O)CC[C@]4(C)[C@H]3C(=O)C[C@@]12C,0,3513
3246005.0,O=C1O[C@@H]([C@H](O)[C@H](O)[C@H](O)CO)[C@@H](O)[C@@H]1O,0,3514
151805.0,O=C(O)[C@@H](O)[C@@H](O)[C@H](O)C(=O)CO,0,3515
219939.0,NNC(=O)CCc1ccc2ccc3ccccc3c2c1,1,3516
17210.0,O=S(=O)(O)c1ccc(N=Nc2ccccc2)cc1,0,3517
3246006.0,O=C(O)[C@@H](O)[C@@H](O)[C@H](O)[C@H](O)CO,0,3518
3246007.0,N#CS.N=C=S.N=C=S.[Cu].[NH2-].[NH2-].[NH2-].[NH2-].c1ccc2ncccc2c1,0,3519
3246008.0,CCN(CC)C[C@@H](O)c1ccc2ccc3ccccc3c2c1,0,3520
31316.0,Cc1cc(O)c(C(C)C)cc1C1(c2cc(C(C)C)c(O)cc2C)OC(=O)c2ccccc21,1,3521
3246009.0,O=C(O)[C@@H](Cc1c[nH]c2ccccc12)C(=O)NO,0,3522
14925.0,O=C(O)CC(CC(=O)O)C(=O)O,0,3523
3246011.0,O[C@H]1CO[C@H](OCc2ccccc2)[C@@H](O)[C@H]1O,0,3524
220278.0,OCCCSCCO,0,3526
3246013.0,CC(C)[C@]1(Cl)CC[C@@H]2[C@]3(C)CCC[C@@](C)(C(=O)O)[C@H]3C[C@H](Cl)[C@@]2(Cl)[C@H]1Cl,0,3527
3246014.0,C[C@@H]1CCCC(CC(=O)O)(CC(=O)O)C1,0,3528
220442.0,Cc1ccc(S(=O)(=O)O)cc1.N=C(N)SC(c1ccccc1)c1ccccc1,0,3530
3246015.0,C[N@@+]1(Cc2ccc(Cl)c(Cl)c2)CCC[C@@H]1c1ccc[n+](Cc2ccc(Cl)c(Cl)c2)c1,0,3531
3246016.0,C[N@@+]1(CC[N@@+]2(C)CCC[C@H]2c2cccnc2)CCC[C@@H]1c1cccnc1,0,3532
16684723.0,CN1CCC[C@@H]1c1cccnc1.O=C(O)c1ccccc1O.O=C([OH2+])c1ccccc1O.O=C([OH2+])c1ccccc1O.[Mn],0,3533
276800.0,COc1cc(N=C(N)N=C(N)N)c2ncccc2c1,0,3535
254020.0,CCC1(CCSC(=N)N)C(=O)NC(=O)NC1=O,0,3536
142766.0,O=C(O)c1ccccc1O.Oc1cccc2cccnc12,0,3539
221006.0,CC(C)(C)COS(=O)OCC(C)(C)C,0,3541
221007.0,O=C(O)c1nc(-c2ccccc2)[nH]c1C(=O)O,0,3542
221012.0,O=C(c1cc(Br)ccc1O)c1cc(Br)ccc1O,0,3543
15588.0,O=C(O)c1cc(N=Nc2ccc([N+](=O)[O-])cc2)ccc1O,0,3544
221086.0,CCCNc1ncnc2[nH]ncc12,0,3545
3246020.0,O=C(O)C[C@H]1OCC=C2CN3CC[C@@]45C6=CC(=O)C(=O)C([N+](=O)[O-])=C6N[C@H]4[C@H]1[C@H]2C[C@@H]35,0,3546
77604.0,O=C(O)CCC(=O)c1ccc(Cl)cc1,0,3548
8660.0,O=C(O)CSc1ccccc1C(=O)O,0,3550
680063.0,CC(=O)[C@H]([C@@H](c1ccccc1)N1CCOCC1)N1CCOCC1,0,3551
407450.0,CN(C)c1ccc(C(=C2C=CC(=[N+](C)C)C=C2)c2ccccc2)cc1.O=C(O)C(=O)O.O=C(O)C(=O)O,0,3552
150648.0,CC(=O)O.NCC(=O)[C@@H](O)[C@H](O)[C@H](O)CO,0,3553
221354.0,Clc1ccc2c(NCCNc3ccnc4cc(Cl)ccc34)ccnc2c1,0,3555
221363.0,Cc1c(Cl)cc(C(C)(C)C)c(O)c1Cc1c(C)c(Cl)cc(C(C)(C)C)c1O,0,3556
14187.0,Oc1ccc2ccccc2c1Cc1c(O)ccc2ccccc12,0,3557
221428.0,O=C(O)CCSCc1ccccc1,0,3558
927899.0,C=C[C@@H]1CN2CC[C@H]1C[C@H]2[C@H](O)c1ccnc2ccccc12,0,3560
221513.0,O=C(O)Cc1ccc([N+](=O)[O-])cc1[N+](=O)[O-],0,3561
64800.0,O=C(O)C(Cc1ccccc1)Cc1ccccc1,0,3562
221519.0,Cc1ccc(N(Cc2ccccc2)Cc2ccccc2)cc1,0,3563
10366.0,O=C(O)c1cncc(C(=O)O)c1,0,3564
3006165.0,C[N+](C)(C)[C@H](Cc1c[nH]c(=S)[nH]1)C(=O)O,0,3565
66799.0,Cc1cc(Cc2cc(C)c(N)cc2N)c(N)cc1N,0,3566
5771520.0,C/C(CC/C(C)=N/O)=N/O,0,3567
407541.0,O=C(O)CN(CCN(CC(=O)O)CC(=O)O)CC(=O)O.[Mn],0,3568
407542.0,O=C(O)CN(CCN(CC(=O)O)CC(=O)O)CC(=O)O.[Cu],0,3569
9087.0,[N-]=[N+]=CC(=O)CC[C@H](N)C(=O)O,0,3570
444212.0,O=C(O)/C=C(\CC(=O)O)C(=O)O,0,3573
135485434.0,[Cu].[O-]/N=C1/C(=[OH+])Nc2ccccc21.[O-]Nc1c(O)[nH]c2ccccc12,0,3574
5771523.0,CC1(C)[C@@H]2CC[C@]1(CC(=O)O)[C@H](Cl)C2,0,3575
5771524.0,CC1(C)[C@@H]2CC[C@]1(C)[C@@H](OC(=O)/C=C\c1ccccc1)C2,0,3576
94908.0,O=C(O)c1cccc2cccc(-c3cccc4cccc(C(=O)O)c34)c12,0,3577
222268.0,CCC(C)(C)c1ccc(Oc2cccc(C(=O)O)c2)cc1,0,3579
69448.0,O=C(Nc1cccc2ccccc12)c1ccccc1,1,3580
3034162.0,NC(N)=NC(N)=Nc1ccccc1.S=c1[nH]c2ccccc2s1,0,3581
222304.0,NC(=O)Nc1n[nH]c(-c2ccccc2)n1,0,3582
222574.0,O=[N+]([O-])c1ccc(C[As](=O)(O)O)cc1,0,3585
637566.0,CC(C)=CCC/C(C)=C/CO,0,3586
87983.0,NN(CC(=O)O)CC(=O)O,0,3587
407800.0,O=S(=O)(O)c1ccc(NN(c2c(O)ccc3ccccc23)S(=O)(=O)O)cc1,0,3588
222760.0,O=C1c2ccccc2C(=O)c2c1ccc(C(=O)O)c2-c1ccc2ccccc2c1,0,3589
3246030.0,CC(=O)[C@H]1CC[C@@H]2[C@]1(C)CC=C1[C@]23C=C[C@]2(C[C@H](O)CC[C@@]12C)[C@H](C(=O)O)[C@@H]3C(=O)O,0,3590
1380711.0,NC(=S)SCCC(=O)O,0,3591
222880.0,NNC(=O)CCSc1ccccc1,1,3592
676154.0,C[C@@](N)(Cc1c[nH]c2ccccc12)C(=O)O,0,3593
6140.0,N[C@@H](Cc1ccccc1)C(=O)O,0,3594
820629.0,O=C(O)C/C(=C\c1ccccc1)C(=O)O,0,3595
223156.0,CN(Cc1cccc2ccccc12)Cc1cccc2ccccc12,0,3597
111804.0,Cc1ccc(N=Nc2c(O)c(S(=O)(=O)O)cc3cc(S(=O)(=O)O)ccc23)c(C)c1,0,3598
4766.0,O=S1(=O)OC(c2ccc(O)cc2)(c2ccc(O)cc2)c2ccccc21,0,3599
3246033.0,C[C@@]12CCC(=O)C=C1CC[C@H]1[C@@H]2[C@@H](O)C[C@]2(C)[C@@H]1CC[C@@]2(O)C(=O)CO,0,3601
223285.0,Cc1cc(O)c(C(C)C)cc1CN1CCCCC1,0,3602
408043.0,Clc1ccc(Cl)c(SCCCN2CCNCC2)c1,0,3603
3246034.0,N=C(N)[C@H](N=Nc1ccccc1)C(N)=O,0,3604
223744.0,CCCCN(c1ccccc1)c1ncnc2c1cnn2C,0,3608
20441.0,CN(CC(=O)O)CC(=O)O,0,3609
3246035.0,C[C@@H](O)COc1ccc([As](=O)(O)O)cc1N,0,3610
5771527.0,C[C@@H](CNC(N)=O)NC(N)=O,0,3611
3246037.0,Nc1[nH]c(=O)nc2c1ncn2[C@H]1O[C@@H](CO)[C@@H](O)[C@@H]1O,0,3613
408250.0,O=C(O)c1c(-c2c3ccc(=O)cc-3oc3cc(O)ccc23)cc2ccccc2c1-c1ccccc1,0,3614
224101.0,O=C1c2ccccc2-c2ccc(N=[N+]([O-])c3ccc4c(c3)C(=O)c3ccccc3-4)cc21,0,3616
224145.0,O=C(O)CCC(=O)Nc1ccc2ccccc2c1,0,3617
224250.0,O=[As](O)(O)c1ccc([As](=O)(O)O)cc1,0,3619
224279.0,O=[As](O)(O)c1ccc(N=Nc2ccc(O)cc2)cc1,0,3622
224295.0,NC(=O)c1ccc(C(=O)Nc2ccc([As](=O)(O)O)cc2)cc1,0,3623
224336.0,O=[As]c1ccc(S(=O)(=O)NCCO)cc1,0,3624
3246038.0,O=C(O)C[C@H](Sc1ccccc1)c1ccccc1,0,3625
3246039.0,N[C@H]1[C@@H](C(=O)O)[C@H]2C=C[C@H]1C2.O=S(=O)(O)c1ccccc1,0,3626
224506.0,Clc1ccc2c(NCCNC3CCCCC3)ccnc2c1,0,3627
224575.0,NC(=O)Nc1cc([As](=O)(O)O)cc(I)c1O,0,3628
3246042.0,OC[C@@H](O)CNc1ncnc2ccccc12,0,3629
3246043.0,O[C@@H](c1cc(-c2ccc(Cl)cc2)nc2ccccc12)[C@@H]1CCCCN1,0,3631
224680.0,Cc1cc(Cl)nc(NC(=O)CSc2ccc(Cl)cc2)n1,0,3633
3246044.0,COc1cc(NCC[C@@H]2CCCCN2)c2ncccc2c1,0,3634
75106.0,O=c1ccc(-c2ccccc2)n[nH]1,0,3635
3246045.0,O[C@@H](c1cc(-c2ccccc2)nc2c1ccc1ccccc12)[C@@H]1CCCCN1,0,3636
3246046.0,C[C@@H](c1ccccc1)N1CCN([C@H](C)c2ccccc2)CC1,0,3637
224772.0,C=C(C)CNCCN,0,3638
224792.0,COc1ccc2nccc(SCC(=O)O)c2c1,0,3640
408483.0,O=C(O)CSc1cc(-c2ccccc2)nc2ccccc12,0,3641
23749.0,O=[As](O)(O)c1ccc(N=Nc2ccc([As](=O)(O)O)cc2)cc1,0,3642
408515.0,Cc1cc(N2CCCCC2)nc2ccc(Cc3ccc4nc(N5CCCCC5)cc(C)c4c3)cc12,0,3643
224907.0,NS(=O)(=O)Cc1ccc([As](=O)(O)O)cc1,0,3644
3246047.0,O=C(O)[C@@H](O)c1ccc([As](=O)(O)O)cc1,0,3645
224913.0,O=S(=O)(NCCO)c1ccc([Sb](=O)(O)O)cc1,0,3646
5771529.0,O=C(O)/C=C\c1cccc([Sb](=O)(O)O)c1,0,3647
224928.0,O=[N+]([O-])c1cc(-c2ccc([As](=O)(O)O)cc2)ccc1[As](=O)(O)O,0,3648
224948.0,C[N+](C)([O-])Cc1cc(-c2ccccc2)ccc1O,0,3649
3246048.0,NS(=O)(=O)C[C-]1C=CC([Sb-](Cl)(Cl)(Cl)(Cl)Cl)C=C1.c1ccncc1,0,3651
224976.0,CCOc1ccccc1Nc1ccc(N)cc1S(=O)(=O)O,0,3652
224977.0,Nc1ccc(N=Nc2c(S(=O)(=O)O)cc3ccccc3c2S(=O)(=O)O)cc1,0,3653
224978.0,Oc1c(C(O)(c2ccccc2)c2ccc3ccccc3c2O)ccc2ccccc12,0,3654
5351655.0,N/C(CC/C(N)=N/O)=N\O,0,3656
225054.0,Cn1c(=O)c2[nH]c(CCCCC(=O)O)nc2n(C)c1=O,0,3657
225067.0,Cn1c(=O)c2c(nc(Cc3ccccc3)n2CC(=O)O)n(C)c1=O,0,3658
225069.0,Cn1c(=O)c2[nH]c(CCNC(=O)c3ccccc3)nc2n(C)c1=O,0,3659
3246050.0,Cc1ccc(S(=O)(=O)O[C@@H]2[C@H]([C@@H]3COC(C)(C)O3)O[C@H]3OC(C)(C)O[C@@H]32)cc1,0,3661
225095.0,CC(CO)(CO)Nc1ncnc2ccccc12,0,3662
137805.0,O=C(O)CSc1nc2ccccc2[nH]1,0,3663
208384.0,NCC(=O)Nc1ccccc1,0,3664
3246051.0,CC(C)=C[C@H]1[C@@H](C(=O)OCc2cc3c(cc2Cl)OCO3)C1(C)C,1,3665
225243.0,Cn1c(=O)c2c(nc(NCCNc3nc4c(c(=O)n(C)c(=O)n4C)n3C)n2C)n(C)c1=O,0,3666
225323.0,CN(C)CN1CSC(=S)N(CN(C)C)C1,0,3667
9595215.0,CN(C)CS/C(N)=N/[C@H](O)C(Cl)(Cl)Cl,0,3668
408613.0,COc1cc(CN2CCCCC2)cc2cc(C(=O)O)c(=O)oc12,0,3670
225483.0,O=C(O)CNc1ccc(C(=O)O)cc1,0,3671
1550569.0,NC(=O)N[C@H](CC(=O)O)C(=O)O,0,3672
20794.0,O=C(O)CCCN1CCCCC1,0,3673
408701.0,Cc1ccc(C2(c3ccc(C)c(O)c3C)CCN(C)CC2)c(C)c1O,0,3674
3246054.0,CC(C)C1=C[C@@]23CC[C@H]4[C@](C)(C(=O)O)CCC[C@]4(C)[C@@H]2C[C@@H]1[C@@H](C(=O)O)[C@@H]3C(=O)O,0,3675
16683599.0,O.O.O.O=C(O)CO[Sb]OCC(=O)O,0,3676
16684726.0,O.O.O.O=C(O)[C@H]1O[Sb]O[C@@H](C(=O)O)C1O,0,3677
16684728.0,O.O=C(O)[C@@H](O)[C@@H](O)[C@@H]1O[Sb]O[C@@H]1CO,0,3678
16684730.0,Cc1ccc([Sb]2O[C@H](CO)[C@@H]([C@H](O)[C@H](O)C(=O)O)O2)cc1.O.O,0,3679
3246059.0,O=C(O)C[C@@H](C(=O)O)C1c2ccccc2-c2ccccc21,0,3681
408814.0,Cc1c(S(=O)(=O)O)ccc(N=Nc2c(O)c(C(=O)O)cc3ccccc23)c1Cl,0,3682
408821.0,C[N+](C)(C)CCN(Cc1cccs1)c1ccccn1,0,3683
226081.0,Nc1c(OCC(=O)O)ccc2cc(S(=O)(=O)O)ccc12,0,3684
23270.0,Cc1ccc(S(=O)(=O)Oc2cc(S(=O)(=O)O)cc3cc(S(=O)(=O)O)cc(N)c23)cc1,0,3685
97725.0,N[C@@H](CCCCO)C(=O)O,0,3688
226266.0,Cc1ccc(S(=O)(=O)OCC(=O)O)cc1,0,3689
3246063.0,OC[C@H](S)CS,0,3690
197883.0,O=C(O)[C@@H](S)[C@H](S)C(=O)O,0,3691
408925.0,CCOc1ccc(N=NS(=O)(=O)O)cc1,0,3692
3246065.0,O=C(O)CC[C@]1(C(=O)O)CCC(=O)c2ccccc21,0,3693
3246066.0,O=C1CC[C@](CCc2nc3ccccc3[nH]2)(c2ccccc2)C(=O)N1,0,3694
3246067.0,C[N+]1([C@H](CO)Cc2c[nH]c3ccccc23)Cc2ccccc2C1.O=S(=O)(O)c1ccccc1,0,3695
80819.0,NC(N)=NC(N)=Nc1ccc(S(=O)(=O)O)cc1,0,3696
408996.0,c1ccc(-c2ccc(-c3ccc(C4=NCCN4)cc3)o2)cc1,0,3697
81770.0,CC(C)(CN)CN,0,3698
88779.0,c1ccc(SCCc2ccncc2)cc1,1,3700
409027.0,Clc1ccc(CSCCc2ccncc2)cc1Cl,1,3702
3246071.0,C[C@]12CC[C@H]3c4ccc(O)cc4CC[C@@H]3[C@H]1CC[C@@H]2OP(=O)(O)O,0,3704
3246072.0,C[C@@]12CC[C@@H]3c4ccc(OP(=O)(O)O)cc4CC[C@@H]3[C@H]1CCC2=O,0,3705
135485435.0,C/C(=N\NC(N)=S)c1ccc[nH]1,0,3707
5458408.0,C(=N\Nc1ccccn1)\c1cccnc1,1,3708
3246074.0,C[N+](C)(C)CCN[N@@+]1(C)CCCc2ccccc21,0,3710
3246075.0,NC(N)=N[C@H]1C(O)[C@@H](N=C(N)N)[C@H](O)C(O)[C@@H]1O.O=S(=O)(O)O,0,3711
3246076.0,OC[C@@H](O)[C@@H](O)[C@@H](O)[C@@H](O)c1nc2ccc(Cl)cc2[nH]1,0,3712
10825.0,O=C(O)c1ccc(NS(=O)(=O)Cc2ccccc2)cc1,0,3715
227312.0,NC(N)=NCCN=C(N)N.O=S(=O)(O)O,0,3716
227345.0,CN(C)CCCN1c2ccccc2Sc2ccc3ccccc3c21,0,3717
3246079.0,CN(C)CCCNc1ncnc2nc[nH]c12,0,3719
227513.0,CCN(CC)CCn1ncc2c(N)ncnc21,0,3720
227530.0,Cn1ncc2c(NCCc3ccccc3)nc(Cl)nc21,1,3721
409194.0,C[N+](C)(C)CCCSc1nc2ccccc2[nH]1,0,3722
409199.0,O=C(O)c1cccc(CN2CCCCC2)c1,0,3723
227681.0,CCC(=O)OCN1C(=O)C=CC1=O,0,3724
227840.0,Clc1ccc2c(c1)N(CCCN1CCCC13CCCCC3)c1ccccc1S2,0,3726
522083.0,OCCN(CCO)c1ncnc2nc[nH]c12,0,3727
409314.0,NC(Cc1ccccc1)(C(=O)O)C(=O)O,0,3728
210230.0,c1ccc(CSCCc2ccncc2)cc1,1,3729
135485436.0,CO[C@@H](C[Hg])CN1C(=O)c2ccccc2S1(=O)=O.Cn1c(=O)c2nc[nH]c2n(C)c1=O,0,3730
3246084.0,O=C(O)C[C@H](Cc1ccccc1Cl)C(=O)O,0,3731
446168.0,O=C(O)C[C@H](Cc1ccccc1)C(=O)O,0,3732
409402.0,N=C(N)SCc1cc(Cl)cc(Cl)c1O,0,3733
24693.0,Cc1ccc(O)cc1.Cc1cccc(O)c1.Cc1ccccc1O,0,3734
1052.0,Cc1ncc(CO)c(CN)c1O,0,3735
9561125.0,O=C(O)/C(Cc1ccc([N+](=O)[O-])cc1)=N/O,0,3736
228534.0,CC(C)c1cc(CN(C)C)c(O)c(C(C)(C)C)c1,0,3737
228569.0,CC(CCC(=O)O)(c1cc(Br)c(O)c(Br)c1)c1cc(Br)c(O)c(Br)c1,0,3738
2761812.0,N[C@@H](Cc1cccc([N+](=O)[O-])c1)C(=O)O,0,3741
3246086.0,O=C(O)[C@@H]1[C@H](C(=O)O)[C@]2(Cl)C(Cl)=C(Cl)[C@@]1(Cl)C2(Cl)Cl,0,3742
69096.0,O=C(O)CCSc1ncnc2nc[nH]c12,0,3743
229022.0,Cc1[nH]c(C)c(CN(C)C)c1CN(C)C,0,3744
229287.0,CCc1ccc(CCN2CCCCC2)nc1,0,3745
3246087.0,C[C@H](CN(C)C)C(=O)c1ccccc1C(=O)O,0,3748
685688.0,O=C(CSc1ncnc2nc[nH]c12)c1ccccc1,0,3749
16129644.0,O=C1c2ccccc2C(=O)c2c(Nc3cc4c5c(ccc6c7ccc8c9c(cc(Nc%10cccc%11c%10C(=O)c%10ccccc%10C%11=O)c(c3c56)c97)-c3ccccc3C8=O)C(=O)c3ccccc3-4)cccc21,0,3750
229466.0,OCCSCc1cc(Cl)cc(Cl)c1O,0,3751
409779.0,Clc1ccc(CSC2=NCCN2)cc1Cl,0,3752
229726.0,CCn1c(CCCc2nc3c([nH]2)c(=O)n(C)c(=O)n3C)nc2c1c(=O)n(C)c(=O)n2C,0,3753
229815.0,CCCc1cc(COC)c(C#N)c(=O)[nH]1,0,3754
229831.0,Cc1ccc(S(=O)ON2CCC(C(=O)O)(c3ccccc3)CC2)cc1,0,3755
3246091.0,CN1CCC[C@H](C(=O)OCC(=O)[C@]2(O)CC[C@@H]3[C@H]4CCC5=CC(=O)CC[C@@]5(C)[C@H]4[C@@H](O)C[C@]32C)C1,0,3756
3246092.0,CC(C)CCC[C@@H](C)[C@@H]1CC[C@@H]2[C@H]3CC[C@H]4C[C@@H](N)CC[C@@]4(C)[C@@H]3CC[C@@]12C,0,3757
3246093.0,COc1ccc(-c2cc([C@H](O)[C@@H]3CCCCN3)c3ccccc3n2)cc1,0,3758
5473735.0,CC(=O)Nc1ccc2c(c1)/C(=C/c1ccc([N+](C)(C)C)cc1)c1ccccc1-2,0,3759
409833.0,CN(CCc1ccccn1)c1ccc2c(c1)Cc1ccccc1-2,1,3760
229969.0,CN(C)CCCN1c2ccc3ccccc3c2Sc2cccc(Cl)c21,0,3763
409879.0,C[N+](C)(C)c1cc2c(nn1)Nc1ccccc1S2,0,3765
230053.0,NCc1ccccc1.O=C(O)NCc1ccccc1,0,3766
3246094.0,Cc1cc(C)nc(SCCc2cccc[n+]2C)n1,0,3767
15732.0,c1ccc(-c2cnc(-c3ccc(-c4ncc(-c5ccccc5)o4)cc3)o2)cc1,0,3768
3246095.0,NC[C@@H](O)CSCc1ccc(Cl)cc1,0,3769
24782.0,CN(C)CCOC(=O)c1ccc(N)cc1,0,3771
230404.0,C[C@@](Br)(C(=O)O)[C@H](Br)C(=O)O,0,3772
3246098.0,C[C@@H]1O[C@@H](O[C@H]2C[C@@H](O)[C@@]3(CO)[C@@H]4[C@H](CC[C@@]3(O)C2)[C@@]2(O)CC[C@H](C3=CC(=O)OC3)[C@@]2(C)C[C@H]4O)[C@@H](O)[C@H](O)[C@H]1O,0,3773
81371.0,N=C(N)SCCSC(=N)N,0,3774
230714.0,Nc1c(S(N)(=O)=O)cc(S(N)(=O)=O)cc1S(N)(=O)=O,0,3775
230723.0,Cc1c(Cl)c(S(N)(=O)=O)cc(S(N)(=O)=O)c1NC(=O)c1ccc(Cl)cc1,0,3777
3246099.0,CN(C)C[C@@H](O)c1ccc(Cl)c2ccccc12.Cc1ccc(S(=O)(=O)O)cc1,0,3778
230818.0,CC(C)(C)c1ccc(OCC(=O)O)c(Cl)c1,0,3779
135431328.0,CCOC(=O)c1c(O)[nH]c(=O)c(CC)c1C,0,3780
230856.0,Oc1ccccc1CNCc1ccccc1O,0,3781
3246101.0,OC[C@@H]1O[C@@H](n2cnc3c(SCc4ccccc4)ncnc32)[C@@H](O)[C@H]1O,0,3782
230942.0,CCCCn1cnc2c(c(CC#N)nn2-c2ccccc2)c1=N,0,3783
3246103.0,C[C@]12CC[C@H]3c4ccc(O)cc4CC[C@@H]3[C@H]1CC[C@@H]2OC(=O)CCc1ccccc1,0,3784
3246104.0,COc1ccc(C[C@@H](N)c2ccc(OC)cc2)cc1,0,3785
231116.0,Cc1ccc2nc(-c3ccc(NC(=O)c4ccc(N)cc4)c(S(=O)(=O)O)c3)sc2c1,0,3786
141219.0,CC(C)CN(CC#N)CC(C)C,0,3787
410174.0,NNC(=O)c1ccc[n+](CCc2ccccc2)c1,0,3788
5355167.0,CS(=O)(=O)c1ccc(/C=N\NC(N)=S)cc1,0,3789
3246105.0,C[C@@H](Cc1ccccc1)[C@@H](C)N,0,3790
67316.0,NS(=O)(=O)c1ccc(N=Nc2ccc(O)c(C(=O)O)c2)cc1,0,3791
3246106.0,CN1CCCC[C@@H]1CCN1CCCCC1,0,3792
229337.0,CC(C)[C@@H](C(=O)O)N1C(=O)c2ccccc2C1=O,0,3793
231503.0,NC(Cc1ccccc1)=NCC(=O)O,0,3794
5771544.0,c1ccc([C@H](c2cccc3c2ccc2ccccc23)[C@H](c2ccccc2)c2cccc3c2ccc2ccccc23)cc1,0,3796
231626.0,BrC(c1cccc2ccccc12)c1cccc2ccccc12,0,3798
231631.0,O=C(O)C(O)(c1ccc(-c2ccccc2)cc1)c1ccc(-c2ccccc2)cc1,0,3799
231656.0,c1ccc2c(c1)c1ccccc1n2Cn1c2ccccc2c2ccccc21,0,3800
231690.0,O=C(O)c1ccccc1C1c2ccccc2Oc2ccccc21,0,3801
410389.0,C[N+]1(CCCC[N+]2(C)CCCCCCC2)CCCCCCC1,0,3802
3246109.0,N#C[C@@H](N=Nc1ccccc1C(=O)O)C(N)=O,0,3803
231799.0,NCC1CCCCC1.O=C(O)NCC1CCCCC1,0,3804
231852.0,O=C(O)c1ccc(C(=O)c2ccccc2C(=O)O)cc1C(=O)O,0,3805
31277.0,O=C(O)CSCC(=O)O,0,3806
231992.0,Cc1ccc(CCCC(=O)O)cc1C,0,3808
3246110.0,CC1CCC(C(=O)O)([C@H](Br)C(=O)O)CC1,0,3809
5771545.0,COc1cc(C)cc(OC)c1/C=C\C(=O)O,0,3810
232155.0,COc1cc(NCCC(=O)O)c2ncccc2c1,0,3812
79626.0,c1ccc2c(c1)nnn2CN1CCOCC1,0,3813
95687.0,Cc1ncc(COP(=O)(O)O)c(C)c1O,0,3814
90273.0,CN(C)CCNc1ccccn1,0,3816
8546.0,O=C(O)c1cc2ccccc2c(Cc2c(O)c(C(=O)O)cc3ccccc23)c1O,0,3817
232780.0,Cc1cc(O)c(C(C)C)cc1N=Cc1ccccc1O,1,3820
3246113.0,C[C@@]1(C(=O)O)CCC[C@@H]1C(=O)O.C[C@@]1(C(=O)O)CCC[C@@H]1C(=O)O,0,3821
3246115.0,Cc1cccc2c1Oc1ccccc1[C@@H]2NC(=O)c1ccc([N+](=O)[O-])cc1,0,3822
3246116.0,CC(C)=C[C@H]1[C@@H](COC(=O)c2cc3c(cc2Cl)OCO3)C1(C)C,1,3823
3246117.0,CC(C)=C[C@H]1[C@@H](COC(=O)c2ccccc2Cl)C1(C)C,0,3824
16684732.0,Nc1ccccc1O.O.O=C(O)[C@H]1O[Sb]O[C@H]1C(=O)O,0,3825
233907.0,c1ccc2c(CSCc3cccc4ccccc34)cccc2c1,0,3830
233979.0,O=C(NCCO)c1ccc(Cl)cc1,0,3831
3246121.0,N[C@@](CCc1ccccc1)(C(=O)O)c1ccccc1,0,3832
2249310.0,Cc1ccc(S(=O)(=O)N[C@H](C(=O)O)C(C)C)cc1,0,3833
5367262.0,O=C(N/N=C\c1cccc(O)c1)c1ccncc1,0,3835
234303.0,CCN(CC(=O)O)C(=O)c1cccnc1,0,3836
3246123.0,Cc1cccc(Cl)c1NC[C@H](O)CN1CCN(C)CC1,0,3837
234404.0,c1ccc2sc(SCN(C3CCCCC3)C3CCCCC3)nc2c1,0,3839
3246124.0,Cc1cc2ccccc2c[n+]1CC(O)C[n+]1cc2ccccc2cc1C,0,3840
3246125.0,O=c1[nH]c(=S)c2[nH]c(=O)n(-c3ccccc3)c2[nH]1,0,3841
3246127.0,CN[C@H](Cc1ccccc1)c1cccc(OC)c1O,0,3843
5771547.0,O=C(O)/C(=C\c1ccc(O)cc1)c1cccc2ccccc12,0,3844
3246128.0,O=C(c1ccccc1)[C@H](Nc1ccc2ccccc2c1)c1ccccc1,1,3845
5351743.0,CC(C)c1ccc(/C=C2\C=C(c3ccc4ccccc4c3)OC2=O)cc1,0,3846
234772.0,CC(CCc1nc2ccccc2s1)(c1ccc(O)cc1)c1ccc(O)cc1,1,3847
234810.0,N=C(N)SCc1ccc(Cl)cc1Cl.O=[N+]([O-])c1c(O)c(Cl)cc(Cl)c1Cl,0,3848
411628.0,O=C(C[N+]1(c2ccccc2)CCOCC1)c1ccccc1,0,3849
1871019.0,O=C(C[C@@H](c1ccccc1)N1CCCCC1)c1ccccc1,0,3850
411668.0,O=C(C[n+]1ccc2ccccc2c1)c1ccc2ccc3ccccc3c2c1,0,3851
234859.0,c1ccc2sc(SCSc3nc4ccccc4s3)nc2c1,1,3852
5771548.0,N=C(N)c1ccc(/C=C\c2ccc(C(=N)N)cc2)cc1,0,3853
234890.0,O=[As](O)(O)c1ccc2nc3cc([As](=O)(O)O)ccc3nc2c1,0,3854
65708.0,O=C(O)CCc1nc2ccccc2[nH]1,0,3856
943044.0,Nc1nc(SCCc2ccccc2)c2[nH]cnc2n1,1,3857
411803.0,CCc1ccc(CCC(=O)O)nc1,0,3859
235043.0,O=C(SCc1cccc2ccccc12)c1ccc(Cl)cc1,0,3860
3246129.0,c1ccc2c[n+](CCCC[n+]3ccc4ccccc4c3)ccc2c1,0,3861
6713589.0,COc1cc2c3cc1Oc1cc(ccc1O)C[C@@H]1c4c(cc(OC)c(O)c4Oc4ccc(cc4)C[C@H]3[N+](C)(C)CC2)CC[N+]1(C)C,0,3862
235298.0,CN(C)CCn1c(CO)nc2c1c(=O)n(C)c(=O)n2C,0,3863
225218.0,Cn1c(=O)c2[nH]c(CCC(=O)O)nc2n(C)c1=O,0,3864
235431.0,O=C1CN2CCN(CC2)CC(=O)Nc2ccc(cc2)S(=O)(=O)c2ccc(cc2)NC(=O)CN2CCN(CC2)CC(=O)Nc2ccc(cc2)S(=O)(=O)c2ccc(cc2)N1,0,3865
3246131.0,C1CNCCN1.C[C@H](CCC(=O)O)[C@H]1CC[C@@H]2[C@@H]3[C@@H](O)C[C@H]4C[C@@H](O)CC[C@@]4(C)[C@@H]3C[C@@H](O)[C@@]12C,0,3866
5771549.0,Nc1nc(SC/C=C\c2ccccc2)c2[nH]cnc2n1,1,3867
3246134.0,[N-]=[N+]=NCC(=O)c1c[nH]c(=O)[nH]c1=O,0,3868
235538.0,O=S(=O)(O)c1cc(N=[N+]([O-])c2cc(S(=O)(=O)O)c3ccccc3c2)cc2ccccc12,0,3870
80709.0,Nc1cc(S(=O)(=O)O)cc2ccc(S(=O)(=O)O)cc12,0,3871
235577.0,O=C(O)c1ccc(Cc2ccccc2C(=O)O)cc1,0,3872
80444.0,Nc1ccc(Cc2ccc(N)c(C(=O)O)c2)cc1C(=O)O,0,3873
235593.0,Nc1cccc2cc(S(=O)(=O)Nc3ccc(C(=O)O)cc3)ccc12,0,3874
235633.0,O=S(=O)(c1ccc2ccccc2c1)N1CCN(S(=O)(=O)c2ccc3ccccc3c2)CC1,0,3875
412128.0,c1ccc(-c2nnn(CCN3CCCCC3)n2)cc1,0,3876
412194.0,Cc1cc(CN2CCCCC2)c(O)c(CN2CCCCC2)c1,0,3879
236027.0,CC(=O)Nc1c(C)cc(OCC(=O)O)cc1C,0,3880
236058.0,Cn1cnc([N+](=O)[O-])c1SCC(=O)O,0,3881
412254.0,CN1CCN(c2nc3c(c(=O)n(C)c(=O)n3C)n2C)CC1,0,3882
3246138.0,CNc1ncnc(Sc2nc(N)nc3nc[nH]c23)c1[N+](=O)[O-],0,3884
3246139.0,Nc1nc(SCC(=O)c2ccc(Br)cc2)c2[nH]cnc2n1,1,3885
3246140.0,CC(C)[C@H](Sc1nc(N)nc2nc[nH]c12)C(=O)O,0,3886
3246141.0,Nc1nc(SCc2ccccc2[N+](=O)[O-])c2[nH]cnc2n1,1,3887
3246142.0,O=C(O)CC[C@@]1(c2ccccc2)NC(=O)NC1=O,0,3888
412301.0,CN(C)CCCn1cnc2cc(Cl)c(Cl)cc21,0,3890
412302.0,Cc1nc2cccc([N+](=O)[O-])c2n1CCCN(C)C,0,3891
236579.0,CN(C)Cc1cc(Cl)c(O)c(CN(C)C)c1,0,3892
3246143.0,CN1C[C@H](c2ccccc2)C(O)([C@]2(c3ccccc3)CN(C)C[C@@H](c3ccccc3)C2=O)[C@H](c2ccccc2)C1,0,3893
236591.0,O=C(O)C(Cc1cccs1)C(=O)O,0,3894
3246144.0,CNC[C@@H](SC)c1ccc(O)c(O)c1,0,3895
236602.0,CN(C)Cc1cc(O)c(O)c(CN(C)C)c1,0,3896
3246145.0,CCC[C@H](Sc1nc(N)nc2nc[nH]c12)C(=O)O,0,3897
906176.0,OC[C@@H](O)CSc1ncnc2nc[nH]c12,0,3898
5351763.0,O=C(O)C(=O)/C=C(\O)c1ccc(Br)cc1,0,3899
83791.0,NCS(=O)(=O)O,0,3900
3246146.0,C[C@@]12Cc3cnc(-c4ccccc4)nc3C[C@@H]1CC[C@H]1[C@@H]2CC[C@]2(C)[C@@H]1CC[C@@]2(C)O,0,3901
3246147.0,N[C@@H](CSCc1ccc(I)cc1)C(=O)O,0,3903
236954.0,O=C(O)CCSCc1ccc(I)cc1,0,3904
23365.0,CCOC(=O)CCCN,0,3905
237116.0,OCCCNc1ncnc2[nH]ncc12,0,3906
237120.0,O=C(O)Cc1[nH]cnc1C(=O)O,0,3907
412623.0,O=C(O)c1cc2ccccc2c(S(=O)(=O)O)c1O,0,3908
135403624.0,CC(C)CNc1nc(N)[nH]c(=O)c1NC=O,0,3910
80247.0,O=P(O)(O)CCP(=O)(O)O,0,3912
134490.0,NCC[C@H](N)C(=O)O,0,3913
237617.0,O=C(O)c1oc(C(=O)O)c(C(=O)O)c1C(=O)O,0,3915
3246152.0,C[C@@H](C[C@H](N)C(=O)O)C(=O)O,0,3916
234991.0,O[C@@H](CN1CC1)[C@H](O)CN1CC1,0,3918
686030.0,COc1ccc(C[C@H](O)CN2CCOCC2)cc1,0,3919
237752.0,c1ccc(SC(Sc2ccccc2)c2ccc3c(c2)OCO3)cc1,1,3920
65526.0,NCc1ccc(C(=O)O)cc1,0,3921
3246154.0,O=C(O)C[C@H](S)C(=O)O,0,3923
80257.0,COC(=O)c1cc(=O)[nH]c(=O)[nH]1,0,3924
135403625.0,O=C(O)c1cc(=O)[nH]c(SCc2ccccc2)n1,0,3925
237975.0,Cc1ncn(-c2ccccc2O)c1C,0,3926
412865.0,c1ccc2c(CN3CCN(Cc4c[nH]c5ccccc45)CC3)c[nH]c2c1,0,3928
3246156.0,C[N+](C)(C)c1ccc([C@H](N)C(=O)O)cc1,0,3929
3032930.0,S=C(S)NCCN1CCNCC1,0,3930
3246158.0,O=C1Nc2ccccc2[C@]1(O)Cc1ccccn1,0,3932
238322.0,CC(C)CNCCc1ccccn1,0,3935
238327.0,c1ccc(CCNCc2ccco2)nc1,0,3937
238347.0,O=C(CC(=O)c1ccncc1)c1ccccc1,1,3938
238356.0,CC(C)C(=O)C(C)(C)CCc1ccccn1,0,3939
3246160.0,O=C(O)[C@H](CCc1ccccn1)c1ccccc1,0,3940
238450.0,CC(C)C(=O)Cc1ccc2ccccc2n1,0,3941
3246161.0,CCC(=O)[C@@H](c1ccccc1)c1ccccn1,0,3942
3246162.0,CN(C)CC[C@@H](C(=O)C(C)(C)C)c1ccccn1,0,3943
3246163.0,c1ccc2nc(CC[C@@H]3CCCCN3)ccc2c1,1,3944
3246164.0,c1ccc([C@H](CCN2CCCC2)c2ccccn2)cc1,0,3945
238490.0,Cc1nc2ccccc2nc1N1CCCC1,0,3946
193613.0,N[C@@H](CSCc1ccccc1)C(=O)O,0,3947
160453.0,O=C(O)CC[C@@H](C(=O)O)N1C(=O)c2ccccc2C1=O,0,3948
3246165.0,OC[C@@H]1CCC[C@H](n2cnc3c(=S)nc[nH]c32)O1,0,3951
238855.0,Cn1cnc([N+](=O)[O-])c1Sc1nc(N)nc2c1ncn2Cc1ccccc1,0,3952
3246166.0,c1ccc2c([C@@H]3CCN(CCN4CCOCC4)C3)c[nH]c2c1,0,3953
3246167.0,CC(C)(C[C@@]1(C)NC(=O)NC1=O)OCc1ccccc1,0,3954
3246168.0,O=P(O)(O)O[C@@H]1O[C@H](CO)[C@@H](O)[C@H](O)[C@@H]1O,0,3955
5355750.0,C/C(=N/O)c1ccc2cc(Br)c3ccccc3c2c1,0,3957
3246171.0,C[C@H](Br)C(=O)c1ccc2cc(Br)c3ccccc3c2c1,0,3958
239491.0,CC(C)Cn1cnc2c(Sc3c([N+](=O)[O-])ncn3C)nc(N)nc21,0,3960
3246173.0,c1nc(N2CC2)c2cnn([C@@H]3CCCCO3)c2n1,0,3961
3246174.0,N[C@H](Cc1ccccc1)c1nn[nH]n1,0,3962
239729.0,CN(CC(=O)O)Cc1c(O)c(Cl)cc(Cl)c1Cl,0,3963
413118.0,CC[N+](C)(CC)CCN1C(=O)c2ccccc2S1(=O)=O,0,3964
112806.0,O=S(=O)(O)c1cc(O)c2c(O)c(N=Nc3cccc4ccccc34)c(S(=O)(=O)O)cc2c1,0,3965
239794.0,O=C1C(Cl)=C(Nc2ccc(S(=O)(=O)Nc3ccccn3)cc2)C(=O)c2ccccc21,0,3967
3246177.0,CSCC[C@@H](C(=O)O)N(C)C,0,3968
413204.0,Nc1c(S(=O)(=O)O)cc(S(=O)(=O)O)c2ccc(N=Nc3ccccc3)c(O)c12,0,3969
135403626.0,Cc1ccc(N=Nc2c(O)c3ccccc3[nH]c2=O)c(S(=O)(=O)N(C)C)c1,0,3970
109515.0,O=S(=O)(O)c1ccc2c(N=Nc3c(O)ccc4ccccc34)cccc2c1,0,3971
22135.0,O=S(=O)(O)c1ccc2c(N=Nc3cccc4ccccc34)c(O)c(S(=O)(=O)O)cc2c1,0,3972
520491.0,CC(C)=NNc1ncnc2nc[nH]c12,0,3973
413271.0,N=C(N)SCCc1ccccn1,0,3976
498054.0,CS(=O)(=O)O.N=C(N)SCCc1ccncc1,0,3977
3246179.0,CN(C)CCN1C(=O)CC[C@]2(C)C1=CC[C@@H]1[C@@H]2CC[C@]2(C)[C@H]1CC[C@]2(C)O,0,3979
3246182.0,CCOC(=O)[C@]1(CC(=O)O)CCCC1=O,0,3982
240466.0,COc1ccc2cc(C(=O)CCC(=O)O)ccc2c1,0,3983
3246183.0,O=C(O)[C@H](CCc1ccccc1)N1C(=O)c2ccccc2C1=O,0,3984
6106.0,CC(C)C[C@H](N)C(=O)O,0,3985
3246184.0,O=C(O)[C@H]1[C@@H]2C=C[C@H](O2)[C@@H]1C(=O)Nc1ncccn1,0,3986
3246185.0,O=C(O)[C@H]1[C@@H]2C=C[C@H](O2)[C@@H]1C(=O)NCc1ccccn1,0,3987
3246187.0,O=C(NCc1cccnc1)[C@H]1[C@@H]2CC[C@@H](O2)[C@@H]1C(=O)O,0,3988
3246188.0,O=C(Nc1cccc2cccnc12)[C@H]1[C@@H]2CC[C@@H](O2)[C@@H]1C(=O)O,0,3989
240782.0,CCC(=O)Nc1ncnc2ncn(C(=O)CC)c12,0,3991
240836.0,O=C(O)C1CC2(C1)CC(C(=O)O)C2,0,3992
5355951.0,COc1ccc(/C=N\NC(=O)O)cc1,0,3993
135485437.0,Cc1[nH]n(-c2ccc(S(=O)(=O)O)cc2)c(=O)c1N=Nc1ccccc1.[Na],0,3994
413411.0,O=S(=O)(O)c1ccc(N=Nc2ccc3c(S(=O)(=O)O)cccc3c2O)c2ccccc12,0,3995
3246190.0,NC(N)=N[C@H](CC(=O)O)c1ccccc1,0,3997
240945.0,COc1ccc(NCc2c(O)ccc3ccccc23)cc1,0,3998
62616.0,Oc1ccc(Cl)cc1Cc1cc(Cl)cc(Cc2cc(Cl)ccc2O)c1O,0,3999
413430.0,CN(C)Cc1cc(C(C)(C)C)cc(CNC2CCCCC2)c1O,0,4000
413431.0,Oc1ccc2ccccc2c1CN(Cc1c(O)ccc2ccccc12)C1CCCCC1,0,4001
3246191.0,CC(=O)OC1=CC2=CC[C@H]3[C@H]4CCC(=O)[C@@]4(C)CC(=O)[C@]3(S)[C@]2(C)CC1,0,4002
241052.0,CC(C)(C)c1ccc(O)c(CN(Cc2cc(C(C)(C)C)ccc2O)C2CCCCC2)c1,0,4003
241059.0,Cc1cc(C(C)(C)C)cc(CNC2CCCCC2)c1O,0,4004
241061.0,Oc1ccc2ccccc2c1C=NCc1c(O)ccc2ccccc12,0,4005
241066.0,Cc1cc(C)c(O)c(Cc2cccc(Cc3cc(C)cc(C)c3O)c2O)c1,0,4006
241069.0,CC(C)(C)c1cc(Br)c(O)c(CN(Cc2cc(C(C)(C)C)cc(Br)c2O)C2CCCCC2)c1,0,4007
122993.0,Cc1cc(=Nc2ccc3c(c2)c(N)cc(C)[n+]3C)nc(N)n1C,0,4008
3246192.0,c1ccc(B2OC[C@@H]([C@H]3OB(c4ccccc4)O[C@H]4COB(c5ccccc5)O[C@H]43)O2)cc1,0,4009
241158.0,O=[As](O)(O)c1ccc(Cc2ccc([As](=O)(O)O)cc2)cc1,0,4010
3246193.0,S=c1c2[nH]cnc2ncn1CCSc1ncnc2nc[nH]c12,0,4011
241183.0,O=c1ccnc(SCc2ccc(Cl)cc2)[nH]1,0,4012
241222.0,O=C(O)c1c2c(c(O)c3c1CN(C1CCCCC1)CO3)OCN(C1CCCCC1)C2,0,4013
241231.0,CC(C)(C)c1c2c(c(C(C)(C)C)c3c1OCN(Cc1ccccc1)C3)OCN(Cc1ccccc1)C2,0,4014
223214.0,CN(C)Cc1cc(C(C)(C)C)cc(CN(C)C)c1O,0,4015
3246194.0,CN(C)CCC(=O)[C@@]1(O)CC[C@H]2[C@H]3CC=C4C[C@@H](O)CC[C@]4(C)[C@H]3CC[C@]21C,0,4016
413484.0,CC(C)(C)c1ccc(O)c(C[N+](C)(C)C)c1,0,4017
241379.0,O=C(O)c1cc(Cl)cc(Cc2cc(Cl)cc(C(=O)O)c2O)c1O,0,4018
413487.0,Oc1cc(CN2COc3ccccc32)c(O)cc1CNC1CCCCC1,0,4019
241399.0,CC(C)(C)c1ccc(O)c(CN(Cc2cc(C(C)(C)C)ccc2O)c2ccccc2)c1,0,4020
241416.0,O=C(O)c1nnsc1COCc1ccccc1,0,4021
241463.0,CC(C)(C)c1ccc(O)c(CN(Cc2c(O)ccc3ccccc23)C2CCCCC2)c1,0,4022
241474.0,Oc1c(Br)cc(Br)cc1CN(Cc1cc(Br)cc(Br)c1O)C1CCCCC1,0,4023
241476.0,Oc1c(Cl)cc(CN(Cc2cc(Cl)c(O)c(Cl)c2)C2CCCCC2)cc1Cl,0,4025
241482.0,CN(Cc1cc(C(C)(C)C)cc(Br)c1O)Cc1cc(C(C)(C)C)cc(Br)c1O,0,4026
3246195.0,CC1=C[N+](=O)c2ccccc2[N+]1=O,0,4027
3246196.0,CCOC(=O)[C@@H](O)Cc1cnc2ccccc2n1,0,4028
439917.0,CC(=O)N[C@H](Cc1c[nH]c2ccccc12)C(=O)O,0,4029
3246197.0,CCSC[C@@H](N)C(=O)O,0,4030
413540.0,c1ccc(CCN2CCN=C2Cc2ccccc2)cc1,0,4031
3246198.0,CC1=NCC[N@@+]1(CCc1ccccc1)Cc1ccccc1,0,4032
3246199.0,S=C1NCN2CCN(CC2)CNC(=S)C(=S)NCN2CCN(CC2)CNC1=S,0,4033
5351814.0,O=C(O)/C=C\C(=O)Nc1cccc2c1-c1ccccc1C2=O,0,4034
241840.0,Nc1nc(SCc2ccccc2Cl)cc(C(=O)O)n1,0,4035
241841.0,Nc1cc(C(=O)O)[nH]c(=O)n1,0,4036
241878.0,Oc1ccccc1C(Sc1nc2ccccc2s1)Sc1nc2ccccc2s1,0,4037
3246200.0,O=C(O)[C@@H](O)Cc1ccccn1,0,4038
3246201.0,O=S(=O)(O)Cc1ccccc1.O=S(=O)(O)[C@@H](CO)c1ccccc1,0,4039
3246203.0,O=S(=O)(O)[C@@H](c1ccccc1)[C@@H](O)c1ccccc1,0,4040
242043.0,COc1ccc(Cc2ccccc2C(=O)O)c2ccccc12,0,4041
54677778.0,CN(C)[C@H]1C(=O)C(C(=O)NCN2CCCC2)=C(O)[C@]2(O)C(=O)C3=C(O)c4c(O)cccc4[C@](C)(O)[C@H]3C[C@H]12,0,4042
135403628.0,Cc1cc2c(=O)[nH]c(N)nc2nc1C,0,4044
242245.0,O=C(O)CNCCc1ccccc1,0,4045
242360.0,O=C(O)C1(Nc2ccc(Cl)cc2)CCCC1,0,4046
3246205.0,C[C@@](O)(CNS(=O)(=O)c1ccccc1)c1ccccc1,0,4047
3246206.0,C[C@@H]1NCC[C@H](CC(=O)O)[C@H]1CC(=O)O,0,4048
77814.0,CC(CC(=O)O)(CC(=O)O)c1ccccc1,0,4049
3246207.0,C[C@@]12CCC(=O)C=C1C[C@H](O)[C@@H]1[C@@H]2CC[C@]2(C)[C@H]1CC[C@]2(C)O,0,4050
67640.0,O=C(O)C(F)(F)C(F)(F)C(F)(F)C(F)(F)C(=O)O,0,4051
413701.0,O=C(O)CCSC1=NCCN1,0,4052
242655.0,CCCn1cnc2c(SCC(=O)O)nc(N)nc21,0,4053
80733.0,O=C1c2cc([N+](=O)[O-])ccc2-c2ccc3c4ccc5c6c(ccc(c7ccc1c2c73)c64)C(=O)c1cc([N+](=O)[O-])ccc1-5,0,4054
3246208.0,CC(C)[C@](N)(C(=O)O)c1ccccc1,0,4055
3246209.0,C[C@@H](CSC(=N)N)C(N)=O,0,4056
242937.0,O=S(=O)(c1ccc(Br)cc1)N1CCN(S(=O)(=O)c2ccc(Br)cc2)CC1,0,4057
242955.0,NCCNc1ncnc2ccc(Cl)cc12,0,4058
3246210.0,CC(C)[C@H](Nc1ncnc2nc[nH]c12)C(=O)O,0,4059
413816.0,O=C(O)c1[nH]c(=O)[nH]c(=O)c1CN1CCCCC1,0,4060
3246212.0,NNC(=O)[C@@H](O)[C@H](O)[C@H](O)CO,0,4063
3246213.0,Nc1ccccc1.O=P(O)(OP(=O)(O)c1ccccc1)c1ccccc1,0,4065
72489.0,O=C(NNC(=O)c1ccncc1)c1ccncc1,0,4066
413872.0,COc1cc(CCN)c(OC)c(OC)c1,0,4067
3246215.0,C[N+](C)(C)c1ncnc2c1ncn2[C@@H]1CCCCO1,0,4068
3246216.0,C[C@@]12CC[C@@H]3[C@H](CC[C@H]4C[C@@H](O[C@@H]5O[C@H](CO)[C@@H](O)[C@H](O)[C@@H]5O)CC[C@]43C)[C@@]1(O)CC[C@@H]2C1=CCOC1=O,0,4069
243715.0,CC1(CCC(=O)OC2CCCCC2)OCCO1,0,4071
243773.0,[N-]=[N+]=CC(=O)COC(=O)c1ccccc1,0,4072
68164.0,O=C(O)CSSCC(=O)O,0,4073
243877.0,CN(C)c1ncnc2c1ncn2CCn1cnc2c(N(C)C)ncnc21,0,4074
243964.0,Cc1cc2c(SCc3ccccc3Cl)nc(N)nc2nc1C,0,4076
3246221.0,N[C@@]1(C(=O)O)CCC[C@@H]1C(=O)O,0,4077
414066.0,O=c1c[n+](CC[n+]2cc(=O)o[nH]2)[nH]o1,0,4078
414067.0,O=c1c[n+](CCCC[n+]2cc(=O)o[nH]2)[nH]o1,0,4079
244199.0,O=C(O)Cc1cc(Cl)ccc1O,0,4081
244282.0,CC(C)(C)CNCCO,0,4083
244529.0,OCCn1cnc2c(SCc3ccccc3)ncnc21,0,4084
414155.0,O=C(O)c1ccccc1-c1ccccc1C(=O)c1ccccc1,0,4085
244895.0,O=C(CCCc1ccccn1)c1ccccc1,0,4086
3246223.0,[N-]=[N+]=NCC(N)=O,0,4087
667466.0,CN(C)CC/C=C1\c2ccccc2Sc2ccc(Cl)cc21,0,4088
245078.0,Clc1ccc2c(NC3CCC(N4CCCCC4)CC3)ccnc2c1,0,4090
1023.0,O=P(O)(O)OP(=O)(O)O,0,4092
3246224.0,Fc1cccc(CSc2ncnc3c2ncn3[C@H]2CCCS2)c1,0,4093
245251.0,O=C(O)C(Sc1ccc(Cl)cc1)Sc1ccc(Cl)cc1,0,4094
414274.0,CSc1nc(C)cc(Nc2ccc(O)c(CN3CCOCC3)c2)n1,0,4095
414285.0,NS(=O)(=O)c1ccc(NCc2nc3ccccc3[nH]2)cc1,0,4096
245396.0,O=C(CC1(O)CCCCC1)OC1CCCC1,0,4097
5351835.0,O=C(O)/C=C\C(=O)Nc1ccc2c(c1)C(=O)c1cc(F)ccc1-2,1,4098
245617.0,Cc1cc(Cc2cc(Cc3cc(C)cc(C(C)(C)C)c3O)c(C)cc2C)c(O)c(C(C)(C)C)c1,0,4099
5351836.0,CN(C)S(=O)(=O)c1nc(Cl)c2[nH]cnc2n1,0,4100
5771566.0,C[C@@H](N=C(N)N)C(=O)O,0,4101
5351837.0,[O-][N+](CCO)(CCO)c1ncnc2nc[nH]c12,0,4102
73629.0,NNC(=O)[C@@H](O)[C@H](O)C(=O)NN,0,4103
3246230.0,CC1(C)[C@@H](CC(=O)O)CCC[C@@H]1CC(=O)O,0,4108
3246231.0,N[C@@H](Cc1c[nH]c2ccc([N+](=O)[O-])cc12)C(=O)O,0,4109
3246234.0,COc1ccc(CC[N@+]2(C)COc3cc4oc(=O)cc(C)c4cc3C2)cc1OC,0,4110
3246236.0,CCS(=O)(=O)O.OC1C[C@H]2CC[C@H](C1)N2CCCN1c2ccccc2Sc2ccc(Cl)cc21,0,4112
414479.0,O=C(O)c1ccc([N+]2=Cn3c(nc4ccccc43)C2)cc1,0,4113
246464.0,Nc1nc(SCc2ccccn2)c2ncn(C3CCCC3)c2n1,0,4114
3246239.0,CN[C@@H](c1ccncc1)[C@@H](NC)c1ccncc1,1,4115
78328.0,CN1CCN(CCCN)CC1,0,4117
3246240.0,CCCOC(=O)[C@H]1[C@@H]2CC[C@@H](O2)[C@@H]1C(=O)O,0,4118
247165.0,Nc1ccc2[nH]cc(CCC(=O)O)c2c1,0,4119
5351841.0,C=CCNS(=O)(=O)c1ncnc2nc[nH]c12,0,4121
3246242.0,CN1[C@@H]2CC(OC(=O)[C@@H](CO)c3ccccc3)C[C@@H]1[C@H]1O[C@H]12,0,4122
3246244.0,C[N+]1(C)[C@@H]2CC(OC(=O)[C@@H](CO)c3ccccc3)C[C@@H]1[C@H]1O[C@H]12,0,4123
3246247.0,C[C@@H]1CCCN(C[C@@H](O)CN2CCCc3ccccc32)C1,0,4125
3246248.0,O=CN1CCN(C[C@H](O)CN2CCCCC2)CC1,0,4126
135403631.0,S=c1[nH]nc(SCc2ccccc2Cl)c2[nH]cnc12,1,4127
247616.0,Cn1c(=O)c2c(nc(C(=N)SCC(=O)O)n2C)n(C)c1=O,0,4128
247621.0,Cn1c(=O)c2[nH]c(COCc3nc4c([nH]3)c(=O)n(C)c(=O)n4C)nc2n(C)c1=O,0,4129
135485438.0,Cn1c(=O)c2[nH]c(/N=N\N3CCN(CCO)CC3)nc2n(C)c1=O,0,4130
135403632.0,CN(C)Cc1c[nH]c2nc[nH]c(=O)c12,0,4131
5771570.0,CC(C)[C@@H](C)/C=C\[C@@H](C)[C@@H]1CC[C@H]2C3=CC=C4C[C@@H](O)CC[C@]4(C)[C@H]3CC[C@@]12C,0,4132
113994.0,N=C(N)SCCCN,0,4133
414710.0,C[N+](C)(N)CCC[N+](C)(C)N,0,4135
3246251.0,COC(=O)CC[C@@H](C)[C@@H]1CC[C@@H]2[C@@H]3CC[C@H]4C[C@@H](O)CC[C@@]4(C)[C@@H]3CC[C@@]12C,0,4137
2785216.0,c1ccc([P+](CC[P+](c2ccccc2)(c2ccccc2)c2ccccc2)(c2ccccc2)c2ccccc2)cc1,0,4139
135422188.0,C[N+](C)(C)CC(=O)N/N=C\c1c(O)ccc2ccccc12,0,4141
5459210.0,C[N+](C)(C)CC(=O)N/N=C\c1ccncc1,0,4142
5356670.0,Cn1c(=O)c2c(nc(N/N=C\c3ccccc3C(=O)O)n2C)n(C)c1=O,0,4143
56993.0,CN(C)CCCN1CCC2(CCC(C(C)(C)C)CC2)CC1,0,4144
248380.0,N=C(N)SCc1ccc(Cl)c2ccccc12.O=[N+]([O-])c1c(O)c(Cl)cc(Cl)c1Cl,0,4145
248466.0,COc1cc(N=Nc2cccc(S(N)(=O)=O)c2)c2ccccc2c1N,1,4146
248485.0,OCCCNCc1ccccn1,0,4147
3246254.0,C[C@@]12CCC3=NCCN3C1=CC[C@H]1[C@@H]2CC[C@@]2(C)[C@H]1CC[C@]2(C)O,0,4149
726885.0,COc1cc2c(cc1O)C[C@@H]1c3c(cc(O)c(OC)c3-2)CCN1C,0,4150
3246255.0,N[C@@H](Cc1c[nH]c2cc([N+](=O)[O-])ccc12)C(=O)O.O=[N+]([O-])O,0,4151
414983.0,Nc1ccc(N=Nc2ccc(-c3ccc(O)cc3)cc2)c2ccc(S(=O)(=O)O)cc12,0,4152
248618.0,Clc1ccc(C=Nc2ccc3c(c2)Cc2ccccc2-3)c(Cl)c1,0,4153
5351859.0,NS(=O)(=O)c1nc(S(=O)(=O)O)c2[nH]cnc2n1,0,4154
248743.0,c1ccc(CCc2cccnc2)nc1,0,4155
248753.0,c1cncc(CNCCN2CCNCC2)c1,0,4156
31422.0,O=C(O)c1ccc(C(=O)O)c2c(C(=O)O)ccc(C(=O)O)c12,0,4157
3246258.0,C[N+](C)(C)c1nc(N)nc2c1ncn2[C@H]1O[C@@H](CO)[C@@H](O)[C@H]1O,0,4158
415105.0,NCC(=O)NC1(C(=O)O)CCCC1,0,4161
135485439.0,Oc1ccc2ccccc2c1/C=C\c1ccc2c(Br)cc(Br)c(O)c2n1,0,4162
5459265.0,CC(=O)/C(=N\N=C(N)N)c1ccccc1.O=S(=O)(O)O,0,4163
6815.0,CCCC(c1cc(C(C)(C)C)c(O)cc1C)c1cc(C(C)(C)C)c(O)cc1C,0,4164
249398.0,O=C(O)c1ccccc1-c1ccccc1C(=O)Nc1ccc2c(c1)Cc1ccccc1-2,0,4165
5771576.0,C[C@]12CN(CC[N+](C)(C)C)C[C@]1(C)[C@@H]1CC[C@@H]2O1,0,4166
5771577.0,CC1(C)[C@@H]2CC[C@]1(C)CN(CCC[N+](C)(C)C)C2,0,4167
3246267.0,CC(=O)O[C@H]1CC[C@@]2(C)C(=CC[C@H]3[C@H]2CC[C@@]2(C)[C@H]([C@H](C)C(=O)O)CC[C@H]32)C1,0,4170
250321.0,O=C1C=CC(=Nc2cccc3c(N=C4C=CC(=O)O4)cccc23)O1,0,4171
3246268.0,CC(C)[C@@]12CC[C@@]3(CC[C@@H]4[C@@](C)(C(=O)O)CCC[C@@]4(C)[C@@H]3C1)[C@@H](CN)C2,0,4174
108.0,O=C(O)Cc1cccnc1,0,4175
250865.0,ON(CCc1ccncc1)Cc1ccccc1,1,4176
415609.0,CSc1nc(C)cc(Nc2ccc(O)c(CN3CCCCC3)c2)n1,0,4177
3246269.0,OC[C@@H]1O[C@@H](O)[C@H](N=Cc2ccc3c(c2)OCO3)[C@@H](O)[C@@H]1O,0,4178
68281.0,O=C(Nc1ccc2ncccc2c1)Nc1ccc2ncccc2c1,0,4179
3246270.0,COc1cc2c(cc1O)[C@@H](c1cc(O)c(O)c(OC)c1)[C@@](O)(C(=O)O)[C@@H](CO)[C@@H]2O,0,4180
3246271.0,C[C@@]12CC[C@@H]3[C@@H]4CCC(=O)C=C4CC[C@@H]3[C@H]1CC[C@H]2OC1(O)C(=O)c2ccccc2C1=O,0,4181
5459299.0,NC(N)=N/N=C\c1ccc(C2CCNCC2)cc1,0,4182
135485440.0,NC(N)=N/N=C\c1ccc(O)c(C(=O)O)c1,0,4183
3246273.0,COC(=O)[C@H]1C(=O)[C@H](C(=O)OC)[C@H]2CC[C@@H]1N2C.O=C(O)C(=O)O,0,4185
3246277.0,N=C(N)CCNC(=O)[C@@H]1CCC(N)=N1.O=S(=O)(O)O,0,4187
252007.0,O=C(O)c1ccc(C(=O)O)c(C(=O)Nc2ccc3c(c2)Cc2ccccc2-3)c1,0,4188
3246278.0,O=C(Nc1ccc2c(c1)Cc1ccccc1-2)[C@@H]1[C@H](C(=O)O)[C@]2(Cl)C(Cl)=C(Cl)[C@@]1(Cl)C2(Cl)Cl,0,4189
3246279.0,C[C@H](CCC(=O)NN)[C@@H]1CC[C@@H]2[C@H]3CC[C@H]4C[C@@H](O)CC[C@@]4(C)[C@@H]3CC[C@@]12C,1,4190
252101.0,CC(C)c1ccc(O)c(=O)cc1.CC(C)c1ccc(O)c(O)c(=O)c1.CC(C)c1cccc(O)c(=O)c1.CC(C)c1ccccc(=O)c1O,0,4192
70573.0,CC(C)NC1(C(N)=O)CCN(Cc2ccccc2)CC1,0,4193
247144.0,CN(C)CCCN=C(N)N.O=S(=O)(O)O,0,4194
1268114.0,O=C(O)[C@H]1C[C@@H](C(=O)O)[C@@H](C(=O)O)[C@@H]1C(=O)O,0,4195
252256.0,CN(C)Cc1ccc(O)c(CN(C)C)n1,0,4196
43544.0,O=C(O)C1(Nc2ccccc2)CCN(Cc2ccccc2)CC1,0,4197
3246280.0,NC(=O)NCCS[C@H]1CCCC[C@@H]1O,0,4198
3246281.0,O=C(O)[C@@H](O)c1ccc(F)cc1,0,4199
5351877.0,NC(N)=N/N=C(\c1ccc(Cl)cc1)C1CC1,0,4200
3003797.0,S=C(Nc1ccc2cn[nH]c2c1)Nc1ccc2cn[nH]c2c1,1,4201
252683.0,O=C(Nc1ccc2oc(=O)c(C(=O)O)cc2c1)Oc1ccccc1,0,4204
3246283.0,NS(=O)(=O)c1ccc(N=Nc2nc3[nH]cnc(=S)c3[nH]2)cc1,0,4205
253078.0,c1cc(-c2sc(-c3ccncc3)c(-c3ccncc3)c2-c2ccncc2)ccn1,1,4206
5459306.0,Cc1ccc(C)c(/C(=N\N=C(N)N)C2CC2)c1,0,4207
96467.0,O=C(O)CCc1ccc(-c2ccccc2)[nH]1,0,4209
744447.0,O=C(O)[C@@H](c1ccccc1)[C@@H](C(=O)O)c1ccccc1,0,4210
3246285.0,O=C(O)CCCCn1cnc2c(=S)nc[nH]c21,0,4211
253167.0,Nc1ncnc2c1ncn2CCCCC(=O)O,0,4212
96480.0,Oc1cccnc1CN1CCCCC1,0,4213
3246286.0,C[C@@H]1CC[C@H]2[C@H](C)[C@H]3[C@H](C[C@H]4[C@@H]5CC=C6C[C@@H](O)CC[C@@]6(C)[C@@H]5C[C@@H](O)[C@@]43C)N2C1,0,4214
3246287.0,CC1(C)S[C@@H]2[C@H](C(=O)O)N=C(Cc3ccccc3)N2[C@H]1C(=O)O,0,4215
457825.0,COc1ccc2cc1Oc1ccc(cc1)C[C@H]1c3cc(c(OC)cc3CCN1C)Oc1c(OC)c(OC)cc3c1[C@@H](C2)N(C)CC3,0,4216
235898.0,Nc1nc(Cl)cc(NCCO)n1,0,4217
253979.0,CCN(CCO)CCO.Oc1c(Cl)c(Cl)c(Cl)c(Cl)c1Cl,0,4218
253981.0,NCC(O)CN.Oc1c(Cl)c(Cl)c(Cl)c(Cl)c1Cl,0,4219
3246290.0,S=c1nc[nH]c2c1ncn2Cc1ccco1,0,4222
5771582.0,CC[C@@H](c1ccc2cc(O)ccc2c1)C(C)(C)C(=O)O,0,4223
5771583.0,NC1=C2NC=N[C@@H]2N(C/C=C\c2ccccc2)C=N1,0,4225
5771584.0,C[C@@H](NC(=O)C1(N)CCCC1)C(=O)O,0,4226
254476.0,O=C(CN1C(=O)c2ccccc2C1=O)NC1(C(=O)O)CCCC1,0,4227
254481.0,O=C1c2ccccc2C(=O)N1C1(C(=O)NC2(C(=O)O)CCCC2)CCCC1,0,4228
254598.0,c1ccc(CN2COc3c(ccc4c5c(ccc34)CN(Cc3ccccc3)CO5)C2)cc1,0,4229
1822631.0,CS(=O)(=O)O[C@H]1CN2CCC1CC2,0,4231
254848.0,O=C(O)c1cc(N=Nc2ccc([As](=O)(O)O)cc2)ccc1O,0,4232
254860.0,Clc1ccc(CN2CCCN(Cc3ccc(Cl)cc3)C2c2cc3ccccc3c3ccccc23)cc1,0,4234
254983.0,Cc1ccc(S(=O)(=O)O)cc1.NC1(C(=O)OCc2ccccc2)CCCC1,0,4235
3246295.0,O=C(O)CCn1cnc2c(=S)nc[nH]c21,0,4236
3246296.0,COc1ccc2c3c([nH]c2c1)[C@H]1C[C@H]2[C@H](C(=O)O)[C@@H](OC)[C@H](O)C[C@H]2CN1CC3,0,4237
73250.0,Cn1c(=O)c2[nH]c(CCCCc3nc4ccccc4[nH]3)nc2n(C)c1=O,0,4238
3246297.0,N#C[C@H](c1ccccc1)N1CCCN([C@@H](C#N)c2ccccc2)C1c1ccccc1O,0,4239
255798.0,O=C(O)c1ccc(C(=O)c2ccccc2)c(C(=O)O)c1,0,4240
255800.0,NC(N)=NNC(=O)C(=O)O,0,4241
255981.0,Cc1ccc(S(=O)(=O)N=Nc2c(O)[nH]c3cc(O)c(C(=O)O)cc23)cc1,0,4243
96625.0,c1cc(C2N3CCCN2CC3)ccn1,0,4244
3246300.0,COC(=O)c1c(C)ccc2c(O)c3c(cc12)C(=O)c1c2c(cc(O)c1C3=O)[C@@]1(C)O[C@@](C)(O2)[C@@H](O)[C@H](N(C)C)[C@H]1O,0,4245
3246302.0,NCCNC(=S)S,0,4248
3246303.0,O=C(CC(=O)c1ccccc1)O[C@H]1CN2CCC1CC2,0,4249
256519.0,COc1c2c(c3c(c1CCC(=O)O)OC(C)(C)C=C3)OC(C)(C)C=C2,0,4250
416926.0,C=O.N#[N+]c1ccc(Nc2ccccc2)cc1.O=S(=O)(O)O,0,4251
256688.0,O=C(O)CCCCn1ccc(=O)[nH]c1=O,0,4252
828341.0,Oc1c([C@H](Nc2ccccn2)c2ccccc2)ccc2cccnc12,0,4253
61357.0,O=C(O)CC[P+](c1ccccc1)(c1ccccc1)c1ccccc1,0,4255
144457.0,CCSCCCC(=O)O,0,4256
5771588.0,O=C(O)C/C=C\CC(=O)O,0,4257
3246304.0,[N-]=[N+]=Nc1ccc([As](=O)(O)O)cc1,0,4259
257293.0,CC(C)CCC1(CCN)C(=O)NC(=O)NC1=O,0,4263
257295.0,CCNCCC1(CC)C(=O)NC(=O)NC1=O,0,4264
257352.0,Cc1n[nH]c2ccccc2c1=O,0,4265
6399128.0,O=C(O)/C(Cc1ccnc2ccccc12)=N\O,0,4266
1715029.0,Cc1ccc(S(=O)(=O)N[C@H](CN)C(=O)O)cc1,0,4268
3246308.0,CC(C)NCC[C@@H](O)c1cc2ccccc2o1,0,4269
96672.0,Oc1c(CN2CCOCC2)ccc(CN2CCOCC2)c1O,0,4270
257455.0,CN(Cc1cc(Cl)cc(Cl)c1O)Cc1c(O)ccc2ccccc12,0,4271
257469.0,O=C(O)c1cccc(S(=O)(=O)NCCO)c1,0,4272
33055.0,CCOC(=S)SCC(=O)O,0,4273
96686.0,O=C(O)c1ccccc1NCn1c(=S)sc2ccccc21,0,4277
135485442.0,CCOc1ccc2c(ccc(/C=C\c3cc(C)c4cccnc4c3O)[n+]2C)c1,0,4278
5771590.0,COc1ccc(CN[C@H](C)C(=O)O)cc1,0,4279
3246312.0,C[C@]12CC[C@H]3c4ccc(OCC(=O)O)cc4CC[C@@H]3[C@H]1CCC2=O,0,4280
3246313.0,CC(C)(N)C(=O)N[C@@H]1C(=O)N2[C@@H]1SC(C)(C)[C@H]2C(=O)O,0,4281
3246314.0,CC(C)(CO)N1CCN(C(=S)Nc2ccccc2)CC1,0,4282
258237.0,c1cc2c(cc1C(N1CCNCC1)N1CCNCC1)OCO2,0,4283
3246315.0,C[C@H]1CN(CCO)CCN1c1ccccc1,0,4284
417138.0,Cc1ccc(N2CCN(CCC(=O)O)CC2)cc1,0,4285
258376.0,O=C(O)CCC(=O)c1ccc[nH]1,0,4286
135403641.0,Nc1nc(N)c(Cn2ccnc2)c(=O)[nH]1,0,4287
92577.0,O=S(=O)(O)c1ccc2cc(N=Nc3cc(S(=O)(=O)O)c4cccnc4c3O)ccc2c1,0,4289
78938.0,CCCS(=O)(=O)O,0,4290
258769.0,CN(CCO)Cc1ncccc1O,0,4291
3246317.0,N[C@@H](Cc1ccnnc1)C(=O)O,0,4293
3246318.0,N[C@@H](Cc1cccnn1)C(=O)O,0,4294
3246319.0,N[C@H](CO)C(=O)NCC(=O)O,0,4295
52549.0,CN(C)CCCc1c[nH]c2ccccc12,0,4297
3246320.0,CC1(C)S[C@@H]2[C@H](NC(=O)C3(N)CCCCC3)C(=O)N2[C@@H]1C(=O)O,0,4298
417287.0,CC1(C)N=C(N)N=C(N)N1CCCCc1ccccc1,0,4301
3246322.0,C[C@@]12CCC(=O)C=C1CC[C@@H]1[C@@H]3CC[C@H](C(=O)COS(=O)(=O)c4ccc(Br)cc4)[C@]3(C)CC[C@H]12,0,4302
94428.0,O=S(=O)(O)c1cc(O)c2c(N=Cc3ccccc3O)cc(S(=O)(=O)O)cc2c1,0,4303
259264.0,c1ccc2c(c1)-c1ccccc1C2N1CC2CCC(CC2)C1,0,4304
417300.0,NCCCc1ccc2oc3ccccc3c2c1,0,4305
417320.0,Nc1ccccc1N=Nc1c(S(=O)(=O)O)cc2cc(S(=O)(=O)O)cc(O)c2c1O,0,4306
417330.0,Nc1ccccc1CCCC(=O)O,0,4307
443657.0,C[C@H](OP(=O)(O)O)[C@H](N)C(=O)O,0,4308
1080081.0,O[C@@H](COc1ccc(Cl)cc1Cl)CN1CCCC1,0,4309
675152.0,O[C@H](COc1ccccc1)CN1CCCCC1,0,4310
3246324.0,O[C@@H](COc1cccc2ccccc12)CN1CCOCC1,0,4311
259669.0,Nc1nc(N)c(CCCCc2ccccc2)c(N)n1,0,4312
259766.0,Clc1ccc(-c2nnc(-c3cccc4ccccc34)o2)cc1Cl,0,4313
3246325.0,O=C1c2ccccc2[C@@H]([C@@H]2c3ccccc3C(=O)c3cc(Br)ccc32)c2ccc(Br)cc21,0,4314
3246326.0,C[N+](C)(C)c1ncnc2c1ncn2[C@@H]1C[C@H](O)[C@@H](CO)O1,0,4315
3246329.0,C[C@H]1C[C@H]2[C@H]3CCC4=CC(=O)C=C[C@@]4(C)[C@]3(F)[C@H](O)C[C@]2(C)[C@@]1(O)C(=O)COP(=O)(O)O,0,4317
3246330.0,O[C@H](C[C@@H]1CCCCN1)c1ccc2c(c1)oc1ccccc12,0,4318
3246331.0,O=C1NC(=S)NC(=O)C1=Cc1cccc2cc3ccccc3cc12,0,4319
3246332.0,CC(C)=N[C@H](C(=O)O)C(C)(C)S,0,4320
417420.0,CC(C)(C)C1CCC2(CC1)CCN(CCCN1CCOCC1)CC2,0,4322
3246334.0,CC1(C)OC[C@@H]2O[C@H](n3cnc4c(N)nc(Cl)nc43)[C@@H](OS(C)(=O)=O)[C@@H]2O1,0,4324
260048.0,CCOC(=O)Nc1nc(-c2ccccc2)c(C)s1,0,4325
3246335.0,Cc1cn([C@H]2C[C@H](O)[C@@H](COC(N)=O)O2)c(=O)[nH]c1=O,0,4326
3246336.0,CC[C@@]1([N+](=O)[O-])C[C@H]2C=C[C@@H]1C2.CC[C@@]1([N+](=O)[O-])C[C@H]2C=C[C@@H]1C2,0,4329
5771593.0,O[C@@H](C1=C/C(=C\c2ccncc2)c2ccccc21)c1ccncc1,1,4330
260823.0,Nc1c(C(=O)Nc2ccc([As](=O)(O)O)cc2)cnc2nnnn12,0,4331
3246339.0,O=C(O)c1ccc([Hg]Sc2ncnc3nc[nH]c23)cc1,0,4332
135403642.0,Nc1nc2c(c(=O)[nH]1)CN(c1ccc(S(N)(=O)=O)cc1)CN2,0,4333
3003818.0,O=c1[nH]c(=S)[nH]c2c1CN(CCCN1CCOCC1)CN2,0,4334
135403643.0,Nc1nc2c(c(=O)[nH]1)CN(CCCN1CCOCC1)CN2,0,4335
96904.0,O=C(O)CCCc1ccc2ccc3ccccc3c2c1,0,4336
261033.0,O=[As](O)(O)c1ccc(NCc2ccccc2)cc1,0,4337
261036.0,O=C(O)c1cccc([As]=[As]c2cccc(C(=O)O)c2)c1,0,4338
3246340.0,Cc1ccc(S(=O)(=O)O)cc1.N=C(N)SCCc1ccccn1,0,4339
199500.0,c1cc(CSSCc2ccncc2)ccn1,1,4340
261126.0,O=C(Cn1ccc(=O)[nH]c1=O)Nc1ccc(C(=O)O)c(O)c1,0,4341
261297.0,NCCCN1CCN(c2ccccc2)CC1,0,4342
261331.0,ClC(Cl)(Cl)C(N1CCN(c2ccccc2)CC1)N1CCN(c2ccccc2)CC1,0,4343
11972249.0,CC(=O)O[C@H]1CC[C@@]2(C)C(=C[C@@H]([C@@H]3C=C4C[C@H](OC(C)=O)CC[C@@]4(C)C4=C3[C@H]3C[C@H]5O[C@@]6(CC[C@H](C)CO6)[C@H](C)[C@@H]5[C@]3(C)CC4)C3=C2CC[C@@]2(C)[C@@H]3C[C@@H]3O[C@@]4(CC[C@H](C)CO4)[C@@H](C)[C@@H]32)C1,0,4344
3246343.0,C[C@@]12CCC(=O)C=C1CC[C@H]1[C@H]2[C@@H](O)C[C@@]2(C)[C@@H](c3csc(-c4ccccc4)n3)CC[C@H]12,0,4345
3246346.0,COc1cc2c3cc1Oc1c(O)c(OC)cc4c1[C@@H](Cc1ccc(cc1)Oc1cc(ccc1O)C[C@H]3N(C)CC2)N(C)CC4,0,4347
73917.0,COC(=O)CCCC(=O)O,0,4348
700531.0,O=C(O)[C@H](Cc1cnc[nH]1)N1C(=O)c2ccccc2C1=O,0,4349
261838.0,Nc1ccc(N(S(=O)(=O)c2ccccc2)S(=O)(=O)c2ccccc2)c(Cl)c1,1,4352
261847.0,O=C1c2ccccc2C(=O)N1c1ccc(Cc2ccc(N3C(=O)c4ccccc4C3=O)cc2)cc1,0,4353
261929.0,O=c1[nH]cc(CS(=O)(=O)Cc2c[nH]c(=O)[nH]c2=O)c(=O)[nH]1,0,4355
417800.0,C[N+]1(CCC(=O)c2ccco2)CC2CCC(CC2)C1,0,4357
19900.0,c1ccc(C(CCN2CC3CCC(CC3)C2)c2ccccc2)cc1,0,4358
5771599.0,C[N@+]1(CCC(=O)c2ccccc2)CC[C@H]2CC[C@H](C2)C1,0,4359
417855.0,O=C(CCN1CC2CCC(CC2)C1)c1cccs1,0,4360
3246351.0,O=C(O)[C@H]1CCCC[C@@H]1C(=O)Nc1nc2ccccc2[nH]1,0,4361
3246352.0,C[C@H]1CCCC2(CC[N+](C)(CCC[N+](C)(C)C)CC2)C1,0,4362
262425.0,Cn1c(=O)c2[nH]c(CSCc3ccccc3)nc2n(C)c1=O,0,4363
201649.0,Cn1c(=O)c2[nH]c(CCCCc3nc4c([nH]3)c(=O)n(C)c(=S)n4C)nc2n(C)c1=S,1,4364
3246353.0,CC(=O)O[C@H]1CC[C@]2(C)C(=CC[C@@H]3[C@@H]2CC[C@]2(C)[C@@H]3C[C@H]3O[C@]4(CC[C@H](C)CN4)[C@H](C)[C@@H]32)C1,0,4365
3246355.0,CC[C@@H]1CC(=O)N(SC[C@H](N)C(=O)O)C1=O,0,4366
135429833.0,CCN1CCCCC(=N/O)/C(=N/O)CCCC1,0,4367
262701.0,CN(CC(=O)O)Cc1c[nH]c2ccccc12,0,4368
135403645.0,Nc1nc(C(=O)O)c(N=Nc2ccccc2)c(=O)[nH]1,0,4370
3246357.0,CS(=O)(=O)O.O[C@@H](c1nc2ccccc2[nH]1)[C@H](O)[C@H](O)[C@@H](O)c1nc2ccccc2[nH]1,0,4371
15908.0,CCN=C=NCCCN(C)C,0,4372
9595217.0,C=C(C)COc1ccc2c(c1)CC[C@H]1[C@H]2CC[C@]2(C)C(=O)/C(=N/O)C[C@H]12,0,4373
59477.0,COc1ccc(C[N+](C)(C)N)cc1OC,0,4374
5459343.0,C/C(=N\[N+](C)(C)C)c1ccc(C)c(C)c1,0,4375
3003821.0,Cc1[nH]c(N)nc(=S)c1CCC(=O)O,0,4376
145742.0,O=C(O)[C@@H]1CCCN1,0,4377
25674.0,CCSCC[C@H](N)C(=O)O,0,4378
3034547.0,Cn1c(=S)c2[nH]c(SCc3cccnc3)nc2n(C)c1=O,1,4379
263529.0,O=C1C(=O)c2ccccc2C(O)=C1Cc1ccccc1,0,4380
263534.0,CC(C)=CCC1=C(OCC(=O)O)C(=O)c2ccccc2C1=O,0,4381
263675.0,CC(C)C(O)(C(C)C)C(C)C,0,4382
3246359.0,O=C(O)[C@@H]1[C@@H]2C[C@H]([C@@H](Br)[C@H]2N2C(=O)CCC2=O)[C@@H]1C(=O)O,0,4383
264035.0,CC(=O)CSCc1ccccn1,0,4384
264241.0,CC(C)(CC(=O)Nc1ccccc1)C(=O)O,0,4385
3246360.0,CC(C)[C@H](N=Cc1ccccc1O)C(=O)O,0,4386
3246361.0,Nc1ccn([C@H]2O[C@@H](COP(=O)(O)O)[C@@H](O)[C@H]2O)c(=O)n1,0,4387
418268.0,Cc1ccc(C)c(C(=N)c2ccccc2Cc2ccccc2)c1,1,4388
418273.0,N=C(c1ccc2ccccc2c1)c1ccccc1Cc1ccccc1,0,4389
418281.0,Cc1ccc(C(=N)c2ccccc2Cc2cccc3ccccc23)c2ccccc12,1,4390
3034554.0,Cn1c(=S)c2[nH]c(SCCN3CCCC3)nc2n(C)c1=O,0,4391
97098.0,Cn1c(=O)c2[nH]c(SCc3ccccn3)nc2n(C)c1=S,1,4392
3246362.0,Cn1c(=S)c2[nH]c(SCCN3C(=O)c4ccccc4C3=O)nc2n(C)c1=O,0,4393
3246363.0,Cn1c(=S)c2[nH]c(SCCCc3ccccc3)nc2n(C)c1=O,0,4394
794998.0,O=C(O)[C@@H]1CCCN1Cc1c[nH]c2ccccc12,0,4395
5459346.0,Oc1ccc(Cc2nccc3cc(O)c(O)cc23)cc1O,0,4396
11972250.0,C[C@@H]1CC[C@@H]2N(C1)C[C@@H]1[C@@]3(O)C[C@@]45O[C@]6(O)[C@@H](O)CC[C@@]4(C)[C@H]6CC[C@@H]5[C@@]3(O)C[C@@H](O)[C@@]1(O)[C@@]2(C)O,0,4397
3246365.0,COc1nc(N)nc2c1ncn2[C@@H]1C[C@H](O)[C@@H](CO)O1,0,4398
94280.0,CN(C)CCCN1c2ccccc2C(C)(C)c2ccccc21,0,4399
264984.0,CN(C)Cc1cc(C(F)(F)F)ccc1C(O)(c1ccccc1)c1ccccc1,1,4400
719240.0,C[N+]1(C)CCO[C@](O)(c2ccccc2)C1,0,4401
135429838.0,NCCCc1c(-c2ccccc2)nc(N)[nH]c1=O,0,4403
3246367.0,C[C@@H]1O[C@H](OC2[C@@H](O)[C@H](O)C(O)[C@H](O)[C@H]2O)[C@@H](N)C[C@@H]1N=C(N)C(=O)O,0,4404
97116.0,COc1cc(C(=O)O)c([N+](=O)[O-])c(OC)c1OC,0,4405
3246369.0,CC(=O)[C@@H](C)CCO[C@@]1(C)OCC[C@@H]1C,0,4406
265185.0,O=C1c2ccccc2C(=O)N1CCCSc1ccccc1,0,4407
265479.0,C(=Nc1cnc2ccccc2c1)c1ccc2ccccc2n1,0,4409
418541.0,N=C(N)SCCON1C(=O)c2ccccc2C1=O,0,4411
265620.0,Nc1nc(N)nc(CC(=O)O)n1,0,4413
265630.0,O=C(O)CSc1ncccc1[N+](=O)[O-],0,4414
5771605.0,CN(N=O)c1ccc(/C=C\c2ccnc3ccccc23)cc1,0,4415
3246371.0,O=C(O)[C@@H]1CCCN1Cc1cc2ccccc2c2ccccc12,0,4416
266333.0,O=C(O)c1nnsc1-c1csnn1,0,4418
3246373.0,CN(C)c1ccc2[nH+]c3c(C(=O)O)cc(=O)c(O)c-3oc2c1,0,4419
3246374.0,CC[C@@H]1[C@@H]2Cc3ccc(O)cc3[C@@]1(CC)CCN2C.O=C(O)[C@@H](O)c1ccccc1,0,4420
266625.0,COc1cc(Cl)c(CC(=O)c2c[nH]c3ccccc23)cc1OC,1,4422
266689.0,NS(=O)(=O)c1ccc(NC2(C(=O)O)CCCC2)cc1,0,4423
136915.0,O=C(O)CN(CC(=O)O)c1ccccc1,0,4425
266800.0,O=C(O)CCNc1ccccc1C(=O)O,0,4426
266881.0,Cc1ccc(S(=O)(=O)Nc2ccccc2C(=O)c2ccc(C)c(C)c2)cc1,0,4427
266921.0,O=CNc1ncn[nH]1,0,4428
267103.0,Cn1c(=O)c2[nH]c(CS(=O)(=O)Cc3nc4c([nH]3)c(=O)n(C)c(=O)n4C)nc2n(C)c1=O,0,4430
3246377.0,Cn1c(=O)c2[nH]c([C@@H]3CC(=O)C[C@H](c4nc5c([nH]4)c(=O)n(C)c(=O)n5C)N3)nc2n(C)c1=O,0,4431
135454083.0,Nc1nc2c(c(=O)[nH]1)N[C@H](CCNc1ccc(C(=O)O)cc1)CN2,0,4432
3246379.0,O=C(O)[C@H](Cc1ccc(O)c([N+](=O)[O-])c1)N1C(=O)c2ccccc2C1=O,0,4433
92180.0,CC(C)=CCNc1ncnc2nc[nH]c12,0,4434
2787141.0,O=c1[nH][nH]c(=S)c(=O)[nH]1,0,4435
3246380.0,CC[C@H]1CN(C)[C@H]2Cc3c([nH]c4ccccc34)C(=O)C[C@H]1[C@H]2C(=O)OC,0,4436
5351951.0,Cc1cc2nc3[nH]c4c(Cl)cc(Cl)cc4c3nc2cc1C,0,4437
97248.0,CN(C)CCSS(=O)(=O)O,0,4438
268248.0,CNS(=O)(=O)c1ccccc1C(=N)c1ccccc1,0,4439
418983.0,NS(=O)(=O)c1ccc(-c2ccc([As](=O)(O)O)cc2)cc1,0,4441
268539.0,CN(CCC(=O)O)S(=O)(=O)c1ccccc1,0,4442
3246382.0,O=C(O)[C@@H]1CCCN1Cc1ccc2c(c1)OCO2,0,4443
268638.0,O=C(CCN1CCCCC1)c1csc2ccccc12,0,4444
5351954.0,Cc1cc2cc3c(=O)[nH]c(=O)[nH]c3nc2cc1C,0,4445
268787.0,CC1(C)CCC(C)(C)c2c1ccc(O)c2Cc1c(O)ccc2c1C(C)(C)CCC2(C)C,0,4447
268806.0,CC(=O)c1ccc(O)c(CN(C2CCCCC2)C2CCCCC2)c1O,0,4448
268954.0,Cc1cc(Cl)nc2ccc(Cc3ccc4nc(Cl)cc(C)c4c3)cc12,1,4449
268982.0,COc1ccc(Cc2ccc3[nH]c(=O)cc(C)c3c2)cc1S(=O)(=O)O,0,4450
3246386.0,C[C@H](NCCN(C)C)[C@@H]1CC[C@@H]2[C@H]3CCc4cc(O)ccc4[C@H]3CC[C@@]12C,0,4451
3246387.0,NC(=O)[C@@H]1CCCN1Cc1ccc2c(c1)OCO2,0,4452
269048.0,O=c1oc2cc(N=Cc3ccc4c(c3)OCO4)ccc2c2ccccc12,1,4453
419051.0,CC1(C)N=C(N)N=C(N)N1c1cccc(OCc2cccc(N)c2)c1,0,4455
5351957.0,Cc1ccc(N)cc1.O=S(=O)(O)/C(=C\c1ccccc1)c1ccccc1,0,4457
269325.0,Cc1nc(N)nc2ccccc12,0,4458
419081.0,O.O.[NH-]C1(C(=O)O)CCCC1.[NH-]C1(C(=O)O)CCCC1.[Ni+2],0,4459
5771608.0,Cc1ccc([C@@]2(C)CC/C(=N/N=C3\CC[C@](C)(c4ccc(C)c(C)c4)c4cc(C)c(C)cc43)c3cc(C)c(C)cc32)cc1C,0,4460
3246389.0,CSc1ncnc2c1ncn2[C@@H]1O[C@@H](CO)[C@H](O)O[C@@H]1O,0,4461
75762.0,Cc1cc(C2(c3cc(C)c(O)c(C(=O)O)c3)OS(=O)(=O)c3ccccc32)cc(C(=O)O)c1O,0,4462
135451590.0,Cc1nc(-c2ccccc2)c(Cc2ccccc2O)c(=O)[nH]1,0,4463
270324.0,O=C(O)CSCc1cccc2ccccc12,0,4466
9595218.0,C[C@]12CC[C@H]3c4ccc(O)cc4CC[C@@H]3[C@H]1C/C(=N/O)[C@H]2O,0,4467
270355.0,Oc1ccc(Cl)cc1C=Nc1cnc2ccccc2c1,0,4468
1551264.0,O=C(O)/C=C\C(=O)Nc1ccccn1,0,4469
270385.0,Nc1ccc(S(=O)(=O)NCc2nccs2)cc1,0,4471
3246396.0,c1ccc(CO[C@H]2NCCN2Cc2ccccc2)cc1,0,4472
419313.0,CC1(C)N=C(N)N=C(N)N1c1cccc(C(=O)Nc2ccc(S(=O)(=O)F)cc2)c1,0,4474
270875.0,O=C(O)c1cccc(SSc2cccc(C(=O)O)c2)c1,0,4475
3246397.0,C[C@@H](SCc1ccccc1)C(=O)O,0,4476
270960.0,O=C(O)CS(=O)(=O)C(c1ccccc1)c1ccccc1,0,4477
270978.0,Cc1nnc(S(=O)(=O)c2ccc(N=Nc3c(N)nc(N)nc3N)cc2)s1,0,4478
3246398.0,Nc1[nH]c(=S)[nH]c(=O)c1N=Nc1c(Br)cc(S(N)(=O)=O)cc1Br,0,4479
271001.0,NS(=O)(=O)c1cc(Br)c(N=Nc2ccc(O)c3ncccc23)c(Br)c1,0,4480
419381.0,Cc1cc(Nc2ccc(N=Nc3ccc(O)c4ncccc34)cc2)nc(C)n1,0,4481
3246399.0,CC1=NN(c2ccccc2)C(=O)[C@@H]1N=Nc1ccc(S(N)(=O)=O)cc1,0,4482
3246400.0,CC1=NN(c2ccccc2)C(=O)[C@@H]1N=Nc1ccc([As](=O)(O)O)c(O)c1,0,4483
271063.0,Cn1c(N)c(N=Nc2ccc(S(N)(=O)=O)cc2)c(=O)n(C)c1=O,0,4484
271112.0,O=[N+]([O-])c1ccc(CSCc2ccc(Cl)cc2)cc1,0,4485
3246401.0,CC(C)[C@]1(O)[C@@H](OC(=O)c2ccc[nH]2)[C@]2(O)[C@@]3(C)C[C@@]4(O)O[C@@]5([C@H](O)[C@@H](C)CC[C@]35O)[C@]2(O)[C@]41C,0,4486
271182.0,CC(CO)(CO)N=Cc1cc(I)cc(I)c1O,0,4487
271262.0,N=C(CC(=O)Nc1ccccn1)c1ccccc1,0,4488
271277.0,O=C(O)COc1c(Cl)cc(Cl)c2cccnc12,0,4489
3246402.0,NC(=O)NC(=O)[C@H]1CCCC[C@@H]1C(=O)O,0,4490
271326.0,CN(CC(=O)O)Cc1oc(CO)cc(=O)c1O,0,4491
419438.0,COc1cc(-c2[o+]c3cc(O)cc(O)c3cc2O)cc(O)c1O.O=C(O)c1ccccc1,0,4492
271694.0,NCCc1c[nH]c2ccc(OC(=O)C(=O)O)cc12,0,4493
97324.0,O=C(O)CCCSc1ccccc1,0,4494
271891.0,Nc1nc(N)c2nn(-c3ccc(C(=O)O)cc3)nc2n1,0,4495
135451591.0,Nc1nc(N)[n+]([O-])c(N)c1NCO,0,4497
272208.0,CC1CCN(CC(=O)N2c3ccccc3Sc3cc4ccccc4cc32)CC1,1,4498
272245.0,c1c[nH]c(CN2CCN(Cc3ncc[nH]3)CC2)n1,0,4499
272344.0,O=C(O)c1c(-c2nccc3ccccc23)[nH]c(-c2ccccc2)c1S(=O)(=O)O,0,4501
3246405.0,O=C(C[C@@H]1C=Cc2ccccc2N1C(=O)c1ccccc1)c1ccccc1,1,4502
419641.0,CC(CCN)(CCN)[N+](=O)[O-],0,4503
6040132.0,C/C(=N/S(=O)(=O)c1ccc(Cl)c(Cl)c1)OCC(C)(C)C,0,4504
272524.0,Cc1ncc(CN=Cc2ccc(Cl)cc2)c(N)n1,0,4505
135451592.0,O=C1Nc2ccccc2C1=Nc1cccc2ncccc12,0,4507
3246406.0,O=[N+]([O-])c1ccccc1N=Nc1c(O)[nH]c2ccc(S(=O)(=O)O)cc12,0,4508
3246408.0,NC1=N[C@H](c2ccc(Cl)cc2)N(c2ccc(S(=O)(=O)Nc3ncccn3)cc2)C(N)=N1,0,4511
272651.0,O=C1C(=O)c2ccccc2C(O)=C1C(CCc1ccccc1)C1=C(O)c2ccccc2C(=O)C1=O,0,4512
272658.0,Nc1nc(N)c(N=Nc2ccc([As](=O)(O)O)c(O)c2)c(N)n1,0,4513
272662.0,Nc1nc(N)c(N=Nc2ccc(C(=O)O)c(O)c2)c(N)n1,0,4514
6412241.0,O=C(O)/C(Cc1cn[nH]n1)=N\O,0,4516
3246409.0,O=C(O)C[C@H](Nc1ccccc1)C(=O)O,0,4517
3246410.0,O=C(O)CN1C(=O)O[C@@H](c2ccccc2)C1=O,0,4518
3246412.0,O=C(O)[C@H]([C@H]1NCCS1)N1C(=O)c2ccccc2C1=O,0,4520
3246413.0,O=C(O)[C@H]([C@H]1NCCS1)N1Cc2ccccc2C1,0,4521
272785.0,O=C(O)C12CC3(C(=O)O)CC(C(=O)O)(CC(C(=O)O)(C1)C3=O)C2=O,0,4522
138281.0,O=C1CCC(c2ccccc2)(c2ccccc2)CC1,0,4523
64188.0,Nc1ccn([C@@H]2O[C@H](COC(=O)C34CC5CC(CC(C5)C3)C4)[C@@H](O)[C@@H]2O)c(=O)n1,0,4524
419743.0,Nc1cccc(OCc2nc(N)nc(N)c2-c2ccc(Cl)cc2)c1,1,4525
3246415.0,O=C(O)[C@@H]1CCN(Cc2oc(CO)cc(=O)c2O)C1,0,4527
3246416.0,N=C1[C@@H](O)[C@]2(I)c3ccccc3N3C(=N)[C@H](O)[C@@H]4c5ccccc5N1[C@@H]4[C@@H]32,0,4528
3246418.0,NC[C@@H](O)CSP(=O)(O)O,0,4529
71082.0,NCCC[C@@H](N)C(=O)O,0,4530
135485446.0,N/N=C1/CC(=O)NC(=O)N1,0,4531
6713829.0,[Cu].[NH-][C@H](CC(=O)O)C(=O)O.[NH-][C@H](CC(=O)O)C(=O)O,0,4532
419850.0,c1ccc(C[n+]2cccc(-c3cc4ccccc4[nH]3)c2)cc1,0,4533
273548.0,CC(=O)NC1=C(OS(=O)(=O)c2ccc(C)cc2)CN(C)C1=O,0,4534
3246422.0,Cn1c(N)nc2c(nc(OCc3ccccc3)n2[C@@H]2O[C@H](CO)[C@@H](O)[C@@H]2O)c1=O,0,4536
3246423.0,O=C(O)[C@H]1CCCC[C@@H]1c1c2ccc(=O)c(O)c-2oc2c(O)c(O)ccc12,0,4538
54677782.0,O=C(O)/C=C\c1c2ccc(=O)c(O)c-2oc2c(O)c(O)ccc12,0,4539
3246424.0,C[C@@H]1[C@H]2C=C[C@@H]1[C@@H](c1c3ccc(=O)c(O)c-3oc3c(O)c(O)ccc13)[C@@H]2C(=O)O,0,4540
274127.0,O=C(O)CCc1c2ccc(=O)c(O)c-2oc2c(O)c(O)ccc12,0,4541
274155.0,COc1ccc2c(C)cc(C)nc2n1,0,4542
274179.0,CC(NC(=O)c1ccccc1)(C(=O)O)C(=O)O,0,4543
274241.0,Cc1ccc(S(=O)(=O)Nc2ccccc2C=O)cc1,0,4544
6713897.0,O=C(O)[C@H]1[C@H]2CC(=O)[C@H](C2=O)[C@H]1C(=O)O,0,4546
3246426.0,O=C(NCc1cccs1)O[C@H]1C[C@H]2CC[C@@H]1C2,0,4547
274548.0,NNS(=O)(=O)c1cc(C(=O)O)cc(C(=O)O)c1,0,4548
274553.0,O=C(NCP(=O)(O)O)c1cccnc1,0,4549
5458226.0,O=C(O)c1ccccc1/C=N\N=C1c2ccccc2-c2ccccc21,0,4550
5458227.0,Fc1cccc(Cl)c1/C=N\N=C1c2ccccc2-c2ccccc21,0,4551
5458228.0,O=C(O)c1ccc(/C=N\N=C2c3ccccc3-c3ccccc32)cc1,0,4552
3246427.0,O=C1c2ccccc2C(=O)N1C[C@]1(C(=O)O)NCCS1(=O)=O,0,4553
274711.0,CC(=NC1CCCCC1)c1ccccc1O,0,4554
3246428.0,CC(=O)O[C@H]1CC[C@H]2[C@@H]3CCC4=C[C@@H](C5SCCS5)[C@H](OC(C)=O)C[C@]4(C)[C@H]3CC[C@@]12C,0,4555
3246430.0,Nc1ncnc2c1ncn2[C@H]1O[C@@H](CO)[C@@H](O)[C@H]1N,0,4556
274945.0,O=[N+]([O-])c1ccc2c(c1)Cc1cc(N=Cc3ccc4c(c3)OCO4)ccc1-2,0,4557
274998.0,COc1ccc(N(CC(=O)O)N=O)cc1,0,4558
275085.0,O=S(=O)(O)n1ccnc1.c1c[nH]cn1,0,4559
3246432.0,C[N+]1(C)CCc2cc(O)c(O)cc2[C@H]1Cc1ccc(O)c(O)c1,0,4563
3246435.0,O=C(O)C[C@H]1OCC=C2CN3CC[C@]45c6ccccc6N[C@@H]4[C@H]1[C@H]2C[C@H]35,0,4565
3246437.0,Cc1ccc(OP(=O)(Oc2ccc(C)cc2)N2C=Cc3ccccc3[C@H]2C#N)cc1,1,4567
3246438.0,O=C1C2[C@@H](c3ccccc3)N[C@@H](c3ccccc3)C1[C@H](c1ccccc1)N[C@H]2c1ccccc1,0,4568
97423.0,NS(=O)(=O)c1cc(C(=O)O)c(O)c2ccccc12,0,4569
275479.0,C1=Cc2ccccc2C1.C=C(C)c1ccccc1.[N-]=[N+]=Nc1ccccc1,0,4570
5351991.0,CC1=NN(c2ccc(S(=O)(=O)O)cc2)C(=O)/C1=C\c1ccc(Cl)cc1.c1ccncc1,0,4572
3246439.0,N[C@@H](CSC1c2ccccc2-c2ccccc21)C(=O)O,0,4573
275548.0,O=C(O)c1ccc(CNCc2ccccc2)cc1,0,4574
3246440.0,C[N+](C)(C)[C@@H](C1=CCCC1=O)c1ccccc1,0,4575
420295.0,NCCSCCC(=O)O,0,4576
275685.0,O=[N+]([O-])c1ccc(S(=O)(=O)Cc2ccccc2)c([N+](=O)[O-])c1,1,4577
275689.0,O=[N+]([O-])c1ccc(CS(=O)Cc2ccccc2)cc1,0,4578
275698.0,CC(C)CNC(=O)O,0,4579
3246442.0,COC1=C(C)C(=O)c2c(c(COC(N)=O)c3n2C[C@@H]2[C@@H]3N2C)C1=O,0,4580
3246444.0,COc1cc2c(cc1OC)[C@@]13CCN4C=C5CCO[C@H]6CC(=O)N2[C@@H]1[C@@H]6[C@H]5C[C@H]43,0,4581
5771618.0,O=C(O)/C=C(/C(=O)O)[C@]12CCN3CC4=CCO[C@@H]5CC(=O)N[C@@H]1[C@H]5[C@H]4C[C@H]32,0,4582
3246446.0,N[C@@H](CSC1(c2ccc(Cl)cc2)c2ccccc2-c2ccccc21)C(=O)O,0,4583
276305.0,O=C(O)c1ccc2c(c1C(=O)O)C(=O)OC2(c1ccc(O)cc1)c1ccc(O)cc1,0,4584
276306.0,O=C1OC(c2ccc(O)c(-c3ccccc3)c2)(c2ccc(O)c(-c3ccccc3)c2)c2c(Cl)c(Cl)c(Cl)c(Cl)c21,0,4585
276327.0,O=C(O)c1cc(N=Cc2ccccc2O)cc(C(=O)O)c1,0,4586
276750.0,CCOC(=O)c1ccc2[nH]c(-c3ccc(S(=O)(=O)F)cc3)cc(=O)c2c1,0,4589
276767.0,NC(N)=NC(N)=Nc1ccc(S(N)(=O)=O)cc1,0,4590
52239.0,NC(N)=NC(N)=Nc1ccc(C(=O)O)cc1,0,4591
276779.0,CC(=NCC(=O)O)c1ccccc1,0,4592
135451595.0,O=C1C=C(Nc2nc(C(=O)O)cc(=O)[nH]2)c2ccccc2C1=O,0,4593
277275.0,O=C(O)c1cccc(N=Nc2c(S(=O)(=O)O)ccc3c2C(=O)c2ccccc2C3=O)c1O,0,4595
277277.0,Nc1ccc(-c2ccc(Nc3cc(S(=O)(=O)O)c(N)c4c3C(=O)c3ccccc3C4=O)cc2)c(S(=O)(=O)O)c1,0,4596
277509.0,CCCC1c2c(ccc3ccccc23)Oc2ccc3ccccc3c21,0,4597
3246449.0,Cc1cccc(C(=O)O)c1C[C@H]1NCC[C@H]2c3ccccc3N[C@H]21,0,4598
3246450.0,Nc1nc(N)c2[nH]c(CNc3ccc(C(=O)O)cc3)nc2n1,0,4599
9595219.0,C/C(=N/O)[C@@H]1C[C@H](CC(=O)O)C1(C)C,0,4600
278497.0,CN(C)Cc1ccc(C(C)(C)C)cc1-c1cc(C(C)(C)C)ccc1CN(C)C,0,4602
278672.0,O=C1c2ccccc2C(=O)c2c(NC3CCCCC3)ccc(Nc3ccc(S(=O)(=O)O)cc3)c21,0,4603
278710.0,O=C(O)c1ccccc1-c1ccccc1C(=O)Nc1ccc2c(c1)Cc1cc(F)ccc1-2,0,4604
278721.0,O=c1c2ccccc2c2ccccc2c(=O)n1-c1cc2c3ccccc3ccc2c2ccccc12,0,4605
3246452.0,N=c1ccn2c(n1)O[C@H]1[C@@H](OP(=O)(O)O)[C@H](CO)O[C@H]12,0,4606
278926.0,O=C(O)c1c[nH]c2c(ccc3[nH]cc(C(=O)O)c(=O)c32)c1=O,0,4607
276943.0,OCCCN=C1CCCCC1,0,4608
279183.0,O=C(O)c1ccc([N+](=O)[O-])c(P(=O)(O)O)c1,0,4609
5771622.0,O=C(O)/C=C\C=C/c1ccc2c(c1)OCO2,0,4610
135447887.0,CC(=O)Nc1nc2ncc(C=O)nc2c(=O)[nH]1,0,4611
279605.0,O=[N+]([O-])c1cc(Cc2cc([N+](=O)[O-])c3cccnc3c2O)c(O)c2ncccc12,0,4612
279623.0,Oc1ccc(CNCc2ccccc2)c2cccnc12,0,4614
236207.0,CN(C)CCNc1nc2c(c(=O)n(C)c(=O)n2C)n1C,0,4615
279612.0,CC(=O)Nc1cc(CN2CCCCC2)c(O)c2ncccc12,0,4616
421131.0,CN(C)CC(CN(C)C)c1ccccn1,0,4618
16414.0,CN(C)CCCN1c2ccc(O)cc2Sc2ccc(Cl)cc21,0,4619
266034.0,O=C(O)C1C(C(=O)O)C(C(=O)O)C1C(=O)O,0,4620
3246454.0,CC[C@H]1CN2CCc3cc(OC)c(OC)cc3[C@H]2C[C@@H]1C[C@H]1NCCc2c1[nH]c1ccc(O)cc21,0,4621
3246455.0,N[C@@H]1[C@@H]2[C@@H]3C[C@H]4N(CC[C@@]14C(=O)C(=O)O)CC3=CCO[C@@H]2CC(=O)O,0,4622
280188.0,O=C(O)c1[nH]c2c([N+](=O)[O-])cc([N+](=O)[O-])cc2c1C(=O)O,0,4624
135431975.0,COc1ccc2c(Cc3c4ccccc4cc4ccccc34)cncc2c1O,1,4625
3246457.0,CC1(C)S[C@@H]2[C@H](NC(=O)Cc3ccccc3)C(=O)N2[C@@H]1C(=O)O,0,4626
421248.0,N#CCCCC[N+]12CN3CN(CN(C3)C1)C2,0,4627
280442.0,NS(=O)(=O)c1cc(C(=O)O)c(Cl)c([N+](=O)[O-])c1Cl,0,4628
280491.0,COc1ccc2c(c1)Cc1cc(N=[N+]([O-])c3ccc4c(c3)Cc3cc(OC)ccc3-4)ccc1-2,1,4629
3246458.0,CC(=O)Nc1nc(NC(C)=O)c2[nH]c(CO)nc2n1,0,4630
135451596.0,O=C1Nc2ccccc2C1=Nc1ccc(S(=O)(=O)Nc2nccs2)cc1,0,4631
3246460.0,Nc1ncnc2nn([C@H]3O[C@@H](CO)[C@@H](O)[C@H]3O)nc12,0,4633
281016.0,O=C(O)c1ccc(S(=O)(=O)N=Nc2c(O)[nH]c3ccccc23)cc1,0,4634
3246462.0,c1cncc(CSc2ncnc3nc[nH]c23)c1,1,4636
3246463.0,NC[C@@H](Cc1ccccc1)P(=O)(O)O,0,4637
177120.0,N[C@@H](CP(=O)(O)O)C(=O)O,0,4639
281255.0,O=C1c2ccccc2-c2cc([N+](=O)[O-])c([N+](=O)[O-])cc21,1,4640
3246464.0,CC(=O)[C@@]1(N=Nc2ccc(S(N)(=O)=O)cc2)CCOC1=O,0,4641
281355.0,NS(=O)(=O)c1ccc(N=Nc2c(O)c(C(=O)O)cc3ccccc23)cc1,0,4642
281413.0,NS(=O)(=O)c1ccc(N=Nc2ccc[nH]c2=O)cc1,0,4644
281622.0,O=C(O)CCNCC(=O)O,0,4646
5715106.0,COc1ccc(/C=C(\C#N)C(N)=O)c(OC)c1,1,4647
5714119.0,COc1ccc(/C=C(\C#N)C(N)=O)cc1OC,0,4649
3246465.0,CCC1=C(C[C@H]2NCCc3ccccc32)C[C@@H]2c3cc(OC)c(OC)cc3CCN2C1,0,4650
3246467.0,O=S1(=O)[C@@H](c2ccccc2)[C@H](N2CCCCC2)[C@H]1[C@H]1CC2c3ccccc3C1c1ccccc12,1,4651
246977.0,Cc1cc(-c2cc(C)c(O)c(C(C)(C)C)c2)cc(C(C)(C)C)c1O,0,4652
31036.0,Nc1nccc(Nc2ccc(S(N)(=O)=O)cc2)n1,0,4653
421581.0,Cc1c(C)c(C)c(CC2(C)CSC2)c(CC2(C)CSC2)c1C,0,4654
3246468.0,O=C(O)[C@H]1CCc2ccc3ccccc3c2[C@H]1c1cccc2ccccc12,0,4655
160555.0,NCCOC[C@H](N)C(=O)O,0,4656
282667.0,O=C(O)c1cc(-c2ccc(-c3ccccc3)cc2)nc2cc3ccccc3cc12,0,4657
282670.0,CC(=O)Nc1ccc(-c2cc(C(=O)O)c3cc4ccccc4cc3n2)cc1,0,4658
282671.0,COc1ccc(OC)c(-c2cc(C(=O)O)c3cc4ccccc4cc3n2)c1,0,4659
3246470.0,CC1(C)O[C@@H]2[C@@H](CO[C@@H]2c2[nH]nc3c(=O)[nH]c(=O)[nH]c23)O1,0,4661
283211.0,Clc1ccccc1NN(Cc1ccncc1)c1ccccc1Cl,1,4663
283212.0,Clc1ccccc1NN(Cc1ccccn1)c1ccccc1Cl,0,4664
3246471.0,Nc1ncnc2c1ncn2[C@H]1O[C@@H](C(=O)O)[C@@H](O)[C@H]1O,0,4665
5475291.0,CC(C)/C(=N/[N+](C)(C)C)c1ccccc1,0,4666
3246472.0,OCCN[C@@H]1c2cc(Cl)ccc2-c2c(Cl)cc(Cl)cc21,0,4667
3246473.0,Cn1cnc([N+](=O)[O-])c1[Se]c1nc(N)nc2c1ncn2[C@@H]1O[C@@H](CO)[C@H](O)[C@@H]1O,0,4669
284708.0,NCC(=O)Nc1ccc(Cl)cc1C(=O)c1ccc[nH]1,0,4670
13548.0,CC(C)CN=C(N)N=C(N)N,0,4671
5771627.0,O=C(O)/C=C\C(=O)N1Cc2cc3ccccc3nc2C1,0,4672
5771628.0,O=C(O)C[C@H](Cc1ccc2c(c1)OCO2)C(=O)O,0,4673
11972252.0,O=C(O)[C@@H]1[C@@H](C(=O)O)[C@]23CCCC2=C2CC[C@@]3(C(=O)O)[C@]3(C(=O)O)C[C@@]213,0,4674
422114.0,Cc1nc2ccccc2cc1C[N+]12CN3CN(CN(C3)C1)C2,0,4675
3246476.0,O=C(O)C[C@H]1NCc2cc3ccccc3nc21,0,4676
97676.0,c1nnc(NCNc2nncs2)s1,0,4678
3246477.0,Oc1cc(O)c2c(c1)O[C@H](c1ccc(O)c(O)c1)[C@@H](O)[C@@H]2c1c(O)cc(O)c2c1O[C@@H](c1ccc(O)c(O)c1)[C@H](O)C2,0,4679
3246478.0,Oc1cc(O)c2c(c1)O[C@@H](c1ccc(O)c(O)c1)[C@H](O[C@@]1(c3cc(O)c(O)c(O)c3)Oc3cc(O)cc(O)c3[C@H](O)[C@@H]1O)C2,0,4680
422291.0,NCCc1nc(-c2nc(C(=O)O)cs2)cs1,0,4681
9595220.0,COc1cccc2c1C(=O)c1c(O)c3c(c(O)c1C2=O)C[C@](O)(/C(C)=N\O)C[C@@H]3O[C@H]1C[C@H](N)[C@@H](O)[C@H](C)O1,0,4682
286039.0,COc1ccc2nc(NCN3C(=O)c4ccccc4C3=O)sc2c1,0,4683
5771632.0,NC(=O)/C(=C\c1ccncc1)c1cccc2ccccc12,1,4684
286555.0,O=C(O)CSc1ccn(Cc2ccccc2)c1,0,4685
3246480.0,O=[N+]([O-])c1ccc(Cl)c(CNc2ncnc3c2ncn3[C@@H]2CCCCO2)c1,0,4686
3246481.0,C[C@@H](CCC[C@@H]1SC[C@H]2NC(=O)N[C@@H]21)C(=O)O,0,4687
87841.0,Nc1nc(=O)c2[nH]cnc2n1O,0,4688
5771634.0,CO[C@@H]1/C=C\O[C@]2(C)Oc3c(C)c(O)c4c(O)c(c(CN(C)C)c(O)c4c3C2=O)NC(=O)/C(C)=C\C=C[C@@H](C)[C@@H](O)[C@H](C)[C@@H](O)[C@H](C)[C@H](OC(C)=O)[C@@H]1C,0,4689
161509.0,C=C(CC(=O)O)C(=O)O.C=CC(=O)O,0,4690
3246484.0,N[C@H](C(=O)O)[C@H](N)C(=O)O,0,4691
3246485.0,COC(=O)[C@]1(C)CCC(c2ccc(C)cc2)=C(CC(=O)O)C1,0,4693
287682.0,CN(C)CCCc1c2ccccc2nc2ccc(Cl)cc12.O=P(O)(O)O,0,4694
85040.0,O=C(O)c1ccc(SSc2ccc(C(=O)O)cn2)nc1,0,4695
287936.0,C#CCOCCCC(=O)O,0,4696
98565.0,O=S(=O)(O)c1cc(N=Nc2cccc3ccccc23)c(O)c2ncccc12,0,4697
5771635.0,CC1=CC(=O)CC(C)(C)[C@]1(O)/C=C\C(C)=C\C(=O)O,0,4698
288749.0,CN1CCCN(C)C1c1cc([N+](=O)[O-])ccc1O,0,4700
824932.0,O=C(C[C@@H](C(=O)O)N1CCOCC1)c1ccccc1,0,4701
288912.0,O=C(O)C(=Cc1ccnc2ccccc12)C(=O)O,0,4702
3246491.0,C[C@@H]1OC(=O)C[C@H](O)C[C@H](O)C[C@H](O)CC[C@H](O)[C@H](O)CC(=O)C[C@H](O)[C@H](C(=O)O)[C@H](O)C[C@H](O[C@@H]2O[C@@H](C)[C@H](O)[C@@H](N)[C@@H]2O)C=CC=CC=CC=CCCC=CC=C[C@@](C)(O)[C@@H](O)[C@H]1C,0,4704
5771637.0,O=[N+]([O-])/C=C\c1cc2ccccc2[nH]1,0,4705
3496.0,O=C(O)CNCP(=O)(O)O,0,4706
3246492.0,Cc1cn(CC[C@H](N)C(=O)O)c(=O)[nH]c1=O,0,4707
135432330.0,Nc1nc2nc3c(nc2c(=O)[nH]1)CN(c1ccc(C(=O)O)cc1)C3=O,0,4708
5771638.0,COc1cc2ccc([C@H](C)NCC#N)cc2cc1OC,0,4709
209395.0,Cc1nc2sc3c(c2c(=O)[nH]1)CCCC3,0,4710
3246495.0,CN1N=C(N)c2cn([C@H]3O[C@@H](CO)[C@@H](O)[C@@H]3O)c3ncnc1c23,0,4711
5771640.0,O=C(O)[C@H](/C=C\c1ccccc1)c1ccccc1,0,4713
9595221.0,N/C(=N\O)c1cn([C@@H]2O[C@@H](CO)[C@H](O)[C@@H]2O)c2ncnc(NO)c12,0,4714
290763.0,Cc1ccc(S(=O)(=O)O)cc1.NCOC(=O)Cc1ccc(Br)cc1,0,4715
423675.0,CN(C)CCCN1c2ccccc2Sc2cnccc21,1,4718
54677783.0,CC(C)c1ccc(C(c2c(O)c3ccccc3oc2=O)c2c(O)c3ccccc3oc2=O)cc1,0,4720
291865.0,Nc1nc(-c2ccccc2)c(CC(=O)O)s1,0,4721
9595222.0,CCO[P@]1(=O)OC[C@@H]2O[C@H](n3cnc4c(N)ncnc43)[C@H](O)[C@@H]2O1.c1ccccc1,0,4723
292106.0,O=C(O)CN1C(=O)CN=C(c2ccccn2)c2cc(Cl)ccc21,0,4724
292540.0,O=C(O)CSCCc1ccccc1,0,4725
3246502.0,Cc1ccc(C)c([C@@H]2NC(=O)c3ccccc3N2)c1,0,4726
3246503.0,N[C@@H](CNO)C(=O)O,0,4727
3246504.0,Cc1cc(C(=O)O)c(C)n1-c1cccc(C(=O)O)c1.O=C1C[C@@H]2OCC=C3CN4CC[C@]56c7ccccc7N1[C@@H]5[C@@H]2[C@H]3C[C@H]46,0,4728
54677784.0,COc1cc(O)c2c(O)c3c(c4c2c1[C@@]1(C4)C(C)=CCCC1(C)C)[C@H](O)[C@@]1(O)CC(=O)C(C(N)=O)=C(O)[C@]1(O)C3=O,0,4729
3246508.0,O=C(O)CNC(=O)[C@H]1NC(C(F)(F)F)(C(F)(F)F)OC1(C(F)(F)F)C(F)(F)F,0,4730
5771645.0,CC[C@H](C(=O)c1cccs1)C(O)(C(F)(F)F)C(F)(F)F,0,4731
424103.0,Cc1cc2ccc(OC(=O)c3ccc(N=C(N)N)cc3)cc2oc1=O,0,4732
424220.0,CN(C)CCCn1c2ccccc2c2cnccc21,0,4733
98738.0,Cc1ccc(S(=O)(=O)N2CCC(C(=O)O)(c3ccccc3)CC2)cc1,0,4734
3246510.0,C[C@H](Br)C(=O)N[C@H](CO)C(=O)O,0,4735
3246511.0,CC(C)[C@@H](Br)C(=O)NCC(=O)O,0,4736
424323.0,Cc1cc2ncn(CC(=O)O)c2cc1C,0,4737
294538.0,O=C(O)CCCSc1nc2ccccc2s1,0,4738
1766440.0,NCC(=O)N[C@H](CO)C(=O)O,0,4739
294566.0,O=C(O)Cc1c(O)ccc2ccccc12,0,4740
3246512.0,COc1ccc([C@H](O)c2ccccn2)cc1,0,4741
424326.0,O=C(N1CCOCC1)C1(c2ccccc2)CCNCC1,0,4742
424354.0,CCOC(=O)c1cnc(N(C)C)nc1SC(=N)N,0,4744
295107.0,Cc1ccc(NC(=O)c2ccccc2C(=O)O)cc1C,0,4749
295477.0,Cc1cc(Cl)ccc1OCC(=O)Nc1nc(N)nc(N)n1,0,4750
424408.0,O=C(O)C[n+]1ccccc1.c1ccncc1,0,4751
296093.0,CC(=O)CC(=O)Nc1ccc2ccccc2c1,0,4752
424513.0,NNc1nncn1N,0,4753
694665.0,C1CCN(CC[C@@H]2CCCCN2)CC1,0,4754
108767.0,Cc1sc2ccccc2[n+]1CCC(=O)O,0,4755
296474.0,CCOC(=O)Cn1c(C(F)(F)F)nc2nc(Cl)c(Cl)nc21,0,4757
4019772.0,O=S(=O)(O)c1ccc(O)c2ncccc12.O=S(=O)(O)c1ccc(O)c2ncccc12.[Zn],0,4758
3246515.0,O=C(O)[C@@H]1[C@@H]2C[C@H]3[C@@H]1C(=O)O[C@H]3[C@H]2Br,0,4759
3246516.0,NC(=O)C[C@@H](N)c1nn[nH]n1,0,4760
424779.0,N#Cc1ccc(OC(=O)c2ccc(N=C(N)N)cc2)cc1.c1ccncc1,0,4761
135485447.0,C/C(=N/Nc1ccc2ccccc2n1)c1ccccc1O,1,4762
135485448.0,CN(/N=C\c1ccccc1O)c1ccc2ccccc2n1,0,4763
3246518.0,COc1ccc(C(=O)[C@H](Br)[C@H](Br)C(=O)O)cc1,0,4764
3246519.0,CN1CC[C@H](CN2c3ccccc3Sc3ccccc32)C1,0,4765
3246520.0,CCc1ccc2c(c1)N(C[C@H](C)CN(C)C)c1ccccc1S2,0,4766
5383457.0,CCCCSCc1nc2nc(Cl)c(Cl)nc2[nH]1,0,4767
5361852.0,O=[N+]([O-])c1ccc2c(c1)S(=O)c1ccccc1-2,0,4771
3246529.0,CN(C)CCC[C@@H]1c2ccccc2Oc2ccc(C(F)(F)F)cc21,0,4772
3246531.0,CN1CC[C@H](OC(=O)[C@](O)(c2ccccc2)C2CCCC2)C1,0,4774
3246532.0,Cn1cnc([N+](=O)[O-])c1Sc1nc(N)nc2c1ncn2[C@H]1C[C@H](O)[C@@H](CO)O1,0,4775
425313.0,CN(C)CCNS(=O)(=O)N(C)C,0,4776
3246533.0,N[C@@H](Cc1nn[nH]n1)C(=O)O,0,4777
3246534.0,O=C(O)c1ccncc1.O=C(O)c1ccncc1.[NH2-].[NH2-].[Pt],0,4780
3246535.0,N=C(N)S[C@H]1c2ccccc2-c2cc([N+](=O)[O-])ccc21,1,4781
5771653.0,CC(=O)[C@H](C(=N)C#N)C(=O)Nc1ccccc1,0,4782
20313.0,C[N+](C)([O-])CCC=C1c2ccccc2CCc2ccccc21,1,4783
135485450.0,CO[C@@H]1/C=C\O[C@@]2(C)Oc3c(C)c(O)c4c(c3C2=O)C(=N[C@H]2CC[C@H](O)O[C@@H]2C)C=C(NC(=O)/C(C)=C\C(=O)[C@@H]2C[C@@H]2[C@@H](O)[C@H](C)[C@@H](O)[C@H](C)[C@H](OC(C)=O)[C@@H]1C)C4=O,1,4784
301248.0,CCON=C1C(C)(C)C(C)(C)C(C)(C)C1(C)C,0,4785
301653.0,C[Si](C)(c1ccc(C(=O)O)cc1)c1ccc(C(=O)O)cc1,0,4786
3246540.0,C=C1CCO[C@@]2([C@H](O)[C@@](C)(O)CO)NC(=O)[C@]1(O)NC2=O,0,4787
3246542.0,Cl[Pt](Cl)(Cl)Cl.O=C(O)c1ccncc1.O=C(O)c1ccncc1,0,4789
302044.0,CCn1c2ccccc2c2nnc(NCCCO)nc21,0,4791
70583.0,CSc1ccc2c(c1)N(CCCN(C)C)c1ccccc1S2,0,4793
99558.0,NCCSC[C@H](N)C(=O)O,0,4795
3246546.0,NC(CSS(=O)(=O)O)=N[C@@H]1C[C@H]2CC[C@@H]1C2,0,4797
3246547.0,NC(CCl)=N[C@H]1CN2CCC1CC2,0,4798
302481.0,CCN=C(N)CSS(=O)(=O)O,0,4799
426356.0,O=S(O)O.O=S(O)O.[Co].[NH2-].[NH2-].[NH2-].[NH2-],0,4800
302689.0,c1ccc2sc(SCCSc3nc4ccccc4s3)nc2c1,0,4801
60055.0,O=C(O)CSc1ccc([N+](=O)[O-])cc1[N+](=O)[O-],0,4802
302937.0,Cc1cc(Cl)ccc1OCC(=O)Oc1c(Cl)c(Cl)c(Cl)c(Cl)c1Cl,0,4803
34444.0,O=c1cc(N=Nc2ccc(O)cc2)[nH]c(=O)[nH]1,0,4806
3246552.0,Cn1ccnc1C[C@@](C)(O)c1ccccc1,0,4808
304312.0,N#CC(CC(=O)O)=C(c1ccccc1)c1ccccc1,0,4809
3246553.0,CC(C)c1nccn1Cc1ccc(Cl)cc1Cl.O=[N+]([O-])O,0,4810
304350.0,CN(C)S(=O)(=O)Nc1ccccn1,0,4811
304736.0,O=S(=O)(c1ccccc1)N1CN2CN(C1)CN(S(=O)(=O)c1ccccc1)C2,0,4812
305123.0,O=[N+]([O-])c1ccc(NN=C2c3ccccc3Cc3ccccc32)c([N+](=O)[O-])c1,0,4814
305435.0,NCCSCCc1ccccc1,0,4815
305582.0,CN(C)CCSCCO,0,4816
305659.0,O=C(Oc1ccc(S(=O)(=O)F)cc1F)c1ccccc1Cl,0,4817
5771658.0,CC1=C(/C=C\C(=O)O)C(C)(C)CCC1,0,4818
306052.0,CC(C)(C)c1cc(C#N)cc(Br)c1OP(=O)(Oc1c(Br)cc(C#N)cc1C(C)(C)C)c1ccccc1,0,4819
3246557.0,O=C(O)[C@@H](Br)[C@H](Br)C(=O)O,0,4820
306424.0,O=C(Nc1ccc([As](=O)(O)O)cc1)Nc1cccc(Cl)c1Cl,0,4821
3246558.0,CSc1ccc(NC(=O)[C@H]2CCCC[C@@H]2C(=O)O)cc1,0,4822
748250.0,O=C(O)[C@H]1CC=CC[C@@H]1C(=O)Nc1cccc(O)c1,0,4824
3246559.0,COc1ccc2c3c(ccc2c1)N[C@H](C(=O)O)CC3,0,4825
307181.0,CN(C(=O)c1ccncc1)c1ccccc1,0,4826
307406.0,O=C(O)c1ccc(C(=O)Nc2cccc3ccccc23)c(C(=O)O)c1,0,4827
307727.0,Cc1cccc(C)c1NC(=O)Nc1ccc(S(N)(=O)=O)cc1,0,4829
3246561.0,CN1CCN(c2ccc([N+](=O)[O-])c3[nH]o[n+](=O)c23)CC1,0,4830
3003880.0,O=c1[nH]c(SCc2c(Cl)c(Cl)c(Cl)c(Cl)c2Cl)nc(=S)[nH]1,1,4831
308481.0,O=C(O)c1ccc(OCc2ccccc2)c(Cl)c1,0,4832
427265.0,O=C(O)c1cc(-c2ccc(-c3ccc(-c4cc(C(=O)O)c5cc(Cl)ccc5n4)cc3)cc2)nc2ccc(Cl)cc12,0,4833
3246568.0,NC(=O)NOC[C@@H]1NC(=O)NC1=O,0,4834
67532.0,N[C@@H](Cc1cc(Br)c(O)c(Br)c1)C(=O)O,0,4835
308963.0,CC(C)(C)c1ccc(OC(=O)Nc2ccc(O)c(C(=O)O)c2)cc1,0,4836
3246569.0,N#C[C@H]1CN[C@H](N)N[C@@H]1N,0,4837
3246570.0,C[C@H](Br)C(=O)Nc1ccc(C(=O)O)c(O)c1,0,4838
3246571.0,Nc1ncnc2nc(-c3ccc(C[P+](c4ccccc4)(c4ccccc4)c4ccccc4)cc3)[nH]c12,1,4839
311401.0,Cc1c(NC(=O)Nc2c(Cl)cccc2Cl)c(=O)n(-c2ccccc2)n1C,0,4840
3246572.0,C[C@H](CC(=O)O)C(C(=O)O)C(=O)O,0,4841
313216.0,COc1nc(Cl)c(Cl)c(Cl)n1.COc1nc(Cl)nc(Cl)c1Cl,0,4842
313612.0,O=[N+]([O-])c1ccc(S(=O)(=O)Cc2ccccc2)c2nonc12,0,4843
428218.0,C[N+]1(CCN=C=NC2CCCCC2)CCOCC1.Cc1ccc(S(=O)(=O)O)cc1,0,4844
3246574.0,Cn1c(C[C@@H](O)c2nc3ccccc3n2C)nc2ccccc21,0,4845
3246575.0,CC(=O)N[C@@H]1CONC1=O,0,4846
3246576.0,O=C1[C@H]2[C@@H]3c4ccccc4[C@@H]([C@@H]2C(=O)N1c1ccc(OCc2ccccc2)cc1)[n+]1ccccc13,0,4847
135485451.0,Cc1c(C(=O)O)nc(/C=C\C(=O)O)[nH]c1=O,0,4848
92863.0,CC(C)(S)[C@H](N)C(=O)O,0,4849
316705.0,CC(C)(CCC(C)(C)c1ccccc1)c1ccccc1,0,4851
3246578.0,N[C@H](C(=O)O)[C@@H](O)c1cnc[nH]1,0,4852
317657.0,Cc1cc(=O)oc2c(OS(C)(=O)=O)c(OS(C)(=O)=O)ccc12,0,4853
318119.0,Cc1cc(N2CCN(C)CC2)n2nc(-c3ccc(Cl)cc3)nc2n1,0,4854
3246580.0,O=C(O)CC12C[C@H]3C[C@@H](CC(O)(C3)C1)C2,0,4856
3246581.0,COc1cccc2c1C(=N)c1c(O)c3c(c(O)c1C2=O)C[C@](O)(C(C)=O)C[C@@H]3O[C@H]1C[C@H](N)[C@@H](O)[C@H](C)O1,0,4857
3246582.0,O=C(O)[C@@H](Br)[C@@H](Br)c1ccccc1[N+](=O)[O-],0,4859
3246585.0,COc1ccc(C[C@@H]2C(=O)N[C@H](C)C(=O)N(C)[C@@H]3Cc4ccc(cc4)Oc4cc(ccc4O)C[C@H](C(=O)N[C@@H](C)C(=O)N[C@H](C)C(=O)N2C)N(C)C3=O)cc1,1,4862
3246586.0,NS(=O)(=O)c1cc2c(cc1Cl)N[C@H](Cc1ccccc1)NS2(=O)=O,0,4863
3246587.0,C=C(C)C#C[C@@](O)(C(=O)OC1CCN(C)CC1)c1ccccc1,0,4864
319492.0,N#Cc1c(NC(=O)CCC(=O)O)ccc2ccccc12,0,4865
3246588.0,Cc1ncc([N+](=O)[O-])n1CCN=[N+]=[N-],0,4866
429996.0,ClCC[N+]12CC[N+](CCCl)(CC1)C2.O=C1NS(=O)(=O)c2ccccc21,0,4867
16684735.0,Nc1ccn([C@H]2O[C@H](CO)[C@@H]3O[Sn](c4ccccc4)(c4ccccc4)O[C@H]32)c(=O)n1,0,4868
320831.0,CCc1ncc(CO)n1Cc1cccc2ccccc12,0,4869
430236.0,Cc1ncc(CSC(=N)N)n1Cc1ccccc1,0,4870
3246591.0,Cc1ccc(C2=Nc3ccccc3S[C@@H](c3cccc([N+](=O)[O-])c3)C2)cc1,1,4871
321408.0,Cc1cc([N+](=O)[O-])c(C)c(Br)c1C,0,4872
430405.0,Cn1c(=O)c2c(ncn2CCSS(=O)(=O)O)n(C)c1=O,0,4873
3246592.0,Cc1onc(-c2c(F)cccc2Cl)c1C(=O)N[C@@H]1C(=O)N2[C@H]1SC(C)(C)[C@H]2C(=O)O,0,4875
430614.0,NS(=O)(=O)c1cc2c(cc1Cl)N=C(CCC(=O)O)N=S2(=O)O,0,4876
322778.0,O=C(CON1C(=O)c2ccccc2C1=O)c1ccccc1,0,4877
323071.0,COc1cccc(CSCC(=O)O)c1,0,4878
323175.0,c1cc(NNc2cccc(-c3nn[nH]n3)c2)cc(-c2nn[nH]n2)c1,0,4879
323178.0,Nc1nnnn1CCO,0,4880
141316.0,C(Cc1nn[nH]n1)c1nn[nH]n1,0,4881
3246595.0,C[C@@H]1O[C@@H](O)[C@@H](O)[C@H](O)[C@H]1O,0,4883
6370262.0,C/C(=N/NS(=O)(=O)c1ccc(C)cc1)P(=O)(O)O,0,4884
324144.0,NCCSc1nc(-c2ccccc2)c(-c2ccccc2)o1,0,4885
3246596.0,Oc1ccc([C@H](O)[C@@H]2CCCCN2)cc1O,0,4886
65714.0,O=C1CSC2(CCN(CCCN3c4ccccc4Sc4ccc(Cl)cc43)CC2)N1,0,4887
324974.0,O=C(O)c1cc(C(=O)C(=O)c2cc(C(=O)O)c(O)c3ccccc23)c2ccccc2c1O,0,4888
5771666.0,COc1cc2cc(c1Cl)N(C)C(=O)C[C@H](OC(=O)C(C)C)[C@]1(C)O[C@@H]1[C@@H](C)[C@H]1C[C@](O)(NC(=O)O1)[C@@H](OC)/C=C\C=C(\C)C2,0,4889
3246598.0,CC1CCN(CC[S-])CC1.Cl[Pt].O.O,0,4890
325374.0,O=S(=O)(c1cnccc1N1CCN(CCO)CC1)N1CCCC1,1,4892
325375.0,CC(C)N1CCN(c2ccncc2S(=O)(=O)N2CCCCC2)CC1,1,4893
3246600.0,N[C@@H](CSc1nc2ccccn2c1[N+](=O)[O-])C(=O)O,0,4894
325418.0,Cc1nc([N+](=O)[O-])cn1-c1nc2ccccn2c1[N+](=O)[O-],0,4895
135485452.0,OC[C@@H]1O[C@H](n2cnc3c(/C=C(\O)c4ccccc4)ncnc32)[C@H](O)[C@@H]1O,0,4896
325823.0,CC(C)c1cc(C(F)(F)F)nc(NNc2nc(C(C)C)cc(C(F)(F)F)n2)n1,1,4897
431723.0,O=C1COC(c2ccccc2O)=NN1CCCN1CCCC1,0,4899
100426.0,COc1ccc2[nH]c3cc4c(=O)c5cc(OC)ccc5[nH]c4cc3c(=O)c2c1,0,4900
16684736.0,NC([N-]/N=C/c1ccccn1)=S=[Fe].O=S(=O)(O)O,0,4901
182334.0,NS(=O)(=O)c1ccc(NCc2cnc3ccccc3c2)cc1,0,4903
326873.0,NS(=O)(=O)c1ccc(NCc2cnc3ccccc3n2)cc1,0,4904
327070.0,Clc1ccc(-c2noc(CN3CCCCC3)n2)cc1,0,4906
327338.0,CC(C)(Oc1ccc(-c2cccc3ccccc23)cc1)C(=O)O,0,4907
327544.0,O=C(O)Cn1ccnc1[N+](=O)[O-],0,4908
3246603.0,N=C1CCC[C@@H]1C(=S)SCCC(N)=O,0,4909
327606.0,Cc1ccn2c(CCc3nnc4cc(C)ccn34)nnc2c1,0,4910
327610.0,CC1(C)COCN1COC1CCCCC1,0,4911
5384034.0,C/C(=C\c1ccc(Cl)cc1)C(C)(C)C(=O)O,0,4912
3246607.0,C[C@]1(CO)[C@H]2CC[C@H]3C[C@H]4C[C@@]3(CC[C@]4(O)COC(=O)CN)[C@]2(C)CC[C@H]1O,0,4914
3246608.0,NC(N)=NC[C@@H]1CCCCCCN1.O=S(=O)(O)O,0,4915
6713880.0,O[C@@H](c1cc([C@@]23C[C@H]4CC[C@@H]2C[C@H](C4)C3)nc2c(Cl)cc(Cl)cc12)[C@@H]1CCCCN1,0,4916
3246611.0,CC(C)(C)NCC[C@@H](O)c1cc(C(F)(F)F)nc2c(C(F)(F)F)cccc12.O=P(O)(O)O,0,4917
126437.0,N=C(N)c1ccc(-c2ccc(-c3ccc(C(=N)N)cc3)o2)cc1,0,4919
3959287.0,Cc1ccc(NC(=[OH+])c2cc3ccccc3cc2O)c(C)c1.Cc1ccc(NC(=[OH+])c2cc3ccccc3cc2O)c(C)c1.[Ni],0,4920
135454079.0,Cc1nn(-c2ccc(S(=O)(=O)O)cc2)c(O)c1N=Nc1ccc(-c2ccc(N=Nc3ccc4c(S(=O)(=O)O)cc(S(=O)(=O)O)c(N)c4c3O)c(O)c2)cc1O.[Cu].[Cu],0,4921
3246614.0,COc1cccc2c1C(=O)c1c(O)c3c(c(O)c1C2=O)C[C@@](O)(C(=O)CO)C[C@H]3O[C@H]1C[C@@H](N)[C@H](O)[C@@H](C)O1.[W],0,4923
328629.0,Cc1ccc(S(=O)(=O)NC(=O)Nc2ncn[nH]2)cc1,0,4924
115119.0,NCC[Se][Se]CCN,0,4925
328773.0,CCN(CC)CCN1C(=O)c2cccc3cc(N)cc(c23)C1=O,0,4926
3246616.0,CN1CCc2ccccc2[C@@H]1Cc1ccccc1NC(=O)c1sc2ccccc2c1Cl,1,4927
3246618.0,O=S(=O)(c1cccc(C(F)(F)F)c1)N1c2ccccc2-n2cccc2[C@H]1c1cccnc1,1,4928
328964.0,O=C(O)CCN1C(=S)CSC1=S,0,4929
432523.0,CC(=O)C=NCC(=O)O,0,4930
5384156.0,COc1ccc(C(=O)N/N=C2/C(=O)c3c(C)cc(C)cc3CC2(C)C)cc1,1,4931
329202.0,Nc1ccccc1SCc1csc(-c2ccc(Cl)cc2)n1,1,4933
9595233.0,CSC([N-]/N=C/c1cccc(C)n1)=S=[Cu].CS[C@H]([S-])[N-]/N=C/c1cccc(C)n1,1,4935
432606.0,CC(=O)O.CCN(CC)CC[n+]1ccc2c(C)c3[nH]c4ccc(O)cc4c3c(C)c2c1,0,4937
3246624.0,CC(=O)O[C@]1(C)N=NC2(CCCCC2)O1,0,4939
3246625.0,CC(C)CSC[C@@H]1O[C@H](n2cnc3c(N)nccc32)[C@H](O)[C@@H]1O,0,4940
3246626.0,NCc1nnn(Cc2ccccc2)c1N.O=P(O)(O)O,0,4941
330385.0,CSC1(SC2=NCCN2)SC2(NCCN2)S1,1,4942
3246627.0,O=S(=O)(C[C@H](O)C(Cl)(Cl)Cl)NNc1ccccc1,0,4943
3246628.0,O=C(O)[C@@H]1CS[C@@]2(CCCN(Cc3ccccc3)C2)N1,0,4944
3246629.0,CC1(C)OC[C@@H]([C@H]2O[C@H](On3nnc4ccc(Cl)cc43)[C@@H]3OC(C)(C)O[C@H]23)O1,0,4945
3246630.0,Cc1ccc2c(c1)N[C@H](c1ccc(C(=O)O)cc1)c1cccn1-2,1,4947
330508.0,Cc1ncc(CSc2ccccc2N)c(CO)c1O,0,4948
330528.0,O=C(Nc1ccc(-c2cn3ccccc3n2)cc1)c1cc(Br)ccc1O,0,4949
5771679.0,COC(=O)[C@@H]1O[C@@H](SCCN)[C@@H](O)[C@H](O)[C@H]1O.O=S(=O)(O)O,0,4950
330812.0,CC1(C)CC(=O)C(C(c2cccc(O)c2O)C2C(=O)CC(C)(C)CC2=O)C(=O)C1,0,4951
432976.0,c1ccc2c(CC3NCCN3)cccc2c1,0,4952
330854.0,NC1(P(=O)(O)O)CCCCC1,0,4953
330964.0,Cc1ccc(S(=O)(=O)NC(=O)OC23COCN2COC3)cc1,0,4956
433047.0,C[N+](C)(N)Cc1csc(-c2ccc(Cl)cc2)n1,0,4957
3246638.0,O=S1(=O)N[C@H]2CC[C@@H]3NS(=O)(=O)N[C@H]4CC[C@H](N1)N4S(=O)(=O)N23,0,4959
331209.0,O=C(O)c1cccc(C(=O)O)c1S(=O)Cc1ccccc1,0,4960
3059439.0,CS(=O)(=O)O.O[C@@H](c1cc(C(F)(F)F)nc2c(Cl)cc(Cl)cc12)[C@@H]1CCCCN1,0,4962
2392.0,CN1CCN(c2ccc3nc(-c4ccc5nc(-c6ccc(O)cc6)[nH]c5c4)[nH]c3c2)CC1,0,4963
331715.0,Cc1ccc(Nc2nnc(-c3ccc4c(c3)OCO4)o2)c(C)c1,1,4964
16684738.0,CC1=NN(c2ccc(S(=O)(=O)O)cc2C)C(=[OH+])[C@H]1N=Nc1cc(S(=O)(=O)O)ccc1C(=O)O.O.[Cr],0,4965
3246640.0,O=C(O)C1=C/C(=C(/c2ccccc2)c2cc(C(=O)O)c(O)c3ccccc23)c2ccccc2C1=O,0,4966
331761.0,O=C(O)CCc1nc(-c2ccccc2-n2cccc2)no1,1,4967
331768.0,N=C(N)SCc1cccc(-c2nc3ccccc3c(=O)o2)c1,0,4968
332060.0,O=C(O)CSc1nnc2c3ccccc3c3ccccc3c2n1,0,4970
16684740.0,O=C(O)C[C@H](NC(=O)CP(=O)(O)O)C(=O)O.[NH-][C@H]1CCCC[C@H]1[NH-].[Pt],0,4971
3246641.0,O=C1c2ccccc2N[C@H](c2cc(Cl)cc(Cl)c2O)N1CCc1ccccn1,1,4972
5384392.0,Cc1cc(=O)oc2cc(O)c(CN(C)CC(=O)O)cc12,0,4973
332281.0,O=C(O)c1cc(C(=O)O)cc(N2C(=O)c3ccccc3C2=O)c1,0,4974
135485454.0,N/N=C1/c2ccccc2N[C@H]1OC(=O)Nc1ccccc1,0,4975
100603.0,COc1cc2ccccc2c2cc([N+](=O)[O-])oc12,0,4976
1372564.0,O=C1/C(=C/c2cccnc2)SC(=S)N1Cc1ccco1,1,4977
332522.0,NNC(=O)CS(=O)(=O)Nc1ncccn1,0,4978
332609.0,CN(C)Cc1nsc(N(C)C)n1,0,4979
3246643.0,C[C@@H](N1CCOCC1)[C@@](O)(c1ccccc1)c1ccccn1,0,4980
333274.0,CC(C)N(Cc1ccccc1)S(=O)(=O)c1n[nH]c(C(C)(C)C)n1,0,4981
3246645.0,O=CN[C@@H](Cc1cnc[nH]1)C(=O)O,0,4982
160635.0,NC(N)=NC[C@H](N)C(=O)O,0,4983
5771682.0,C[C@@](N)(/C=C\c1ccccc1)C(=O)O,0,4984
9595236.0,NC(=O)N/N=C1\CC[C@H](O)C[C@@H]1CC(=O)O,0,4985
135403619.0,Nc1nc(SCC(=O)O)[nH]c(=O)c1N,0,4986
3246648.0,NCCNC[C@H](O)CO,0,4987
428781.0,CN(C)CCCNc1cc(O)c2c(c1O)C(=O)c1ccccc1C2=O,0,4988
433921.0,O=C(CSc1nc2ccccc2s1)c1sc2sc3ccccc3[n+]2c1O,0,4989
433923.0,O=[N+]([O-])c1ccc2c(c1)c(S(=O)(=O)O)cc1nonc12,0,4990
334509.0,CN(C)Cc1ccc(-c2cc3onc(-c4ccccc4)c3c(=O)n2C)cc1,0,4991
5771684.0,N#C[C@H](C(=O)O)C(c1c(Cl)cccc1Cl)[C@H](C#N)C(=O)O,0,4992
335063.0,N#CC(C#N)=CNCCN1CCN(C=C(C#N)C#N)CC1,0,4994
3246650.0,S=C(S)NCCCn1ccnc1,1,4996
434172.0,CC(C)(C)c1cc2c(O)c(c1)Cc1cc(C(C)(C)C)cc(c1O)Cc1cc(C(C)(C)C)cc(c1O)Cc1cc(C(C)(C)C)cc(c1O)Cc1cc(C(C)(C)C)cc(c1O)Cc1cc(C(C)(C)C)cc(c1O)Cc1cc(C(C)(C)C)cc(c1O)Cc1cc(C(C)(C)C)cc(c1O)C2,0,4997
3246651.0,C[C@@H](CS(=O)(=O)Cc1ccccc1)C(N)=O,0,4998
90424.0,CN(C)CCNCCN,0,4999
335810.0,NNC(=O)c1ccc(OCc2nc3ccccc3[nH]2)cc1,1,5000
3246652.0,Nc1nc(Sc2ccc([N+](=O)[O-])c3nonc23)c2[nH]cnc2n1,0,5003
3246653.0,NCC[C@@H](N)CSP(=O)(O)O,0,5004
434431.0,Cc1cc(N=Cc2c(CO)cnc(C)c2O)c(N=Cc2c(CO)cnc(C)c2O)cc1C.[Zn],0,5005
3246654.0,[N-]=[N+]=N[C@@H]1[C@H](O)[C@H](CO)O[C@@H]1n1cnc2c(N)ncnc21,0,5006
3246656.0,O=C(CN1C(=O)c2ccccc2C1=O)[C@@H](O)CN1C(=O)c2ccccc2C1=O,0,5008
3246657.0,O[C@]1(c2ccccc2)c2ccccc2NC2=NCCN21,0,5009
678668.0,COc1ccc([C@@H](C)c2cc3c(cc2O)OCO3)cc1,1,5011
434695.0,CCOc1ccc2nc3cc(N=Nc4ccc(N)nc4N)ccc3c(N)c2c1,0,5012
3246659.0,CC(C)(C)NC[C@@H](O)c1ccc(O)c(CO)n1,0,5013
3246660.0,CC(C)NC[C@@H](O)c1ccc(O)c2ncccc12,0,5014
100181.0,Clc1ccccc1C(Nc1ncccn1)Nc1ncccn1,0,5017
434797.0,N=C(N)c1ccc(N=Nc2c(O)ccc3c2[nH]c2ccccc23)cc1,0,5018
24867625.0,C[S@](=N)(=O)CC[C@H](N)P(=O)(O)O,0,5019
434859.0,CC(=O)O.CCN(CC)CC[n+]1ccc2c(C)c3[nH]c4ccccc4c3c(C)c2c1,0,5020
3246662.0,O=C(O)[C@@H]1[C@H]2C(=O)C=C[C@H]([C@@H]1C(=O)O)N2Cc1ccccc1,0,5021
3246663.0,Cc1ccc(CN2CCN(Cc3ccc(C)o3)[C@@H](C)C2)o1,0,5022
338385.0,O=C(O)c1nn(-c2ccc(Cl)cc2)c2c1C(=O)c1ccccc1C2=O,0,5023
5458850.0,C(=N\Nc1nnc2c(n1)[nH]c1ccccc12)\c1cccnc1,1,5024
25088565.0,O=C1[C@H]2[C@H]3C=C[C@@H]([C@H]2C(=O)N1CN1CCSCC1)[C@@H]1[C@H]3[C@@H]2C(=O)N(CN3CCSCC3)C(=O)[C@@H]21,0,5025
338634.0,O=C1C2C3C=CC(C2C(=O)N1CN1CCOCC1)C1C2C(=O)N(CN4CCOCC4)C(=O)C2C31,0,5026
9595237.0,C[C@@H](N)/C(N)=N/O,0,5027
338741.0,O=C(O)c1nn(-c2ccccc2-c2n[nH]c(=O)[nH]c2=O)c(=O)[nH]c1=O,0,5028
100764.0,Clc1ccccc1C(Nc1cnccn1)Nc1cnccn1,0,5029
3246667.0,CN(C)CN1C(=O)S/C(=C2/C(=O)N(CN(C)C)c3ccccc32)C1=O,0,5031
3246668.0,O=C1N[C@@]2(CN3CCC2CC3)C(=O)N1CN(Cc1ccccc1)c1ccccc1,0,5032
3246669.0,CN[C@@H]1NC(=O)c2ccccc2N1Cc1ccc(F)cc1,0,5033
338717.0,Cn1c([N+](=O)[O-])cnc1CN1CCN(CCO)CC1,0,5034
339583.0,FC(F)(F)c1nc(SCc2ccc(Cl)cc2)n[nH]1,0,5035
339743.0,C#CCSc1n[nH]c(-c2ccco2)n1,0,5036
3246670.0,COc1ccc([C@@H](Nc2ncccn2)c2cc3c(cc2O)OCO3)cc1,1,5037
435373.0,CC1(C)N=C(N)N=C(N)N1c1cccc(CSc2ccccc2)c1,0,5039
3246671.0,c1ccc(C[C@@H](Nc2cccnc2)c2ccccc2)cc1,1,5040
3246672.0,CN(C)C[C@H]1CCC2=C(C1=O)C(c1ccc(Cl)c(Cl)c1)C1=C(CC[C@H](CN(C)C)C1=O)O2,1,5041
340663.0,Cc1[nH]c2ccccc2c1-c1cc(-c2cc(-c3c(C)[nH]c4ccccc34)on2)no1,0,5043
340685.0,c1ccc(-c2cc(-c3cc(-c4ccccn4)[nH]n3)n[nH]2)nc1,0,5045
340766.0,CN1CCc2[nH]nc(-c3n[nH]c4c3CN(C)CC4)c2C1,0,5046
340791.0,Nc1nc(-c2cccnc2)cc(-c2cc(-c3cccnc3)nc(N)n2)n1,0,5047
340795.0,Nc1nc(-c2cc(-c3cccc4ccccc34)nc(N)n2)cc(-c2cccc3ccccc23)n1,0,5048
340797.0,Nc1nc(-c2ccc3ccccc3c2)cc(-c2cc(-c3ccc4ccccc4c3)nc(N)n2)n1,0,5049
340799.0,Nc1nc(-c2cccc([N+](=O)[O-])c2)cc(-c2cc(-c3cccc([N+](=O)[O-])c3)nc(N)n2)n1,0,5050
340803.0,Cc1[nH]c2ccccc2c1-c1cc(-c2cc(-c3c(C)[nH]c4ccccc34)nc(N)n2)nc(N)n1,0,5051
340856.0,Cc1c(-c2nc(N)nc(C3CC3)c2C)nc(N)nc1C1CC1,0,5053
340857.0,Nc1nc(-c2ccccc2)c(-c2ccccc2)c(-c2nc(N)nc(-c3ccccc3)c2-c2ccccc2)n1,0,5054
3246674.0,S=c1nc(-c2nc(=S)[nH]c3c2CCCCCCCCCC3)c2c([nH]1)CCCCCCCCCC2,0,5055
3246680.0,O=C(O)C(Oc1nc(=S)[nH]c(=S)[nH]1)(c1ccc(Cl)cc1)c1ccc(Cl)cc1,0,5058
3246681.0,C[C@H]1C[C@@H](C)CN(S(=O)(=O)c2cc(Cl)c(Oc3ccc([N+](=O)[O-])cc3Cl)c(Cl)c2)C1,0,5059
3246682.0,O=C(O)[C@H]1C2c3ccccc3C(c3ccccc32)[C@@H]1C(=O)NCC1CC1,0,5060
3246683.0,O=NN(Cc1ccc(Cl)cc1)[C@@H](C(=O)O)c1ccccc1,0,5061
3246684.0,Cc1cc2nc([C@H](C)C(=O)c3ccc(Cl)cc3)c(=O)[nH]c2cc1C,0,5062
341306.0,COC(=O)c1cc(-c2ccc3ccccc3c2)[nH]c(=O)c1C#N,0,5063
3246685.0,CC(=O)O.CN1CCN(CN2C(=O)C3C4C=CC(C3C2=O)C2C3C(=O)N(CN5CCN(C)CC5)C(=O)C3C42)CC1,0,5064
3246686.0,O=C1CC[C@H](NC(=O)c2ccccc2)C(=O)N1,0,5065
135403620.0,CN(C)CCCN=c1c2ccccc2n(C)c2[nH]c(=O)n(C)c(=O)c12,0,5066
341772.0,Clc1cccc(Cl)c1C(Nc1nncs1)Nc1nncs1,0,5067
341821.0,Cc1ccc(C(N)=Nc2ccccc2)cc1,0,5068
341872.0,Cc1cc(=O)[nH]c2cc3oc4ccccc4c3cc12,0,5069
135403621.0,N#CC(=NCCO)C1=C(O)c2ccccc2C1=O,0,5070
2819118.0,N#C/C(=C\Nc1ccccn1)C(=O)c1ccco1,0,5071
2819119.0,N#C/C(=C\Nc1ccccn1)C(=O)C1CC1,0,5072
342587.0,Nc1nc2c(C(=O)NCc3cccs3)nnn2c2cccc(Cl)c12,0,5073
3246687.0,O=[N+]([O-])c1nccn1C[C@H](O)CN1CCCCC1,0,5075
135403622.0,CN(C)C=O.O=C(Nc1nn[nH]n1)c1nc(-c2ccccc2)cc(=O)[nH]1,0,5076
3246688.0,O=C(N[C@@]1(C(=O)O)C[C@@H]1c1ccccc1)c1ccccc1,0,5077
3246689.0,C=CC[C@@H](C(=O)O)c1ccccc1,0,5078
81990.0,O=C(O)C(Cl)(c1ccccc1)c1ccccc1,0,5079
24060.0,CN(C)CCC(C#N)(c1ccccc1)c1ccccc1,0,5080
9573924.0,CN=C(N)/N=C(\N)Nc1cc2ccccc2c2ccccc12,0,5082
3246691.0,Ic1ccc2c(c1)N(c1ccccc1)c1cc(Nc3ccc4nc5ccc(I)cc5[n+](-c5ccccc5)c4c3)ccc1N2,0,5084
820414.0,C[C@H](CN(C)C)C(O)(c1ccccc1)c1ccccc1,0,5085
345552.0,O=C(O)c1cc(C(=O)O)nc(C(=O)O)c1,0,5086
345648.0,O=C(O)CSc1ccc(N=C=S)cc1,0,5087
81899.0,N=C(N)SCC(=O)O,0,5088
135485455.0,C/C(=N\O)c1cccc[n+]1Cc1ccccc1,0,5089
77486.0,OCCSCc1ccccc1,0,5090
3246693.0,C[C@@]12CC[C@H]3[C@@H](CC[C@H]4C[C@@H](O)CC[C@]43C)[C@@]1(O)C[C@@H](O)[C@@H]2C1=CC(=O)OC1,0,5092
348520.0,O=P(O)(CCP(=O)(O)c1ccccc1)c1ccccc1,0,5093
3246694.0,C[C@@H](CCC(=O)O)C(=O)O,0,5094
22488.0,Cc1cccc2cc3ccc4ccccc4c3cc12,0,5095
437214.0,CN(C)CCN(c1ccccn1)c1ccccn1,0,5096
3246696.0,CS[C@@H](CC(=O)O)C(=O)O,0,5097
11972255.0,CC(C)(O)/C=C\C(=O)[C@](C)(O)[C@H]1[C@H](O)C[C@]2(C)[C@@H]3CC=C4[C@@H](C=C(O)C(=O)C4(C)C)[C@]3(C)C(=O)C[C@@]12C,1,5100
6367301.0,O=S(=O)(O)c1ccc(-c2nnc(-c3ccccn3)nc2-c2ccc(S(=O)(=O)O)o2)o1.[Na],0,5104
172268.0,[O-][N+]1(CC[N+]2([O-])CCCCC2)CCCCC1,0,5105
3246701.0,CC1=N[C@@](C)(COC(=O)[C@]2(C)N[C@](C)(CO)CO2)COC1=O,0,5106
3246702.0,CC[C@]1(OC(=O)CN)C(=O)OCc2c1cc1n(c2=O)Cc2cc3ccccc3nc2-1.Cl,0,5107
3246704.0,COc1cccc2c1[C@H](CO)N1[C@H](C#N)[C@@H]3C[C@H](C(=O)O)[C@@H]([C@@H]1C2)N3C,0,5108
6419852.0,Cl.N=C(N)n1cc(/C=N\N=C(N)N)cn1,0,5109
6419853.0,Br.C/C(=N/NC1=NCCN1)c1cn(C2=NCCN2)nc1C,0,5110
6367302.0,O=C(O)C1=C/C(=C(/c2ccccc2)c2cc(C(=O)O)c(O)c3ccccc23)c2ccccc2C1=O.[Na],0,5114
6367303.0,C[C@@H]1c2ccccc2Cn2cc3c(c21)C(=O)c1cccc(OP(=O)(O)OCc2ccccc2)c1C3=O.[Na],0,5116
356527.0,Fc1cccc(F)c1C(Nc1nncs1)Nc1nncs1,0,5117
3246708.0,CCN(CCO)C[C@H]1CCC[C@H]2CCCC[C@H]12.Cl,0,5118
357051.0,OCCN(CO)CO,0,5119
135485456.0,Nc1nc2c(ncn2[C@@H]2C=C[C@@H](CO)C2)c(=O)[nH]1,0,5120
361741.0,CCOC(=O)c1c(C)c(C)n2c1NC(=O)C2,0,5121
3246713.0,Nc1ncnc2c1ncn2C[C@@H](O)C(=O)O,0,5122
364042.0,O=C1CCC(c2ccccc2)=NN1c1nc2ccccc2s1,0,5123
364212.0,O=[N+]([O-])c1ccc(C2=Nn3c(nnc3-c3ccc(Cl)cc3)SC2)o1,0,5124
364626.0,Cn1cnc([N+](=O)[O-])c1Sc1nnc(-c2cccnc2)n1C,0,5125
365208.0,CC1(C)CC(Nc2ccc(Nc3ccccc3)cc2)CC(C)(C)N1,0,5126
3246718.0,O=C(CCN1CCCCC1)N1CCc2c([nH]c3ccccc23)[C@H]1c1cccnc1,0,5127
6330935.0,O=C(O)C(C(=O)O)P(=S)(S)c1ccccc1.[Na],0,5128
5771702.0,O=C(O)/C=C\C(=O)Nc1ncn[nH]1,0,5129
368090.0,CN(C)CCCn1c2c3ccccc3ccc2c2oc(=O)c3ccccc3c21.Cl,0,5130
3246719.0,CC[C@@]1(O)C(=O)OCc2c1cc1n(c2=O)Cc2cc3c(NC(=O)CN)cccc3nc2-1.Cl,0,5131
6331018.0,O=C(O)CCC(O)=C1S(=O)(=O)OCCOS1(=O)=O.[Na],0,5132
3246721.0,Nc1nc2c(ncn2[C@H]2CC[C@@H](CO)O2)c(=O)n1C(=O)c1ccccc1,0,5133
3246723.0,O=C(c1nc2ccc([N+](=O)[O-])cc2[nH]c1=O)[C@@H](O)c1ccc2c(c1)OCO2,0,5134
3246724.0,COc1ccc(Br)c2c1C[C@H](C(=O)O)CC2,0,5135
373076.0,Oc1ccc(Cn2c(-c3ccc(O)cc3)nc3ccccc32)cc1,0,5136
6367304.0,C[C@H](Oc1ccc(Oc2cnc3ccc(Cl)cc3n2)cc1)C(=O)O.[Na],0,5137
377173.0,CN(C)CCCCN1CCc2c(n(C)c3ccccc23)C1=O.Cl,0,5138
135485457.0,C[N+](C)(C)/N=C\c1ccc(O)c(O)c1.[I-],0,5139
135485049.0,Cl.O=c1oc2ccccc2c(O)c1/C=N/c1nc(-c2ccc(O)c(O)c2)cs1,0,5141
3004792.0,N#C/C(=C\N1CCNC1=S)C(=O)c1ccc2ccccc2c1,0,5142
381594.0,O=C1C=C(NCCc2cc(Br)c(O)c(Br)c2)C(=O)c2ncccc21,1,5144
88715.0,CC(C)(N=NC(C)(C)C1=NCCN1)C1=NCCN1,0,5145
84924.0,CC(C)(N=NC(C)(C)C(=N)N)C(=N)N.Cl,0,5146
3246733.0,N[C@H](Cc1c[nH]c2ccccc12)P(=O)(O)O,0,5147
3246734.0,CSCC[C@@H](N)P(C)(=O)O,0,5148
384500.0,CN1CCN(CC(=O)Nc2cccc3ccccc23)CC1,0,5149
3246735.0,Nc1ncnc2c([C@@H]3O[C@@H](CO)[C@H](O)[C@@H]3O)nsc12,0,5150
1537022.0,CC1(C)[C@@H]2CC[C@@]1(CS(=O)(=O)Nc1ccccc1)C(=O)C2,0,5151
387095.0,Br.NCCC1([N+](=O)[O-])CCNCC1,0,5152
3246737.0,C#CCOC(=O)[C@H](N)CC(N)=O,0,5154
3246738.0,C[C@H](CCC(=O)O)[C@H]1CC[C@@H]2[C@H]3CC[C@H]4C[C@H](O)CC[C@@]4(C)[C@@H]3CC[C@@]21C,0,5155
3250046.0,COc1ccc(C(=O)C(OC(=O)CNC(=O)c2ccco2)c2ccccc2)cc1,1,5158
707054.0,Cn1c2c(c(=O)n(C)c1=O)CN(CCN1CCNCC1)CN2,0,5159
879044.0,Cc1cc(C)n(-c2nc(NC(C)(C)C)nc(NC(C)(C)C)n2)n1,0,5160
2881566.0,CCCCNC(=O)NC1C(NC(=O)NCCCC)N(C)C(=O)N1C,0,5161
2262399.0,Cc1cc(OCCNCCO)cc(C)c1Cl,0,5162
1204214.0,COc1ccc(NS(=O)(=O)c2cc(-c3nnnn3C)ccc2OC)cc1,0,5164
2876514.0,CC1(C)Cc2c(C#N)c(SCc3ccccc3)nc(N3CCOCC3)c2CO1,1,5165
2250430.0,CCCCc1cc(=O)oc2cc(OCC(=O)N(CC)CC)ccc12,0,5166
2887317.0,O=C(O)Cc1ccc(NC(=O)C2CCCCC2C(=O)O)cc1,0,5167
2169050.0,Cc1ccc(S(=O)(=O)N2CCN(Cc3ccccc3C(F)(F)F)CC2)cc1,1,5168
2055845.0,Cn1c(=O)n(C)c2cc(S(=O)(=O)O)ccc21,0,5170
5291857.0,C/C(=C\c1ccco1)C1C(C#N)=C(N)Oc2n[nH]c(-c3ccccc3)c21,1,5171
743004.0,CCCn1c(-c2ccccc2)nc2c(=O)n(C)c(=O)[nH]c21,0,5172
1379092.0,CCOc1cc(CN2CCN(c3ccc(C(C)=O)cc3)CC2)ccc1OC,0,5173
2184957.0,Cc1ccc(OCCCN(C)C)c(Br)c1,0,5174
2842874.0,OCC1CCCN(Cc2ccc(-c3ccccc3)cc2)C1,0,5176
793219.0,O=C(O)/C=C1\NC(=O)c2ccccc21,0,5177
135449192.0,CCOc1ccc(N=C2NC(=O)C(CC(=O)O)S2)cc1,0,5179
2057794.0,Clc1ccccc1OCCCCN1CCCC1,0,5181
1118172.0,COc1ccc(S(=O)(=O)N(CC(=O)N2CCCC2)Cc2ccccc2)cc1,1,5182
1362375.0,CCc1ccc(OCC(=O)Nc2ccc(-c3nc4ccccc4o3)c(O)c2)cc1,0,5183
5310650.0,COc1ccccc1NC(=O)C(C/C=C(\C)Cl)C(C)=O,1,5185
797507.0,O=S1(=O)C=C(N2CCOCC2)c2ccccc21,0,5186
5342698.0,Cc1nnc(C)n1/N=C/c1cccs1,0,5187
768002.0,COc1ccc(C(=S)N(C)C)cc1OC,0,5188
684207.0,CCOC(=O)c1nnn(-c2nonc2N)c1-c1ccccc1,1,5189
2891038.0,COCCCNC(=O)CN(c1ccc(OC)cc1)S(=O)(=O)c1ccc(NC(C)=O)cc1,1,5190
789519.0,O=C(CP(=O)(c1ccccc1)c1ccccc1)Nn1cnnc1,0,5192
1129966.0,O=C(CC1c2ccccc2Oc2ccccc21)N1CCN(c2ccccn2)CC1,1,5193
1252955.0,O=C(Nc1ccc(F)cc1)c1cc(S(=O)(=O)N2CCCCC2)cs1,1,5195
5310684.0,CCOc1ccc(/C(O)=C2/C(=O)C(=O)N(CC3CCCO3)C2c2ccc(C)o2)cc1,0,5197
760116.0,Cc1cc2c(C(F)(F)F)cc(=O)oc2c2c1NCCC2,0,5198
869388.0,Cc1cc2c(s1)CCCCC(=O)N2,0,5199
5342674.0,COc1ccc(/C=N/n2c(C)nnc2C)c(OC)c1,0,5200
2926761.0,O=C1c2ccccc2NC(c2ccncc2)N1c1ccccn1,1,5201
792950.0,COc1ccc(C(=O)Nc2cc(OC)cc(OC)c2)cc1,1,5203
5310704.0,Cc1ccc(C2/C(=C(/O)c3ccc(Cl)cc3)C(=O)C(=O)N2CC2CCCO2)o1,0,5205
1092325.0,COc1ccc(S(=O)(=O)N(CCc2ccccc2)CC(=O)N2CCOCC2)cc1,1,5206
768370.0,Cc1cccc(CN(C)CCc2ccccn2)c1,0,5207
797030.0,CCN(CC)S(=O)(=O)c1cc(C(=O)OC)ccc1Cl,0,5209
870081.0,COC(=O)Cn1cnc(=O)c(C#N)c1/C=C/N(C)C,0,5210
5147385.0,CCc1c(C(C)O)oc2ccc3c(C)cc(=O)oc3c12,0,5211
70801.0,Cc1cc(N)n(-c2ccccc2)n1,0,5212
54710.0,Cc1c(NC(=O)C(C)N2C(=O)c3ccccc3C2=O)c(=O)n(-c2ccccc2)n1C,0,5213
535113.0,CCC(C#CCN1CCCCC1)(CC)OCCC#N,0,5216
3796447.0,CN(C)C=Nc1ccc2nn(-c3ccccc3)nc2c1,0,5217
1529409.0,COc1cc(CN2CCN(C(=O)CC(C)C)CC2)cc(OC)c1OC,0,5218
775692.0,Cc1nn(-c2ccccc2)c(-c2ccccc2)c1C(=O)O,0,5219
2057917.0,O=C(NC1CCCCCC1)c1cccs1,1,5220
750885.0,COc1ccc2c(c1)-c1nc(NC(=O)c3cccs3)sc1CC2,1,5221
360857.0,c1ccc(-c2csc3ncn4cnnc4c23)cc1,0,5222
2055522.0,CCCCOc1ccc(CN2CCC(O)CC2)cc1,0,5223
379402.0,O=C(O)c1nn(-c2ccccc2)nc1-c1nn(-c2ccccc2)nc1C(=O)O,0,5224
6860057.0,Cc1cc(/C=N/n2cnnc2)c(C)n1-c1ccc(OCc2ccccc2F)cc1,1,5225
597977.0,CC(C)C12CCC(C(=O)O)C(C1)C(=O)O2,0,5227
2264736.0,CCCCC1CCC(c2nc(-c3ccccn3)no2)CC1,0,5228
3787293.0,Cc1cccc(OCCCCCn2ccnc2)c1,1,5229
1230951.0,COc1ccc(CC(=O)Nc2ccc(-c3nnc(-c4ccccc4)o3)cc2)cc1,0,5230
793678.0,C=CCc1cccc2cc(C(=O)N(CC)CC)c(=O)oc12,1,5231
1203196.0,COc1ccc(CN2CCN(C(=O)CC(C)C)CC2)c(OC)c1OC,0,5232
2936223.0,CCCC12CN3CC(CCC)(CN(C1)C3C(O)C(O)C(O)CO)C2=O,0,5234
1124476.0,Cc1nn(C(=O)CN2C(=O)c3ccccc3C2=O)c(C)c1Br,0,5237
9568070.0,Cc1c(/N=C/c2ccco2)n(Cc2ccccc2)c2ccccc12,1,5238
2868359.0,CC(C)COCC1CC2(CC(C)(c3csc(N)n3)OC2=O)C(=O)O1,1,5239
1164916.0,O=C(c1cc2nc(-c3ccco3)cc(C(F)(F)F)n2n1)N1CCc2ccccc2C1,0,5240
728266.0,Fc1cccc(Cl)c1CSc1ncn[nH]1,1,5241
789335.0,Cc1noc(COc2ccc(OCc3nc(C)no3)cc2)n1,0,5242
731336.0,C=CCn1cnc2scc(-c3ccccc3)c2c1=O,1,5244
800830.0,CC(=O)c1cccc(NC(=O)Oc2ccccc2)c1,0,5245
2912448.0,COc1ccc(C2C(C(=O)c3ccco3)=C(O)C(=O)N2Cc2cccnc2)cc1OC,0,5246
5310847.0,COc1ccc(/C(O)=C2/C(=O)C(=O)N(CCN3CCOCC3)C2c2ccc(C)cc2)cc1,0,5247
789843.0,CCOC(=O)CC(=O)Nc1ccccc1C(=O)O,0,5248
2930202.0,CCC(NC(=O)c1ccccc1NC(=O)c1ccco1)C(=O)NC1CCCCC1,1,5249
5310850.0,Cc1oc2c(O)c(O)ccc2c(=O)c1-c1cnn(-c2ccccc2)c1,0,5250
828011.0,COc1cc(CC(=O)O)c(C(C)=O)cc1OC,0,5251
742529.0,CC(C)CC(=O)N1CCN(Cc2cccc(F)c2)CC1,0,5252
715146.0,CC(=O)N(CC(=O)O)c1ccccc1C(=O)O,0,5254
771699.0,O=C(O)CP(=O)(O)c1ccc(Cl)cc1,0,5255
800875.0,Cc1sc2c(c1C)c(=O)n(-c1ccccc1)c1nnc(C)n21,0,5256
135431911.0,Cn1c(SCC(=O)Nc2ccccc2)nc(O)cc1=O,1,5257
2058861.0,Cc1ccccc1OCCCN1CCCC1,0,5258
767400.0,CC(C)c1cc(Nc2cccc(O)c2)cc(C(C)C)c1O,1,5259
783443.0,CCCN(CCO)Cc1ccc(F)c(Br)c1,0,5260
1076034.0,COc1ccc(CCNC(=O)c2ccccc2NC(=O)c2ccco2)cc1OC,1,5261
1357397.0,O=C(O)c1ccccc1-c1ccc(/C=c2\sc3nc4cc(Br)cnc4n3c2=O)o1,0,5262
2936238.0,CC(C)C(NC(=O)C12CC3CC(CC(C3)C1)C2)C(=O)NC1=NCCS1,1,5263
555152.0,O=P(O)(COc1ccccc1)COc1ccccc1,0,5264
1184632.0,O=C(Nc1ccc(N2CCCCC2)cc1)c1cncc(Br)c1,1,5265
5342761.0,COc1ccc(/C=N/n2c(C)nnc2C)c(OC)c1OC,0,5266
2266566.0,N#Cc1c(NC(=O)CCN2C(=O)c3ccccc3C2=O)oc(-c2ccccc2)c1-c1ccccc1,1,5267
869542.0,COc1ccc(C(N)=O)cc1NC(=O)c1cccc(F)c1,0,5269
796212.0,Cc1cc(Oc2ccccc2)nc(-c2ccccc2)n1,0,5270
1244790.0,COc1ccc(-c2cc(C(F)(F)F)n3nc(C(=O)N4CCCCC4)cc3n2)cc1,1,5271
781174.0,O=C(Nc1cccc(F)c1)Nc1ccccn1,0,5273
2232433.0,COc1ccccc1OCCCCCc1c(C)n[nH]c1C,0,5274
1108159.0,COc1ccc(C(=O)Nc2ccc(S(=O)(=O)N3CCOCC3)cc2)cc1OC,0,5275
2277148.0,CCOC(=O)CCCNC(=O)c1cncc(Br)c1,1,5276
1131718.0,COc1ccc(CN2CCN(C(=O)c3cccs3)CC2)cc1Br,0,5277
2908945.0,COc1ccc(C2C(C#N)=C(N)Oc3n[nH]c(C)c32)cc1CN1CCN(c2ccc(F)cc2)CC1,1,5278
5566.0,CN1CCN(CCCN2c3ccccc3Sc3ccc(C(F)(F)F)cc32)CC1,1,5279
2333.0,CCc1oc2ccccc2c1C(=O)c1cc(Br)c(O)c(Br)c1,0,5280
92112.0,CC[C@@]12CCCN3CCc4c(n(c5ccccc45)C(=O)C1)[C@H]32,1,5281
4386.0,O=C(O)c1ccccc1Nc1ccccc1,0,5282
2266.0,O=C(O)CCCCCCCC(=O)O,0,5284
1868.0,COc1ccc2[nH]c3c(c2c1)CCNC3,0,5285
1908.0,Cn1c(=O)c2[nH]c(-c3ccc(S(=O)(=O)O)cc3)nc2n(C)c1=O,0,5286
1330.0,CCCn1c(=O)c2[nH]c(-c3ccc(S(=O)(=O)O)cc3)nc2n(CCC)c1=O,0,5287
2229.0,C#CCOC(=O)C1=CCCN(C)C1,0,5289
1366.0,NC1(C(=O)O)CCCCC1,0,5291
6603698.0,Nc1ccc(CCNc2ncnc3c2ncn3[C@@H]2O[C@@H](CO)[C@H](O)[C@@H]2O)cc1,1,5293
6603699.0,C#C[C@H](N)CCC(=O)O,0,5294
5372720.0,O=c1[nH]c(=O)c2nc3ccccc3nc2[nH]1,0,5295
535.0,NC1(C(=O)O)CC1,0,5298
178.0,CC(N)=O,0,5299
2216.0,Nc1cc(Cl)c(NC2=NCCN2)c(Cl)c1,0,5300
2130.0,NC12CC3CC(CC(C3)C1)C2,0,5301
6603705.0,[N-]=[N+]=Nc1ccc(C(=O)CSC[C@@H](NC(=O)CC[C@@H](N)C(=O)O)C(=O)NCC(=O)O)cc1,0,5302
3032277.0,Nc1nc(N)c2nc(CNc3ccc(C(=O)N[C@H](CCC(=O)O)C(=O)O)cc3)cnc2n1,0,5303
2259.0,O=C(O)C1=CC(=C(c2ccc(O)c(C(=O)O)c2)c2ccc(O)c(C(=O)O)c2)C=CC1=O,0,5304
1795.0,CCN(c1nc(N)c(C(=O)N=C(N)N)nc1Cl)C(C)C,0,5305
173685.0,N[C@@H]1C=CC=C(C(=O)O)C1,0,5307
5236783.0,O=C(Cc1ccc(Cl)c(Cl)c1)OCCN1CCCC1,0,5308
1935.0,Nc1c2c(nc3ccccc13)CCCC2,0,5309
286.0,NOCC(=O)O,0,5311
2265.0,Cn1cnc([N+](=O)[O-])c1Sc1ncnc2nc[nH]c12,0,5312
73314.0,CC(C)CN(C)c1nc(N)c(C(=O)N=C(N)N)nc1Cl,0,5314
20544.0,CC(=O)SCC[N+](C)(C)C,0,5315
4342.0,CCN(CC)CCNC(=O)c1ccc(NC(C)=O)cc1,0,5317
2141.0,NCCCNCCSP(=O)(O)O,0,5318
6603710.0,CCS(=O)(=O)Nc1cccc(C(=C2CCCCC2)c2cnc[nH]2)c1,1,5320
1550101.0,C[N+]1(C)[C@H]2CC[C@@H]1CC(OC(=O)[C@@H](CO)c1ccccc1)C2,0,5321
1725.0,N=C(N)c1ccc(N)cc1,0,5322
165627.0,N[C@H](CCCC(=O)O)C(=O)O,0,5323
6603714.0,CC(C)(C)c1onc(OCP(=O)(O)O)c1C[C@@H](N)C(=O)O,0,5324
2157.0,CCCCc1oc2ccccc2c1C(=O)c1cc(I)c(OCCN(CC)CC)c(I)c1,0,5325
1701.0,NCCc1ccc(S(=O)(=O)F)cc1,0,5326
6603715.0,C=CCc1ccc([N+](C)(C)CCC(=O)CC[N+](C)(C)c2ccc(CC=C)cc2)cc1,0,5329
448378.0,Nc1ncnc2c1ncn2[C@@H]1O[C@@H](CO)[C@H](O)[C@@H]1O,0,5330
6603716.0,CC1=C(/C=C\C(C)=C\C=C/C(C)=C/C=C\C=C(C)\C=C/C=C(C)/C=C\C2=C(C)[C@@H](O)C(=O)CC2(C)C)C(C)(C)CC(=O)[C@@H]1O,0,5331
6603717.0,Nc1ccc(N2C(=O)c3ccccc3C2=O)c(Cl)c1,1,5332
6603718.0,Nc1ncnc2c1ncn2[C@@H]1O[C@@H]2COP(=O)(O)O[C@H]2[C@@H]1O,0,5333
1794.0,NC(N)=NC(=O)c1nc(Cl)c(N2CCCCCC2)nc1N,0,5334
6603720.0,N[C@@H]1CCN(O)C1=O,0,5335
6603723.0,c1ccc(CN(Cc2ncc[nH]2)c2ccccc2)cc1,0,5336
6603725.0,C=CCc1ccccc1OC[C@H](O)CN[C@]1(C)CCC[C@@H](C(C)(C)NC(=O)CBr)C1,1,5337
6101692.0,C[N+]1(C)CCc2cc3c(cc2[C@@H]1[C@@H]1OC(=O)c2c1ccc1c2OCO1)OCO3,1,5338
204966.0,C[N+](C)(C)CCOC(=O)CBr,0,5339
6603731.0,C[C@@H](Cc1ccc(OCC(=O)[O-])cc1)NC[C@H](O)c1cccc(Cl)c1.[Na+],1,5341
4177957.0,COc1ccc2c(c1)c(CC(=O)O)c(C)n2C(=O)c1ccccc1,0,5342
6603735.0,O=S(=O)(NCCNC/C=C\c1ccc(Br)cc1)c1cccc2cnccc12,1,5343
6603736.0,O=C1O/C(=C\Br)CC[C@@H]1c1cccc2ccccc12,1,5344
4578.0,Nc1nc(OCc2ccccc2)c2[nH]cnc2n1,1,5345
4353.0,CC(=O)NBr,0,5346
2471.0,CCCCNc1cc(C(=O)O)cc(S(N)(=O)=O)c1Oc1ccccc1,0,5347
248.0,C[N+](C)(C)CC(=O)O,0,5348
249.0,C[N+](C)(C)CC=O,0,5349
28688.0,Cc1sc2ccccc2c1CC1=NCCN1,0,5350
445143.0,CC(C)COC[C@H](CN(Cc1ccccc1)c1ccccc1)N1CCCC1,0,5351
6603744.0,C[C@H]1CCC/C=C\[C@H]2C[C@@H](O)C[C@]2(O)C/C=C\C(=O)O1,0,5353
657347.0,C[C@H]1OC[C@@H](C[N+](C)(C)C)O1,0,5355
6603753.0,C[C@@H]1O[C@H](C[N+](C)(C)C)CS1,0,5356
6603755.0,NC[C@H](O)C1CCCCCCC1,0,5358
6603758.0,CCNC(=O)[C@@H]1O[C@@H](n2cnc3c(N)nc(NCCc4ccc(CCC(=O)O)cc4)nc32)[C@H](O)[C@@H]1O,0,5359
6603759.0,C[C@@H]1[C@@H]2Cc3ccc(O)cc3[C@@]1(C)CCN2CC1CC1,0,5360
6603761.0,Cn1c(=O)c2c(nc(/C=C\c3cccc(Cl)c3)n2C)n(C)c1=O,0,5361
2821.0,N#Cc1cc2nc([O-])c([O-])nc2cc1[N+](=O)[O-].[Na+].[Na+],0,5363
2708.0,O=C(O)CCCc1ccc(N(CCCl)CCCl)cc1,0,5364
6603765.0,CNC(=O)[C@@H]1O[C@@H](n2cnc3c(NCc4ccc(I)cc4)nc(Cl)nc32)[C@H](O)[C@@H]1O,1,5365
2578.0,O=NN(CCCl)C(=O)NCCCl,0,5366
1549111.0,O=C(O)/C=C\c1ccc(O)c(O)c1,0,5367
6234.0,N[C@@H]1CONC1=O,0,5368
2727.0,CCCNC(=O)NS(=O)(=O)c1ccc(Cl)cc1,0,5369
2574.0,NCCC(=O)NCCc1cnc[nH]1,0,5371
5327151.0,CCn1cnc2c(Nc3cccc(Cl)c3)nc(N[C@@H]3CCCC[C@H]3N)nc21,1,5373
2554.0,NC(=O)N1c2ccccc2C=Cc2ccccc21,0,5376
60840.0,CCc1cccc(N(C)C(N)=Nc2cccc3ccccc23)c1,0,5377
6603778.0,Nc1nc(Cl)nc2c1ncn2[C@@H]1O[C@@H](CO)[C@@H](O)[C@H]1O,0,5379
6105572.0,O=c1cc(-c2ccccc2)[nH]c2nc(Cl)ccc12,0,5380
135398737.0,CN1CCN(C2=Nc3cc(Cl)ccc3Nc3ccccc32)CC1,0,5381
8743.0,O=C(O)c1cc(=O)cc(C(=O)O)[nH]1,0,5384
6603788.0,OC[C@@H]1O[C@@H](n2cnc3c(NC4CCCC4)ncnc32)[C@@H](O)[C@H]1O,0,5385
121475.0,C[C@@]1(C(=O)O)[C@H]2CC[C@H](O2)[C@]1(C)C(=O)O,0,5386
6603789.0,O=C(/C=C\c1ccc(O)c(O)c1)OCCc1ccccc1,1,5388
3172.0,CCN(CCCl)Cc1ccccc1Br,0,5389
2762.0,CCn1nc(C(=O)O)c(=O)c2cc3c(cc21)OCO3,0,5390
4039.0,CN(C)CCOC(=O)COc1ccc(Cl)cc1,0,5391
439771.0,N[C@H](CCl)C(=O)O,0,5392
9604972.0,CCOC(=O)[C@@]12C[C@@H]1/C(=N/O)c1ccccc1O2,0,5393
6603795.0,OC[C@@H]1O[C@@H](n2cnc3c(NC4CCCCC4)ncnc32)[C@@H](O)[C@H]1O,0,5394
6603796.0,N[C@@H]1CCc2cc(O)c(O)cc2C1,0,5395
6603797.0,CN1CCc2cc(O)cc3c2[C@H]1Cc1ccc(O)c(O)c1-3,0,5396
3455.0,Fc1ccc(C(OCCN2CCN(CCCc3ccccc3)CC2)c2ccc(F)cc2)cc1,0,5398
6603802.0,C[C@H](N)c1cccc(Cl)c1Cl,1,5399
156314.0,CCCN(CCC)CCc1c[nH]c2ccc(C(N)=O)cc12,0,5400
1845.0,O=c1[nH]c2cc(Cl)c(Cl)cc2[nH]c1=O,0,5401
99562.0,C#CCn1c(=O)c2c(ncn2C)n(C)c1=O,0,5402
6603806.0,NCCC[C@@](N)(C(=O)O)C(F)F,0,5403
6603807.0,CCCN1CCC[C@H](c2cccc(C#N)c2)C1,0,5404
6603809.0,C[C@@H]1O[C@@H](O[C@H]2C[C@@H](O)[C@]3(CO)[C@@H]4[C@@H](O)C[C@]5(C)[C@H]([C@@H]6COC(=O)C6)CC[C@@]5(O)[C@H]4CC[C@@]3(O)C2)[C@H](O)[C@H](O)[C@@H]1O,0,5405
6603810.0,CC[C@H](C)[C@@H]1CN[C@H](C(=O)O)[C@H]1CC(=O)O,0,5406
6603814.0,O=[N+]([O-])c1ccc(O[C@H]2O[C@@H](CO)[C@@H](O)[C@@H](O)[C@@H]2F)c([N+](=O)[O-])c1,0,5408
5360696.0,COc1ccc2c(c1)[C@]13CCCC[C@@H]1[C@H](C2)N(C)CC3,0,5410
6603816.0,CN(C)C(=O)/N=N\C(=O)N(C)C,0,5411
2995.0,CNCCCN1c2ccccc2CCc2ccccc21,1,5412
6603817.0,C[C@]12CC[C@@H]3[C@@H](CC=C4C[C@@H](O)CC[C@@]43C)[C@H]1CCC2=O,0,5413
1775.0,O=C1NC(=O)C(c2ccccc2)(c2ccccc2)N1,0,5414
123831.0,CN(C)C(N)=NCCC[C@H](N)C(=O)O,0,5415
1774.0,CC1(C)CCC=[N+]1[O-],0,5419
4382.0,CNCCc1ccc(O)c(O)c1,0,5420
6603822.0,CCCCCCCCCCCCCCC[C@H](O)[C@H](N)CO,0,5421
1474.0,c1ccc(-c2ccccn2)nc1,0,5422
1609.0,O=c1oc(Cl)c(Cl)c2ccccc12,0,5423
6603824.0,Clc1ccc(N2C[C@@H]3CC[C@H](C2)N3)nn1,0,5424
2990.0,CN(N=O)c1cc(O)ccc1O,0,5425
446849.0,CC[C@@H]1Cc2cc(O)ccc2C2=C1c1ccc(O)cc1C[C@H]2CC,1,5426
6603828.0,NC(=O)COc1c(F)cc(SCCNS(=O)(=O)c2ccccc2)cc1F,1,5427
3019.0,CC1=NS(=O)(=O)c2cc(Cl)ccc2N1,0,5428
547.0,O=C(O)Cc1ccc(O)c(O)c1,0,5429
6603829.0,OC[C@@H]1NC[C@@H](O)[C@@H](O)[C@H]1O,0,5430
1317.0,NCCCCCCCCCCN,0,5431
11972589.0,OC[C@@H]1O[C@@H](n2cnc3c(N[C@@H]4C[C@@H]5CC[C@H]4C5)ncnc32)[C@@H](O)[C@H]1O,0,5433
9363.0,CCN(CC)C(=O)c1ccc(O)c(OC)c1,0,5434
6603836.0,CCCCCCCCCCCCCCCCCCOC[C@@H](COP(=O)([O-])OCC[N+](C)(C)C)OC,0,5435
3213.0,Cc1c2ccncc2c(C)c2c1[nH]c1ccccc12,1,5437
6603840.0,CCCCCCCCCCCCCCCC(=O)NC[C@@H](COP(=O)([O-])OCC[N+](C)(C)C)OCC,1,5438
6603842.0,CCCCCCCCCCCCCCCCCC(=O)NC[C@@H](COP(=O)([O-])OCC[N+](C)(C)C)OCC,1,5439
4362.0,CCN1C(=O)C=CC1=O,0,5440
6207.0,O=C(O)CN(CCOCCOCCN(CC(=O)O)CC(=O)O)CC(=O)O,0,5441
5816.0,CNC[C@H](O)c1ccc(O)c(O)c1,0,5442
166776.0,O=C(O)[C@@H]1[C@@H]2CC[C@@H](O2)[C@H]1C(=O)O,0,5443
5281878.0,OCCN1CCN(CC/C=C2\c3ccccc3Sc3ccc(C(F)(F)F)cc32)CC1,1,5444
6603848.0,COc1cccc2c1[C@@H]1CN(CCCCn3c(=O)[nH]c4c(sc5ncc(-c6ccccc6)nc54)c3=O)C[C@H]1CO2,1,5445
6603849.0,NS(=O)Oc1cc(C(=O)O)c(NCc2ccco2)cc1Cl,0,5446
716314.0,N[C@H](Cc1ccc(F)cc1)C(=O)O,0,5447
6603850.0,O=C(NC[C@H]1CCCCN1)c1cc(OCC(F)(F)F)ccc1OCC(F)(F)F,0,5449
53276.0,CCOC(=O)Nc1ccc(NCc2ccc(F)cc2)nc1N,1,5452
6603853.0,CC(C)(C(=O)O)c1ccc([C@@H](O)CCCN2CCC(C(O)(c3ccccc3)c3ccccc3)CC2)cc1,0,5453
119558.0,N[C@H](CCC(=O)NCS(=O)(=O)O)C(=O)O,0,5455
6603855.0,C[C@@H]1Cc2cc3c(cc2C(c2ccc(N)cc2)=NN1)OCO3,1,5456
6603857.0,CN(C)c1cc2c(Nc3ccc4c(cnn4Cc4ccccc4)c3)ncnc2cn1,1,5457
736172.0,COc1cc([C@H](O)C(=O)O)ccc1O,0,5459
1738.0,COc1cc(CC(=O)O)ccc1O,0,5460
1745.0,OCc1cnc[nH]1,0,5461
3639.0,NS(=O)(=O)c1cc2c(cc1Cl)NCNS2(=O)=O,0,5463
6603871.0,CC(=O)[C@@]1(O)CC[C@@H]2[C@@H]3CCC4=CC(=O)CC[C@@]4(C)[C@H]3CC[C@]21C,0,5464
681.0,NCCc1ccc(O)c(O)c1,0,5467
3657.0,NC(=O)NO,0,5468
1826.0,O=C(O)Cc1c[nH]c2ccc(O)cc12,0,5469
1663.0,NNCc1cccc(O)c1,1,5470
5202.0,NCCc1c[nH]c2ccc(O)cc12,0,5471
1742.0,NNC(=O)c1ccc(O)cc1,1,5473
4656.0,Clc1cc(I)cc(Cl)c1NC1=NCCN1,0,5474
126280.0,CN[C@@H]1C[C@@H](c2ccc(Cl)c(Cl)c2)c2ccccc21,1,5475
6603875.0,CC(C)N[C@@H](C)Cc1ccc(I)cc1,0,5476
3692.0,N=C(N)SCCc1cnc[nH]1,1,5477
55918.0,O=C1CCC(c2ccc(-n3ccnc3)cc2)=NN1,1,5481
3727.0,NC(=O)CI,1,5482
6603883.0,CC(C)[N+]1(C)[C@H]2CC[C@@H]1CC(C(=O)O[C@@H](CO)c1ccccc1)C2,0,5483
6603884.0,Fc1ccc(CN(C2=NCCN2)c2c(Cl)cccc2Cl)cc1,0,5484
4216.0,O=S(=O)(c1cccc2c(I)cccc12)N1CCCNCC1,1,5485
6603886.0,O=C(/C=C\c1ccc(O)cc1)c1ccc(O)cc1O,1,5486
4172142.0,CCCC(=O)NCCc1c2n(c3ccc(OC)cc13)Cc1ccccc1-2,1,5487
135398700.0,Nc1nc2[nH]c(=O)cnc2c(=O)[nH]1,0,5490
3773.0,O=C(O)C1CCNCC1,0,5492
5311198.0,CCCC(=O)NCCc1c2n(c3ccc(OC)cc13)CCCc1ccccc1-2,1,5494
6603894.0,CCN1C[C@]2(C)CC[C@@H](O)[C@@]34[C@@H]1[C@H](C[C@@H]23)[C@@]1(O)C[C@H](OC)[C@H]2C[C@@H]4[C@@H]1[C@@H]2O,0,5495
6603895.0,CC(C)n1cc2c3c(cccc31)[C@@H]1C[C@H](C(=O)O[C@@H](C)[C@H](C)O)CN(C)[C@H]1C2,0,5496
6603898.0,FC(F)(F)c1cc(CO[C@@H]2CCCN[C@H]2c2ccccc2)cc(C(F)(F)F)c1,1,5497
6603900.0,CCCCOC(=O)NS(=O)(=O)c1sc(CC(C)C)cc1-c1ccc(Cn2c(CC)nc3c(C)cc(C)nc32)cc1,1,5499
3885.0,CC1(C)CCC2=C(O1)c1ccccc1C(=O)C2=O,1,5500
4605800.0,O=S1(=O)N(CCN2CC=C(c3c[nH]c4cc(F)ccc34)CC2)c2cccc3c2N1CCC3,1,5502
6603902.0,Cc1ccccc1N1CCN(S(=O)(=O)C[C@@]23CC[C@H](C[C@H]2NC(=O)[C@@H](N)CCS(C)(=O)=O)C3(C)C)CC1,1,5504
6603904.0,COc1cc2nc(N3CCN(C(=O)OCc4ccccc4)[C@H](C(=O)NC(C)(C)C)C3)nc(N)c2cc1OC,1,5505
3899.0,Cc1oncc1C(=O)Nc1ccc(C(F)(F)F)cc1,1,5506
3676.0,CCN(CC)CC(=O)Nc1c(C)cccc1C,0,5507
196664.0,CC(C)C[C@H](N)CSSC[C@@H](N)CC(C)C,1,5508
3883.0,Cc1c(OCC(F)(F)F)ccnc1CS(=O)c1nc2ccccc2[nH]1,1,5509
9308.0,C[C@@H]1O[C@H](C[N+](C)(C)C)C[C@H]1O,0,5510
1574.0,Cc1[nH]c2ccc(O)cc2c1CCN,0,5511
6603909.0,CC[C@H](CO)NC(=O)[C@@H]1C=C2c3cccc4c3c(cn4C)C[C@@H]2N(C)C1,0,5512
4136.0,CNC(=O)OCC[N+](C)(C)C,0,5513
6603910.0,CN1C[C@@H](CS(=O)(=O)N(C)C)C[C@H]2c3cccc4c3c(cn4C)C[C@@H]21,0,5514
6603911.0,NCC[C@H]1CCC[C@H](CCN)N1,0,5515
5219.0,N=c1c[n+](N2CCOCC2)[n-]o1,0,5516
6603912.0,COc1ccc2c(c1)[C@]13CCCC[C@@H]1[C@H](C2)NCC3,1,5517
6603913.0,O=C(O)/C(=C/c1c(C(=O)O)[nH]c2cc(Cl)cc(Cl)c12)c1ccccc1,0,5518
6603914.0,Cc1ccccc1CNc1ncnc2c1ncn2[C@@H]1O[C@@H](CO)[C@H](O)[C@@H]1O,0,5519
6603915.0,COc1ccccc1N1CCN(CCN(C(=O)c2ccc(F)cc2)c2ccccn2)CC1,1,5520
107982.0,COc1cc(CNC(=O)CCCCCCC(C)C)ccc1O,1,5521
150885.0,CNCCc1c[nH]c2ccc(O)cc12,0,5523
3661570.0,CCCOC(=O)c1c(-c2ccccc2)nc(CC)c(C(=O)SCC)c1CCC,1,5525
1832.0,COc1ccc2[nH]cc(CCN(C)C)c2c1,0,5527
5353788.0,CCO/C([O-])=N/c1c[n+](N2CCOCC2)no1,0,5528
6603923.0,NC(=O)c1ncn([C@@H]2O[C@@H](CO)[C@@H](O)[C@H]2O)c1O,0,5530
6603925.0,CNc1ncnc2c1ncn2[C@H]1C[C@@H](OP(=O)([O-])O)[C@H](COP(=O)([O-])O)O1,0,5533
1669.0,COc1cc(CCN)ccc1O,0,5534
6603926.0,CSC(N)=NCCC[C@@H](N)C(=O)O,0,5536
896.0,COc1ccc2[nH]cc(CCNC(C)=O)c2c1,0,5537
60663.0,COCC(=O)O[C@]1(CCN(C)CCCc2nc3ccccc3[nH]2)CCc2cc(F)ccc2[C@@H]1C(C)C,1,5538
6603930.0,Cc1ccccc1/C=C\C1=NCCN1,0,5542
4212.0,O=C1c2c(O)ccc(O)c2C(=O)c2c(NCCNCCO)ccc(NCCNCCO)c21,0,5543
1833.0,COc1ccc2[nH]cc(CCN)c2c1,0,5544
72430.0,CC(C)[C@H](NC(=O)OCc1ccccc1)C(=O)N[C@H](C=O)Cc1ccccc1,1,5545
1390.0,Cn1ccnc1,0,5546
54686777.0,CC(C)[C@H]1C(=O)C(C(N)=O)=C(O)[C@]2(O)C(=O)C3=C(O)c4c(O)ccc(N(C)C)c4C[C@H]3C[C@@H]12,0,5547
6603942.0,CC(C)c1cc(F)cc2c1C[C@](CCN(C)CCCc1nc3ccccc3[nH]1)(OC(=O)C1CC1)CC2,1,5548
4495.0,CS(=O)(=O)Nc1ccc([N+](=O)[O-])cc1Oc1ccccc1,0,5549
6603944.0,CC1(C)CCC(NC(=O)[C@H](N)CCC(=O)O)CC1,0,5551
4477.0,O=C(Nc1ccc([N+](=O)[O-])cc1Cl)c1cc(Cl)ccc1O,1,5552
610682.0,c1ccc2cc(CC3=NCCN3)ccc2c1,0,5554
1678.0,O=C(O)CC[N+](=O)[O-],0,5555
164441.0,COC(=O)[C@H](N)CCCN=C(N)N[N+](=O)[O-],0,5556
688100.0,COc1cc([C@@H](O)CN)ccc1O,0,5557
6603948.0,COC(=O)C1=C(C)NC(C)=C(C(=O)OCCN(C)Cc2ccccc2)[C@@H]1c1cccc([N+](=O)[O-])c1,1,5558
6321250.0,C=CCN1CC[C@]23c4c5ccc(O)c4O[C@@H]2C(=O)CC[C@@]3(O)[C@H]1C5,0,5559
4549642.0,CCCCN1CCC(n2c(=O)[nH]c3ccccc32)CC1,0,5560
1871.0,O=Nc1ccc2oc(=O)ccc2c1,1,5561
6603949.0,O=C1OC(=O)[C@H]2[C@H]3CC[C@H](O3)[C@H]12,0,5563
5282759.0,CCCCCCC/C=C\CCCCCCCCC(=O)O,0,5564
5282106.0,CCCCCCCC/C=C\CCCCCCCC(=O)NCCc1ccc(O)c(O)c1,1,5565
6603953.0,Nc1nc(Nc2ccccc2)nc2c1ncn2[C@@H]1O[C@@H](CO)[C@H](O)[C@@H]1O,0,5569
6603956.0,OC[C@@H]1O[C@@H](n2cnc3c(Nc4ccccc4)ncnc32)[C@@H](O)[C@H]1O,0,5570
5311346.0,CCCN1CCO[C@@H]2c3cc(O)ccc3OC[C@H]21,0,5571
6603961.0,N[C@H](Cc1cccc(-c2ccccc2CP(=O)(O)O)c1)C(=O)O,0,5572
64392.0,C1CCC(N=C(NC23CC4CC(CC(C4)C2)C3)N2CCOCC2)CC1.Cl,0,5573
1922.0,Cn1c(=O)c2[nH]c(-c3ccccc3)nc2n(C)c1=O,0,5577
4748.0,OCCN1CCN(CCCN2c3ccccc3Sc3ccc(Cl)cc32)CC1,0,5579
2724160.0,C=C(C)[C@@H]1CC=C(C(=O)O)CC1,0,5580
6603971.0,CCCCCCCCCC(=O)N[C@@H](CN1CCOCC1)[C@@H](O)c1ccccc1,1,5581
1045.0,NCCCCN,0,5582
24352.0,CCC(=O)c1ccc2c(c1)N(CCCN(C)C)c1ccccc1S2,0,5583
4688.0,C#CCN(C)Cc1ccccc1,0,5585
6603973.0,CCCCCCCCCCCCCC(=O)O[C@H]1[C@@H](C)[C@@]2(O)[C@@H](C=C(CO)C[C@]3(O)C(=O)C(C)=C[C@@H]23)[C@H]2C(C)(C)[C@@]12OC(C)=O,1,5586
1331.0,N=C(N)SCCc1cccc(CCSC(=N)N)c1,0,5587
4971.0,C=Cc1c(C)c2cc3[nH]c(cc4nc(cc5nc(cc1[nH]2)C(C)=C5CCC(=O)O)C(CCC(=O)O)=C4C)c(C)c3C=C,0,5588
4814.0,COc1ccc(C(=O)NCc2cccnc2)cc1C(=O)NCc1cccnc1,1,5589
158614.0,O=C(O)[C@@H]1CCCN[C@H]1C(=O)O,0,5590
1853.0,O=c1[nH]c2ccccc2c2ccccc12,0,5591
4938.0,CCCn1cnc2c1c(=O)n(CCCCC(C)=O)c(=O)n2C,0,5593
4991.0,CN(C)C(=O)Oc1ccc[n+](C)c1,0,5594
6603977.0,O=c1ccc2c(OCCCCc3ccccc3)c3ccoc3cc2o1,1,5595
57242.0,CCCN1CCC[C@@H]2Cc3nc(N)ncc3C[C@H]21,0,5596
3032576.0,C=C[C@H]1CN2CC[C@@H]1C[C@@H]2[C@@H](O)c1ccnc2ccc(OC)cc12,0,5597
92766.0,COC(=O)[C@@H]1[C@@H](O)CC[C@H]2CN3CCc4c([nH]c5ccccc45)[C@@H]3C[C@H]12,0,5598
3495594.0,O=C(c1cc(O)c(O)c([N+](=O)[O-])c1)c1ccccc1F,1,5599
5312145.0,CNc1cc(NS(=O)(=O)c2ccc(N)cc2)nc(NC)n1,1,5600
6603983.0,CC1=C(/C=C\C(C)=C\C=C/C(C)=C/C(=O)O)C(C)(C)CCC1,0,5601
6603985.0,CCCCC[C@H](O)c1cccc(OCc2ccc3ccccc3n2)c1,1,5602
6603989.0,CC[C@@H](CO)Nc1nc(NCc2ccccc2)c2ncn(C(C)C)c2n1,1,5603
6560181.0,C=C(C)[C@H]1Cc2c(ccc3c2O[C@H]2COc4cc(OC)c(OC)cc4[C@@H]2C3=O)O1,1,5604
6603990.0,NC(=O)c1ccc(OC[C@H](O)CN2CC=C(c3ccc(F)cc3)CC2)cc1,0,5605
1342.0,c1ccc2c(N3CCNCC3)cccc2c1,0,5606
6603995.0,Nc1ncnc2c1ncn2[C@@H]1CCCO1,0,5609
3378093.0,Cc1nc(-c2ccc(-c3ccc(C(=O)N4CCc5cc6c(cc54)C4(CCN(C)CC4)CO6)cc3)c(C)c2)no1,0,5610
6603999.0,Cc1cc2c(cc1Cl)N(C(=O)Nc1ccnc3ccccc13)CC2,1,5612
3086457.0,CC(C)[C@@H]1NC(=O)[C@H](CCCCN)NC(=O)[C@H](Cc2c[nH]c3ccccc23)NC(=O)[C@H](Cc2ccc(O)cc2)NC(=O)[C@H](C)N(C)C(=O)[C@H](Cc2ccccc2)NC1=O,1,5613
6604000.0,COc1ccccc1N1CCN(CCCCNS(=O)(=O)c2cccc3c(N(C)C)cccc23)CC1,1,5614
123981.0,CN1CCc2cccc(Cl)c2CC1,0,5615
5196.0,NNC(N)=O,0,5617
3006797.0,CCCCCCCCCCCCCCCCCC(=O)O[C@H](CC(=O)O)C[N+](C)(C)C,0,5618
6604004.0,CN1CCc2cc(O)c(O)cc2[C@H](c2ccccc2)C1,0,5619
682802.0,CN=c1nc(-c2ccccc2)n(-c2ccccc2)s1,1,5621
5154.0,C[n+]1cc2c3c(ccc2c2ccc4cc5c(cc4c21)OCO5)OCO3,1,5623
194156.0,O=C(O)CCC(=O)N1CCC[C@H]1C(=O)O,0,5624
4564402.0,COc1ccc(CCCOc2cc(CCn3ccnc3)ccc2OC)cc1,1,5626
6604011.0,CCCC[N+]1(C)[C@H]2CC(OC(=O)[C@@H](CO)c3ccccc3)C[C@@H]1[C@@H]1O[C@@H]12,0,5627
1548887.0,CC1=C(CC(=O)O)c2cc(F)ccc2/C1=C\c1ccc(S(C)=O)cc1,0,5628
5314.0,C[N+](C)(C)CCOC(=O)CCC(=O)OCC[N+](C)(C)C,0,5629
5312137.0,CN(C)S(=O)(=O)c1ccc2c(c1)/C(=C/c1cc3c([nH]1)CCCC3)C(=O)N2,1,5631
6604018.0,C[N+]1(C)[C@H]2CC[C@@H]1CC(OC(=O)c1c[nH]c3ccccc13)C2,1,5632
6305.0,N[C@@H](Cc1c[nH]c2ccccc12)C(=O)O,0,5634
5382.0,Clc1cnc(Oc2ccc(Oc3ncc(Cl)cc3Cl)cc2)c(Cl)c1,0,5637
6604022.0,C[C@@H]1C(=O)N(C)C(=O)c2nc[nH]c21,0,5639
114924.0,CCCCCCCCCCCCCCSCC(=O)O,0,5640
135419190.0,CC(C)(C)c1cc(/C=C(\C#N)C(N)=S)cc(C(C)(C)C)c1O,1,5641
5413.0,CC[N+](CC)(CC)CC,0,5642
5610.0,NCCc1ccc(O)cc1,0,5644
716126.0,c1ccc2c(c1)CCC[C@H]2C1=NCCN1,0,5646
135481025.0,C[C@H](O)[C@H](O)[C@@H]1CNc2nc(N)[nH]c(=O)c2N1,0,5648
5429.0,Cn1cnc2c1c(=O)[nH]c(=O)n2C,0,5649
443758.0,O=C1c2c(O)cc(O)cc2O[C@@H](c2ccc(O)c(O)c2)[C@H]1O,1,5650
5329255.0,N#C/C(=C\c1ccc(O)c(O)c1)C(=O)NCCCNC(=O)/C(C#N)=C/c1ccc(O)c(O)c1,1,5652
5328773.0,N#C/C(=C\c1ccc(O)c(O)c1)C(=O)NCCc1ccccc1,1,5653
5329275.0,N#C/C(=C\c1c[nH]c2ccccc12)C(=O)c1ccc(O)c(O)c1,1,5654
445125.0,O=C(O)CCCC[C@H]1CCSS1,0,5655
688591.0,CC(C)(C)NC[C@H](O)c1ccccc1Cl,0,5656
2063.0,COc1ccc(C=C(C#N)C#N)cc1,1,5657
2061.0,N#CC(C#N)=Cc1cc(O)c(O)c(O)c1,1,5658
5369.0,COC(=O)c1c(-c2cc(OC)c(OC)c(OC)c2)c2ccc(OCc3ccccn3)cc2c(=O)n1-c1ccc(N)cc1,1,5660
5328760.0,N#C/C(=C\c1ccc(O)c(O)c1)C(=O)c1ccc(O)c(O)c1,1,5661
6604031.0,C/C=C(\C)C(=O)O[C@@H]1C(C)=C2[C@@H]3OC(=O)[C@](C)(O)[C@@]3(O)[C@H](OC(=O)CCC)C[C@](C)(OC(C)=O)[C@H]2[C@@H]1OC(=O)CCCCCCC,1,5662
6604032.0,C[C@H](CCC(=O)NCCS(=O)(=O)[O-])[C@@H]1CC[C@H]2[C@H]3[C@@H](O)C[C@H]4C[C@@H](O)CC[C@]4(C)[C@@H]3C[C@@H](O)[C@@]21C.[Na+],0,5663
5640.0,COc1ccccc1N1CCN(CCCNc2c(C)c(=O)n(C)c(=O)n2C)CC1,1,5665
6604038.0,C[C@@]12C=CC(=O)C=C1CC[C@@H]1C2=CC[C@@]2(C)[C@H](C(=O)CN3CCN(c4cc(N5CCCC5)nc(N5CCCC5)n4)CC3)CC[C@H]12,1,5666
6604039.0,Cc1c(C)c2c(c(C)c1O)CC[C@@](C)(CN1CCN(c3cc(N4CCCC4)nc(N4CCCC4)n3)CC1)O2,1,5667
6604040.0,COc1ccc2c(c1)CC[C@@H]1[C@@H]3CC[C@@H](NCCCCCCN4C(=O)C=CC4=O)[C@@]3(C)CC[C@@H]21,0,5668
659840.0,O[C@@H]1CCCC[C@H]1N1CCC(c2ccccc2)CC1,0,5669
6604044.0,CC[C@]1(O)C[C@H]2CN(CCc3c([nH]c4ccccc34)[C@](C(=O)OC)(c3cc4c(cc3OC)N(C=O)[C@H]3[C@@](O)(C(=O)OC)[C@H](OC(C)=O)[C@@]5(CC)C=CCN6CC[C@]43[C@H]65)C2)C1,1,5670
2998.0,CCCCCCCCC(=O)NCc1ccc(O)c(OC)c1,1,5671
6604046.0,N[C@H](Cn1ccc(=O)[nH]c1=O)C(=O)O,0,5672
5684.0,COc1ccccc1N1CCN(CCN(C(=O)C2CCCCC2)c2ccccn2)CC1,1,5673
5707.0,Cc1cccc(C)c1NC1=NCCCS1,0,5675
5712.0,OCc1ccc(-c2nn(Cc3ccccc3)c3ccccc23)o1,1,5676
6100.0,CC[N+](C)(C)Cc1ccccc1Br.Cc1ccc(S(=O)(=O)[O-])cc1,0,5680
6604064.0,Nc1nc(Cl)nc2c1ncn2[C@@H]1O[C@@H](COP(=O)([O-])OP(=O)([O-])OP(=O)([O-])[O-])[C@@H](O)[C@H]1O.[Na+].[Na+].[Na+].[Na+],0,5681
6604068.0,C[N+](C)(C)COP(=O)([O-])OP(=O)([O-])OC[C@@H]1O[C@@H](n2ccc(N)nc2=O)[C@@H](O)[C@H]1O.[Na+],0,5682
6604072.0,CC(=O)OCC1=C(C(=O)[O-])N2C(=O)[C@@H](NC(=O)CCC[C@@H](N)C(=O)[O-])[C@@H]2SC1.[Zn+2],0,5684
23684973.0,Nc1ncnc2c1nc(Sc1ccc(Cl)cc1)n2[C@@H]1O[C@H]2COP(=O)([O-])O[C@@H]2[C@H]1O.[Na+],0,5685
9604975.0,CO/N=C(\C(=O)N[C@@H]1C(=O)N2C(C(=O)[O-])=C(CSc3nc(=O)c([O-])nn3C)CS[C@@H]12)c1csc(N)n1.[Na+].[Na+],0,5687
5311049.0,C[C@@H](Cc1ccc2c(c1)OC(C(=O)[O-])(C(=O)[O-])O2)NC[C@H](O)c1cccc(Cl)c1.[Na+].[Na+],0,5688
43834282.0,NC(N)=[N+]1CCc2ccccc2C1.NC(N)=[N+]1CCc2ccccc2C1.O=S(=O)([O-])[O-],0,5691
31195.0,O=P([O-])(O)C(Cl)(Cl)P(=O)([O-])O.[Na+].[Na+],0,5693
23679632.0,O=C1NC([O-])=NC1(c1ccccc1)c1ccccc1.[Na+],0,5694
23684978.0,C[C@@]12CC[C@@H](OS(=O)(=O)[O-])CC1=CC[C@@H]1[C@@H]2CC[C@@]2(C)C(=O)CC[C@H]12.[Na+],0,5695
135349.0,CN(C(=O)Cc1ccc(Cl)c(Cl)c1)[C@@H]1CCCC[C@H]1N1CCCC1.CS(=O)(=O)O,1,5696
6604101.0,COc1cc2nc(N3CCN(C(=O)[C@H]4COc5ccccc5O4)CC3)nc(N)c2cc1OC.CS(=O)(=O)O,1,5697
6604103.0,CNC[C@H](O)c1ccc(O)c(O)c1.O=C(O)[C@@H](O)[C@@H](O)C(=O)O,0,5698
23684980.0,CCCCC[C@H](O)CCCC(=O)[O-].[Na+],0,5700
23684981.0,C[C@@]12CCC(=O)C=C1CC[C@@H]1[C@@H]2[C@H](O)C[C@]2(C)[C@@H]1CC[C@]2(O)C(=O)COC(=O)CCC(=O)[O-].[Na+],0,5701
23684982.0,COc1cc([C@@H](O)CO)ccc1OS(=O)(=O)[O-].[K+],0,5702
6604118.0,CC[C@H](NC(C)C)[C@H](O)c1ccc(O)c(O)c1.CS(=O)(=O)O,1,5703
23704140.0,Cc1cc(C)c(NC(=O)C[C@H](CC(=O)[O-])c2cccc3ccccc23)c(C(=O)N2CCC3(CCCC3)CC2)c1.[Na+],1,5704
71399.0,CN1CCN(C2=Nc3ccccc3Oc3ccc(Cl)cc32)CC1.O=C(O)CCC(=O)O,0,5705
23684984.0,CCCCCN(CCCCC)C(=O)[C@H](CCC(=O)[O-])NC(=O)c1ccc(Cl)c(Cl)c1.[Na+],1,5706
6604125.0,C=CCN1CC[C@@]23CCCC[C@@H]2[C@@H]1Cc1ccc(O)cc13.O=C(O)[C@@H](O)[C@@H](O)C(=O)O,0,5707
4519262.0,CC(C)c1ccc2c(c1)c(SC(C)(C)C)c(CC(C)(C)C(=O)[O-])n2Cc1ccc(Cl)cc1.[Na+],1,5709
6098006.0,NS(=O)(=O)c1cccc2c1c([N+](=O)[O-])cc1nc([O-])c([O-])nc12.[Na+].[Na+],0,5711
23684986.0,O=C([O-])/C=C\[C@H](O)c1ccc(Cl)cc1.[Na+],0,5712
23684987.0,O=C([O-])C[C@@H]1CCCc2ccccc2[C@H]1O.[Na+],0,5713
3864541.0,CCn1cc(C(=O)[O-])c(=O)c2ccc(C)nc21.[Na+],0,5714
6604142.0,CN1CCC[C@@H]1c1cccnc1.O=C(O)[C@@H](O)[C@@H](O)C(=O)O.O=C(O)[C@@H](O)[C@@H](O)C(=O)O,0,5715
6604143.0,NC(=O)C1=CN([C@@H]2O[C@@H](COP(=O)([O-])OP(=O)([O-])OC[C@@H]3O[C@H](n4cnc5c(N)ncnc54)[C@@H](OP(=O)([O-])[O-])[C@@H]3O)[C@H](O)[C@@H]2O)C=CC1.[Na+].[Na+].[Na+].[Na+],0,5716
6604145.0,CN1CCC[C@@H]1c1cccnc1.Cc1ccc(C(=O)O[C@@H](C(=O)O)[C@@H](OC(=O)c2ccc(C)cc2)C(=O)O)cc1,0,5717
5242.0,NC(=O)C(=O)[O-].[Na+],0,5718
135484645.0,Cc1nc(N=Nc2ccc(S(=O)(=O)[O-])cc2S(=O)(=O)[O-])c(COP(=O)([O-])[O-])c(C=O)c1O.[Na+].[Na+].[Na+].[Na+],0,5719
6604151.0,N=C(N)c1ccc(OCCCCCOc2ccc(C(=N)N)cc2)cc1.O=S([O-])OCCO.O=S([O-])OCCO,0,5721
6604153.0,C=C(C)[C@@H]1[C@@H]2C(=O)O[C@H]1[C@H]1OC(=O)[C@@]34O[C@@H]3C[C@]2(O)[C@@]14C.CC(C)(O)[C@@H]1[C@@H]2C(=O)O[C@H]1[C@H]1OC(=O)[C@@]34O[C@@H]3C[C@]2(O)[C@@]14C,1,5722
6604157.0,C[C@@H]1O[C@H]1P(=O)([O-])[O-].[Na+].[Na+],0,5723
6604159.0,CCCN1C[C@@H](CSC)C[C@H]2c3cccc4[nH]cc(c34)C[C@@H]21.CS(=O)(=O)O,1,5724
6604163.0,CC(C)C[C@H](NP(=O)([O-])O[C@@H]1O[C@@H](C)[C@@H](O)[C@@H](O)[C@H]1O)C(=O)N[C@@H](Cc1c[nH]c2ccccc12)C(=O)[O-].[Na+].[Na+],0,5725
6604166.0,C[N+]1(C)[C@H]2CC(OC(=O)[C@@H](CO)c3ccccc3)C[C@@H]1[C@@H]1O[C@@H]12.O=[N+]([O-])[O-],0,5726
6604167.0,NC(=S)c1ccc[n+]([C@@H]2O[C@@H](COP(=O)([O-])OP(=O)(O)OC[C@@H]3O[C@@H](n4cnc5c(N)ncnc54)[C@@H](OP(=O)([O-])O)[C@H]3O)[C@@H](O)[C@H]2O)c1.[Na+],1,5727
6604867.0,S=C([S-])O[C@@H]1C[C@@H]2C[C@H]1[C@@H]1CCC[C@H]21.[K+],1,5728
2733525.0,CC/C(=C(\c1ccccc1)c1ccc(OCCN(C)C)cc1)c1ccccc1.O=C(O)CC(O)(CC(=O)O)C(=O)O,1,5729
6604171.0,CN(C(=O)Cc1ccc(Cl)c(Cl)c1)[C@@H]1CC[C@@]2(CCCO2)C[C@H]1N1CCCC1.CS(=O)(=O)O,1,5730
6604176.0,CS(=O)(=O)O.Cc1c(C(=O)c2cccc3ccccc23)c2cccc3c2n1[C@H](CN1CCOCC1)CO3,1,5732
119127.0,CC[C@]1(c2ccccc2)NC(=O)N(C)C1=O,0,5733
6604177.0,C=C1CC[C@H](O)C/C1=C/C=C1\CCC[C@@]2(C)[C@H]([C@@H](C)/C=C\[C@@H](C)C(C)C)CC[C@@H]12,0,5734
6603769.0,C[C@@]12CCC(=O)C=C1CC[C@@H]1[C@@H]2[C@H](O)C[C@@]2(C)[C@H](C(=O)CO)CC[C@H]12,0,5735
6603869.0,C[C@@]12CCC(=O)C=C1CC[C@@H]1[C@@H]2[C@H](O)C[C@]2(C)[C@@H]1CC[C@]2(O)C(=O)CO,0,5736
11972590.0,C[C@@]12C=CC(=O)C=C1CC[C@@H]1[C@@H]2[C@H](O)C[C@]2(C)[C@@H]1CC[C@]2(O)C(=O)CO,0,5737
6604179.0,C[C@@]12CC[C@@H]3c4ccc(O)cc4CC[C@H]3[C@H]1C[C@@H](O)[C@H]2O,0,5738
4934.0,CC(C)[N+](C)(CCOC(=O)C1c2ccccc2Oc2ccccc21)C(C)C,0,5740
2031.0,CCN(CC)CCOC(=O)C(c1ccccc1)c1ccccc1,0,5741
1149778.0,O=C1O[C@@H]([C@@H](O)CO)[C@@H](O)[C@H]1O,0,5742
135484646.0,C[n+]1ccccc1/C=N\O,0,5743
8730.0,N[C@H](Cc1cc(I)c(Oc2cc(I)c(O)c(I)c2)c(I)c1)C(=O)O,0,5745
657298.0,CCCc1cc(=O)[nH]c(=S)[nH]1,0,5746
6604183.0,COP(=O)(OC)[C@@H](O)C(Cl)(Cl)Cl,0,5748
6604185.0,C[C@@]12C=CC(=O)C=C1CC[C@@H]1[C@@H]2C(=O)C[C@]2(C)[C@@H]1CC[C@]2(O)C(=O)CO,0,5749
6603771.0,C[C@@]12CCC(=O)C=C1CC[C@@H]1[C@@H]2C(=O)C[C@]2(C)[C@@H]1CC[C@]2(O)C(=O)CO,0,5750
4097.0,CC[N+](C)(CC)CCOC(=O)C1c2ccccc2Oc2ccccc21,0,5752
3440.0,NS(=O)(=O)c1cc(C(=O)O)c(NCc2ccco2)cc1Cl,0,5753
4174.0,CC(C)(C(=O)c1cccnc1)c1cccnc1,1,5754
6604188.0,O=c1[nH]c(=O)n([C@@H]2C[C@H](O)[C@H](CO)O2)cc1I,0,5755
3767.0,NNC(=O)c1ccncc1,1,5756
21014128.0,CN1[C@H]2CC(OC(=O)[C@@H](CO)c3ccccc3)C[C@H]1[C@H]1O[C@@H]21,0,5757
9552079.0,NC(=NCCCCCCN=C(N)/N=C(\N)Nc1ccc(Cl)cc1)/N=C(\N)Nc1ccc(Cl)cc1,0,5758
5944.0,C[C@]12C(=O)OC(=O)[C@@]1(C)[C@@H]1CC[C@H]2O1,0,5759
688057.0,CC/C(=C(\CC)c1ccc(O)cc1)c1ccc(O)cc1,1,5760
92099.0,O=C(N[C@@H](CO)[C@@H](O)c1ccc([N+](=O)[O-])cc1)C(Cl)Cl,0,5761
6604189.0,CN(CCCCCCCCCCN(C)C(=O)Oc1ccccc1[N+](C)(C)C)C(=O)Oc1ccccc1[N+](C)(C)C,0,5762
4911.0,CCCN(CCC)S(=O)(=O)c1ccc(C(=O)O)cc1,0,5763
5324.0,NC(N)=NS(=O)(=O)c1ccc(N)cc1,0,5764
6009.0,Cc1c(N(C)C)c(=O)n(-c2ccccc2)n1C,0,5765
4055.0,CC1=CC(=O)c2ccccc2C1=O,0,5766
3278.0,C=C(CC)C(=O)c1ccc(OCC(=O)O)c(Cl)c1Cl,0,5767
6604191.0,COc1ccc(C[C@H](N)C(=O)N[C@H]2[C@@H](CO)O[C@@H](n3cnc4c(N(C)C)ncnc43)[C@H]2O)cc1,1,5769
72440.0,CN(Cc1cnc2nc(N)nc(N)c2n1)c1ccc(C(=O)N[C@H](CCC(=O)O)C(=O)O)cc1,0,5771
6604193.0,Cc1ccccc1OC[C@H](O)CO,0,5773
3759.0,Cc1cc(C(=O)NNCc2ccccc2)no1,0,5774
5504.0,c1ccc(CC2=NCCN2)cc1,0,5776
3518.0,NC(N)=NCCN1CCCCCCC1,0,5777
1349907.0,Cn1cc[nH]c1=S,0,5778
6604194.0,Nc1ncnc2c1ncn2[C@@H]1O[C@H]2COP(=O)(O)O[C@@H]2[C@@H]1O,0,5780
2148.0,Nc1ccc(C(=O)NCC(=O)O)cc1,0,5781
6103.0,Nc1nc2cc(Cl)ccc2o1,0,5782
4754.0,CCOc1ccc(NC(C)=O)cc1,0,5783
5333.0,Nc1ccc(S(N)(=O)=O)cc1,0,5785
2310.0,CCC1(C)CC(=O)NC(=O)C1,0,5786
54686778.0,CN(C)[C@@H]1C(=O)C(C(N)=O)=C(O)[C@]2(O)C(=O)C3=C(O)c4c(O)ccc(Cl)c4[C@](C)(O)[C@H]3C[C@@H]12,0,5787
54686779.0,CN(C)[C@H]1C(=O)C(C(N)=O)=C(O)[C@]2(O)C(=O)C3=C(O)c4c(O)cccc4[C@@](C)(O)[C@H]3C[C@@H]12,0,5788
5353830.0,O=C1CN(/N=C\c2ccc([N+](=O)[O-])o2)C(=O)N1,0,5792
5353636.0,O=C1OCCN1/N=C\c1ccc([N+](=O)[O-])o1,0,5793
6604201.0,C=C1CC[C@H](O)C/C1=C/C=C1\CCC[C@@]2(C)[C@H]([C@@H](C)CCCC(C)C)CC[C@@H]12,0,5794
6604202.0,C/C1=C2/N=C(/C=C3\N=C(/C(C)=C4\[N-][C@@](C)([C@H]5N=C1[C@@](C)(CCC(=O)NC[C@H](C)OP(=O)([O-])O[C@@H]1[C@H](O)[C@H](n6cnc7cc(C)c(C)cc76)O[C@@H]1CO)[C@@H]5CC(N)=O)[C@](C)(CC(N)=O)[C@H]4CCC(N)=O)[C@@](C)(CC(N)=O)[C@@H]3CCC(N)=O)C(C)(C)[C@@H]2CCC(N)=O.[C-]#N.[Co+3],0,5795
490036.0,O=c1[nH]c(=O)n([C@@H]2C[C@H](O)[C@H](CO)O2)cc1C(F)(F)F,0,5798
3775.0,CC(C)[N+](C)(CCC(C(N)=O)(c1ccccc1)c1ccccc1)C(C)C,0,5799
6604207.0,CC[C@H]1NC(=O)c2cc(S(N)(=O)=O)c(Cl)cc2N1,0,5801
688520.0,C[N+]1(C)CCC[C@@H](OC(=O)C(O)(c2ccccc2)c2ccccc2)C1,0,5802
4994.0,CCC1(CC)C(=O)C=CNC1=O,0,5803
6604208.0,C=C1C[C@@]23C[C@]1(O)CC[C@@H]2[C@]12C=C[C@@H](O)[C@](C)(C(=O)O1)[C@H]2[C@H]3C(=O)O,0,5804
688424.0,NS(=O)(=O)c1cc([C@@]2(O)NC(=O)c3ccccc32)ccc1Cl,0,5805
6604209.0,C[C@@H]1CC[C@@]2(C(=O)O)CC[C@]3(C)C(=CC[C@@H]4[C@]3(C)CC[C@H]3C(C)(C)[C@H](O)CC[C@]43C)[C@H]2[C@@H]1C,0,5806
6603791.0,CCC[C@@](C)(COC(N)=O)COC(=O)NC(C)C,0,5808
5330.0,COc1ccc(NS(=O)(=O)c2ccc(N)cc2)nn1,0,5810
6604211.0,CN1C(=O)CCS(=O)(=O)[C@@H]1c1ccc(Cl)cc1,0,5811
5748487.0,CC(C)(CO)[C@H](O)C(=O)NCCCO,0,5812
3828.0,COc1c2occc2c(OC)c2c(=O)cc(C)oc12,1,5813
6604213.0,CC[C@H](CC[C@H](C)[C@@H]1CC[C@@H]2[C@H]3CC=C4C[C@@H](O)CC[C@]4(C)[C@H]3CC[C@@]12C)C(C)C,0,5816
192197.0,CC[C@H](c1ccc(O)cc1)[C@@H](CC)c1ccc(O)cc1,1,5818
6604214.0,CCOC(=O)Oc1c(OC)cc(C(=O)O[C@H]2C[C@H]3CN4CCc5c([nH]c6cc(OC)ccc56)[C@@H]4C[C@H]3[C@@H](C(=O)OC)[C@@H]2OC)cc1OC,0,5819
3025.0,CCCCOc1cc(C(=O)NCCN(CC)CC)c2ccccc2n1,0,5820
6604215.0,CN1C(=O)C[C@H](c2ccccc2)C1=O,0,5821
345824.0,COc1ccc2nccc(C(=O)O)c2c1,0,5823
6604217.0,O=[N+]([O-])O[C@H]1CO[C@H]2[C@@H](O[N+](=O)[O-])CO[C@H]12,0,5824
5280567.0,Cc1cc(=O)oc2cc(O)ccc12,0,5825
92759.0,C1CCN2C[C@@H]3C[C@@H](CN4CCCC[C@H]34)[C@H]2C1,0,5826
2343.0,NS(=O)(=O)c1cc2c(cc1Cl)NC(CSCc1ccccc1)=NS2(=O)=O,1,5827
5280460.0,COc1cc2ccc(=O)oc2cc1O,0,5828
854067.0,CNC[C@H](O)c1ccc(O)cc1,0,5830
7184.0,CCCCOC(=O)c1ccc(O)cc1,0,5831
1548912.0,O=C(/C=C\C=C/c1ccc2c(c1)OCO2)N1CCCCC1,1,5832
6604219.0,O=C(O)[C@@H](O)[C@@H](O)[C@@H](O[C@H]1O[C@@H](CO)[C@@H](O)[C@@H](O)[C@@H]1O)[C@@H](O)CO,0,5833
6604220.0,CC[C@H](Cc1c(I)cc(I)c(N)c1I)C(=O)O,0,5834
7638.0,Oc1ccc(OCc2ccccc2)cc1,0,5836
933785.0,CC[C@H](CO)NC(=O)[C@H]1C=C2c3cccc4[nH]cc(c34)C[C@@H]2N(C)C1,0,5837
5315.0,O=C(O)CCC(=O)Nc1ccc(S(=O)(=O)Nc2nccs2)cc1,0,5839
6604222.0,C[C@@H]1C[C@H](OC(=O)c2ccccc2O)CC(C)(C)C1,0,5840
3038.0,NS(=O)(=O)c1cc(Cl)c(Cl)c(S(N)(=O)=O)c1,0,5842
5104.0,O=[N+]([O-])c1cc([As](=O)(O)O)ccc1O,0,5843
2335.0,CC(C)(C)CC(C)(C)c1ccc(OCCOCC[N+](C)(C)Cc2ccccc2)cc1,0,5844
8480.0,NC(=O)Nc1ccc([As](=O)(O)O)cc1,0,5845
5323.0,COc1cc(NS(=O)(=O)c2ccc(N)cc2)nc(OC)n1,0,5846
6604223.0,C[C@]12C=CC(=O)C=C1CC[C@@H]1[C@H]3C[C@@H](O)[C@](O)(C(=O)CO)[C@@]3(C)C[C@H](O)[C@]12F,0,5847
6604226.0,C[C@H]1CC[C@@]2(NC1)O[C@@H]1C[C@H]3[C@@H]4CC=C5C[C@@H](O)CC[C@]5(C)[C@@H]4CC[C@]3(C)[C@@H]1[C@@H]2C,0,5849
5576.0,CN1C(=O)OC(C)(C)C1=O,0,5850
6604227.0,C[C@H](CCC(=O)O)[C@H]1CC[C@@H]2[C@@H]3[C@@H](O)C[C@H]4C[C@@H](O)CC[C@@]4(C)[C@@H]3CC[C@]12C,0,5852
6604228.0,C[C@H](CCC(=O)O)[C@H]1CC[C@@H]2[C@@H]3[C@@H](O)C[C@H]4C[C@@H](O)CC[C@@]4(C)[C@H]3CC[C@]12C,0,5853
688564.0,CCN1CCC[C@@H](OC(=O)C(c2ccccc2)c2ccccc2)C1,1,5854
6604030.0,CSc1ccc2c(c1)N(CC[C@H]1CCCCN1C)c1ccccc1S2,0,5856
8569.0,COc1ccc(C(=O)c2ccccc2O)c(O)c1,0,5857
4632.0,COc1ccc(C(=O)c2ccccc2)c(O)c1,0,5858
667440.0,CN(C)CC[C@@H](c1ccccc1)c1ccccn1,0,5860
12555.0,CN(C)CCCOc1nn(Cc2ccccc2)c2ccccc12,0,5861
6604229.0,NS(=O)(=O)c1cc2c(cc1Cl)N[C@@H](C(Cl)Cl)NS2(=O)=O,0,5862
3647.0,NS(=O)(=O)c1cc2c(cc1C(F)(F)F)NCNS2(=O)=O,0,5864
4756.0,Nc1ccc(N=Nc2ccccc2)c(N)n1,1,5865
6604230.0,CCCC[C@H](CC)CN1CN(C[C@@H](CC)CCCC)CC(C)(N)C1,0,5867
11972592.0,CC[C@H](C)C(=O)O[C@@H]1[C@H](O)[C@@H]2[C@H](CN3C[C@@H](C)CC[C@@H]3[C@@]2(C)O)[C@@H]2C[C@@]34O[C@@]5(O)[C@@H](OC(=O)[C@](C)(O)CC)CC[C@@]3(C)[C@H]5[C@H](OC(C)=O)[C@@H](OC(C)=O)[C@H]4[C@@]21O,0,5868
6604232.0,C[C@@]12CC[C@@H]3[C@H](CC[C@H]4C[C@@H](O)CC[C@]43C)[C@@]1(O)CC[C@@H]2C1=CC(=O)OC1,1,5869
5328.0,Cc1nnc(NS(=O)(=O)c2ccc(N)cc2)s1,0,5870
6604233.0,CC(=O)[C@H]1CC[C@@H]2[C@H]3CC=C4C[C@@H](O)CC[C@]4(C)[C@H]3CC[C@]12C,0,5872
441457.0,C[C@H](N)[C@@H](O)c1ccccc1,0,5876
5534.0,C(#CCN1CCCC1)CN1CCCC1,0,5878
11972593.0,CCN1C[C@]2(COC)[C@@H](O)C[C@@H](OC)[C@]34[C@H]5C[C@]6(O)[C@@H](OC)[C@@H](O)[C@](OC(C)=O)([C@H]5[C@@H]6OC(=O)c5ccccc5)[C@@H]([C@H](OC)[C@H]23)[C@@H]14,0,5879
232736.0,CO[C@@H](C)[C@](O)(C(=O)OCC1=CCN2CC[C@@H](O)[C@H]12)C(C)C,0,5881
3503.0,Cc1cc2c(C(C)C)c(O)c(O)c(C=O)c2c(O)c1-c1c(C)cc2c(C(C)C)c(O)c(O)c(C=O)c2c1O,0,5882
6604237.0,C[N+]1(C)CCO[C@](O)(c2ccc(-c3ccc([C@]4(O)C[N+](C)(C)CCO4)cc3)cc2)C1,0,5883
9458.0,CC(=O)Oc1cc(C(F)(F)F)ccc1C(=O)O,0,5887
6604240.0,O=C(/C=C\c1ccc(O)c(O)c1)O[C@@H]1C[C@](O)(C(=O)O)C[C@@H](O)[C@@H]1O,0,5888
6604242.0,CC(=O)OCC(=O)[C@@]12OC(C)(C)O[C@@H]1C[C@H]1[C@H]3C[C@H](F)C4=CC(=O)C=C[C@@]4(C)[C@]3(F)[C@H](O)C[C@@]12C,0,5890
4915.0,CNNCc1ccc(C(=O)NC(C)C)cc1,0,5891
6604244.0,C[C@@]12CCC(=O)C=C1CC[C@@H]1[C@@H]2C(=O)C[C@@]2(C)C(=O)CC[C@H]12,0,5892
6604246.0,C#C[C@@]1(O)CC[C@@H]2[C@@H]3CCC4=CC(=O)CC[C@@]4(C)[C@H]3CC[C@]21C,0,5893
6604247.0,C[C@H](CCC(=O)O)[C@H]1CC[C@@H]2[C@H]3CC[C@H]4C[C@@H](O)CC[C@@]4(C)[C@H]3CC[C@]21C,0,5894
4173.0,Cc1ncc([N+](=O)[O-])n1CCO,0,5895
6604248.0,C[C@@H]1O[C@H](O[C@@H]2C=C3CC[C@H]4[C@@H](CC[C@]5(C)[C@@H](c6ccc(=O)oc6)CC[C@]45O)[C@@]3(C)CC2)[C@@H](O)[C@H](O)[C@@H]1O,0,5896
6604251.0,C=C(C)[C@H]1CC[C@]2(CO)CC[C@]3(C)[C@@H](CC[C@@H]4[C@]3(C)CC[C@H]3C(C)(C)[C@H](O)CC[C@]43C)[C@H]12,0,5899
6604252.0,C[C@]12CC[C@@H]3C(=CCc4cc(O)ccc43)[C@@H]1CCC2=O,1,5900
6604253.0,C[C@H](CCC(=O)NCC(=O)O)[C@H]1CC[C@H]2[C@@H]3[C@@H](O)C[C@H]4C[C@@H](O)CC[C@@]4(C)[C@@H]3C[C@@H](O)[C@@]21C,0,5901
10143.0,COc1ccc2c(c1O)-c1c(OC)c(OC)cc3c1[C@H](C2)N(C)CC3,0,5902
688353.0,Cn1c(=O)c2c(ncn2C[C@@H](O)CO)n(C)c1=O,0,5903
439246.0,O=C1C[C@@H](c2ccc(O)cc2)Oc2cc(O)cc(O)c21,1,5904
5280442.0,COc1ccc(-c2cc(=O)c3c(O)cc(O)cc3o2)cc1,1,5905
6604254.0,C/C=C1\C[C@H](C)[C@@](O)(CO)C(=O)OCC2=CCN3CC[C@@H](OC1=O)[C@@H]23,0,5906
10235.0,O=c1cccc2n1C[C@@H]1CNC[C@H]2C1,0,5907
120698.0,CN1CCc2cc3c(cc2[C@@H]1[C@@H]1OC(=O)c2c1ccc1c2OCO1)OCO3,1,5908
353825.0,Cn1c(-c2ccc3c(c2)OCO3)cc(=O)c2ccccc21,1,5909
21907.0,CN1C(=O)CC[C@@H]1c1cccnc1,0,5910
1796510.0,O=C(O)[C@@H]1CCCNC1,0,5911
1257702.0,N[C@H](Cn1ccc(=O)c(O)c1)C(=O)O,0,5912
11972594.0,C=C[C@@]12CN(C)[C@@H]3[C@@H]4CO[C@H](C[C@@H]41)[C@]1(C(=O)Nc4ccccc41)[C@H]32,0,5915
11972595.0,CCN1C[C@]2(COC)CC[C@H](O)[C@]34[C@H]1[C@](O)([C@@H](OC)[C@H]23)[C@@]1(O)C[C@H](OC)[C@H]2C[C@@H]4[C@H]1[C@@H]2OC,0,5916
6604259.0,CC(C)C[C@H]1C(=O)N2CCC[C@@H]2[C@@]2(O)O[C@](NC(=O)[C@@H]3C=C4c5cccc6[nH]cc(c56)C[C@@H]4N(C)C3)(C(C)C)C(=O)N12,1,5917
6604260.0,CC(=O)OCC(=O)[C@@]1(O)CC[C@@H]2[C@H]3CCC4=CC(=O)CC[C@]4(C)[C@]3(F)[C@@H](O)C[C@@]21C,0,5918
1892.0,Cn1c(=O)c2c(ncn2CCO)n(C)c1=O,0,5920
6604263.0,COc1ccc([C@@H]2CC(=O)c3c(O)cc(O[C@H]4O[C@@H](CO[C@H]5O[C@@H](C)[C@@H](O)[C@@H](O)[C@@H]5O)[C@@H](O)[C@@H](O)[C@@H]4O)cc3O2)cc1O,0,5921
716128.0,c1ccc2c(c1)CCC[C@@H]2C1=NCCN1,0,5922
443422.0,COc1ccc2c(c1OC)CN1CCc3cc4c(cc3[C@H]1C2)OCO4,1,5923
10666.0,COc1ccn(C)c(=O)c1C#N,0,5924
10745.0,CC(=O)Oc1ccccc1C(=O)Oc1ccccc1C(=O)O,0,5926
3371.0,O=C(O)c1ccccc1Nc1cccc(C(F)(F)F)c1,0,5927
6604264.0,O=c1ccc2cc(O[C@H]3O[C@@H](CO)[C@@H](O)[C@@H](O)[C@@H]3O)c(O)cc2o1,0,5928
688483.0,COc1ccccc1OC[C@H](O)COC(N)=O,0,5929
442649.0,c1cncc(C2=NCCC2)c1,0,5930
6604266.0,C[C@@H](CNC1CCCCC1)OC(=O)c1ccccc1,0,5932
3180.0,CCCCOc1ccc(C(=O)CCN2CCCCC2)cc1,0,5935
6604267.0,C[C@@H]1C[C@H](OC(=O)[C@@H](O)c2ccccc2)CC(C)(C)N1C,0,5936
6604269.0,C[C@H](N)CCCC(C)(C)O,0,5937
6604270.0,C[C@@H]1[C@H]2CC[C@@H]3[C@@H]4CC=C5C[C@@H](N(C)C)CC[C@]5(C)[C@@H]4CC[C@]23CN1C,0,5938
6604271.0,CCN(CC)CCOC(=O)[C@@H](c1ccccc1)C1CCCCC1,1,5939
6843.0,CCCOc1cc(N)ccc1C(=O)OCCN(CC)CC,0,5940
4436.0,c1ccc2c(CC3=NCCN3)cccc2c1,0,5941
5456.0,CCCCCCCCCCCCCCCC[N+](C)(C)CCN(Cc1ccc(OC)cc1)c1ncccn1,0,5942
4100.0,CC(=O)N=c1sc(S(N)(=O)=O)nn1C,0,5943
5577.0,COc1cc(C(=O)NCc2ccc(OCCN(C)C)cc2)cc(OC)c1OC,0,5944
721860.0,C[C@@](N)(Cc1ccc(O)c(O)c1)C(=O)O,0,5945
11289.0,COc1ccc(C(Cl)=C(c2ccc(OC)cc2)c2ccc(OC)cc2)cc1,0,5946
6604272.0,C[C@@H](COc1ccccc1)N[C@@H](C)[C@H](O)c1ccc(O)cc1,0,5947
2966.0,N=C(N)N1CCc2ccccc2C1,0,5948
6604273.0,CN1CC[C@]23c4ccccc4N[C@@H]1[C@@]21CCN(C)[C@H]3Nc2ccccc21,0,5949
5339.0,O=C(O)c1cc(N=Nc2ccc(S(=O)(=O)Nc3ccccn3)cc2)ccc1O,0,5951
158961.0,C[C@H](O)Cn1cnc2c1c(=O)n(C)c(=O)n2C,0,5953
3739.0,O=C(CCCCC(=O)Nc1c(I)cc(I)c(C(=O)O)c1I)Nc1c(I)cc(I)c(C(=O)O)c1I,0,5954
12492.0,C[C@H]1CCC[C@@H](C)N1NC(=O)c1ccc(Cl)c(S(N)(=O)=O)c1,0,5955
6178111.0,CC(C)N=C(N)/N=C(\N)Nc1ccc(Cl)cc1,0,5956
5326.0,COc1cnc(NS(=O)(=O)c2ccc(N)cc2)nc1,0,5958
6419891.0,C[C@@]1(O)CCOC(=O)C1,0,5959
3081.0,CC1(C)OC(=O)NC1=O,0,5960
5329.0,Cc1cc(NS(=O)(=O)c2ccc(N)cc2)no1,0,5961
6604279.0,NS(=O)(=O)c1cc2c(cc1Cl)N[C@@H](CC1CCCC1)NS2(=O)=O,0,5962
6604280.0,CCCCC[C@H](O)/C=C\[C@@H]1[C@H](O)CC(=O)[C@@H]1CCCCCCC(=O)O,0,5963
136620.0,CC(=O)Nc1cc2ccccc2oc1=O,0,5965
8249.0,NC(N)=NC(N)=NCCc1ccccc1,0,5967
6604285.0,CCC[C@H]1C[C@H](C(=O)N[C@@H]([C@H](C)O)[C@@H]2O[C@H](SC)[C@@H](O)[C@H](O)[C@@H]2O)N(C)C1,0,5968
2797.0,CC(C)(Oc1ccc(Cl)cc1)C(=O)O,0,5970
6604286.0,NC(=O)OC[C@H](O)COc1ccc(Cl)cc1,0,5971
5284550.0,CN(C)CC/C=C1\c2ccccc2CSc2ccccc21,0,5972
70269.0,Cc1n[nH]c(=O)[nH]c1=O,0,5973
4065.0,CCCNC(C)(C)COC(=O)c1ccccc1,0,5974
6604287.0,CC(=O)OCC1=C(C(=O)O)N2C(=O)[C@@H](N)[C@@H]2SC1,0,5975
5390108.0,O=C(N/N=C\c1ccc([N+](=O)[O-])o1)c1ccc(O)cc1,1,5976
1989.0,CC(=O)c1ccc(S(=O)(=O)NC(=O)NC2CCCCC2)cc1,0,5977
3280.0,CCOc1ccc(Cc2nccc3cc(OCC)c(OCC)cc23)cc1OCC,1,5978
54686781.0,CN(C)[C@H]1C(=O)C(C(=O)NCN[C@@H](CCCCN)C(=O)O)=C(O)[C@]2(O)C(=O)C3=C(O)c4c(O)cccc4[C@@](C)(O)[C@H]3C[C@@H]12,0,5979
65065.0,CC(=O)N[C@@H](CC(=O)O)C(=O)O,0,5980
470072.0,CC[C@@H](CO)NCCN[C@H](CC)CO,0,5981
4165.0,Cc1cc2c(cc1S(N)(=O)=O)S(=O)(=O)CCC2,0,5982
667534.0,CCN(CC)[C@@H](C)CN1c2ccccc2Sc2ccccc21,0,5983
4091.0,CN(C)C(=N)N=C(N)N,0,5984
6604290.0,CC(=O)OCC(=O)[C@@]1(O)[C@H](C)C[C@@H]2[C@H]3CCC4=CC(=O)C=C[C@]4(C)[C@]3(F)[C@@H](O)C[C@@]21C,0,5985
70912.0,CC(=O)N[C@@H](CC(C)C)C(=O)O,0,5986
6604291.0,CC(=O)N[C@@H]1CCSC1=O,0,5987
5526.0,NCC1CCC(C(=O)O)CC1,0,5988
3677.0,CNC(C)(C)Cc1ccccc1,0,5989
62389.0,c1ccc(CNc2ncnc3nc[nH]c23)cc1,0,5990
5332.0,COc1cc(NS(=O)(=O)c2ccc(N)cc2)ncn1,0,5991
6604293.0,NC[C@@H]1O[C@H](O[C@@H]2[C@H](CO)O[C@H](O[C@@H]3[C@H](O[C@@H]4O[C@H](CO)[C@@H](O)[C@H](O)[C@@H]4N)[C@@H](N)C[C@@H](N)[C@H]3O)[C@H]2O)[C@@H](N)[C@H](O)[C@@H]1O,0,5992
16134261.0,C=C(NC(=O)C(=C)NC(=O)c1csc(C2=N[C@@H]3c4csc(n4)[C@@H]4NC(=O)c5csc(n5)[C@@H]([C@](C)(O)[C@H](C)O)NC(=O)[C@@H]5CSC(=N5)/C(=C/C)NC(=O)[C@@H]([C@H](C)O)NC(=O)c5csc(n5)[C@]3(CC2)NC(=O)[C@@H](C)NC(=O)C(=C)NC(=O)[C@@H](C)NC(=O)[C@@H]([C@@H](C)CC)N[C@H]2C=Cc3c([C@H](C)O)cc(nc3[C@@H]2O)C(=O)O[C@H]4C)n1)C(N)=O,0,5994
6604295.0,C[C@H]1/C=C\C=C/C=C\C=C/C=C\C=C/C=C\[C@@H](O[C@H]2O[C@@H](C)[C@@H](O)[C@@H](N)[C@@H]2O)C[C@@H]2O[C@](O)(C[C@@H](O)C[C@@H](O)[C@@H](O)CC[C@@H](O)C[C@@H](O)CC(=O)O[C@@H](C)[C@@H](C)[C@H]1O)C[C@@H](O)[C@H]2C(=O)O,0,5995
6604296.0,CCCCCC[C@H]1C(=O)O[C@H](C)[C@H](NC(=O)c2cccc(NC=O)c2O)C(=O)O[C@@H](C)[C@H]1OC(=O)CC(C)C,1,5996
6604297.0,C[C@H]1/C=C\C=CCC/C=C\C=C/C=C\C=C[C@@H](O[C@H]2O[C@@H](C)[C@@H](O)[C@@H](N)[C@@H]2O)C[C@@H]2O[C@](O)(C[C@@H](O)[C@@H](O)CC[C@@H](O)C[C@@H](O)C[C@@H](O)CC(=O)O[C@@H](C)[C@@H](C)[C@H]1O)C[C@@H](O)[C@H]2C(=O)O,0,5997
6604298.0,CN[C@@H](CC(C)C)C(=O)N[C@@H]1C(=O)N[C@H](CC(N)=O)C(=O)N[C@@H]2C(=O)N[C@H]3C(=O)N[C@H](C(=O)N[C@H](C(=O)O)c4cc(O)cc(O)c4-c4cc3ccc4O)[C@H](O)c3ccc(c(Cl)c3)Oc3cc2cc(c3O[C@H]2O[C@@H](CO)[C@@H](O)[C@@H](O)[C@@H]2O[C@@H]2C[C@](C)(N)[C@H](O)[C@H](C)O2)Oc2ccc(cc2Cl)[C@@H]1O,0,5998
6604299.0,NC[C@@H]1O[C@H](COC[C@@H]2[C@@H](CO)O[C@@H](O[C@@H]3[C@@H](O)[C@@H](N)C[C@@H](N)[C@@H]3O[C@H]3O[C@@H](CN)[C@@H](O)[C@@H](O)[C@@H]3N)[C@H]2O)[C@@H](N)[C@H](O)[C@@H]1O,0,5999
6604300.0,CC[C@H](C)[C@H](N)C1=N[C@H](C(=O)N[C@@H](CC(C)C)C(=O)N[C@@H](CCC(=O)O)C(=O)N[C@@H](C(=O)N[C@H]2CCCCNC(=O)[C@@H](CC(N)=O)NC(=O)[C@@H](CC(=O)O)NC(=O)[C@@H](Cc3cnc[nH]3)NC(=O)[C@@H](Cc3ccccc3)NC(=O)[C@@H]([C@@H](C)CC)NC(=O)[C@@H](CCCN)NC2=O)[C@@H](C)CC)CS1,0,6000
207838.0,O[C@@](CCN1CCCC1)(c1ccccc1)C1CCCCC1,0,6001
6604302.0,CN1CCC[C@@H](CC2c3ccccc3Sc3ccccc32)C1,0,6002
688437.0,CN1CCN([C@@H](c2ccccc2)c2ccc(Cl)cc2)CC1,0,6003
6604303.0,C[C@]12[C@H](O)C[C@H]3[C@H](CC[C@H]4C[C@@H](O)CC[C@]43C)[C@@]1(O)CC[C@@H]2C1=CC(=O)OC1,0,6004
98889.0,Cc1c(O)c(=O)n(-c2ccccc2)n1C,0,6005
73397.0,COc1ccc(C[C@H]2c3cc(OC)c(OC)cc3CCN2C)cc1OC,0,6006
3396.0,O=C1NCN(c2ccccc2)C12CCN(CCCC(c1ccc(F)cc1)c1ccc(F)cc1)CC2,0,6007
101382.0,CNc1ncnc2c1ncn2[C@@H]1O[C@H](CO)[C@@H](O)[C@@H]1O,0,6008
6604304.0,N[C@H]1C[C@H]1c1ccccc1,0,6009
3366.0,Nc1[nH]c(=O)ncc1F,0,6010
4487.0,Cc1c(NC(=O)c2cccnc2)c(=O)n(-c2ccccc2)n1C,0,6013
6604307.0,Nc1c(O)cccc1C(=O)C[C@@H](N)C(=O)O,0,6014
6604308.0,O[C@H]1C=C2CCN3Cc4cc5c(cc4[C@H]([C@@H]23)[C@H]1O)OCO5,0,6015
2466.0,CCCCOc1ccc(CC(=O)NO)cc1,0,6017
17134.0,COc1ncnc(NS(=O)(=O)c2ccc(N)cc2)c1OC,0,6018
716488.0,COc1ccc(C[C@@](C)(N)C(=O)O)cc1OC,0,6019
164752.0,COc1cc2c(cc1OC)[C@H](C)NCC2,0,6022
6604312.0,COc1ccc(OC)c([C@H](O)CNC(=O)CN)c1,0,6023
71655.0,N=C(N=C(N)N)N1CCOCC1,0,6024
3055.0,OC(CCCN1CCCCC1)(c1ccccc1)c1ccccc1,0,6025
72894.0,Nc1ccccc1S(N)(=O)=O,0,6026
6604314.0,C[N+]12CCC(CC1)[C@@H](OC(=O)C(O)(c1ccccc1)c1ccccc1)C2,0,6028
19009.0,COc1cc2c(cc1OC)-c1cc3ccc(OC)c(OC)c3c[n+]1CC2,0,6029
667500.0,CN(C)CCO[C@H](c1ccc(Cl)cc1)c1ccccn1,0,6030
6077.0,CC(=O)c1ccc2c(c1)N(CCCN(C)C)c1ccccc1S2,0,6031
6604315.0,O=c1cc(-c2ccc(O)cc2)oc2c([C@H]3O[C@@H](CO)[C@@H](O)[C@@H](O)[C@@H]3O)c(O)cc(O)c12,0,6032
5501.0,CCOC(=O)NNc1nncc2ccccc12,0,6035
73265355.0,CN[C@@H]1[C@H](O)[C@H](O)[C@H](CO)O[C@@H]1O[C@@H]1[C@H](O[C@@H]2[C@@H](O)[C@@H](O)[C@@H](N=C(N)N)[C@@H](O)[C@@H]2N=C(N)N)O[C@H](C)[C@@]1(O)C=O,0,6036
19675.0,CC(=O)c1ccc2c(c1)N(CCCN1CCC(CCO)CC1)c1ccccc1S2,0,6037
5585.0,Cc1cc2cc3c(C)cc(=O)oc3c(C)c2o1,1,6038
77553.0,CC(=O)c1cc2ccccc2oc1=O,0,6039
2446.0,CCN(CC)CCNC(=O)c1cc(Br)c(N)cc1OC,0,6041
933171.0,COc1cc(C(=O)OC2C[C@@H]3CC[C@H](C2)N3C)ccc1O,0,6042
5771580.0,C[N+]1([O-])[C@H]2CC[C@@H]1CC(OC(=O)[C@@H](CO)c1ccccc1)C2,0,6043
716528.0,CN1CCc2cc3c(cc2[C@@H]1O)OCO3,0,6044
6604319.0,C=C1[C@@H]2C[C@]3([C@H]1O)[C@H](C[C@H]2O)[C@]12[C@@H](O)CC[C@@]4(C)CN(CC)[C@H]1[C@@H]3C[C@@H]24,0,6045
641768.0,C[C@H]1CCC[C@@H](C)N1,0,6046
453548.0,Nc1ncnc2c1ncn2[C@@H]1O[C@@H](CO)[C@H](O)[C@H]1O,0,6048
6604323.0,C=CCSC[C@@H]1Nc2cc(Cl)c(S(N)(=O)=O)cc2S(=O)(=O)N1,0,6050
6604324.0,O=C1C=C2C=C[C@H]3C[C@@]2(O1)[C@H]1CCCCN31,0,6051
3332.0,O=C(O)Cc1ccc(-c2ccccc2)cc1,0,6052
6604325.0,CN(C)CCOC(=O)[C@@H](c1ccccc1)C1(O)CCCC1,0,6053
6604326.0,CN1[C@H]2CC(=O)C[C@@H]1[C@@H](O)C2,0,6054
3646.0,COc1c2c(cc3c1OCO3)CCN(C)C2,0,6055
4633.0,CCCCOc1cc(C(=O)OCCN(CC)CC)ccc1N,0,6056
3418.0,O=C(O)c1ccccc1OP(=O)(O)O,0,6057
6604328.0,CN1[C@@H](C[C@H](O)c2ccccc2)CCC[C@@H]1C[C@@H](O)c1ccccc1,0,6058
6602484.0,CN1[C@H]2CCC[C@@H]1CC(=O)C2,0,6059
25295.0,CN(C)CCN(Cc1ccc(Cl)cc1)c1ccccn1,0,6060
6560359.0,CNC[C@H](O)[C@H](O)[C@H](O)[C@H](O)CO,0,6061
94423.0,C=CCOc1ccccc1OC[C@H](O)CNC(C)C,0,6062
6604329.0,C1CCC(C(C[C@@H]2CCCCN2)C2CCCCC2)CC1,0,6063
6604331.0,C[C@@]12CC[C@@H]3c4ccc(OS(=O)(=O)O)cc4CC[C@H]3[C@H]1CCC2=O,0,6065
455271.0,Nc1ccn([C@@H]2CC[C@H](CO)O2)c(=O)n1,0,6066
6604332.0,CCN1C[C@@]2(COC)CC[C@H](O)[C@@]34[C@H]5C[C@@H]6[C@H](OC(C)=O)[C@H]5[C@@](O)(C[C@H]6OC)[C@@H](C[C@@H]32)[C@@H]14,0,6067
5094.0,Cn1c([N+](=O)[O-])cnc1COC(N)=O,0,6068
6604333.0,C[C@H]1C/C=C\C=C/C=C\C=C[C@@H](O[C@H]2O[C@@H](C)[C@@H](O)[C@@H](N)[C@@H]2O)C[C@@H]2O[C@](O)(C[C@@H](O)C[C@H]3O[C@@H]3/C=C\C(=O)O1)C[C@@H](O)[C@H]2C(=O)O,0,6069
6604334.0,CO[C@@H]1[C@H](O)CC(=O)O[C@H](C)C/C=C\C=C/[C@H](O[C@H]2CC[C@H](N(C)C)[C@H](C)O2)[C@H](C)C[C@H](CC=O)[C@H]1O[C@H]1O[C@@H](C)[C@@H](O[C@@H]2C[C@](C)(O)[C@H](O)[C@H](C)O2)[C@@H](N(C)C)[C@@H]1O,0,6070
6560141.0,Cc1c(C)c2c(c(C)c1O)CC[C@@](C)(CCC[C@@H](C)CCC[C@@H](C)CCCC(C)C)O2,0,6071
6604336.0,CC(=O)N[C@@H]1[C@@H](O)O[C@@H](CO)[C@@H](O)[C@@H]1O[C@@H](C)C(=O)O,0,6072
6604338.0,C=C1C[C@@]23C[C@H]4[C@H]5[C@@]67[C@H](OC(C)=O)[C@@H](OC(=O)c8ccccc8)C[C@@]5(C)CN4[C@@H]6[C@@H]2[C@H](O)[C@@H]1[C@H](OC(C)=O)[C@H]37,0,6073
21109.0,COc1ccc(CN2CCNCC2)c(OC)c1OC,0,6074
4822.0,CN1CCC(=C2c3ccccc3Sc3ccccc32)CC1,0,6075
135484647.0,CO[C@@H]1C=CO[C@]2(C)Oc3c(C)c(O)c4c(O)c(c(C=NN5CCN(C)CC5)c(O)c4c3C2=O)NC(=O)C(C)=CC=C[C@H](C)[C@H](O)[C@H](C)[C@H](O)[C@H](C)[C@H](OC(C)=O)[C@H]1C,0,6076
6604340.0,CCC[C@H]1C(=O)N2C(N(C)C)=Nc3ccc(C)cc3N2C1=O,0,6077
54686782.0,CN(C)c1ccc(O)c2c1C[C@H]1C[C@H]3[C@@H](N(C)C)C(=O)C(C(N)=O)=C(O)[C@]3(O)C(=O)C1=C2O,0,6078
26596.0,CCCCc1ccc2nc(NC(=O)OC)[nH]c2c1,0,6079
73277.0,Clc1cnccn1,0,6080
6603743.0,N[C@@H](CO)C(=O)NNCc1ccc(O)c(O)c1O,0,6081
6604343.0,C=CC[NH+]1/C(=C\CO)[C@H]2C[C@@H]3[C@@H]1CC[C@]31c3ccccc3N3/C=C4/[C@@H]5C[C@H]6[C@H](CC[C@@]67c6ccccc6N(/C=C/2[C@H]31)[C@@H]47)[NH+](CC=C)/C5=C\CO,0,6082
146678.0,CS(=O)(=O)c1ccc([C@H](O)[C@H](CO)NC(=O)C(Cl)Cl)cc1,0,6084
5531.0,CCN(CC)c1cc(C)nc2ncnn12,0,6085
6604346.0,CC(=O)O[C@H]1C[C@H]2CC[C@H]3[C@@H]4C[C@@H]([N+]5(C)CCCCC5)[C@@H](OC(C)=O)[C@@]4(C)CC[C@H]3[C@]2(C)C[C@H]1[N+]1(C)CCCCC1,0,6086
688469.0,C[C@@H](Cc1ccc(O)cc1)NC[C@@H](O)c1cc(O)cc(O)c1,0,6089
6541429.0,Cc1ncc([N+](=O)[O-])n1C[C@H](O)CCl,0,6090
6604351.0,C#C[C@]1(O)CC[C@@H]2[C@H]3CCC4=Cc5oncc5C[C@]4(C)[C@@H]3CC[C@@]21C,1,6092
6604352.0,Cc1ccccc1N1C(=O)c2cc(S(N)(=O)=O)c(Cl)cc2N[C@H]1C,0,6093
6604353.0,CC(=O)O[C@H]1C[C@@H](O[C@H]2[C@@H](O)C[C@@H](O[C@H]3[C@@H](O)C[C@@H](O[C@@H]4CC[C@@]5(C)[C@@H](CC[C@@]6(C)[C@@]7(O)CC[C@H](C8=CC(=O)OC8)[C@@]7(C)[C@@H](O)C[C@]56C)C4)O[C@H]3C)O[C@H]2C)O[C@@H](C)[C@H]1O[C@H]1O[C@@H](CO)[C@@H](O)[C@@H](O)[C@@H]1O,0,6094
716109.0,CC1=CC(=O)C2=C(C)CC[C@H]3[C@H](C)C(=O)O[C@H]3[C@H]12,0,6096
6604356.0,CCN(CC)C(=O)N[C@H]1C=C2c3cccc4[nH]cc(c34)C[C@@H]2N(C)C1,1,6097
5037.0,Cc1c(NC(C)C)c(=O)n(-c2ccccc2)n1C,0,6098
3242.0,COc1cc(C)nc(-n2nc(C)cc2OC)n1,0,6099
6604357.0,CN(N=O)C(=O)N[C@@H]1[C@@H](O)O[C@@H](CO)[C@@H](O)[C@@H]1O,0,6100
11972597.0,C[C@]1(OC(=O)/C=C\c2ccccc2)C[C@@H](O)[C@@]2(O)C=CO[C@@H](O[C@H]3O[C@@H](CO)[C@@H](O)[C@@H](O)[C@@H]3O)[C@@H]12,0,6101
908828.0,COc1ccc2c3c1O[C@@H]1C[C@@H](O)C=C[C@@]31CCN(C)C2,0,6103
4855.0,CCn1cc(C(=O)O)c(=O)c2cnc(N3CCCC3)nc21,0,6104
643764.0,COc1cc(/C=C\C(=O)N2CCC=CC2=O)cc(OC)c1OC,0,6106
6604360.0,C[C@@H]1O[C@H](O[C@H]2[C@@H](O)C[C@@H](O[C@H]3[C@@H](O)C[C@@H](O[C@H]4CC[C@]5(C)[C@@H](CC[C@@H]6[C@H]5C[C@@H](O)[C@]5(C)[C@@H](C7=CC(=O)OC7)CC[C@]65O)C4)O[C@H]3C)O[C@H]2C)C[C@H](O)[C@@H]1O,0,6107
931837.0,Cc1ccc(S(=O)(=O)NC(=O)NN2C[C@H]3CCC[C@@H]3C2)cc1,0,6108
6604361.0,CCC[C@H]1C[C@H](C(=O)N[C@H]([C@H](C)Cl)[C@H]2O[C@@H](SC)[C@@H](O)[C@@H](O)[C@@H]2O)N(C)C1,0,6109
6604362.0,CN[C@@H]1[C@H](O)[C@@H]2O[C@@H]3O[C@H](C)CC(=O)[C@]3(O)O[C@H]2[C@H](NC)[C@@H]1O,0,6110
6604363.0,CC(C)NC[C@H]1CCc2cc(CO)c([N+](=O)[O-])cc2N1,0,6111
688427.0,CC(C)(C)NC[C@H](O)c1cc(Cl)c(N)c(Cl)c1,0,6112
6604364.0,NC(N)=NC[C@@H]1COC2(CCCCC2)O1,0,6113
31072.0,CCOC(=O)n1ccn(C)c1=S,0,6115
6604367.0,CN1CCC2=C[C@H](O)[C@@H]3OC(=O)c4cc5c(cc4[C@H]3[C@H]21)OCO5,0,6116
5282168.0,C/C(=C(/CCOP(=O)(O)O)SC(=O)c1ccccc1)N(C=O)Cc1cnc(C)nc1N,0,6117
3059.0,O=C(O)c1cc(-c2ccc(F)cc2F)ccc1O,0,6118
6604368.0,CCCC[C@H](CC)CN=C(N)NC(N)=NCCCCCCN=C(N)NC(N)=NC[C@@H](CC)CCCC,0,6119
3276.0,O=C(Cn1ccnc1[N+](=O)[O-])NCCO,0,6120
6604369.0,COc1ccc(C[C@@H]2NC[C@H](O)[C@@H]2OC(C)=O)cc1,0,6121
6604370.0,CC(C)c1c(CN(C)[C@@H](C)Cc2ccccc2)n(C)n(-c2ccccc2)c1=O,1,6122
673469.0,COc1c2c(nc3ccccc13)O[C@H]([C@@](C)(O)CO)C2,0,6124
6604023.0,CC(C)(C)NC[C@H](O)c1cc(O)cc(O)c1,0,6125
6604372.0,Oc1ccc2c3c1O[C@H]1[C@@H](O)CC[C@]4(O)[C@H](C2)N(CC2CCC2)CC[C@@]314,0,6127
4912.0,CC(C)(Sc1cc(C(C)(C)C)c(O)c(C(C)(C)C)c1)Sc1cc(C(C)(C)C)c(O)c(C(C)(C)C)c1,0,6128
176540.0,CN1CCO[C@H](c2ccccc2)c2ccccc2C1,0,6129
6604374.0,C[C@@H](Cc1cccc(C(F)(F)F)c1)NCCOC(=O)c1ccccc1,1,6130
2132.0,Nc1c(Br)cc(Br)cc1CNC1CCC(O)CC1,0,6131
6604376.0,CC(=O)OCC(=O)[C@@H]1CC[C@H]2[C@H]3CC[C@H]4C[C@@H](O)CC[C@]4(C)[C@@H]3C(=O)C[C@]21C,0,6132
6604378.0,Clc1ccc(CO[C@@H](Cn2ccnc2)c2ccc(Cl)cc2Cl)cc1,1,6133
6604379.0,COC(=O)[C@H]1[C@H](OC)[C@@H](OC(=O)/C=C\c2cc(OC)c(OC)c(OC)c2)C[C@H]2CN3CCc4c([nH]c5cc(OC)ccc45)[C@@H]3C[C@H]21,0,6134
6604380.0,CCC(=O)O[C@@]1(C(=O)CCl)[C@@H](C)C[C@@H]2[C@H]3CCC4=CC(=O)C=C[C@@]4(C)[C@]3(F)[C@@H](O)C[C@@]21C,1,6135
4135.0,Cc1cc(C(C)(C)CC(C)(C)C)ccc1OCCOCC[N+](C)(C)Cc1ccccc1,0,6136
6604382.0,COc1cccc2c1C(=O)c1c(O)c3c(c(O)c1C2=O)C[C@](O)(C(=O)CO)C[C@H]3O[C@@H]1C[C@H](N)[C@H](O)[C@H](C)O1,0,6137
6604383.0,NC[C@@H]1O[C@H](O[C@@H]2[C@H](N)C[C@H](N)[C@@H](O[C@@H]3O[C@H](CO)[C@@H](O)[C@H](N)[C@@H]3O)[C@H]2O)[C@@H](O)[C@H](O)[C@@H]1O,0,6138
4939.0,CC[N+](C)(CC)CCC[n+]1c(-c2ccccc2)c2cc(N)ccc2c2ccc(N)cc21,1,6139
3463.0,Cc1ccc(C)c(OCCCC(C)(C)C(=O)O)c1,0,6140
6604384.0,CC(C)CC(=O)N[C@H](C(=O)N[C@H](C(=O)N[C@@H](CC(C)C)[C@H](O)CC(=O)N[C@@H](C)C(=O)N[C@@H](CC(C)C)[C@H](O)CC(=O)O)C(C)C)C(C)C,0,6141
32324.0,CC1(C)S[C@@H]2[C@H](NC(=O)[C@@H](N)c3ccc(O)cc3)C(=O)N2[C@H]1C(=O)O,0,6142
5362.0,CCCCC1(COC(=O)CCC(=O)O)C(=O)N(c2ccccc2)N(c2ccccc2)C1=O,0,6143
3478.0,Cc1cnc(C(=O)NCCc2ccc(S(=O)(=O)NC(=O)NC3CCCCC3)cc2)cn1,0,6145
35375.0,O=C(OCCOCCO)c1ccccc1Nc1cccc(C(F)(F)F)c1,0,6147
6604387.0,CC(=O)Nc1c(I)c(C(=O)N[C@@H]2[C@@H](O)O[C@@H](CO)[C@@H](O)[C@@H]2O)c(I)c(N(C)C(C)=O)c1I,0,6148
4030.0,COC(=O)Nc1nc2ccc(C(=O)c3ccccc3)cc2[nH]1,0,6149
34633.0,CCOC(=O)Nc1ccc2c(c1)N(C(=O)CCN1CCOCC1)c1ccccc1S2,1,6150
476416.0,Clc1ccc(CC[C@H](Cn2ccnc2)Sc2c(Cl)cccc2Cl)cc1,1,6151
115163.0,CC(C)(C)C(=O)OCOC(=O)[C@@H]1N2C(=O)[C@@H](N=CN3CCCCCC3)[C@H]2SC1(C)C,0,6152
6604028.0,CC(=O)O[C@@H]1C(=O)[C@]2(C)[C@@H]([C@H](OC(=O)c3ccccc3)[C@@]3(O)C[C@H](OC(=O)[C@@H](O)[C@@H](NC(=O)c4ccccc4)c4ccccc4)C(C)=C1C3(C)C)[C@@]1(OC(C)=O)CO[C@@H]1C[C@H]2O,0,6154
6338045.0,CCOC(=O)c1cncn1[C@@H](C)c1ccccc1,1,6155
91610.0,COc1ccc2c(c1)C(=O)N(CCc1ccc(S(=O)(=O)NC(=O)NC3CCCCC3)cc1)C(=O)C2(C)C,1,6156
2477.0,O=C1CC2(CCCC2)CC(=O)N1CCCCN1CCN(c2ncccn2)CC1,0,6157
6604391.0,CC(C)(C)C(=O)OCOC(=O)[C@@H]1N2C(=O)[C@@H](NC(=O)[C@@H](N)c3ccccc3)[C@H]2SC1(C)C,1,6159
3351.0,O=C(COc1ccc(Cl)cc1)N1CCN(Cc2ccc3c(c2)OCO3)CC1,1,6160
155083.0,CCCC(=O)Nc1ccc(OC[C@@H](O)CNC(C)C)c(C(C)=O)c1,0,6161
6604393.0,CCC(=O)O[C@@H]1CC(=O)O[C@H](C)C/C=C\C=C/[C@H](O)[C@H](C)C[C@H](CC=O)[C@@H](O[C@H]2O[C@@H](C)[C@@H](O[C@@H]3C[C@](C)(O)[C@H](OC(=O)CC)[C@H](C)O3)[C@@H](N(C)C)[C@@H]2O)[C@@H]1OC,0,6163
2467.0,COc1cc(OC)c(C(=O)CCCN2CCCC2)c(OC)c1,0,6164
6604394.0,C=CCO[C@@H](Cn1ccnc1)c1ccc(Cl)cc1Cl,1,6165
3335.0,O=C(O)CCC(=O)c1ccc(-c2ccccc2)cc1,0,6166
6604397.0,CCOC(=O)O[C@@H](C)OC(=O)[C@@H]1N2C(=O)[C@@H](NC(=O)[C@@H](N)c3ccccc3)[C@H]2SC1(C)C,1,6169
162302.0,CC(C)(C)NC[C@@H](O)COc1ccccc1C1CCCC1,0,6172
6604400.0,CCN1C[C@]2(C)CC[C@H](O)[C@]34[C@@H]1[C@@H](C[C@H]32)[C@@]1(O)C[C@H](OC)[C@H]2C[C@@H]4[C@H]1[C@@H]2O,0,6173
6604401.0,O=C(NCNC(=O)N[C@H]1C(=O)NC(=O)N1CO)N[C@H]1C(=O)NC(=O)N1CO,0,6174
157702.0,CCOC(=O)C1=C(C)NC(C)=C(C(=O)OC)[C@@H]1c1cccc([N+](=O)[O-])c1,1,6175
6604402.0,CC1(C)S[C@@H]2[C@H](NC(=O)[C@@H](N)c3ccccc3)C(=O)N2[C@H]1C(=O)O[C@H]1OC(=O)c2ccccc21,1,6176
688581.0,C[C@@H](C(=O)O)c1ccc(C(=O)c2cccs2)cc1,0,6177
6604403.0,C[C@@]12CC3CC(N)(C1)C[C@@](C)(C3)C2,0,6178
667528.0,CCc1cccc2c3c([nH]c12)[C@@](CC)(CC(=O)O)OCC3,0,6179
179658.0,CC(C)(C)NC[C@H](O)COc1cccc2c1C[C@@H](O)[C@@H](O)C2,0,6181
6604404.0,C[C@@H]1CCc2cc(F)cc3c(=O)c(C(=O)O)cn1c23,0,6182
3334.0,COC(=O)Nc1nc2ccc(Sc3ccccc3)cc2[nH]1,0,6183
11972598.0,CCC(=O)[C@@]1(C)[C@H](C)C[C@@H]2[C@@H]3CCC4=CC(=O)C=C[C@@]4(C)[C@H]3[C@H](O)C[C@]21C,0,6184
6604406.0,CC1=C(C(=O)O)N2C(=O)[C@@H](NC(=O)[C@@H](N)c3ccc(O)cc3)[C@@H]2SC1,0,6185
6604035.0,CC(C)(C)c1ccc([C@@H](O)CCCN2CCC(C(O)(c3ccccc3)c3ccccc3)CC2)cc1,0,6186
6604407.0,NCC[C@H](O)C(=O)N[C@H]1C[C@@H](N)[C@@H](O[C@H]2O[C@@H](CN)[C@@H](O)[C@@H](O)[C@@H]2N)[C@@H](O[C@H]2O[C@@H](CO)[C@@H](O)[C@@H]2O)[C@@H]1O,0,6187
11972599.0,CCC[C@@H]1O[C@@H]2C[C@@H]3[C@H]4CCC5=CC(=O)C=C[C@@]5(C)[C@H]4[C@H](O)C[C@@]3(C)[C@@]2(C(=O)CO)O1,1,6188
3000506.0,O[C@H](c1cc(C(F)(F)F)nc2c(C(F)(F)F)cccc12)[C@H]1CCCCN1,0,6189
6604410.0,CC(C)(C)NC[C@H](O)COc1cccc2c1CCC(=O)N2,0,6190
4831.0,CCn1cc(C(=O)O)c(=O)c2cnc(N3CCNCC3)nc21,0,6191
1981.0,COc1ccc2c(c1)c(CC(=O)OCC(=O)O)c(C)n2C(=O)c1ccc(Cl)cc1,0,6192
6604414.0,O=C(NC[C@@H]1CCCCN1)c1cc(OCC(F)(F)F)ccc1OCC(F)(F)F,0,6195
6604415.0,COC(=O)C1=C(C)NC(C)=C(C(=O)OCCN(C)Cc2ccccc2)[C@H]1c1cccc([N+](=O)[O-])c1,1,6196
2082.0,CCCSc1ccc2nc(NC(=O)OC)[nH]c2c1,0,6197
445900.0,O=C(C1CCCCC1)N1CC(=O)N2CCc3ccccc3[C@@H]2C1,0,6198
4849.0,NS(=O)(=O)c1cc(C(=O)O)cc(N2CCCC2)c1Oc1ccccc1,0,6199
6604416.0,CCN[C@@H]1C[C@H](N)[C@H](O[C@H]2OC(CN)=CC[C@H]2N)[C@@H](O)[C@H]1O[C@H]1OC[C@@](C)(O)[C@@H](NC)[C@@H]1O,0,6200
6603939.0,COc1ccccc1N1CCN(C[C@@H](O)COc2cccc3ccccc23)CC1,0,6201
54677971.0,CN1C(C(=O)Nc2ccccn2)=C(O)c2sccc2S1(=O)=O,0,6204
65492.0,C[C@H](O)C(=O)Nc1c(I)c(C(=O)NC(CO)CO)c(I)c(C(=O)NC(CO)CO)c1I,0,6205
43231.0,Nc1cc(C(Cl)=C(Cl)Cl)c(S(N)(=O)=O)cc1S(N)(=O)=O,0,6206
6604419.0,CN(C)CCCO[C@H]1[C@@H]2OC(C)(C)O[C@@H]2O[C@@H]1[C@H](O)CO,0,6207
6604422.0,CC[C@@H]1OC(=O)[C@H](C)[C@H](O[C@@H]2C[C@](C)(OC)[C@H](O)[C@H](C)O2)[C@H](C)[C@H](O[C@@H]2O[C@@H](C)C[C@@H](N(C)C)[C@@H]2O)[C@](C)(O)C[C@H](C)[C@@H]2N[C@H](COCCOC)O[C@H]([C@@H]2C)[C@]1(C)O,0,6210
6604423.0,CC(C)(CS)C(=O)N1CCC[C@H]1C(=O)O,0,6211
170344.0,CCc1cccc(CC)c1NC(=O)CN(CC(=O)O)CC(=O)O,0,6212
969465.0,COc1cc2nc(N3CCN(C(=O)[C@@H]4CCCO4)CC3)nc(N)c2cc1OC,0,6213
6604424.0,C[C@H]1CC[C@@H]2[C@@H](C)C(=O)O[C@H]3O[C@@]4(C)CC[C@H]1[C@@]32OO4,0,6214
6604425.0,CN(C/C=C\c1ccccc1)Cc1cccc2ccccc12,0,6215
6604426.0,O=C(OC[C@@H](O)CO)c1ccccc1Nc1ccnc2cc(Cl)ccc12,1,6216
157133.0,COCCOC(=O)C1=C(C)NC(C)=C(C(=O)OC(C)C)[C@H]1c1cccc([N+](=O)[O-])c1,1,6217
6604427.0,CC(=O)N(C[C@@H](O)CO)c1c(I)c(C(=O)NC[C@@H](O)CO)c(I)c(C(=O)NC[C@@H](O)CO)c1I,0,6218
480953.0,CC(C)N1CCN(c2ccc(OC[C@@H]3CO[C@@](Cn4cncn4)(c4ccc(Cl)cc4Cl)O3)cc2)CC1,1,6219
2247.0,COc1ccc(CCN2CCC(Nc3nc4ccccc4n3Cc3ccc(F)cc3)CC2)cc1,0,6220
6604428.0,CO[C@]1(NC(=O)C2SC(=C(C(N)=O)C(=O)O)S2)C(=O)N2C(C(=O)O)=C(CSc3nnnn3C)CS[C@H]21,0,6221
6604429.0,CC[C@H](C)[C@@H]1O[C@]2(CC[C@@H]1C)C[C@H]1C[C@H](C/C=C(/C)[C@@H](O[C@@H]3C[C@H](OC)[C@H](O[C@@H]4C[C@H](OC)[C@H](O)[C@H](C)O4)[C@H](C)O3)[C@@H](C)/C=C\C=C3CO[C@@H]4[C@@H](O)C(C)=C[C@@H](C(=O)O1)[C@]34O)O2,0,6222
6604430.0,CC[C@@H]1O[C@]2(C=C[C@@H]1C)C[C@H]1C[C@H](C/C=C(/C)[C@@H](O[C@@H]3C[C@H](OC)[C@H](O[C@@H]4C[C@H](OC)[C@H](O)[C@H](C)O4)[C@H](C)O3)[C@@H](C)/C=C\C=C3CO[C@@H]4[C@@H](O)C(C)=C[C@@H](C(=O)O1)[C@]34O)O2,0,6224
941699.0,CCOC(=O)C1=C(C)NC(C)=C(C(=O)OC)[C@@H]1c1cccc(Cl)c1Cl,1,6225
135484648.0,CO[C@H]1C=CO[C@]2(C)Oc3c(C)c(O)c4c(O)c(c5c(c4c3C2=O)NC2(CCN(CC(C)C)CC2)N=5)=NC(=O)C(C)=CC=C[C@@H](C)[C@@H](O)[C@@H](C)[C@@H](O)[C@@H](C)[C@@H](OC(C)=O)[C@@H]1C,0,6226
4594.0,COc1ccc2nc(S(=O)Cc3ncc(C)c(OC)c3C)[nH]c2c1,1,6229
3229.0,CCn1cc(C(=O)O)c(=O)c2cc(F)c(N3CCNCC3)nc21,0,6230
6604435.0,C[C@H](O)[C@@H]1C(=O)N2C(C(=O)O)=C(SCCN=CN)C[C@@H]12,0,6231
6604436.0,CC[C@H](C)C(=O)O[C@@H]1C[C@H](C)C=C2C=C[C@H](C)[C@@H](CC[C@H]3C[C@@H](O)CC(=O)O3)[C@H]21,1,6232
158617.0,COC(=O)C1=C(C)NC(C)=C(C(=O)OC(C)C)[C@H]1c1cccc2nonc12,1,6233
5388962.0,CCOC(=O)[C@H](CCc1ccccc1)N[C@@H](C)C(=O)N1CCC[C@H]1C(=O)O,0,6234
3033637.0,CN/C(=C\[N+](=O)[O-])NCCSCc1csc(CN(C)C)n1,0,6235
5459211.0,C[C@H]1[C@H](NC(=O)/C(=N/OC(C)(C)C(=O)O)c2csc(N)n2)C(=O)N1S(=O)(=O)O,0,6236
6604437.0,O=C(O)/C=C\c1ccc(Cn2ccnc2)cc1,0,6237
9604981.0,C=CC1=C(C(=O)O)N2C(=O)[C@@H](NC(=O)/C(=N\OCC(=O)O)c3csc(N)n3)[C@@H]2SC1,0,6238
189911.0,C[C@H]1CN(C2CCC(C#N)(c3ccc(F)cc3)CC2)CC[C@@]1(C(=O)O)c1ccccc1,0,6239
6604439.0,CCC(C)(C)C(=O)O[C@@H]1C[C@H](C)C=C2C=C[C@H](C)[C@@H](CC[C@H]3C[C@@H](O)CC(=O)O3)[C@H]21,1,6240
6604441.0,CCC(=O)O[C@@]1(C(=O)SCF)[C@@H](C)C[C@H]2[C@@H]3C[C@@H](F)C4=CC(=O)C=C[C@@]4(C)[C@]3(F)[C@@H](O)C[C@]21C,1,6241
60561.0,CC(=O)SC[C@@H](Cc1ccccc1)C(=O)NCC(=O)OCc1ccccc1,1,6242
6604442.0,COc1cc2nc(N(C)CCCNC(=O)[C@@H]3CCCO3)nc(N)c2cc1OC,0,6243
150716.0,O=C(O)COCCN1CCN([C@@H](c2ccccc2)c2ccc(Cl)cc2)CC1,0,6245
6604445.0,CC#C[C@@]1(O)CC[C@H]2[C@@H]3CCC4=CC(=O)CCC4=C3[C@H](c3ccc(N(C)C)cc3)C[C@]21C,1,6247
6604446.0,CCOC(=O)[C@H](CCc1ccccc1)N[C@@H](C)C(=O)N1[C@H](C(=O)O)C[C@H]2CCC[C@@H]21,0,6248
71771.0,O=C(O)COC(=O)Cc1ccccc1Nc1c(Cl)cccc1Cl,0,6250
6604448.0,CC(=O)N(CC(O)CN(C(C)=O)c1c(I)c(C(=O)NC[C@@H](O)CO)c(I)c(C(=O)NC[C@@H](O)CO)c1I)c1c(I)c(C(=O)NC[C@@H](O)CO)c(I)c(C(=O)NC[C@@H](O)CO)c1I,0,6251
2764.0,O=C(O)c1cn(C2CC2)c2cc(N3CCNCC3)c(F)cc2c1=O,0,6252
3476.0,CCC1=C(C)CN(C(=O)NCCc2ccc(S(=O)(=O)NC(=O)NC3CCC(C)CC3)cc2)C1=O,0,6253
441130.0,C[C@@H](O)[C@H]1C(=O)N2C(C(=O)O)=C(S[C@@H]3CN[C@H](C(=O)N(C)C)C3)[C@H](C)[C@H]12,0,6255
57267.0,CCc1cc(Cl)c(OC)c(C(=O)NC[C@@H]2CCCN2CC)c1O,0,6256
180933.0,O=C1C=CC(=O)c2c1ccc1c2ccc2ccccc21,0,6258
6603831.0,CN1CC[C@]2(C)c3cc(O)ccc3N(C)[C@@H]12,0,6259
6604452.0,S=C(NC1CCCCC1)N1CCC([C@H]2C=NC=N2)CC1,1,6260
3902.0,N#Cc1ccc(C(c2ccc(C#N)cc2)n2cncn2)cc1,1,6261
6603783.0,N[C@H](C(=O)N[C@@H]1C(=O)N2C(C(=O)O)=C(Cl)CS[C@@H]12)c1ccccc1,0,6263
6604453.0,CCN[C@@H]1C[C@H](C)S(=O)(=O)c2sc(S(N)(=O)=O)cc21,0,6264
6604454.0,CCN[C@@H]1CN(CCCOC)S(=O)(=O)c2sc(S(N)(=O)=O)cc21,0,6265
6604455.0,CC[N+]1(C)[C@H]2CC[C@@H]1CC(OC(=O)[C@H]1CC[C@@](C(=O)OC3C[C@@H]4CC[C@H](C3)[N+]4(C)CC)(c3ccccc3)c3ccccc31)C2,0,6266
25089409.0,CO[C@@H]1C[C@H](O[C@H]2[C@@H](C)[C@H](O[C@@H]3O[C@@H](C)C[C@@H](N(C)C)[C@@H]3OC(C)=O)[C@H](C)C[C@]3(CO3)C(=O)[C@H](C)[C@H](OC(C)=O)[C@H](C)[C@H](C)OC(=O)[C@@H]2C)O[C@H](C)[C@@H]1OC(C)=O,1,6267
6604457.0,CCN(CC)CCOC(=O)[C@@H](Cc1cccc2ccccc12)C[C@@H]1CCCO1,1,6268
6604460.0,CC[C@H]1[C@H](O)N2[C@H]3C[C@@H]1[C@@H]1[C@@H]2C[C@@]2(c4ccccc4N(C)[C@H]32)[C@H]1O,0,6271
185376.0,Cc1cccc(C)c1OC[C@H](C)N,0,6272
6604461.0,CCC(=O)OCC(=O)[C@@]1(OC(=O)CC)[C@H](C)C[C@@H]2[C@H]3CCC4=CC(=O)C=C[C@]4(C)[C@]3(Cl)[C@@H](O)C[C@@]21C,0,6273
71212.0,N[C@H](Cc1cc(I)c(Oc2ccc(O)c(I)c2)c(I)c1)C(=O)O,0,6274
7741.0,NCCc1ccn[nH]1,0,6275
6604465.0,CN(C)CCn1nnnc1SCC1=C(C(=O)O)N2C(=O)[C@@H](NC(=O)Cc3csc(N)n3)[C@@H]2SC1,0,6276
115244.0,C[N+]1(C)CCC[C@H]1C(=O)[O-],0,6277
11972603.0,CCN1C[C@@]2(COC)CC[C@H](OC)[C@]34[C@H]5C[C@H]6[C@H](OC)C[C@@]7(OCO[C@]7([C@H](O)[C@@H]23)[C@H]14)[C@@H]5[C@@H]6OC,0,6278
6604467.0,CO[C@H]1C=C2CCN(C)[C@@H]2[C@@H]2c3cc4c(cc3C(=O)O[C@@H]12)OCO4,0,6279
3941250.0,CCN(CC)CCOC(=O)C1(c2ccc([N+](=O)[O-])cc2)CCCC1,0,6280
6604469.0,CCN[C@]1(c2cccs2)CCCCC1=O,0,6282
3080827.0,Cc1cccc(C)c1NC(=O)[C@H](C)N,0,6283
6604470.0,CC[N+](CC)(CC)CC[C@](O)(c1ccccc1)C1CCCCC1,0,6284
6604471.0,COC(=O)Nc1nc2ccc(SC(C)C)cc2[nH]1,0,6285
6604155.0,C[N+]1(CCCCC[N+]2(C)CCCC2)CCCC1.O=C([O-])[C@@H](O)[C@@H](O)C(=O)O.O=C([O-])[C@@H](O)[C@@H](O)C(=O)O,0,6287
6419940.0,C[N+](C)(C)CCCCCC[N+](C)(C)C.O.O.[Br-].[Br-],0,6288
6202.0,Cc1ncc(C[n+]2csc(CCO)c2C)c(N)n1.Cl.[Cl-],0,6290
6604472.0,C[C@@H](Cc1ccccc1)NCCC(c1ccccc1)c1ccccc1.C[C@H](O)C(=O)O,0,6291
6419892.0,O.O.O.O.O=C([O-])c1ccccc1-c1c2cc(Br)c(=O)cc-2oc2c([Hg])c([O-])c(Br)cc12.[Na+].[Na+],0,6295
62881.0,CC(=O)N(O)CCCCCNC(=O)CCC(=O)N(O)CCCCCNC(=O)CCC(=O)N(O)CCCCCN.CS(=O)(=O)O,0,6298
8813.0,N=C(N)c1ccc(OCCCCCOc2ccc(C(=N)N)cc2)cc1.O=S(=O)(O)CCO.O=S(=O)(O)CCO,0,6299
6420048.0,O.O=C1C(O)=C(O)C(=O)C(O)=C1O,0,6300
441281.0,C[NH+](C)CCOC(c1ccccc1)c1ccccc1.Cn1c2nc(Cl)nc-2c([O-])n(C)c1=O,0,6303
23684991.0,CC(=O)O[C@H]1C[C@@]2(C)[C@H](C[C@@H](O)[C@H]3[C@@]4(C)CC[C@@H](O)[C@@H](C)[C@H]4CC[C@@]32C)/C1=C(/CCC=C(C)C)C(=O)[O-].[Na+],0,6305
6604484.0,CN[C@@H](C)[C@H]1CC[C@@H](N)[C@@H](O[C@H]2[C@@H](N)C[C@@H](N)[C@H](O[C@H]3OC[C@@](C)(O)[C@@H](NC)[C@@H]3O)[C@@H]2O)O1.CN[C@H]1[C@H](O)[C@@H](O[C@H]2[C@H](N)C[C@H](N)[C@H](O[C@H]3O[C@@H](CN)CC[C@H]3N)[C@H]2O)OC[C@@]1(C)O.CN[C@H]1[C@H](O)[C@@H](O[C@H]2[C@H](N)C[C@H](N)[C@H](O[C@H]3O[C@@H]([C@H](C)N)CC[C@H]3N)[C@H]2O)OC[C@@]1(C)O.O=S(=O)(O)O,0,6307
54705186.0,CO[C@H]1[C@@H](OC(N)=O)[C@H](O)[C@@H](Oc2ccc3c(O)c(NC(=O)c4ccc([O-])c(CC=C(C)C)c4)c(=O)oc3c2C)OC1(C)C.[Na+],0,6308
15432.0,CCN(CC)C(=O)N1CCN(C)CC1.O=C(O)CC(O)(CC(=O)O)C(=O)O,0,6309
6420002.0,Cl.Nc1c2c(nc3ccccc13)CCCC2.O,0,6310
264891.0,CCN(CC)CCc1nc(-c2ccccc2)no1.O=C(O)CC(O)(CC(=O)O)C(=O)O,0,6312
13456556.0,Cc1cc(C)nc([N-]S(=O)(=O)c2ccc(N)cc2)n1.[Na+],0,6313
17506.0,CCNCC.O=S(=O)(O)c1cc(O)ccc1O,0,6314
19518.0,CC[N+](CC)(CC(=O)Nc1c(C)cccc1C)Cc1ccccc1.O=C([O-])c1ccccc1,0,6315
6604495.0,C[C@@H](CN(C)C)CN1c2ccccc2Sc2ccccc21.C[C@@H](CN(C)C)CN1c2ccccc2Sc2ccccc21.O=C(O)[C@@H](O)[C@@H](O)C(=O)O,0,6317
470375.0,CC1(C)S[C@@H]2[C@H](NC(=O)[C@H](C(=O)[O-])c3ccsc3)C(=O)N2[C@H]1C(=O)[O-].[Na+].[Na+],0,6318
21718.0,CCN(CCCc1ccccc1)CCCc1ccccc1.O=C(O)CC(O)(CC(=O)O)C(=O)O,0,6319
6604497.0,CCC(=O)O[C@@](Cc1ccccc1)(c1ccccc1)[C@@H](C)CN(C)C.O=S(=O)(O)c1ccc2ccccc2c1,1,6320
522325.0,Cc1c(N(C)CS(=O)(=O)[O-])c(=O)n(-c2ccccc2)n1C.[Na+],0,6321
6604498.0,CN1[C@H]2CC[C@@H]1CC(OC(=O)[C@@H](CO)c1ccccc1)C2.CN1[C@H]2CC[C@@H]1CC(OC(=O)[C@@H](CO)c1ccccc1)C2.O.O=S(=O)(O)O,0,6322
64725.0,CC1(C)S[C@@H]2[C@H](NC(=O)COc3ccccc3)C(=O)N2[C@H]1C(=O)O.CC1(C)S[C@@H]2[C@H](NC(=O)COc3ccccc3)C(=O)N2[C@H]1C(=O)O.c1ccc(CNCCNCc2ccccc2)cc1,0,6323
91268.0,Cn1c(=O)c2[nH]cnc2n(C)c1=O.O,0,6324
6604503.0,C=C[C@H]1CN2CC[C@@H]1C[C@H]2[C@@H](O)c1ccnc2ccc(OC)cc12.Cl.O,0,6326
22529.0,CN1CCc2c(c3ccccc3n2Cc2ccccc2)C1.CN1CCc2c(c3ccccc3n2Cc2ccccc2)C1.O=S(=O)(O)c1cccc2c(S(=O)(=O)O)cccc12,0,6327
54705188.0,CN(C)[C@@H]1C(=O)C(C(N)=O)=C(O)[C@]2(O)C(=O)C3=C(O)c4c(O)cccc4[C@@](C)(O)[C@H]3[C@H](O)[C@@H]12.O.O,0,6328
6419954.0,CC(=O)[N-]S(=O)(=O)c1ccc(N)cc1.O.[Na+],0,6329
6604506.0,CC[C@@H]1CN2CCc3cc(OC)c(OC)cc3[C@H]2C[C@@H]1C[C@@H]1NCCc2cc(O)c(OC)cc21.Cl.Cl.O.O.O.O.O.O.O,0,6330
23684994.0,C=N[C@H](C(=O)N[C@@H]1C(=O)N2[C@@H](C(=O)[O-])C(C)(C)S[C@H]12)c1ccccc1.[Na+],0,6331
165542.0,CS(=O)(=O)O.OC(CCN1CCCCC1)(c1ccccc1)c1ccccc1,0,6333
23704143.0,CCOc1ccc2ccccc2c1C(=O)N[C@@H]1C(=O)N2[C@@H](C(=O)[O-])C(C)(C)S[C@H]12.O.[Na+],0,6336
23894.0,CC(O)(P(=O)([O-])O)P(=O)([O-])O.[Na+].[Na+],0,6337
6604513.0,CC1(C)[C@@H](OC(=O)CCC(=O)[O-])CC[C@]2(C)[C@@H]3C(=O)C=C4[C@H]5C[C@](C)(C(=O)[O-])CC[C@]5(C)CC[C@]4(C)[C@@]3(C)CC[C@@H]12.[Na+].[Na+],0,6338
6604515.0,CC(C)[C@@]1(NC(=O)[C@@H]2C[C@H]3c4cccc5[nH]cc(c45)C[C@@H]3N(C)C2)O[C@]2(O)[C@H]3CCCN3C(=O)CN2C1=O.CS(=O)(=O)O,0,6339
6604517.0,CC1=CC(=O)C2=C(C)C[C@@H](O)[C@H]3[C@H](C)C(=O)O[C@H]3[C@H]12.O,0,6340
6604518.0,C[C@@H]1O[C@H](O[C@H]2C[C@@H](O)[C@@]3(CO)[C@H]4[C@@H](O)C[C@]5(C)[C@@H](C6=CC(=O)OC6)CC[C@]5(O)[C@H]4CC[C@]3(O)C2)[C@@H](O)[C@H](O)[C@@H]1O.O.O.O.O.O.O.O.O,0,6341
6604520.0,C[C@@H]1O[C@H](O[C@@H]2[C@@H](Oc3cc(O)c4c(c3)O[C@H](c3ccc(O)cc3)CC4=O)O[C@@H](CO)[C@@H](O)[C@H]2O)[C@@H](O)[C@H](O)[C@@H]1O.O,0,6342
6604522.0,C/C=C(\C)C(=O)O.C/C=C(\C)C(=O)O.CO[C@@H]1CC[C@]2(C)[C@@H]3CC=C4[C@H]5CC(C)(C)[C@H](O)[C@@H](OC(C)=O)[C@]5(CO)[C@H](O)C[C@@]4(C)[C@@]3(C)CC[C@H]2[C@@]1(C)CO.O=C(O)[C@H]1OC[C@@H](O[C@H]2O[C@@H](CO)[C@@H](O)[C@@H](O)[C@@H]2O)[C@@H](O)[C@@H]1O[C@H]1O[C@@H](CO)[C@@H](O)[C@@H](O)[C@@H]1O,0,6343
6604526.0,Cl.O.O.O=C1CC[C@]2(O)[C@H]3Cc4ccc(O)c5c4[C@@]2(CCN3CC2CC2)[C@@H]1O5,0,6345
23684996.0,CCCC(=O)Nc1ncnc2c1ncn2[C@@H]1O[C@H]2COP(=O)([O-])O[C@@H]2[C@@H]1OC(=O)CCC.O.[Na+],0,6346
68540.0,Cl.NC(N)=NC(=O)c1nc(Cl)c(N)nc1N.O.O,0,6347
23684997.0,CC[C@]1([C@H]2O[C@@H]([C@@H]3O[C@](O)(CO)[C@@H](C)C[C@H]3C)C[C@H]2C)CC[C@@H]([C@]2(C)CC[C@@]3(C[C@@H](O)[C@@H](C)[C@@H]([C@H](C)[C@H](OC)[C@H](C)C(=O)[O-])O3)O2)O1.[Na+],0,6348
6604534.0,CC1=C(C(=O)O)N2C(=O)[C@@H](NC(=O)[C@@H](N)c3ccccc3)[C@@H]2SC1.O,0,6349
6604535.0,CC(C)[C@@]1(NC(=O)[C@@H]2C[C@H]3c4cccc5[nH]cc(c45)C[C@@H]3N(C)C2)O[C@]2(O)[C@H]3CCCN3C(=O)[C@H](Cc3ccccc3)N2C1=O.CS(=O)(=O)O,1,6350
6604539.0,Cc1ccsc1/C=C\C1=NCCCN1C.O=C(O)[C@@H](O)[C@@H](O)C(=O)O,0,6352
23684975.0,Cc1nnc(SCC2=C(C(=O)[O-])N3C(=O)[C@@H](NC(=O)Cn4cnnn4)[C@@H]3SC2)s1.[Na+],0,6353
6604542.0,O.O=C(O)[C@H]1[C@@H](O)CC[C@H]2CN3CCc4c([nH]c5ccccc45)[C@@H]3C[C@H]21,0,6354
23684999.0,Cn1nnnc1SCC1=C(C(=O)[O-])N2C(=O)[C@@H](NC(=O)[C@@H](O)c3ccccc3)[C@@H]2SC1.[Na+],0,6355
6604546.0,CN1CCCC[C@@H]1CCN1c2ccccc2Sc2ccc(S(C)=O)cc21.O=S(=O)(O)c1ccccc1,0,6356
6604548.0,C[C@H](N)[C@H](O)c1cccc(O)c1.O=C(O)[C@@H](O)[C@@H](O)C(=O)O.O=C(O)[C@@H](O)[C@@H](O)C(=O)O,0,6358
23663388.0,CO[C@]1(NC(=O)Cc2cccs2)C(=O)N2C(C(=O)[O-])=C(COC(N)=O)CS[C@H]21.[Na+],0,6359
6604550.0,NCC[C@H](O)C(=O)N[C@H]1C[C@@H](N)[C@@H](O[C@H]2O[C@@H](CN)[C@@H](O)[C@@H](O)[C@@H]2O)[C@@H](O)[C@@H]1O[C@H]1O[C@@H](CO)[C@@H](O)[C@@H](N)[C@@H]1O.O,0,6361
6419938.0,Cc1[nH]ccc2c1[nH]c1cc(=O)ccc12.Cl.O,0,6363
6604554.0,CN1CCc2cccc3c2[C@@H]1Cc1ccc(O)c(O)c1-3.CN1CCc2cccc3c2[C@@H]1Cc1ccc(O)c(O)c1-3.Cl.Cl.O,0,6364
38911.0,Cc1cc(C2CCCCC2)n(O)c(=O)c1.NCCO,0,6365
23692142.0,CO/N=C(\C(=O)N[C@@H]1C(=O)N2C(C(=O)[O-])=C(COC(N)=O)CS[C@@H]12)c1ccco1.[Na+],0,6369
6604561.0,CCOC(=O)c1ccc(OC(=O)CCCCCN=C(N)N)cc1.CS(=O)(=O)O,0,6370
6604564.0,CS(=O)(=O)O.Cc1ccc2c(c1)c1c3n2CCN[C@H]3CCC1,0,6372
6604566.0,CC(C)(CO)[C@H](O)C(=O)NCCC(=O)[O-].CC(C)(CO)[C@H](O)C(=O)NCCC(=O)[O-].O.[Ca+2],0,6373
16220118.0,Cc1cc(CC(=O)[O-])n(C)c1C(=O)c1ccc(Cl)cc1.[Na+],0,6374
62886.0,COc1ccc(C[C@@H]2c3cc(OC)c(OC)cc3CC[N@+]2(C)CCC(=O)OCCCCCOC(=O)CC[N@@+]2(C)CCc3cc(OC)c(OC)cc3[C@H]2Cc2ccc(OC)c(OC)c2)cc1OC.O=S(=O)([O-])c1ccccc1.O=S(=O)([O-])c1ccccc1,1,6375
23677829.0,Cc1ccc(C(=O)c2ccc(CC(=O)[O-])n2C)cc1.O.O.[Na+],0,6376
6604569.0,CCCN1C[C@H](CSC)C[C@H]2c3cccc4[nH]cc(c34)C[C@@H]21.CS(=O)(=O)O,1,6378
6604571.0,CN1CCCN=C1/C=C\c1cccc(O)c1.O=C(O)c1cc2ccccc2c(Cc2cc3ccccc3c(C(=O)O)c2O)c1O,0,6379
6604572.0,N[C@H](C(=O)N[C@@H]1C(=O)N2C(C(=O)O)=C(Cl)CS[C@@H]12)c1ccccc1.O,0,6380
6419975.0,COc1ccc(C(=O)NCc2cccnc2)cc1C(=O)NCc1cccnc1.O,1,6383
6604579.0,NC12CC3CC(CC(C3)C1)C2.NC12CC3CC(CC(C3)C1)C2.O=C(O)/C=C\C(=O)O,0,6384
6604580.0,O.O=C(O)[C@@H](O)[C@@H](O)C(=O)O.O=C(c1ccc(F)cc1)C1CCN(CCn2c(=O)[nH]c3ccccc3c2=O)CC1,0,6385
5362118.0,NCCCC[C@H](N[C@@H](CCc1ccccc1)C(=O)O)C(=O)N1CCC[C@H]1C(=O)O.O.O,0,6386
175533.0,CCCCCCC[N+](CC)(CC)CCCCc1ccc(Cl)cc1.Cc1ccc(S(=O)(=O)[O-])cc1,0,6387
6604582.0,C=C1[C@H](O)[C@]23CC[C@@H]4[C@H](C(=O)O)C[C@H](O[C@@H]5O[C@H](CO)[C@H](OS(=O)(=O)[O-])[C@@H](OS(=O)(=O)[O-])[C@@H]5OC(=O)CC(C)C)C[C@]4(C)[C@@H]2CC[C@@H]1C3.[K+].[K+],0,6389
23685002.0,C[C@@]12CCC(=O)C=C1C=C[C@@H]1[C@@H]2CC[C@]2(C)[C@@H]1CC[C@]2(O)CCC(=O)[O-].[K+],0,6390
9604985.0,CO/N=C(\C(=O)N[C@@H]1C(=O)N2C(C(=O)[O-])=C(C[N+]3(C)CCCC3)CS[C@@H]12)c1csc(N)n1.Cl.O,0,6391
6604588.0,CC(C)(C)NC(=O)[C@@H]1C[C@H]2CCCC[C@@H]2CN1C[C@H](O)[C@H](Cc1ccccc1)NC(=O)[C@@H](CC(N)=O)NC(=O)c1ccc2ccccc2n1.CS(=O)(=O)O,1,6392
6419943.0,NC(N)=NOCC[C@H](N)C(=O)O.O.O=S(=O)(O)O,0,6393
6604592.0,CN1CCC(=C2c3ccccc3CCc3sccc32)CC1.O=C(O)C[C@@H](O)C(=O)O,0,6395
135403649.0,CC1=NCCc2c1[nH]c1cc(O)ccc21.Cl.O.O,0,6396
23675318.0,CCn1cc(C(=O)[O-])c(=O)c2ccc(C)nc21.O.[Na+],0,6397
6604593.0,CCN1CCN(C(=O)N[C@H](C(=O)N[C@@H]2C(=O)N3C(C(=O)O)=C(CSc4nnnn4C)CS[C@@H]23)c2ccc(O)cc2)C(=O)C1=O.O.O,0,6398
6604595.0,O=C(O)/C=C\C(=O)O.O=c1[nH]c2ccccc2n1CCCN1CCC(n2c(=O)[nH]c3cc(Cl)ccc32)CC1,0,6399
6604596.0,CN[C@@H](C)CCC=C(C)C.CN[C@@H](C)CCC=C(C)C.O=C(O)[C@@H](O)[C@@H](O)[C@@H](O)[C@@H](O)C(=O)O,0,6400
5328770.0,N#C/C(=C\c1ccc(O)c(O)c1)C(=O)NCCCc1ccccc1,1,6401
2754.0,O=C1CCc2cc(OCCCCc3nnnn3C3CCCCC3)ccc2N1,1,6406
3878.0,Nc1nnc(-c2cccc(Cl)c2Cl)c(N)n1,0,6407
3331.0,NC(=O)OCC(COC(N)=O)c1ccccc1,0,6408
5910.0,CC[C@@H]1C(=O)OC[C@@H]1Cc1cncn1C,1,6411
6604696.0,OC[C@@H]1O[C@@H](n2cnc3c(NC4CCCC4)ncnc32)[C@H](O)[C@H]1O,0,6412
6604697.0,CC[C@@H](CO)NC(=O)[C@H]1C=C2c3cccc4c3c(cn4C)C[C@H]2N(C)C1,0,6413
3547.0,O=S(=O)(c1cccc2cnccc12)N1CCCNCC1,1,6414
39186.0,COc1ccc([C@@H]2Sc3ccccc3N(CCN(C)C)C(=O)[C@@H]2OC(C)=O)cc1,1,6415
6604698.0,CN1[C@@H]2CC(OC(=O)[C@H](CO)c3ccccc3)C[C@@H]1[C@H]1O[C@H]12,0,6416
929049.0,CN1[C@H](CC(=O)c2ccccc2)CCC[C@H]1C[C@H](O)c1ccccc1,0,6417
1550579.0,N[C@H](CCP(=O)(O)O)C(=O)O,0,6418
179394.0,N[C@@H](CCP(=O)(O)O)C(=O)O,0,6419
1617110.0,N[C@@H](CCCP(=O)(O)O)C(=O)O,0,6420
6604700.0,CC(C)[C@@H]1CN[C@H](C(=O)O)[C@@H]1CC(=O)O,0,6421
22880.0,CN[C@H](CC(=O)O)C(=O)O,0,6423
446873.0,N[C@H](CP(=O)(O)O)C(=O)O,0,6424
1268303.0,CN1CCc2cc3c(cc2[C@@H]1[C@@H]1C(=O)Oc2c1ccc1c2OCO1)OCO3,1,6425
6604702.0,N[C@@H](CSS(=O)(=O)[O-])C(=O)O,0,6426
6603957.0,NC[C@H](CP(=O)(O)O)c1ccc(Cl)cc1,0,6427
6604703.0,N=C(N)S/C=C\C(=O)O,0,6428
3080554.0,O=C(O)Cc1cccnc1C(=O)O,0,6430
71080.0,C[C@@H](N)C(=O)O,0,6431
107812.0,NCCS(=O)O,0,6434
1123.0,NCCS(=O)(=O)O,0,6435
83887.0,N[C@H](CC(=O)O)C(=O)O,0,6436
5960.0,N[C@@H](CC(=O)O)C(=O)O,0,6437
1549098.0,N[C@@H](CS(=O)O)C(=O)O,0,6438
23327.0,N[C@H](CCC(=O)O)C(=O)O,0,6439
750.0,NCC(=O)O,0,6441
3845.0,O=C(O)c1cc(=O)c2ccccc2[nH]1,0,6443
6575389.0,O=C(O)[C@H]1CCCNC1,0,6444
1884.0,O=C(O)c1cc(=O)c2ccc(Cl)cc2[nH]1,0,6445
6604706.0,NC[C@H](CS(=O)(=O)O)c1ccc(Cl)cc1,0,6446
6604707.0,Cc1o[nH]c(=O)c1C[C@@H](N)C(=O)O,0,6447
89643.0,NC1(C(=O)O)CCC1,0,6448
3082629.0,NC(=O)C[C@H](NC(=O)Cc1ccc(O)cc1O)C(=O)O,0,6449
6604708.0,C/C(=C\C=C/[C@@H](C)C(=O)O)[C@H]1CN[C@H](C(=O)O)[C@@H]1CC(=O)O,0,6450
1214.0,NC1(C(=O)O)CC(C(=O)O)C1,0,6451
6603885.0,N[C@H](C(=O)O)c1cc(=O)[nH]o1,0,6453
1779.0,O=C(O)c1cc(=O)c2c(Cl)cc(Cl)cc2[nH]1,0,6454
1515192.0,O=C(O)[C@@H]1C[C@@H](C(=O)O)CN1,0,6455
447196.0,N[C@@H](Cn1cc(I)c(=O)[nH]c1=O)C(=O)O,0,6457
6604709.0,N[C@@H](C(=O)O)c1ccc(C(=O)O)c(O)c1,0,6458
5311455.0,N[C@H](C(=O)O)c1ccc(C(=O)O)c(O)c1,0,6460
5311459.0,N[C@H](C(=O)O)c1ccc(C(=O)O)cc1,0,6461
6604713.0,N[C@@H](C(=O)O)c1ccc(O)c(C(=O)O)c1,0,6462
446355.0,C[C@@](N)(C(=O)O)c1ccc(C(=O)O)cc1,0,6464
3062646.0,N[C@@H](CCCCP(=O)(O)O)C(=O)O,0,6465
443586.0,N[C@H](C(=O)O)c1cc(O)cc(O)c1,1,6466
550758.0,CC(=O)N1CCN(C)CC1,0,6470
4392675.0,CC(=O)N1CC[N+](C)(C)CC1,0,6471
1960.0,NCCNS(=O)(=O)c1cccc2c(Cl)cccc12,1,6474
4314.0,NCCCCCCNS(=O)(=O)c1cccc2ccccc12,1,6475
4306.0,NCCCCCCNS(=O)(=O)c1ccc2c(Cl)cccc2c1,1,6476
3272524.0,NS(=O)(=O)c1cccc2c1c([N+](=O)[O-])cc1[nH]c(=O)c(=O)[nH]c12,0,6477
2735313.0,NCCCCCCCCCCNS(=O)(=O)c1cccc2c(Cl)cccc12,1,6478
6604716.0,CN1C(=O)COc2c(C(=O)N[C@@H]3CN4CCC3CC4)cc(Cl)cc21,0,6479
6604717.0,CSCC[C@H](C=O)NC(=O)[C@H](CC(C)C)NC(=O)[C@H](CC(C)C)NC(C)=O,0,6480
6604718.0,CC(=O)NCC(=O)N[C@H](CCC(=O)O)C(=O)O,0,6482
128618.0,CCCCOC(=O)c1cc2c(cn1)[nH]c1ccccc12,1,6483
6604719.0,O=C1CC2(CCCC2)CC(=O)N1CCNC[C@H]1COc2ccccc2O1,1,6484
6604720.0,O=C1CC2(CCCC2)CC(=O)N1CCCCNC[C@H]1COc2ccccc2O1,1,6485
5328779.0,N#C/C(=C\c1ccc(O)c(O)c1)C(=O)NCc1ccccc1,1,6486
9394.0,CC[N+](CC)(CCCNC1=CC(=O)C(NCCC[N+](CC)(CC)Cc2ccccc2)=CC1=O)Cc1ccccc1,0,6487
5351252.0,CC(C)C[C@H]1C(=O)N2CCC[C@@H]2[C@]2(O)O[C@](NC(=O)[C@@H]3C=C4c5cccc6[nH]c(Br)c(c56)C[C@H]4N(C)C3)(C(C)C)C(=O)N12,1,6488
5175.0,CCCCCCCNS(=O)(=O)c1cccc2c(Cl)cccc12,1,6489
124172.0,O=S(=O)(NCCCCCCc1ccccc1)c1cccc2c(Cl)cccc12,1,6490
2757788.0,NC(N)=Nc1ccc(Cl)cc1,0,6492
1858.0,COc1cc2c(CCNC(C)=O)c[nH]c2cc1Cl,1,6493
2532.0,CCCCC(C=O)NC(=O)C(CC(C)C)NC(=O)OCc1ccccc1,1,6494
132454.0,COc1ccc(Cl)cc1N=Nc1ncc[nH]1,1,6495
4282.0,CCNCCCNCCCNCCCNCC,0,6497
6604725.0,CN1C[C@H](C(=O)N[C@]2(C)O[C@@]3(O)[C@H]4CCCN4C(=O)[C@H](Cc4ccccc4)N3C2=O)C[C@H]2c3cccc4[nH]cc(c34)C[C@@H]21,1,6498
51173.0,NP(N)(=O)NC(=O)c1ccc(F)cc1,0,6500
3870203.0,O=[N+]([O-])c1cc(O)c(O)c([N+](=O)[O-])c1,0,6501
2120.0,O=C(O)CN1C(=O)c2cccc3cccc(c23)C1=O,0,6502
2052.0,N#CC(C#N)=Cc1ccc(O)c(O)c1,1,6503
5328768.0,N#C/C(=C\c1ccc(O)c(O)c1)C(N)=O,0,6504
4283.0,CCNCCCNCCCCNCCCNCC,0,6506
5026275.0,CN(CCc1ccc(Cl)c(Cl)c1)CCN1CCCCCC1,1,6507
126388.0,CN(CCc1ccc(Cl)c(Cl)c1)CCN1CCCC1,0,6508
6604729.0,C(=C\c1ccccc1)\CN1CCN(CCOC(c2ccccc2)c2ccccc2)CC1,0,6509
128795.0,CCOc1ccc(Cc2nc3cc(N=C=S)ccc3n2CCN(CC)CC)cc1,1,6510
68186.0,O=C1NCN(c2ccccc2)C12CCN(CCCOc1ccc(F)cc1)CC2,0,6511
3246939.0,CCCCCC(=O)O[C@H](CC(=O)O)C[N+](C)(C)C,0,6512
167962.0,C[N+](C)(CCCCCC[N+](C)(C)CCCN1C(=O)c2ccccc2C1=O)CCCN1C(=O)c2ccccc2C1=O,0,6513
6604731.0,O=C(NCCCN1CCCCCC1)[C@@H](c1ccccc1)C1CCCCC1,1,6514
6604732.0,O=C(O)/C=C\CO,0,6515
3545.0,O=S(=O)(c1cccc2cnccc12)N1CCNCC1,1,6516
168382.0,CCCCCCCCCCCC(=O)O[C@H](CC(=O)O)C[N+](C)(C)C,0,6517
689113.0,CC[C@@H](CO)NC(=O)[C@H]1C=C2c3cccc4[nH]cc(c34)C[C@H]2N(C)C1,0,6518
114745.0,S=C=Nc1cccc(C2(N3CCCCC3)CCCCC2)c1,1,6521
3036027.0,CN(CCc1ccc(Cl)c(Cl)c1)[C@H]1CCCC[C@H]1N1CCCC1,1,6523
6604734.0,COC(=O)C1=C(C)NC(C)=C(C(=O)OCCSc2ccccc2)[C@@H]1C,1,6524
912.0,CNCCc1cnc[nH]1,0,6525
6604735.0,COC(=O)/C=C\c1cc(O)ccc1O,0,6526
5328769.0,C[C@H](NC(=O)/C(C#N)=C/c1ccc(O)c(O)c1)c1ccccc1,1,6528
969502.0,CSc1ccc2c(c1)[C@H](N1CCN(C)CC1)Cc1ccccc1S2,0,6529
4141.0,Cc1ccc(C[N+](C)(C)C)o1,0,6530
4549.0,O=C(O)c1cc([N+](=O)[O-])ccc1NCCCc1ccccc1,0,6531
157132.0,COCCOC(=O)C1=C(C)NC(C)=C(C(=O)OC(C)C)[C@@H]1c1cccc([N+](=O)[O-])c1,1,6532
6604736.0,CCCCCCCCCCCCCCCCCCc1ccc(C(=O)/C=C\C(=O)O)cc1,0,6535
1449.0,C#CCCCCCCCCCCCCCCCC(=O)O,0,6536
157837.0,CCC(=O)O[C@H](CC(=O)O)C[N+](C)(C)C,0,6538
6604737.0,O=C(c1ccccc1)[C@@H]1O[C@H]1c1ccc(-c2ccccc2)cc1,0,6539
5328775.0,N#C/C(=C\c1ccc(O)c(O)c1)C(=O)NCCCCc1ccccc1,1,6540
5034182.0,Cc1nc(N=Nc2ccc(S(=O)(=O)[O-])cc2S(=O)(=O)[O-])c(COP(=O)([O-])[O-])c(C=O)c1O,0,6542
135484655.0,O=c1nc2ccccc2c2n1C[C@H](CN1CCN(c3ccccc3)CC1)N2,0,6543
6604739.0,C[C@@H](Cc1cccc(C(F)(F)F)c1)NCCCc1ccccc1,1,6544
6604740.0,O=C(/C=C\c1ccc(O)c(O)c1)O[C@@H](Cc1ccc(O)c(O)c1)C(=O)O,0,6545
6604741.0,CCCCCCCCCCCCC/C=C\[C@@H](O)[C@@H](N)CO,0,6546
66977.0,NC(N)=NCCCCCCCCCCN=C(N)N,0,6547
2689.0,CN1CCN(c2nc3cc(C(F)(F)F)ccc3n3cccc23)CC1,0,6548
671690.0,CN1[C@H]2CC[C@@H]1CC(OC(=O)c1cc(Cl)cc(Cl)c1)C2,0,6549
68600.0,Cc1cc(C)cc(C(=O)OC2C[C@@H]3CC[C@H](C2)N3C)c1,0,6550
6604743.0,C[C@@H](CCCCC(=O)Nc1ccc(C(F)(F)F)cc1)NCCc1cnc[nH]1,1,6551
132496.0,CCCCCCN(CCCCCC)C(=O)Cc1c(-c2ccc(F)cc2)[nH]c2ccccc12,1,6552
3995234.0,CCCCCCN(CCCCCC)C(=O)Cc1c(-c2ccc(Cl)cc2)[nH]c2ccc(Cl)cc12,1,6553
6604744.0,COc1ccccc1N1CCN(C[C@@H]2CN3C(=O)N(C)c4ccccc4C3=N2)CC1,1,6554
6322.0,NC(N)=NCCC[C@H](N)C(=O)O,0,6555
440005.0,NC(=NCCC[C@H](N)C(=O)O)N[N+](=O)[O-],0,6556
39836.0,COC(=O)[C@@H](N)CCCN=C(N)N[N+](=O)[O-],0,6557
126688.0,Cc1nc(N)sc1CCN,0,6558
1549477.0,CC(C)C[C@@H](NC(=O)OCC1c2ccccc2-c2ccccc21)C(=O)O,0,6560
122334.0,CCCN[C@@H]1CCc2c(OC)cccc2[C@@H]1C,0,6561
4018512.0,COc1ccc2[nH]c(-c3ccccc3)c(CCNC(C)=O)c2c1,1,6562
132449.0,CC(Oc1ccc(O)cc1)(P(=O)(O)O)P(=O)(O)O,0,6563
3978951.0,Cc1nc(N=Nc2cc(S(=O)(=O)[O-])ccc2S(=O)(=O)[O-])c(COP(=O)([O-])[O-])c(C=O)c1O,0,6564
3073763.0,Clc1ccc([C@@H]2C[C@H]3CC[C@@H]2N3)cn1,0,6565
676392.0,COc1ccc2c3c1O[C@H]1C[C@H](O)C=C[C@@]31CCN(C)C2,0,6566
909982.0,CC(=O)O[C@@H]1CN2CCC1CC2,0,6568
6604747.0,CC(=O)O[C@H]1C[C@H]2CC[C@H]3[C@H](CC[C@@]4(C)[C@H](OC(C)=O)[C@H]([N+]5(C)CCCCC5)C[C@H]34)[C@@]2(C)C[C@@H]1[N+]1(C)CCCCC1,0,6569
65854.0,Clc1cccc(SC2CCNCC2)n1,0,6570
1795545.0,C[C@](N)(CCP(=O)(O)O)C(=O)O,0,6571
6603794.0,NS(=O)(=O)c1cc2c(cc1Cl)N[C@@H]([C@@H]1C[C@@H]3C=C[C@H]1C3)NS2(=O)=O,1,6572
688598.0,CC(=O)ON(C(C)=O)S(=O)(=O)c1ccc(Cl)cc1,0,6574
2457.0,c1ccc2nc(C3=NCCN3)ccc2c1,0,6575
4520732.0,c1ccc2nc(C3=NCCN3)cnc2c1,0,6576
1649.0,O=[N+]([O-])c1cccc2c(Br)[nH]nc12,1,6577
127902.0,c1ccc2sc(N3CCN(Cc4ccc5c(c4)OCO5)CC3)nc2c1,1,6578
115348.0,COc1ccc2[nH]c(I)c(CCNC(C)=O)c2c1,1,6579
2396.0,CN(C)CCCn1cc(C2=C(c3c[nH]c4ccccc34)C(=O)NC2=O)c2ccccc21,1,6580
108092.0,CCN(CC)CCOc1ccc(Cc2ccccc2)cc1,0,6581
6604750.0,CCCCCCCCCCCCC/C=C\[C@@H](O)[C@H](CO)NC(C)=O,0,6582
6604752.0,C[C@@H](C(=O)OC1C[C@@H]2CC[C@H](C1)N2C)c1ccc(Br)cc1,0,6584
2790.0,NC(=NCc1ccc(Cl)cc1)SCCCc1cnc[nH]1,1,6586
6604754.0,Oc1ccc2c3c1O[C@H]1c4c(c5ccccc5n4Cc4ccccc4)C[C@]4(O)[C@H](C2)N(CC2CC2)CC[C@@]314,1,6587
65388.0,Nc1c[n+](N2CCOCC2)no1,0,6588
6604755.0,O[C@H]1CN2CC[C@H](O)[C@@H]2[C@@H](O)[C@H]1O,0,6589
5289501.0,C/C(=C\c1ccc(C(=O)O)cc1)c1ccc2c(c1)C(C)(C)CCC2(C)C,0,6591
127898.0,O=C(NCCN1CCCCC1)c1ccc(I)cc1,0,6592
123924.0,C=CCN1C[C@H](C)N([C@H](c2ccc(C(=O)N(CC)CC)cc2)c2cccc(OC)c2)C[C@H]1C,1,6593
2377.0,CNCCCCOc1ccccc1Cc1ccccc1,1,6594
4602899.0,COc1cccc(CNc2ccc3nc(-c4ccc(N)cc4)c(OC)n3n2)c1,1,6595
54685919.0,CC1(C)N([O-])C(c2ccc(C(=O)O)cc2)=[N+]([O-])C1(C)C,0,6596
6604756.0,CCCN(CCC)[C@@H]1CCc2c(OC)cccc2[C@@H]1C,0,6597
3082718.0,CN(C(=O)Cc1ccc(Cl)c(Cl)c1)[C@H](CN1CCCC1)c1ccccc1,1,6598
3035746.0,NC(=NCCc1ccc(I)cc1)SCCCc1cnc[nH]1,1,6599
6604757.0,O=C(O)/C=C1\CCCc2ccccc2[C@H]1O,0,6600
132059.0,CS(=O)(=O)Nc1ccc(Cc2noc(-c3ccc4[nH]cc(CCN)c4c3)n2)cc1,1,6601
1645.0,NC(=O)c1cccc(N)c1,0,6602
127914.0,CN(C(=O)Cc1ccc(Cl)c(Cl)c1)[C@H](CN1CCCC1)c1cccc(N=C=S)c1,1,6603
44602.0,NC[C@H](CC(=O)O)c1ccc(Cl)cc1,0,6604
6604760.0,C[C@@H](CC(=O)O)[C@@H](N)C(=O)O,0,6606
6604761.0,N[C@@H](C(=O)O)[C@H](CC(=O)O)c1ccc(Cl)cc1,0,6607
6603876.0,CN(C(=O)Cc1ccc(Cl)c(Cl)c1)[C@@H](CN1CCCC1)c1cccc(OCC(=O)O)c1,0,6608
6604762.0,N#Cc1ccccc1OC[C@H](O)CNCCNC(=O)Nc1ccccc1,0,6610
134778.0,NC(=O)CCCCn1ccc(NC(N)=NCC(F)(F)F)n1,0,6611
91536.0,CC(C)NC[C@H](O)COc1cccc2ccccc12,0,6612
7333.0,Cc1ccccc1N=C(N)Nc1ccccc1C,0,6614
6604764.0,OC[C@@H](O)COc1cccc2ccccc12,0,6616
6604765.0,C[C@@](N)(C(=O)O)c1ccc(P(=O)(O)O)cc1,0,6617
6604766.0,C[C@@](N)(C(=O)O)c1ccc(S(=O)(=O)O)cc1,0,6618
6604767.0,C[C@](N)(C(=O)O)c1ccc(-c2nn[nH]n2)cc1,0,6619
6604768.0,C[C@@](N)(C(=O)O)c1cccc(CC(=O)O)c1,0,6620
6604769.0,O=C(O)[C@@H]1C[C@@H](C(=O)O)N1,0,6621
132837.0,CC(=O)N[C@@H](Cc1c[nH]c2ccccc12)C(=O)OCc1cc(C(F)(F)F)cc(C(F)(F)F)c1,1,6623
122162.0,CC(=O)NCCc1c(Cc2ccccc2)[nH]c2ccccc12,1,6625
4671.0,CCCCCCCCCCCCCCCC(=O)NCCO,0,6626
10783.0,Cc1ncsc1CCCl,0,6627
574780.0,CN1CCN(CCc2ccc(Cl)c(Cl)c2)CC1,0,6628
6604773.0,Oc1cc2c(cc1O)[C@H]1c3ccccc3CN[C@H]1CC2,0,6629
643497.0,CCN1CCC[C@@H]1CNC(=O)c1cc(S(N)(=O)=O)ccc1OC,0,6631
4284525.0,COC(=O)Nc1ccc2[nH]cc(CCNC(C)=O)c2c1,0,6632
54682505.0,O=c1[nH]c2cc(Cl)ccc2c(O)c1-c1cccc(Oc2ccccc2)c1,0,6636
108029.0,COc1ccc2[nH]cc(C3=CCNCC3)c2c1,1,6637
6604776.0,CN1[C@H]2CC[C@@H]1CC(OC(c1ccc(F)cc1)c1ccc(F)cc1)C2,0,6639
6604777.0,CN1CC[C@@]2(c3cccc(O)c3)Cc3nc4ccccc4cc3C[C@H]2C1,0,6641
3036864.0,CN1CCc2cc(Cl)c(O)cc2[C@@H](c2ccccc2)C1,0,6642
6604778.0,COC(=O)/C=C\C(=O)N[C@@H]1CC[C@@]2(O)[C@H]3Cc4ccc(O)c5c4[C@@]2(CCN3CC2CC2)[C@@H]1O5,0,6643
6604779.0,O=C(O)COc1ccc(OCCNC[C@@H](O)COc2ccccc2)cc1,0,6644
3035842.0,c1ncc(CC2CCNCC2)[nH]1,0,6645
3994476.0,COc1ccccc1N1CCN(CCCCN2C(=O)CCC2=O)CC1,0,6646
5311093.0,CCCCCCCC/C=C\CCCCCCCC(=O)NCc1ccc(O)c(OC)c1,1,6647
6398997.0,CC(=O)/C(C)=N\O,0,6648
1727.0,Nc1ccncc1,0,6649
6604782.0,CCCCCCC(C)(C)c1ccc([C@@H]2C[C@H](O)CC[C@@H]2CCCO)c(O)c1,1,6651
85237.0,NC1=NCCCC1,0,6652
188914.0,CN(C)CCN(C)CCc1ccc(Cl)c(Cl)c1,0,6653
2201.0,O=C(O)c1c2ccccc2cc2ccccc12,0,6655
120760.0,C[C@H]1C[C@H](C)C(=O)[C@@H]([C@H](O)CC2CC(=O)NC(=O)C2)C1,0,6657
6604784.0,N[C@@](C(=O)O)(c1ccc(P(=O)(O)O)cc1)C1CC1,0,6659
6604786.0,N[C@H](C(=O)O)C1[C@H](C(=O)O)[C@H]1C(=O)O,0,6661
6604787.0,CC1(C)CO[C@H](CC(=O)O)CN1,0,6662
3894573.0,CC(C)(Cc1c[nH]c2ccc(Cl)cc12)NCCOc1ccccc1OCC1CC1,1,6663
6603891.0,CCn1ccnc1C[C@@H]1COc2ccccc2O1,0,6664
6604788.0,CCS(=O)(=O)N1CCC[C@H]2CN3CCc4cc(OC)ccc4[C@@H]3C[C@@H]21,1,6665
6604789.0,Cn1cc(C(=O)C(=O)N[C@H]2CN3CCC2CC3)c2ccccc21,0,6666
183782.0,CCCCN1CCC(CCC(=O)c2cc(Cl)c(N)cc2OC)CC1,0,6667
5145950.0,COc1cc(COc2cc(N)c(Cl)cc2C(=O)CCC2CCN(CCNS(C)(=O)=O)CC2)cc(OC)c1,1,6668
6604790.0,CC(C)NC[C@@H](O)COc1ccccc1-n1cccc1,0,6669
6604791.0,CC(C)(C)NC[C@@H](O)COc1cccc2[nH]c(C#N)cc12,1,6670
155030.0,CC(C)NC[C@@H](O)COc1cccc2[nH]ccc12,0,6671
154412.0,CN1CCN2c3ccccc3Cc3ccccc3[C@@H]2C1,0,6672
6604792.0,N=C(C[C@@H](O)COc1ccccc1-c1ccccc1)N1CCCCC1,0,6673
3938007.0,CCN(c1ccccc1)c1cc(NC)[n+](C)c(C)n1,0,6674
6244.0,C[N+](C)(C)CC[N+]1(C)Cc2c(Cl)c(Cl)c(Cl)c(Cl)c2C1,0,6675
5311200.0,Clc1ccc(N2CCN(Cc3c[nH]c4ncccc34)CC2)cc1,0,6676
135409468.0,Clc1ccc2c(c1)N=C(N1CCNCC1)c1ccccc1N2,1,6677
6604793.0,CC[C@@](N)(C(=O)O)c1ccc(C(=O)O)cc1,0,6678
4355450.0,CC(C)Oc1cccc(-n2c(CCc3c[nH]c4ccc(Br)cc34)nc3ccccc3c2=O)c1,1,6679
1533.0,Cc1ccnc(N)c1,0,6681
6604795.0,Cc1o[nH]c(=O)c1CC[C@H](N)C(=O)O,0,6682
9604990.0,O=C(Nc1ccccc1)[C@@]12C[C@@H]1/C(=N/O)c1ccccc1O2,0,6683
11972613.0,CCN1C[C@]2(COC(=O)c3ccccc3N3C(=O)C[C@H](C)C3=O)CC[C@H](OC)[C@@]34[C@H]2[C@H](OC)[C@@](O)([C@@H]13)[C@@]1(O)C[C@H](OC)[C@H]2C[C@@H]4[C@H]1[C@H]2OC,0,6684
6604798.0,CCC(=O)N[C@@H]1Cc2ccccc2[C@@H](c2ccccc2)C1,1,6686
6604799.0,CCC(=O)N[C@@H]1CCc2cccc(OC)c2C1,0,6687
4705.0,COc1cc2ncnc(Nc3cccc(Br)c3)c2cc1OC,1,6689
6604800.0,Cc1c(C(=O)c2ccc3ccccc3c2)c2cccc3c2n1[C@H](CN1CCOCC1)CO3,1,6690
82320.0,CCn1c(=O)[nH]c2ccccc21,0,6691
168868.0,CC[N+](C)(CC)CC(=O)Nc1c(C)cccc1C,0,6692
4577404.0,NS(=O)(=O)c1cccc2c1c([N+](=O)[O-])cc1nc([O-])c([O-])nc12,0,6693
6604802.0,N[C@@H](C(=O)O)c1cc(O)ccc1Cl,1,6696
6604803.0,CS(=O)(=O)Nc1c(O)ccc2c1CCC[C@H]2C1=NCCN1,0,6697
688095.0,CC(C)NC[C@H](O)COc1cccc2[nH]ccc12,0,6700
6604808.0,CCNC(=O)[C@H]1O[C@H](n2cnc3c(N)nc(NCCc4ccc(CCC(=O)O)cc4)nc32)[C@@H](O)[C@@H]1O,0,6701
3645619.0,Cc1cccc(C(=O)NCN2CCN(c3ccccc3C#N)CC2)c1,0,6702
6604810.0,N[C@]1(C(=O)O)CCc2cc(P(=O)(O)O)ccc21,0,6704
4377504.0,COc1cc2c(cc1OC)C(c1ccc(N)cc1)=NNC(=O)C2,1,6706
135484656.0,Nc1nc2c(nc(Br)n2[C@@H]2O[C@H]3COP(=O)([O-])O[C@H]3[C@@H]2O)c(=O)[nH]1,0,6707
3410883.0,c1ccc2cc(C3=NCCN3)ncc2c1,0,6708
40632.0,Cc1ccc(=O)n(-c2ccccc2)c1,0,6709
941731.0,CN1CCN(C(=O)O[C@@H]2c3nccnc3C(=O)N2c2ccc(Cl)cn2)CC1,0,6710
26757.0,C#CCN(C)[C@H](C)Cc1ccccc1,0,6711
6604815.0,C=C[C@@]1(C)CC(=O)[C@]2(O)[C@](C)(O1)[C@@H](OC(C)=O)[C@@H](O)[C@H]1C(C)(C)CC[C@H](O)[C@@]12C,1,6712
688561.0,CC[C@H](NC(C)C)[C@H](O)c1ccc(O)c2[nH]c(=O)ccc12,0,6713
456201.0,CC(=O)N1CCN(c2ccc(OC[C@H]3CO[C@](Cn4ccnc4)(c4ccc(Cl)cc4Cl)O3)cc2)CC1,1,6714
6604818.0,CCN(CC)C[C@@H]1CCCCN1CC(=O)N1c2ccccc2C(=O)Nc2cccnc21,1,6716
4302960.0,COc1ccccc1N1CCN(CCCCNC(=O)c2ccc(-c3ccc(C(C)=O)cc3)cc2)CC1,0,6718
6604820.0,NC1(C(=O)O)C[C@H](C(=O)O)[C@H](C(=O)O)C1,0,6720
6604821.0,O=C1CS[C@@H](c2ccccc2Cl)c2cc(Cl)ccc2N1,0,6721
6604822.0,CCCCC/C=C\C/C=C\C/C=C\C/C=C\CCCC(=O)Nc1ccc(O)cc1,1,6723
4302963.0,COc1ccc(C(=O)c2c(C)n(CCN3CCOCC3)c3cc(I)ccc23)cc1,1,6724
60602.0,COC(=O)C1=C(C)NC(C)=C(C(=O)OCCCN2CCC(c3ccccc3)(c3ccccc3)CC2)[C@H]1c1cccc([N+](=O)[O-])c1,0,6725
6546956.0,COC(=O)[C@@H]1[C@@H](O)CC[C@H]2CN3CCc4c([nH]c5ccccc45)[C@@H]3C[C@@H]12,0,6727
135412725.0,NCCCNCCCCN(CCCN)/[N+]([O-])=N/O,0,6728
2733506.0,CC(N)=NCCCC[C@H](N)C(=O)O,0,6729
6604827.0,COc1ccc(CCCO[C@@H](Cn2ccnc2)c2ccc(OC)cc2)cc1,1,6731
3597695.0,O=C(Nc1ccc(C(=O)Nc2ccc(C(=O)Nc3ccc(S(=O)(=O)[O-])c4cc(S(=O)(=O)[O-])cc(S(=O)(=O)[O-])c34)cc2)cc1)Nc1ccc(C(=O)Nc2ccc(C(=O)Nc3ccc(S(=O)(=O)[O-])c4cc(S(=O)(=O)[O-])cc(S(=O)(=O)[O-])c34)cc2)cc1,0,6732
447180.0,CCCN=C(N)NCCC[C@H](N)C(=O)O,0,6733
3960826.0,Cc1ncc2c(c1O)COP(=O)(O)OC2,0,6734
6604829.0,N[C@](CC1c2ccccc2Oc2ccccc21)(C(=O)O)[C@@H]1C[C@@H]1C(=O)O,0,6737
4713.0,COc1cccc(-c2cc(=O)c3ccccc3o2)c1N,1,6738
3467177.0,CCCCC(=O)NCCc1c(Cc2ccccc2)[nH]c2ccccc12,1,6739
5311218.0,N[C@H](C(=O)O)[C@H](OCc1ccccc1)C(=O)O,0,6742
1598.0,NCCOB(c1ccccc1)c1ccccc1,1,6743
6604836.0,CNc1ccc2oc(C[C@H]3O[C@]4(CC[C@H]3C)O[C@H]([C@H](C)C(=O)c3ccc[nH]3)[C@H](C)C[C@H]4C)nc2c1C(=O)O,1,6745
2374.0,CC(C)(C)c1cc(O)c(C(C)(C)C)cc1O,0,6746
5311261.0,Cc1cc(C(=O)O)ccc1[C@H](N)C(=O)O,0,6747
3337816.0,O=C(O)Cc1cc2ccccc2nc1C(=O)O,0,6748
3315620.0,O=C(Nc1cccc(C(=O)Nc2ccc(S(=O)(=O)[O-])c3cc(S(=O)(=O)[O-])cc(S(=O)(=O)[O-])c23)c1)Nc1cccc(C(=O)Nc2ccc(S(=O)(=O)[O-])c3cc(S(=O)(=O)[O-])cc(S(=O)(=O)[O-])c23)c1,0,6749
6604838.0,O=C(O)[C@H]1C[C@@H](CP(=O)(O)O)CCN1,0,6750
4534086.0,N=C(N)SCCc1ccc(OCc2ccc([N+](=O)[O-])cc2)cc1,0,6751
130022.0,NCCCP(=O)(O)CC1CCCCC1,0,6754
58144.0,CN1Cc2ccccc2[C@@H]2c3cccc4[nH]cc(c34)C[C@H]21,1,6756
128019.0,N[C@@H](Cc1cc(CP(=O)(O)O)cc(-c2ccccc2Cl)c1)C(=O)O,0,6757
6604839.0,N[C@@H](Cc1cc(-c2ccc(Cl)cc2Cl)cc(CP(=O)(O)O)c1O)C(=O)O,0,6758
6604840.0,COc1ccccc1N1CCN(C[C@@H](C(=O)NC(C)(C)C)c2ccccc2)CC1,1,6759
6604842.0,CC[C@]1(O)C[C@@H]2CN(CCc3c([nH]c4ccccc34)[C@](C(=O)OC)(c3cc4c(cc3OC)N(C)[C@H]3[C@](O)(C(=O)OC)[C@@H](C(=O)OC)[C@@]5(CC)C=CCN6CC[C@@]43[C@@H]65)C2)C1,1,6760
176077.0,OC[C@H]1NC[C@H](O)[C@@H](O)[C@H]1O,0,6761
6604844.0,OC[C@H]1NC[C@@H](O)[C@@H](O)[C@H]1O,0,6762
149784.0,CCCCCC[C@@H]([C@@H](C)O)n1cnc2c(N)ncnc21,1,6763
107896.0,COc1ccc(-c2ccc(=N)n(CCCC(=O)O)n2)cc1,0,6764
5169.0,Oc1ccc(-c2nc(-c3ccc(F)cc3)c(-c3ccncc3)[nH]2)cc1,1,6765
6604845.0,COc1ccc2c(c1)CC[C@H]1[C@@H]2CC[C@@]2(C)[C@@H](NCCCCCCN3C(=O)C=CC3=O)CC[C@@H]12,0,6766
6604846.0,NC(N)=Nc1ccc2[nH]c3c(c2c1)C[C@]1(O)[C@@H]2Cc4ccc(O)c5c4[C@]1(CCN2CC1CC1)[C@@H]3O5,0,6767
6604847.0,CCN(CC)c1ncnc2c1ncn2[C@@H]1O[C@@H](COP(=O)(O)OP(=O)(O)C(Br)(Br)P(=O)(O)O)[C@H](O)[C@H]1O,0,6768
6604848.0,COc1ccc(C[C@H]2NC[C@H](O)[C@@H]2OC(C)=O)cc1,0,6769
6603738.0,C[C@@H](/C=C\c1cccc(Oc2ccc(F)cc2)c1)N(O)C(N)=O,1,6770
2987927.0,CCOC(=O)C1=C(C)NC(=S)NC1c1cccc(O)c1,1,6771
6604850.0,CC1(COc2ccc(C[C@H]3SC(=O)NC3=O)cc2)CCCCC1,1,6772
4029677.0,CCCOc1ccc2[nH]cc(C3=CCNCC3)c2n1,1,6773
5730.0,Cc1ccc(NC(=O)c2cccc(N(C)C)c2)cc1NC(=O)c1ccc(O)cc1,1,6774
119376.0,Cn1cc(C(=O)OCC2CCN(CCNS(C)(=O)=O)CC2)c2ccccc21,0,6775
3567002.0,Cc1c[nH]c(=O)n(CCCN2CCN(c3ccccc3OCC(F)(F)F)CC2)c1=O,1,6776
6604852.0,CC(C)(c1ccc(OC[C@@H]2CO2)cc1)c1ccc(OC[C@H]2CO2)cc1,0,6777
6603905.0,CCOC(=O)c1ncn2c1[C@H]1CCCN1C(=O)c1cc(OC)ccc1-2,0,6778
3373.0,CCOC(=O)c1ncn2c1CN(C)C(=O)c1cc(F)ccc1-2,0,6779
6604854.0,CCCCN1CCC[C@@H]1CNC(=O)c1cc(C#N)c2ccccc2c1OC,1,6781
43345.0,CCC(C)(C)N=C(NC#N)Nc1cccnc1,1,6782
6604857.0,Cc1cc([C@](C)(N)C(=O)O)ccc1P(=O)(O)O,0,6784
126769.0,Cn1ccc2cc(NC(=O)Nc3cccnc3)ccc21,1,6785
3277600.0,Cc1cc(NC(=O)Nc2ccc3c(ccn3C)c2)sn1,1,6786
443390.0,COc1cc2c(cc1C(F)(F)F)N(C(=O)Nc1cc(F)cc(-c3cccnc3)c1)CC2,1,6787
6604858.0,COC(=O)[C@H](NC(=O)c1cc(-c2ccccc2)nc2ccccc12)c1ccccc1,1,6788
2415.0,COc1ccc2c(c1)c(CC(=O)N1CCOCC1)c(C)n2C(=O)c1ccc(Cl)cc1,1,6790
6604859.0,CCOC(=O)C1=C(C)NC(c2ccccc2)=C(C(=O)OCc2ccc([N+](=O)[O-])cc2)[C@@H]1C#Cc1ccccc1,1,6791
4469.0,O=C(Nc1cc(C(=O)Nc2ccc(S(=O)(=O)[O-])cc2S(=O)(=O)[O-])cc(C(=O)Nc2ccc(S(=O)(=O)[O-])cc2S(=O)(=O)[O-])c1)Nc1cc(C(=O)Nc2ccc(S(=O)(=O)[O-])cc2S(=O)(=O)[O-])cc(C(=O)Nc2ccc(S(=O)(=O)[O-])cc2S(=O)(=O)[O-])c1.[Na+].[Na+].[Na+].[Na+].[Na+].[Na+].[Na+].[Na+],0,6792
135484658.0,CN=C1N[C@H](c2ccccc2)N(c2ccccc2)S1,1,6795
3423.0,COC(=O)c1c(C)[nH]c(C)c1C(=O)c1ccccc1Cc1ccccc1,1,6797
6604861.0,CC1=C(O)C(=O)[C@H]2O[C@@H]2C1=O,0,6798
3663963.0,CC(C)(C)Cn1nc(-c2ccc(Cl)cc2)c2c(N)ncnc21,0,6799
6438792.0,CCOC(=O)[C@H](N)/C=C(\C)CP(=O)(O)O,0,6800
656765.0,CCn1c(=O)[nH]c2cc(Cl)c(Cl)cc21,1,6803
6604866.0,C[C@@H](C1=C(CCN(C)C)Cc2ccccc21)c1ccccn1,0,6804
5040063.0,CCCc1c(-c2ccc(O)cc2)nn(-c2ccc(O)cc2)c1-c1ccc(O)cc1,1,6805
6604868.0,O[C@H](CCCN1CCN(c2ncc(F)cn2)CC1)c1ccc(F)cc1,0,6807
5353593.0,CN(C)c1ccc(/C=C2/C(=O)Nc3ccccc32)cc1,1,6808
54676478.0,CN(C(=O)c1c(O)c2ccccc2n(C)c1=O)c1ccccc1,0,6810
6604869.0,C/C(=C\[C@@H](N)C(=O)O)CP(=O)(O)O,0,6811
667484.0,CCOC(=O)c1cncn1[C@H](C)c1ccccc1,1,6812
3943541.0,Cc1ccc(C(=O)Nc2ccc(S(=O)(=O)[O-])c3cc(S(=O)(=O)[O-])cc(S(=O)(=O)[O-])c23)cc1NC(=O)c1cccc(NC(=O)Nc2cccc(C(=O)Nc3cc(C(=O)Nc4ccc(S(=O)(=O)[O-])c5cc(S(=O)(=O)[O-])cc(S(=O)(=O)[O-])c45)ccc3C)c2)c1,0,6813
107780.0,COc1ccc(NC(=O)c2ccc(-c3ccc(-c4noc(C)n4)cc3C)cc2)cc1N1CCN(C)CC1,0,6814
6604870.0,CC#C[C@]1(O)CC[C@H]2[C@@H]3CCC4=CC(=O)CCC4=C3[C@H](c3ccc(N(C)C)cc3)C[C@@]21C,1,6815
6604871.0,COc1ccc([N+](=O)[O-])c2c1CCN2C(=O)CC[C@H](N)C(=O)O,0,6816
6604872.0,C[C@@H](NCc1cc(Br)cc2[nH]c(=O)c(=O)[nH]c12)P(=O)(O)O,0,6817
6604873.0,N#C[C@H](Cc1ccc(O)cc1)c1ccc(O)cc1,1,6818
53389.0,C[C@H]1CN(CCCn2c3ccccc3c3ccccc32)C[C@@H](C)N1,1,6820
6604874.0,COc1cc(/C=C\c2ccc(OC)cc2OC)cc(OC)c1,1,6821
6604012.0,CC#CCOC(=O)c1c(C)nc2sc3c(c2c1N)CC[C@@H](O)C3,1,6822
5024764.0,CC(C)(CO)Cc1cc(C(C)(C)C)c(O)c(C(C)(C)C)c1,1,6823
3519541.0,CC(C)(C=O)Cc1cc(C(C)(C)C)c(O)c(C(C)(C)C)c1,1,6824
6604875.0,CC(C)OC(=O)c1cc2c(OC[C@@H](O)CNC(C)(C)C)cccc2[nH]1,0,6825
6604876.0,Ic1cncc(OC[C@@H]2CCN2)c1,0,6826
6604877.0,CC[C@H](C)C(=O)O[C@H]1CCC=C2C=C[C@H](C)[C@H](CC[C@@H]3C[C@H](O)CC(=O)O3)[C@H]21,1,6827
161930.0,O=C1NC(c2cccc([N+](=O)[O-])c2)=CCN1c1ccccc1O,0,6829
5269.0,O=C1CCc2c(ccc3ccccc23)O1,0,6830
6603728.0,COC(=O)C1=C(C)NC(C)=C([N+](=O)[O-])[C@H]1c1ccccc1C(F)(F)F,1,6831
262093.0,O=C1C(SCCO)=C(SCCO)C(=O)c2ccccc21,1,6833
6604882.0,C[C@@]12C(=O)OC(=O)[C@@]1(C)[C@@H]1CC[C@@H]2O1,1,6834
6091659.0,COc1cc(/C=C(\C#N)C(N)=O)cc(CSc2nc3ccccc3s2)c1O,1,6836
6604884.0,CCCCC#Cc1nc(NC)c2ncn([C@@H]3O[C@@H](CO)[C@H](O)[C@H]3O)c2n1,0,6837
456214.0,CC(C)[C@H](CO)Nc1nc(Nc2cccc(Cl)c2)c2ncn(C(C)C)c2n1,1,6838
448991.0,CC(C)[C@H](CO)Nc1nc(Nc2ccc(C(=O)O)c(Cl)c2)c2ncn(C(C)C)c2n1,0,6839
6604885.0,CN1CCc2cc(Br)c(O)cc2[C@H](c2ccccc2)C1,0,6841
4259181.0,CC(C)c1ccc(Cn2ccc3c4c(N)nc(NC5CC5)nc4ccc32)cc1,1,6843
6604887.0,C[C@@H](CN1CCC(Cc2ccccc2)CC1)[C@@H](O)c1ccc(O)cc1,0,6844
6604889.0,CC1CCN(CC[C@H]2CCCN2S(=O)(=O)c2cccc(O)c2)CC1,0,6847
4521392.0,NC(=O)c1ccc(-c2nc(-c3ccc4c(c3)OCO4)c(-c3ccccn3)[nH]2)cc1,1,6848
176158.0,Cn1cc(C2=C(c3ccc(Cl)cc3Cl)C(=O)NC2=O)c2ccccc21,1,6849
4210951.0,O=C1NC(=O)C(c2ccccc2[N+](=O)[O-])=C1Nc1ccc(O)c(Cl)c1,1,6850
73265386.0,CN(N=O)C(=O)N[C@H]1C(O)OC(CO)[C@@H](O)[C@H]1O,0,6851
6604891.0,CSc1nc(N)c2ncn([C@H]3O[C@H](COP(=O)([O-])OP(=O)([O-])[O-])[C@@H](O)[C@@H]3O)c2n1,0,6853
6604894.0,CCCCCCCCCCCCC(=O)N1CCCC[C@H]1CNC(=O)[C@@H](N)CCCCN,0,6854
107686.0,COc1ccccc1CC(=N)N1C[C@@H]2C(=O)CCC(c3ccccc3)(c3ccccc3)[C@@H]2C1,1,6855
9705.0,Clc1ccccc1CNCC1CCC(CNCc2ccccc2Cl)CC1,1,6856
3921152.0,COc1ccc2[nH]c(C(=O)c3ccccc3)cc2c1,1,6857
65243.0,CC1C(=O)OC2C(O)C34C5CC(C(C)(C)C)C36C(OC(=O)C6O)OC4(C(=O)O5)C12O,0,6858
6603851.0,Oc1ccc([C@@H]2CNCCc3c2cc(O)c(O)c3Cl)cc1,0,6859
119029.0,C=CCN1C[C@H](C)N([C@H](c2ccc(C(=O)N(CC)CC)cc2)c2cccc(O)c2)C[C@H]1C,1,6861
6518171.0,CN(CCOc1ccc(C[C@H](Nc2ccccc2C(=O)c2ccccc2)C(=O)O)cc1)c1ccccn1,1,6862
6604898.0,CCC[C@@H]1CC2=CC(=O)CC[C@]2(C)[C@@H]2CC[C@@]3(C)[C@H](CC[C@]3(O)CCC(=O)[O-])[C@H]12.[K+],0,6863
6604900.0,N[C@H](Cc1o[nH]c(=O)c1Cl)C(=O)O,0,6864
1103147.0,COc1cc2c(cc1OC)-c1cc3nc4ccccc4nc3n1C(C)(C)C2,1,6865
5368.0,COC(=O)c1c(-c2cc(OC)c(OC)c(OC)c2)c2ccnc(OCc3ncccn3)c2c(=O)n1Cc1ccnc(C)c1,1,6866
3392731.0,CC(C)(Sc1ccc(CCN(CCCCC2CCCCC2)C(=O)NC2CCCCC2)cc1)C(=O)O,1,6867
108137.0,Cc1nc2c(OCc3ccccc3)cccn2c1CC#N,1,6868
6604901.0,CCNC(=O)[C@@H]1O[C@@H](n2cnc3c(N)ncnc32)[C@H](O)[C@H]1O,0,6869
6604903.0,OC[C@H]1O[C@H](n2cnc3c(NC4CCCC4)nc(Cl)nc32)[C@@H](O)[C@@H]1O,0,6872
6604904.0,Nc1nc(Nc2ccccc2)nc2c1ncn2[C@@H]1O[C@@H](CO)[C@H](O)[C@H]1O,0,6873
6603741.0,CC(C)(C)c1ccc(S(=O)(=O)/C=C\C#N)cc1,1,6874
6604906.0,CNc1cc(OC)c(C(=O)N[C@@H]2CCN(Cc3ccccc3)[C@H]2C)cc1Cl,1,6875
6604907.0,CC(=O)[C@H](CC(C)C)NC(=O)[C@@H](CC(C)C)NC(=O)[C@H](CC(C)C)NC(=O)OCc1ccccc1,1,6876
736879.0,O[C@@H](Cc1ccncc1)C(Cl)(Cl)Cl,1,6878
6604910.0,Cc1ccc2c(c1)C(=O)[C@@]1(O)CCN(c3ccccc3)C1=N2,1,6879
6604911.0,C[C@]1(c2ccccc2)OC(C(=O)O)=CC1=O,0,6881
6604912.0,N[C@@H](Cn1ccc(=O)n(Cc2ccc(C(=O)O)cc2)c1=O)C(=O)O,0,6882
107935.0,COc1cc2c(cc1OC)[C@@H]1C(=O)c3ccc4c(c3O[C@@H]1CO2)C=CC(C)(C)O4,1,6884
64981.0,COc1cc(C[C@H]2C(=O)OC[C@@H]2Cc2ccc(OC)c(OC)c2)ccc1O,1,6886
3906779.0,O=S(c1ccccc1)c1ccc2nnnn2n1,0,6887
3906780.0,COC(=O)CN1CN(c2ccccc2)C2(CCN(Cc3ccc4ccccc4c3)CC2)C1=O,1,6888
6604914.0,COc1cc(N)c(Cl)cc1C(=O)N[C@@H]1CN2CCC1CC2,0,6889
3447.0,CCOC(=O)c1ccc(OC(=O)CCCCCN=C(N)N)cc1,0,6891
6604916.0,O=C1Nc2cc(Cl)c(Cl)cc2N2CCNC[C@H]12,1,6892
3033677.0,O=C(c1ccc(F)cc1)C1CCN(CCn2c(=S)[nH]c3ccccc3c2=O)CC1,1,6894
3033769.0,CCN1CCC[C@H]1CNC(=O)c1c(O)c(Cl)cc(Cl)c1OC,0,6895
3707.0,O=Nc1c(-c2c(O)[nH]c3ccccc23)[nH]c2ccccc12,1,6896
5063962.0,CCCCCCCCCCCCCCCC(=O)NC(C)C,0,6897
310557.0,COC(=O)c1ccccc1NC(=O)c1ccc(F)cc1,0,6899
6604919.0,C#CCN1C(C)=C(C(=O)CCO)[C@@H](c2cccc(-n3oo3)c2)C(C(=O)OC)=C1C,1,6901
56971.0,O=C1c2ccccc2S(=O)(=O)N1CCCCN1CCN(c2ncccn2)CC1,0,6902
761523.0,Cc1cc(C)c(S(=O)(=O)Nc2cccc(C(F)(F)F)c2)c(C)c1,1,6903
770820.0,Cc1cc(C)c(S(=O)(=O)Nc2ccccc2C(F)(F)F)c(C)c1,1,6904
6604920.0,CS(=O)(=O)c1ccc(Cn2c3c(c4cc(F)cc(F)c42)CCC[C@H]3CC(=O)O)cc1,1,6905
9604992.0,Clc1cccc(C=NC=Nc2cccc(Cl)c2)c1,0,6906
9604993.0,COc1cccc(C=NC=Nc2cccc(OC)c2)c1,1,6907
72172.0,CC(C)C[C@H](NC(=O)[C@@H](O)[C@H](N)Cc1ccccc1)C(=O)O,0,6908
6604924.0,O=C(O)CC/C=C\CC[C@@H]1[C@@H](OCc2ccc(-c3ccccc3)cc2)C[C@H](O)[C@@H]1N1CCCCC1,0,6910
6604925.0,CC(C)[C@@H]1C(=O)N(S(C)(=O)=O)[C@H]2CCN(C(=O)/C=C\CN3CCCCC3)[C@@H]12,0,6911
3248571.0,COc1ccc(NS(=O)(=O)c2ccc(I)cc2)cc1N1CCN(C)CC1,0,6912
5166.0,COc1nccc(-c2c(-c3ccc(F)cc3)ncn2C2CCC(O)CC2)n1,0,6913
6546617.0,CCC(C)(C)C(=O)O[C@@H]1C[C@@H](C)C=C2C=C[C@H](C)[C@H](CC[C@@H]3C[C@@H](O)CC(=O)O3)[C@H]21,1,6915
5149140.0,CCCCCCCCC(=O)NCc1cc(OC)c(O)cc1I,1,6916
3932.0,O=C1N(c2ccccc2)c2ccccc2C1(Cc1ccncc1)Cc1ccncc1,1,6919
656732.0,O=C1c2ccccc2C(Cc2ccncc2)(Cc2ccncc2)c2ccccc21,1,6920
6604928.0,CSc1nc(NC2CCCC2)c([N+](=O)[O-])c(NC2CCCC2)n1,0,6921
3784.0,COC(=O)C1=C(C)NC(C)=C(C(=O)OC(C)C)C1c1cccc2nonc12,1,6922
6604930.0,C[C@@H]1C[C@@H]2[C@@H]3C[C@H](F)C4=CC(=O)C=C[C@]4(C)[C@]3(F)[C@@H](O)C[C@]2(C)[C@]1(CC(=O)CO)C(=O)SCF,1,6923
5311068.0,Cc1cccc([C@H](C)c2cnc[nH]2)c1C,1,6925
6604931.0,CC(C)[C@H](CO)Nc1nc(Nc2cc(N)cc(Cl)c2)c2ncn(C(C)C)c2n1,1,6926
6604003.0,Cc1cccc([C@@H]2CN(C)CCc3c2cc(O)c(O)c3Cl)c1,0,6927
6604932.0,N[C@H](Cn1ccc(=O)n(Cc2ccccc2C(=O)O)c1=O)C(=O)O,0,6928
6420161.0,N[C@@H](Cn1ccc(=O)n(Cc2ccccc2C(=O)O)c1=O)C(=O)O,0,6929
934161.0,Fc1ccc([C@H]2CCNC[C@H]2COc2ccc3c(c2)OCO3)cc1,1,6930
3004085.0,COc1ccc(OC)c2c(=S)c3ccccc3[nH]c12,1,6932
3218.0,CCCCCCCCCCCC1=C(O)C(=O)C=C(O)C1=O,0,6933
6604936.0,C#CCOC(=O)C1=CCCN(C)C1.Cc1ccc(S(=O)(=O)O)cc1,0,6935
6604937.0,C[C@@H](CN)CC(=O)O.C[C@@H](CN)CC(=O)O.O=S(=O)(O)c1cccc2c(S(=O)(=O)O)cccc12,0,6936
6604939.0,CSC(N)=[NH2+].CSC(N)=[NH2+].O=S(=O)([O-])[O-],0,6937
6604940.0,CNc1ncnc2c1ncn2[C@H]1C[C@H](OP(=O)(O)O)[C@H](COP(=O)(O)O)O1.N.N.N.N,0,6938
6604944.0,C=C(C)[C@H]1[C@@H]2C(=O)O[C@H]1[C@H]1OC(=O)[C@@]34O[C@@H]3C[C@]2(O)[C@]14C.CC(C)(O)[C@H]1[C@@H]2C(=O)O[C@H]1[C@H]1OC(=O)[C@@]34O[C@@H]3C[C@]2(O)[C@]14C,1,6939
6604947.0,CC[C@@H](C)[C@H]1O[C@]2(CC[C@@H]1C)C[C@@H]1C[C@H](C/C=C(/C)[C@H](O[C@@H]3C[C@H](OC)[C@H](O[C@@H]4C[C@H](OC)[C@@H](O)[C@H](C)O4)[C@H](C)O3)[C@@H](C)/C=C\C=C3CO[C@@H]4[C@H](O)C(C)=C[C@@H](C(=O)O1)[C@]34O)O2.CO[C@H]1C[C@@H](O[C@@H]2[C@H](C)O[C@H](O[C@H]3/C(C)=C\C[C@H]4C[C@@H](C[C@]5(CC[C@H](C)[C@@H](C(C)C)O5)O4)OC(=O)[C@@H]4C=C(C)[C@@H](O)[C@H]5OCC(=C/C=C\[C@@H]3C)[C@@]45O)C[C@@H]2OC)O[C@@H](C)[C@@H]1O,0,6940
6604950.0,O=C([O-])C(F)(F)F.O=C([O-])C(F)(F)F.c1cc2cc(c1)C[n+]1ccc(c3ccccc31)NCc1ccc(cc1)CNc1cc[n+](c3ccccc13)C2,0,6941
6604952.0,Cl.Cl.Cl.Cl.Cl.Cl.N.N.N.N.NNNNN.NNNNN.O.O.[Ru].[Ru].[Ru],0,6942
6604953.0,CNCCCCCCCCSc1nc(C(C)C)ccc1C(=O)c1cccs1.O=C(O)CC(=O)O,1,6943
6604957.0,COc1ccc(CCN(C)CCCOc2ccc(S(=O)(=O)c3[nH]c4ccccc4c3C(C)C)cc2)cc1OC,1,6945
6604958.0,CC(C)[C@@]1(NC(=O)[C@@H]2C[C@H]3c4cccc5[nH]cc(c45)C[C@@H]3N(C)C2)O[C@@]2(O)[C@H]3CCCN3C(=O)[C@H](Cc3ccccc3)N2C1=O.CS(=O)(=O)O,1,6946
6604959.0,C[C@H](O)CO[C@@H]1[C@@H](O)[C@@H]2O[C@H]3O[C@H](CO)[C@@H](O[C@H]4O[C@H](CO)[C@@H](O[C@H]5O[C@H](CO)[C@@H](O[C@H]6O[C@H](CO)[C@@H](O[C@H]7O[C@H](CO)[C@@H](O[C@H]8O[C@H](CO)[C@@H](O[C@H]1O[C@@H]2CO)[C@H](O)[C@H]8OC[C@H](C)O)[C@H](O)[C@H]7O)[C@H](O)[C@H]6OC[C@H](C)O)[C@H](O)[C@H]5O)[C@H](O)[C@H]4O)[C@H](O)[C@H]3O,0,6947
135473387.0,O=C(O)CN=C1NC2(CCCC2)Cc2ccccc21,0,6948
3203401.0,Cc1ccc(S(=O)(=O)N(CCCN2CCCC2=O)Cc2cc3c(C)ccc(C)c3[nH]c2=O)cc1,1,6949
2893926.0,O=C(Nc1ccc(F)cc1)N1CC2CC(C1)c1cccc(=O)n1C2,0,6951
1438062.0,COc1ccc(NC(=O)N2CCC(C(=O)c3ccc(F)cc3)CC2)cc1,0,6952
3225034.0,Cc1ccc2c(c1)N(CC(=O)NCc1cccs1)C(=O)C(C)O2,0,6953
3210756.0,CCOC(=O)CN(C(=O)CCC(=O)Nc1cc(C)on1)C(C(=O)NC1CCCC1)c1cccnc1,0,6954
3218232.0,CC(=O)NC1CC2CCCC(C1)N2C(=O)Nc1ccccc1,0,6955
1454688.0,CC(C)c1ccc(NC(=O)N(CCc2nc3ccccc3[nH]2)C2CCCC2)cc1,0,6956
9549404.0,O=C(CNC1CCCCCC1)Nc1ccccc1N1CCCCC1.O=C(O)C(=O)O,0,6957
1172545.0,COc1cccc(OCc2nnc(SCC(=O)NCc3ccco3)n2C)c1,0,6958
3216730.0,O=C(NCc1ccco1)C(c1ccccc1)N(C(=O)Cc1cccs1)c1ccccc1F,1,6959
3212717.0,COCCN(C(=O)c1ccco1)c1nnc(-c2ccc(OC)cc2)s1,0,6960
9549406.0,CCC(C)(C)n1nnnc1C(c1ccc(C)cc1)N1CCC(C)CC1.Cl,0,6961
5446057.0,O=C(N/N=C1\CCCc2ccccc21)c1ccc([N+](=O)[O-])cc1Cl,0,6962
858213.0,COC(=O)c1cccc(-n2[nH]nnc2=S)c1,0,6963
3223609.0,CCCNC(=O)N1CCC(C(=O)c2ccc(F)cc2)CC1,0,6964
3220227.0,Cc1ccc(C(OC(=O)c2ccco2)C(=O)NC2CCCCC2)cc1,0,6965
3220423.0,CCCCC(=O)Nc1nnc(SCC(=O)NC2CCCC2)s1,0,6966
3224939.0,CC1Cc2ccccc2N1C(=O)CN1C(=O)COc2ccccc21,0,6967
3227089.0,CC1CC(C)CN(C(=O)CSc2nnc(CSc3ncccn3)n2C)C1,0,6968
3222852.0,CCC(C)NC(=O)C1CCCN(C(=O)NC2CCCCC2)C1,0,6969
2961877.0,Cc1ccc(SCc2[nH]nc3c2C(C(C)C)C(C#N)=C(N)O3)cc1,0,6972
9549410.0,CCCCc1c(CCC)c(=N)c2ccccc2n1C.I,0,6974
808574.0,CC(C)C12CN3CC(C(C)C)(CN(C1)C3c1ccco1)C2=O,0,6975
5771241.0,Cc1ccccc1C(=O)N/C(=C/c1ccc(-c2cccnc2Cl)o1)C(=O)NCCCN1CCN(C)CC1,1,6976
3190067.0,CCC(C(=O)NC(C)(C)C)N(C(=O)Cn1nnc(-c2cccs2)n1)c1cnc2ccccc2c1,1,6977
5771249.0,CCN(CC)CCCNC(=O)/C(=C/c1ccc[nH]1)NC(=O)c1ccccc1,0,6978
3212940.0,CCCCn1nnnc1SCC(=O)N1CCCC1,0,6980
6154050.0,COc1cccc(/C(O)=C2/C(=O)C(=O)N(CCCN3CCOCC3)C2c2ccncc2)c1,0,6982
3227517.0,CCC(C)C(=O)Nc1nc(-c2ccc3c(c2)NC(=O)CO3)cs1,1,6983
1438980.0,CCOC(=O)c1cc2sc(C)cc2n1CCCN1C(=O)c2ccccc2C1=O,1,6984
754790.0,Cc1cc(N)n2ncc(-c3ccc(Cl)cc3)c2n1,1,6986
1094080.0,Cc1c(OCC(F)(F)F)ccnc1CSc1nc2ccccc2[nH]1,1,6987
736553.0,CCN(CC)c1ncnc2c1sc1nc(C)cc(C)c12,1,6989
3230510.0,O=C(OC(C(=O)NC1CCCC1)c1ccncc1)C1=Cc2ccccc2OC1,1,6990
3220800.0,CCOc1ccccc1NC(=O)CN1CCC(NC(=O)c2ccccc2)CC1,0,6992
750996.0,N#Cc1nc(COc2ccccc2Cl)oc1NCc1ccco1,1,6993
9549427.0,CCOc1cccc(/C(O)=C2/C(=O)C(=O)N(Cc3cccnc3)C2c2ccco2)c1,1,6995
753452.0,N#Cc1c(-c2ccccc2)nc2n(c1=O)CCS2,0,6996
891235.0,CCCn1nc(Oc2nc(NCC)nc(NCC)n2)ccc1=O,0,6997
3229592.0,CC(NC1CCCC1)C(=O)Nc1ccccc1-c1ccccc1,1,6999
2952012.0,O=C(CSC1=NCCS1)N1CCN(c2ccc(Cl)cc2)CC1,1,7001
3187679.0,Cc1cc2cc(C(c3nnnn3C(C)(C)C)N(Cc3ccco3)CC3CCCO3)c(=O)[nH]c2cc1C,1,7002
1453790.0,Cc1cc(C)c2[nH]c(=O)c(CN(Cc3ccco3)C(=O)c3cccs3)cc2c1,1,7003
1466061.0,CCOc1ccc2[nH]c(=O)c(CN(CCc3ccccc3)C(=O)N3CCOCC3)cc2c1,1,7004
3206934.0,Cc1ccc(S(=O)(=O)NCC(=O)N(CC(=O)NCc2ccco2)Cc2cccs2)cc1,1,7005
1463915.0,Cc1cc(C)c2cc(CN(Cc3nnnn3Cc3ccc(F)cc3)C3CCCC3)c(=O)[nH]c2c1,1,7006
1467342.0,COc1cccc(C(=O)N(Cc2ccccc2)Cc2cc3cc4c(cc3[nH]c2=O)OCCO4)c1,1,7009
3206948.0,COc1ccccc1N(CC(=O)NCC1CCCO1)C(=O)CNS(=O)(=O)c1ccc(C)cc1,1,7010
3194417.0,CCN(CC)CCCN(Cc1cc2ccc(C)c(C)c2[nH]c1=O)C(=O)NC1CCCCC1,1,7011
1174632.0,Cn1c(SCC(=O)N2CCCC2)nnc1-c1ccc(S(=O)(=O)N2CCCC2)cc1,0,7012
717927.0,COc1cc(NC(=O)c2ccco2)c(C(=O)O)cc1OC,0,7013
3183649.0,CCC(C)(C)n1nnnc1C(c1cc2cc3c(cc2[nH]c1=O)OCO3)N1CCCCC1,1,7014
3186730.0,CCC(=O)Nc1ccc(C(=O)CSc2nnc(-c3ccc(O)cc3)n2CC2CCCO2)cc1OC,1,7015
1464427.0,COc1ccccc1CN(Cc1cc2cc3c(cc2[nH]c1=O)OCCO3)Cc1nnnn1Cc1ccco1,1,7017
3200461.0,CCOc1ccc2[nH]c(=O)c(CN(CCCO)Cc3nnnn3CCc3ccccc3)cc2c1,1,7018
3149564.0,CCCCN1C(=O)CC(Sc2ccccc2C(=O)O)C1=O,0,7019
3207101.0,O=C(CN(CC1CCCO1)C(=O)CNS(=O)(=O)c1ccc(Cl)cc1)NCCc1ccccc1,1,7020
1428872.0,CCOc1cc(S(=O)(=O)N(Cc2ccccc2)Cc2ccccc2)c(OCC)cc1-n1cnnn1,1,7021
3150950.0,CN1C(=O)CC(Sc2ccccc2C(=O)O)C1=O,0,7022
3214073.0,Cc1ccc2nc(N3CCN(S(=O)(=O)c4ccc5c(c4)OCCO5)CC3)c(C#N)cc2c1,1,7024
3204316.0,CCC(C)(C)n1nnnc1C(C(C)C)N(Cc1ccco1)Cc1cc2cc3c(cc2[nH]c1=O)OCO3,1,7025
3216649.0,CCOc1ccc2[nH]c(=O)c(CN(CCc3ccccc3)C(=O)N3CCCC3)cc2c1,1,7026
3149629.0,O=C(O)CSc1ncnc2sc3c(c12)CCC3,0,7027
3193030.0,Cc1nc(N2CCN(S(=O)(=O)c3ccccc3)CC2)c2c3c(sc2n1)CC(C)CC3,0,7028
135473402.0,O=C(NCc1ccco1)c1nc2c(nnn2Cc2cccc(Cl)c2)c(=O)[nH]1,0,7029
842761.0,Cc1cc(C(F)F)n2ncc(C(=O)O)c2n1,0,7030
3155735.0,CC(C)(C)c1ccc(S(=O)(=O)N2CC3CC(C2)c2cccc(=O)n2C3)cc1,1,7031
135471693.0,Cc1cc(=O)[nH]c2c1c(C)nn2C1CCOC(C)(C)C1,0,7032
3155736.0,O=S(=O)(c1ccccc1)N1CCCCC1c1cccnc1,1,7033
893945.0,O=C(O)CCc1ccc(-c2ccc(Cl)cc2)n1CCC(=O)O,0,7034
135456359.0,CC1CCC(NC(=O)CC(C)(C)Cc2nc3ccccc3c(=O)[nH]2)CC1,0,7035
954451.0,C=CCn1c(CCC(=O)O)ccc1-c1ccc(F)cc1,0,7037
746778.0,O=c1nc(-c2ccccc2)cc(C(F)(F)F)[nH]1,0,7038
1085922.0,COc1ccc(OC)c(N(CC(=O)N2CCc3ccccc3C2)S(C)(=O)=O)c1,0,7039
893928.0,CC(=O)c1ccc(-n2c(CCC(=O)O)ccc2-c2cccs2)cc1,0,7040
135473405.0,Cc1cc(C)c2c(=O)[nH]c(SCC(=O)N(C)C)nc2n1,0,7042
2959660.0,Cc1nc2nc[nH]n2c(=O)c1NC(=O)CC12CC3CC(CC(C3)C1)C2,0,7043
1079369.0,CCOC(=O)c1c(C)[nH]c2c1cc(O)c1ccccc12,1,7044
754780.0,Cc1nc2c(C#N)c[nH]n2c(=O)c1Cc1ccccc1,0,7045
1080143.0,Cc1ccc(NC(=O)c2cc(NC(=O)CCC(=O)O)ccc2N2CCCCC2)cc1,0,7046
1080151.0,O=C(O)CCC(=O)Nc1ccc(C(=O)N2CCCCC2)cc1,0,7047
135422791.0,Cc1cccc(NC(=O)CSc2nc3nc(C)cc(C)c3c(=O)[nH]2)c1,1,7048
914418.0,N#CC1=C(N)SC(N)=C(C#N)C1c1cccc(O)c1,1,7049
1445148.0,O=C(Cc1ccccc1)NC1CCN(S(=O)(=O)c2ccc(C(=O)O)cc2)CC1,0,7050
1008028.0,CN(Cc1ccccc1)S(=O)(=O)c1ccc(OCC(=O)N2CCOCC2)cc1,0,7051
979832.0,CS(=O)(=O)N1CCN(c2ccccc2NC(=O)c2ccc(Br)o2)CC1,1,7052
864321.0,CCOC(=O)c1ccc(S(=O)(=O)N2CCN(C)CC2)cc1,0,7053
135429219.0,O=C(/C=C/c1ccccc1)N1CCN(Cc2nc3ccccc3c(=O)[nH]2)CC1,0,7056
1076825.0,Cc1cccc(N(CC(=O)N2CCOCC2)S(C)(=O)=O)c1,0,7057
754808.0,O=c1c2c(nc3c(-c4ccccc4)c[nH]n13)CCC2,0,7058
135473412.0,Cc1ccc(Cn2nnc3c(=O)[nH]c(C4CCCN(C(=O)Nc5ccc(F)cc5F)C4)nc32)cc1,1,7059
1077698.0,Cc1ccc(S(=O)(=O)N2CCC(C(=O)NCc3cccnc3)CC2)cc1,1,7060
667700.0,COc1ccc(S(=O)(=O)N2CCc3ccccc3C2)cc1OC,1,7063
956601.0,CC(=O)COC(=O)CCc1nc2ccccc2[nH]c1=O,0,7066
2772550.0,Cc1cccc(OCCn2c(S(=O)(=O)O)nc3ccccc32)c1,0,7068
3023569.0,CN(C)CCCN1CC(C(=O)O)CC1=O,0,7069
135473422.0,CCc1ccc2nc(Nc3nc(COC)cc(=O)[nH]3)nc(C)c2c1,1,7071
856373.0,Fc1ccc(-c2cnc(-c3cccs3)o2)cc1,0,7074
3222353.0,O=C(NCc1ccc(F)cc1)C(c1ccncc1)N(C(=O)c1csnn1)C1CC1,1,7075
3216657.0,Cc1ccccc1C(C(=O)NCc1ccccc1)N(Cc1ccco1)C(=O)c1ccccn1,1,7077
1164143.0,O=C(CSc1nnc(CNc2ccc(F)cc2)o1)OC1CCCCC1,1,7078
860743.0,Cn1cc(-c2nnc(-c3ccccc3)o2)c2ccccc21,1,7079
855132.0,CCn1c(SCC(=O)c2ccc(OC)cc2)nnc1C1CC1,1,7080
1081043.0,CC(C)(C)NC(=O)Cn1nnc(-c2ccccc2NC(=O)c2cnccn2)n1,1,7081
864707.0,Cc1cc2nnc(SCC(=O)OC(C)C)n2c2ccccc12,0,7082
745721.0,Cc1ccccc1-c1noc(-c2ccc(Cl)cc2)n1,0,7083
3213217.0,COCCN=C1Sc2nc3c(C)cccc3cc2CN1Cc1ccco1,1,7084
3167046.0,O=C(CSc1nnc(Cn2nnc3ccccc32)o1)Nc1cccc(Cl)c1,1,7085
856217.0,Cc1cccc(-c2nnc(SCc3ccccc3)o2)c1,0,7086
857997.0,c1ccc(-c2nc3ccccn3c2NCc2ccc3c(c2)OCO3)cc1,1,7087
864874.0,Cc1ccc(OC(=O)c2cccc(C(=O)Oc3ccc(C)cc3)n2)cc1,0,7088
3210027.0,COc1ccc(Cn2nnnc2C(c2ccccc2Cl)N2CCC(C(N)=O)CC2)cc1,1,7089
864596.0,COc1ccc(-n2nnnc2SCC(=O)Nc2ccccc2)cc1,1,7090
1206607.0,COC(=O)CSc1nnc(CNc2ccc(Cl)cc2)n1-c1ccccc1,1,7091
2791000.0,CCOC(=O)C1=C(C)Nc2ncnn2C1c1cccnc1,1,7092
1071707.0,Cc1cc(NC(=O)CSc2nnc(-c3ccccc3)n2Cc2ccco2)no1,1,7094
3151613.0,CC(=O)N1CCN(c2nc(C)nc3sc4c(c23)CCC(C)C4)CC1,0,7095
798516.0,CCc1ccc(NC(=O)Cn2nc(C(F)(F)F)c3c2CCC3)cc1,1,7096
1132108.0,Cc1cc(SCC(=O)c2ccccc2)nc(SCC(=O)c2ccccc2)n1,1,7097
3143703.0,COc1cccc(C2CC(C(F)(F)F)n3ncc(C(=O)NC(C)(C)C)c3N2)c1,1,7098
3222352.0,O=C(NCc1ccccc1)C(c1ccncc1)N(C(=O)c1csnn1)C1CC1,1,7099
1451140.0,COC(=O)CSc1nnc(C)n1-c1cccc(OC)c1,0,7100
750910.0,COc1ccc(Nc2nc(N)nc(CN(C)C3CCCCC3)n2)cc1,0,7101
1437901.0,COc1ccccc1NC(=O)CN1CCC(C(=O)c2ccc(F)cc2)CC1,0,7102
5892636.0,COc1cccc(/C(O)=C2/C(=O)C(=O)N(Cc3cccnc3)C2c2ccco2)c1,1,7103
3216651.0,O=C(NCc1ccccc1)C(c1ccc(F)cc1)N(Cc1ccco1)C(=O)c1ccccn1,1,7104
3219747.0,Cc1ccc(CNC(=O)C2CCCN2C(=O)NCc2ccccc2)cc1,1,7105
3214390.0,O=C(CSc1nnc(-c2ccncc2)n1Cc1ccccc1)Nc1nccs1,0,7106
955158.0,O=C(Cn1cc(C(=O)c2ccco2)c2ccccc21)NCc1ccco1,1,7107
3229174.0,N#Cc1ccc(C(c2nnnn2C2CCCC2)N2CCC(Cc3ccccc3)CC2)cc1,1,7108
1084686.0,Clc1ccc2oc(-c3cccnc3)nc2c1,0,7109
1462058.0,COc1ccc(-c2nsc3c(N4CCCCC4)ncnc23)cc1,0,7112
1089009.0,O=C(Cn1c(SCc2ccccc2)nc2ccccc21)N1CCOCC1,1,7115
1085355.0,CCCn1nnc(NC(=O)c2ccc(-c3cccc(Cl)c3)o2)n1,1,7116
1440203.0,CC(C)CC(=O)Nc1ccccc1-c1nnn(CC(=O)N2CCc3ccccc3C2)n1,0,7117
3193591.0,Cc1ccc(C(c2nnnn2C2CCCC2)N2CCN3CCCC3C2)cc1,1,7118
2901182.0,CCC(C)NCc1ccc(C(=O)OC)o1.Cl,0,7119
2964777.0,CC(=O)Nc1ccc(OCC(O)Cn2cnc3ccccc32)cc1,1,7120
821749.0,c1ccc(-c2n[nH]c(-c3ccccc3)c2-c2nc3ccccc3[nH]2)cc1,1,7123
3157656.0,CCn1c(CC(=O)Nc2ccc(C)cc2)nnc1SCC(=O)Nc1nc(C)cs1,1,7125
9549458.0,CC(C)CNC(=O)CCCc1c[nH]c2ccccc12.O=C(O)C(=O)O,0,7126
790700.0,Cc1ccc(NC(=O)Nc2ncccc2C)cc1,0,7127
3225225.0,Cn1c(C(=O)Nc2ccccc2)cc2sccc21,1,7128
2183977.0,COc1ccc(C(=O)NCCCN2CCOCC2)cc1OC,0,7129
735621.0,Cc1ccc(OC(=O)N2CCOCC2)cc1,0,7132
9549460.0,CN1CCc2c(c3ccccc3n2C)C1.Cl,0,7133
341876.0,O=C(Nc1ccccc1)N1CCOCC1,0,7135
2147601.0,COc1ccc(NC(=O)c2ccc(COc3ccccc3)o2)cc1,1,7136
692199.0,CCOC(=O)Nc1ccc2c(c1)OCO2,1,7138
1434077.0,CCc1c(C)nc(N)n2c(SCC(=O)Nc3ccccc3)nnc12,1,7139
775387.0,Cc1ccccc1NC(=O)Cn1cnc2c1c(=O)n(C)c(=O)n2C,0,7141
678521.0,CC(=O)Nc1sc2c(c1C(N)=O)CCCC2,0,7142
9549465.0,Cl.ClCCNc1nc2ccc(Cl)cc2[nH]1,0,7143
583867.0,OCCNc1nc2ccccc2[nH]1,0,7145
3173705.0,Cc1cc(NC(=O)CSCCO)no1,0,7146
577541.0,O=C1CCCCC(=O)c2ccccc2N1,0,7148
2865926.0,Cc1[nH]nc(N2CCCCCC2)c1[N+](=O)[O-],0,7149
9549466.0,CC1=NC(C)(C)Cc2ccccc21.O=C(O)c1ccccc1O,0,7150
839954.0,O=C(c1ccccc1)N1CCSC1=S,0,7151
757848.0,COc1ccc(NC(=O)c2ncn[nH]2)cc1,0,7152
1120379.0,COc1cc(C(=O)Nc2ccc(-c3nnc(-c4ccco4)o3)cc2)cc(OC)c1OC,1,7153
735606.0,COc1ccc(/C=C/c2ccncc2)cc1,1,7154
3109471.0,Cc1cc(OCC(F)(F)C(F)(F)C(F)(F)C(F)(F)C(F)(F)C(F)F)nc(N)n1,0,7155
3151179.0,CCCCNC(=O)C1CCN(Cc2ccccn2)CC1,0,7156
3212517.0,CCCc1nnc(SCC(=O)N2C(C)CCCC2C)n1CCCOC,0,7157
2246718.0,Cc1cc(OCC(F)(F)C(F)(F)C(F)(F)C(F)F)nc(N)n1,0,7158
3218000.0,O=C(NC1CCCCC1)NC1CC2CCCC(C1)N2C1CCCC1,0,7160
540026.0,CCOP(=O)(OCC)C(NC(C)=O)C(Cl)(Cl)Cl,0,7161
2906254.0,CCCSc1nc(C)cc(C)c1C(N)=O,0,7162
584690.0,CCOc1ccc(NC(=O)c2ccc(OC)cc2)cc1,0,7164
813815.0,COc1ccccc1OP(C)(=O)Nc1ccc(C)cc1C,1,7165
135473426.0,CCCCC1(CCCC)C(=O)NC(=Nc2cccc(C)c2)NC1=O,1,7166
865740.0,CCn1c(SCC(=O)OC)nnc1C1CCCCC1,0,7167
749781.0,Cc1ccc(S(=O)(=O)CCc2nnc(N)s2)cc1,0,7168
776566.0,CCNc1nnc(-c2ccncc2)s1,0,7169
3214093.0,C=CCN1C(=O)CN=C1Nc1ccccc1,0,7170
3180819.0,O=C(CN(Cc1ccccc1Cl)C(=O)c1ccc(CN2CCOCC2)o1)NCC1CCCO1,1,7171
1088127.0,Cc1ccccc1CSc1nsc(N)n1,1,7172
5750899.0,CCOP(=O)(OCC)c1nc(/C=C/c2ccccc2)oc1NCc1ccccc1,1,7173
95778.0,Nc1n[nH]c(-c2ccccc2)n1,0,7174
2133924.0,Cc1cc(C)n(C(=O)CCCCCCCCC(=O)n2nc(C)cc2C)n1,1,7175
602836.0,COc1ccccc1OP(C)(=O)Nc1c(C)cccc1C,1,7176
411284.0,OC(CN1CCCCC1)CN1CCCCC1,0,7177
3145751.0,CCCNC(=O)CSc1nc(-c2cccs2)cc(C(F)(F)F)n1,1,7180
199391.0,Nc1ccc(N(c2ccccc2)c2ccc(N)cc2)cc1,1,7181
2915733.0,CC(CC(=O)NC1CCCC1)c1ccccc1,1,7182
1409689.0,COc1ccc(Cc2nnc(NC(=O)c3ccco3)s2)cc1,0,7183
790865.0,Cc1ccccc1Oc1ccc(-c2nc(N)nc(N)n2)cc1,0,7184
858850.0,Cc1cc(NC(=O)c2ccco2)ccc1-n1cnnn1,1,7185
2900404.0,CCN1CCN(CCC(=O)Nc2cccc(OC)c2)CC1.Cl,0,7186
1164873.0,CCn1nc(C)c(NC(=O)CCSc2nc(-c3ccco3)cc(C(F)(F)F)n2)c1C,0,7187
1102244.0,O=C(CSc1nnc(-c2ccco2)n1-c1ccccc1)NCc1ccco1,1,7188
35306.0,CCOc1nc(NC(C)C)nc(NC(C)C)n1,0,7189
711023.0,CCOC(=O)c1c(NC(C)=O)sc2c(OC)cccc12,1,7191
718782.0,CCn1c(COc2ccc(OC)cc2)nc2ccccc21,1,7193
860305.0,CCOC(=O)CNc1c(-c2ccccc2)nc2ccc(Cl)cn12,0,7194
2902822.0,CCC1CC(CSc2ncn[nH]2)OC1=O,0,7195
81493.0,Cc1cccc(NCCNc2cccc(C)c2)c1,1,7196
3168334.0,Cc1cc(C)nc(SCc2nnc(SCC(N)=O)n2Cc2ccco2)n1,1,7198
3145649.0,CC(Sc1nc(-c2ccccc2)cc(C(F)(F)F)n1)C(=O)N1CCCCC1,1,7199
1147953.0,O=C(COc1ccc2ccccc2c1)N1CCN(C(=O)c2cccnc2)CC1,1,7200
3126093.0,Cc1ccccc1OCC(O)Cn1c(NCc2ccccc2)nc2c1c(=O)[nH]c(=O)n2C,1,7201
135446659.0,COc1ccc(CCN=CC2=C(O)CC(C)(C)CC2=O)cc1,1,7202
135421507.0,COC(=O)C1C(O)=C(C=NCc2ccccc2)C(=O)CC1(C)C,0,7203
1164115.0,CCOC(=O)CSc1nnc(Cc2ccccc2)n1-c1cccc(Cl)c1,1,7204
3167975.0,CCCCSc1nnc(-c2ccc(C)cc2)n1C,0,7205
863032.0,O=C(Cn1nnc2ccccc21)N1CCCCC1,0,7206
764686.0,O=C(Nc1cccc(C(=O)N2CCOCC2)c1)c1ccccc1,0,7207
856031.0,Clc1ccc(CSc2nnc(-c3cccnc3)o2)cc1,1,7208
1147951.0,O=C(c1cccs1)N1CCN(C(=O)C(c2ccccc2)c2ccccc2)CC1,0,7209
864377.0,CCOC(=O)c1cnc(SCCc2ccccc2)nc1N,0,7211
3089939.0,Cc1cccc(C)c1NC(=O)C(NC=O)c1ccccc1Cl,1,7212
3148306.0,CC(NC(=O)CCSc1nc(-c2ccc3c(c2)OCO3)cc(C(F)(F)F)n1)c1ccccc1,1,7213
3148114.0,CC(NC(=O)CCSc1nc(-c2ccco2)cc(C(F)(F)F)n1)c1ccccc1,1,7214
3124191.0,COc1ccc(C2C(C(C)=O)=C(O)C(=O)N2CCCn2ccnc2)cc1,1,7215
759315.0,S=c1nc(-c2ccccc2)oc2c1CCCC2,0,7216
1212787.0,CC(C)OC(=O)CC12CN(C)CC(CC(=O)OC(C)C)(CN(C)C1)C2=O,0,7218
892463.0,Cc1ccc(-c2c3c(nc4sc(C(N)=O)c(N)c24)CCC3)cc1,0,7221
2943319.0,N#Cc1cc2c(nc1SC1CCCCC1O)CCCC2,0,7222
1082794.0,O=C(NCCN1CCOCC1)c1ccc2ccccc2c1,0,7225
2947870.0,Cc1ccccc1OCC(=O)OC1CCN(C)CC1.Cl,0,7226
1093252.0,CCOC(=O)N1CCN(Cc2nc(-c3ccc(Cl)cc3)no2)CC1,0,7227
958663.0,O=C(Nc1ccc2oc(=O)ccc2c1)c1cccnc1Cl,0,7229
893225.0,CC(C)(Oc1ccc(Cl)cc1)C(=O)Nc1ccncc1,1,7232
3209417.0,CC(C)CC(c1nnnn1C(C)C)N1CCN(c2ccccc2)CC1,1,7233
3213522.0,CC(=O)c1ccc(-n2nnnc2SCC(=O)Nc2cccc(NC(=O)c3ccco3)c2)cc1,1,7234
3230874.0,Cc1ccccc1NC(=O)N1C2CCC1CC(O)(c1cccnc1)C2,0,7235
757551.0,Cc1ccc(OCC(=O)Nc2ccccc2N2CCOCC2)c(C)c1,1,7236
1444048.0,CC(=O)NC1(c2ccc(F)cc2)CCN(C(=O)Nc2ccc(F)cc2F)CC1,0,7237
3152931.0,Cc1cc2c(cc1C)NC(c1nc3ccccc3[nH]1)C1=C(CC(C)(C)CC1=O)N2,1,7240
807780.0,Cc1cc(NC(=O)c2cccc(F)c2)no1,0,7241
3157847.0,COC(=O)COc1ccc(C2NC(=O)NC(c3ccccc3)=C2C(C)=O)cc1OC,0,7242
1439003.0,CC(C)(C)c1ccc(CN(Cc2ccco2)Cc2nnnn2C2CCCC2)cc1,1,7243
713980.0,COC(Cn1c(C)c(C(C)=O)c(C(C)=O)c1C)OC,0,7244
890055.0,CC(C)c1nnc(NC(=O)c2sc3ccccc3c2Cl)s1,0,7245
3212920.0,CCn1nnnc1SCC(=O)c1ccc2c(c1)OCCO2,0,7248
913933.0,CCc1cc2c(=O)n(CCO)c(CC)nc2s1,0,7249
3227271.0,COc1ccc(CCNc2cc(-c3ccccc3)nc3ncnn23)cc1,1,7250
3229317.0,CC(C)(C)n1nnnc1C(c1cccnc1)N(Cc1ccccc1)Cc1ccco1,1,7251
1118272.0,Cc1onc(-c2c(Cl)cccc2Cl)c1C(=O)N1CCc2ccccc2C1,1,7252
1447060.0,CC(=O)N(C)c1nnc(-c2cnccn2)s1,0,7254
952830.0,CCC(=O)Nc1ccc(N2CCN(CC)CC2)c(Cl)c1,0,7255
3231509.0,COCCCNC(=O)Cn1nc(-c2ccccc2OC)ccc1=O,0,7256
2938038.0,CCC(CC)C(=O)NC1CCSC1=O,0,7257
801165.0,Cc1ccc(OCC(=O)NC2=NCCS2)cc1,0,7258
1447072.0,Cc1nnc(N(C)C(=O)c2ccccn2)s1,0,7259
3230989.0,COCCNC(=O)c1cn(Cc2c(F)cccc2Cl)nn1,0,7260
3219705.0,COc1ccccc1NC(=O)N1CCCC1C(=O)NCc1ccc2c(c1)OCO2,1,7262
889019.0,Cc1nnc(NC(=O)c2cccc(NC(=O)C(C)C)c2)s1,0,7263
3231177.0,CC(C)(C)C(=O)N1CCc2cc(-c3csc(N)n3)ccc21,1,7264
899477.0,Cc1cc(C)nc(NC2=NCCS2)n1,0,7265
1452858.0,CC(C)C(=O)Nc1ccc(NC(=O)c2cccnc2)cn1,0,7266
1865829.0,COCCN1CN=C(Nc2nc3ccccc3o2)NC1,0,7267
532005.0,O=C(NCC1CCCO1)c1cccc(F)c1,0,7268
1183489.0,COC(=O)c1cc(Cl)c(NC(=O)c2cc3ccccc3o2)cc1OC,0,7269
1439317.0,Cc1cccc(N2CCN(CC(=O)Nc3ccc(-n4cnnn4)cc3)CC2)c1C,0,7270
713068.0,CC1CCN(C(=O)Oc2c(Cl)cc(Cl)c3cccnc23)CC1,1,7271
690372.0,Cc1occc1C(=O)NCc1ccccc1,1,7272
1120919.0,CCNC(=O)c1c(NC(C)=O)sc2c1CCCC2,0,7273
2906053.0,NC(=O)CN1C(=O)C2C3c4ccccc4C(c4ccccc43)C2C1=O,0,7275
2131650.0,C=CCNc1nc(-c2ccc(Cl)cc2)cs1,1,7277
2949736.0,Cc1cc(C2C(C#N)=C(N)OC3=C2C(=O)CC(C)(C)C3)c(C)s1,1,7278
1448315.0,C1CCc2c(nc3nnnn3c2NC2CCCC2)C1,0,7279
2891734.0,O=C(CCCN1C(=O)c2cccc3cccc(c23)C1=O)N1CCc2ccccc2C1,1,7280
821543.0,Cc1cc(NC(=O)c2ccccc2Cl)no1,0,7281
713364.0,N#CC(=C1CCCC1)c1nc(-c2ccccc2)cs1,1,7282
713367.0,Cc1ccc(-c2csc(C(C#N)=C3CCCC3)n2)cc1,1,7285
1088873.0,CN(C)c1nc(C#N)nc(N2CCOCC2)n1,0,7286
742487.0,CSc1nnc(-c2ccc(Cl)cc2Cl)o1,0,7288
1452223.0,CCn1nnnc1SCC(=O)NC1CCCC1,0,7289
3156113.0,CCOC(=O)C1=C(C)OC(N)=C(C#N)C12C(=O)N(C)c1ccccc12,1,7291
3146028.0,OCCNc1nc(NCCC2=CCCCC2)nc(N2CCOCC2)n1,0,7292
3219665.0,COc1ccc(NC(=O)N2CCCC2C(=O)Nc2ccccc2)cc1,0,7293
974630.0,CC(C)(C)Nc1nc(N2CCCC2)nc(N2CCCC2)n1,0,7294
9549591.0,COc1ccc(NC2=NCC(=O)N2Cc2cccs2)cc1.Cl,1,7295
3157311.0,Cc1ccc(OCCCN2C(=O)C(=O)c3cccc(C)c32)cc1,1,7297
3230213.0,Cc1cc(C)cc(NC(=O)N2CCCC2C(=O)Nc2ccc(-n3cnnn3)c(C)c2)c1,1,7298
1114207.0,CC(C)Oc1ccc(C(=O)Nc2ccc(NC(=O)c3ccco3)c(Cl)c2)cc1,0,7299
941243.0,CC(C)NC(=O)c1ccc(-c2cccc(C(F)(F)F)c2)o1,0,7300
930382.0,O=C(COC(=O)c1cccnc1)c1ccc(Cl)c(Cl)c1,1,7301
3229088.0,CN(C(=O)Cn1nnc(-c2cccc(C(F)(F)F)c2)n1)C1CCCCC1,0,7302
9549594.0,CCOc1ccc(NC2=NCC(=O)N2Cc2cccs2)cc1.Cl,1,7303
1449293.0,COc1cccc(C(=O)Nc2ccc(NC(=O)c3ccco3)cn2)c1,0,7304
1454561.0,CCOc1ccc(N2C(=O)CN=C2Nc2ccccc2F)cc1,0,7305
2173744.0,CCCNc1nc(NCC)nc(OC)n1,0,7306
2962243.0,O=C(NCc1ccc2c(c1)OCO2)C1CC(c2cccc(Br)c2)=NO1,1,7310
3153873.0,CCCNC(=O)Nc1ccc2c(c1)nc(C)n2C,0,7311
688763.0,CCN(CC)c1ccc2cc(C(C)=O)c(=O)oc2c1,0,7312
2836220.0,Cc1nc([N+](=O)[O-])c(N2CCN(C)CC2)n1Cc1ccccc1,0,7314
992692.0,O=C(c1ccco1)N1CCN(c2nc(-c3ccc(F)cc3)cs2)CC1,0,7315
778969.0,O=C(Nc1ccc(-c2nc3ccccc3o2)cc1)c1cccnc1,1,7316
867822.0,CC1(C)Cc2ccccc2C(NNC(=O)c2ccncc2)=N1,1,7317
1096252.0,CNC(=O)c1ccc(-c2sc3nc(N4CCOCC4)c4c(c3c2N)CC(C)(C)OC4)o1,1,7318
673359.0,O=C(CCc1ccccc1)NCc1cccnc1,1,7320
3131058.0,c1ccc2c(-c3c[nH]c4ccccc34)c3ccccc3nc2c1,1,7321
1092711.0,CCn1c(SCC(=O)NC2CCCCC2)nnc1-c1cc2cccc(OC)c2o1,1,7322
1451400.0,CCN(CC)C(=O)CSc1nnc(C2CCCCC2)o1,0,7324
3155148.0,NC(=O)c1ccc(NC(=O)C2CCCO2)cc1,0,7325
3158288.0,COCCSc1nnc(NC(=O)C(C)(C)C)s1,0,7327
1091748.0,O=C(Nc1ccccc1C(=O)Nc1ccc2c(c1)OCO2)c1ccco1,1,7329
1452219.0,Cc1cccc(NC(=O)CSc2nnnn2C)n1,0,7330
3225118.0,O=C(Nc1ccc2c(c1)OCCO2)c1cc2sccc2n1Cc1ccccc1,1,7331
941377.0,Cc1cc(C)nc(Nc2n[nH]c(-c3cccc4ccccc34)n2)n1,1,7332
3095116.0,CCOC(=O)CC1NC(=O)c2ccccc21,0,7333
1444530.0,CCNC(=O)NC1(C(=O)Nc2ccc3c(c2)OCCO3)CCCCC1,0,7335
2880236.0,CCN1C(=O)C(O)(C2COC(C)(C)CC2=O)c2ccccc21,0,7336
2870139.0,COc1ccc(C(=O)NCC2OCCc3ccccc32)cc1,0,7337
2897699.0,O=C(NCc1cccnc1)C1COc2ccccc2O1,1,7338
3132854.0,CCCN1C(=O)C(Cc2nc3ccccc3c(=O)n2C)c2ccccc21,1,7340
700567.0,CCOC(=O)N1CCN(C(=O)c2ccc(OC)c(OC)c2)CC1,0,7341
3129653.0,COC(=O)c1c(NC(=O)C(C)(C)C)sc2c1C(C(=O)OC)CC2,0,7343
1366893.0,CCOC(=O)c1c(NC(=O)CCCN2CCOCC2)sc2c1CC(C)(C)OC2,1,7344
3225147.0,O=C(c1cc2sccc2n1Cc1ccccc1)N1CCN(c2nc3ccccc3s2)CC1,1,7345
2877313.0,O=C(Nc1cccnc1)C1COc2ccccc2O1,0,7346
1092646.0,CCOC(=O)c1c(NC(=O)CCC(=O)N2CCOCC2)sc2c1CC(C)(C)OC2,1,7347
974132.0,O=C(Cc1ccc(Cl)cc1)N1CCN(C(=O)c2ccco2)CC1,0,7350
3225382.0,O=C(Nc1ccc2c(c1)OCCO2)c1cc2sccc2n1Cc1ccc(F)cc1,1,7351
828252.0,CCCc1nc2ccccc2c(=O)n1-c1ccc(OC)cc1,1,7352
1452351.0,CC(C)n1nnnc1SCC(=O)NCc1ccc2c(c1)OCO2,1,7354
3212510.0,CCCc1nnc(SCC(=O)N2CCCC(C)C2)n1CC1CCCO1,1,7356
2082722.0,Cc1cc(Cl)ccc1OCCCC(=O)N1CCN(C)CC1,1,7358
3157896.0,O=c1sc2ccccc2n1CCCOc1ccccc1,1,7359
1091766.0,O=C(c1ccco1)N1CCN(C(=O)c2ccc(COc3ccc4c(c3)CCC4)o2)CC1,0,7360
2948751.0,O=C1OCCC1Sc1nnnn1-c1ccccc1,0,7361
1093844.0,O=C(NCc1ccc2c(c1)OCO2)c1cc(-c2ccc(Cl)cc2Cl)on1,1,7362
2956537.0,CCOC(=O)c1ccc(NC(=O)CC2NCCNC2=O)cc1,0,7363
1096489.0,Cn1c(-c2ccc(F)cc2)cnc1NCc1ccc(F)cc1,0,7364
1093845.0,O=C(c1cc(-c2ccc(Cl)cc2Cl)on1)N1CCN(C(=O)c2ccco2)CC1,0,7365
893108.0,O=C(NC1CCCCC1)c1ccc(COCC(F)(F)F)o1,0,7366
3223608.0,CCCNC(=O)N1CCC(C(=O)c2cccc(F)c2)CC1,0,7368
2142113.0,Cc1ccc(OCCCn2c(=O)sc3ccccc32)cc1,1,7369
891902.0,CCn1ccc(C(=O)NC2=C(C#N)CCC2)n1,0,7370
1096467.0,Cn1c(-c2ccc(Br)cc2)cnc1NCc1cccnc1,1,7371
2772301.0,Nc1nnc(C(c2ccccc2)c2ccccc2)s1,0,7372
1113642.0,Cc1ccc(Cc2cnc(NC(=O)c3cccs3)s2)cc1,1,7373
3226278.0,O=C(NC1CCCCC1)N1CCCC(c2nc(-c3cccs3)no2)C1,1,7374
892993.0,CCn1ccc(C(=O)Oc2ccc(Cl)cc2)n1,0,7375
734580.0,CC(=O)c1sc(NC(=O)C(C)C)nc1C,0,7376
1091784.0,CCn1nccc1C(=O)Nc1nc2ccccc2n1CCN1CCCCC1,0,7377
1096495.0,Cn1c(-c2ccc(F)cc2)cnc1NCc1cccc(F)c1,1,7378
9549622.0,Br.COCC(C)NCc1cccc(C)c1,0,7379
1434183.0,Cc1cc2nnc(SCC(=O)N3CCN(c4ccccc4)CC3)n2c(N)n1,1,7380
2192756.0,Cc1ccc(OCc2ccc(C(=O)Nc3nccs3)o2)cc1C,1,7381
9549623.0,Cl.c1coc(CN2CCN(C(c3cccs3)c3nnnn3C3CCCC3)CC2)c1,1,7383
9549624.0,Cl.N#Cc1ccc(C(c2nnnn2Cc2ccccc2)N2CCCC2)cc1,1,7384
3232557.0,CCOC(=O)C1=C(CN2c3ccccc3CC2C)NC(=O)NC1c1ccccc1,1,7385
3223931.0,Cc1cc2nc(C3CCCN(C(=O)NCc4ccccc4)C3)[nH]c2cc1C,1,7386
3160486.0,CN1CCN(C(=O)C(C(=O)c2ccc(F)cc2)n2ccccc2=O)CC1,0,7387
3225246.0,COC(=O)c1ccc(NC(=O)c2cc3sccc3n2C)cc1,0,7388
4714847.0,O=c1onc(-c2cccs2)n1Cc1ccccc1,0,7389
3231584.0,COC(=O)c1cc2c(ccn2-c2ccc(F)cc2)n1CC(C)C,0,7390
3160407.0,Cc1ccc2nc(C(C)O)[nH]c2c1,0,7391
1450067.0,O=C(Nc1cccn(Cc2ccc(F)cc2)c1=O)NC1CCCCC1,1,7392
3227059.0,COc1ccc(CC(NC(C)=O)C(=O)NC2CCN(C(=O)Nc3ccc(Cl)cc3)CC2)cc1OC,0,7393
3212634.0,COCCN(C(=O)C(C)C)c1nnc(-c2ccc(C)cc2)s1,0,7394
1428044.0,COc1ccc(NC(=O)c2cc3sccc3n2Cc2ccc(F)cc2)cc1OC,1,7395
1450658.0,Cc1ccc(C)c(Cn2c(C(=O)OC(C)C)cc3c2ccn3C)c1,1,7396
1450086.0,Cc1ccc(Cn2cccc(NC(=O)NC3CCCCC3)c2=O)cc1,1,7397
3226033.0,CCCCCC(=O)N1CCCC(c2nc(-c3ccc(OC)cc3)no2)C1,1,7400
1383732.0,O=C(Nc1ccc(Oc2ccccc2)cc1)C1CCN(c2c3c(nc4ncnn24)CCC3)CC1,0,7401
1450735.0,CC(C)OC(=O)c1cc2c(ccn2C)n1CC(=O)N1CCC(Cc2ccccc2)CC1,1,7402
1383751.0,O=C(CSc1nnnn1C1CCCC1)Nc1ccc(F)cc1,1,7403
1096905.0,Cc1nnc(NCc2ccco2)s1,0,7404
9549628.0,CNCCCc1ccccc1.Cl,0,7405
2901601.0,O=C(CCN1CCOCC1)Nc1ccccc1,0,7406
9549629.0,CCSc1nnc(C(N)Cc2ccccc2)o1.Cl,1,7407
1477836.0,c1ccc(-c2nccc(-c3ccc(-n4cnc5ccccc54)cc3)n2)nc1,0,7408
2769101.0,COC(=O)c1cc(C#N)c(NCc2ccc(Cl)cc2Cl)nc1C,0,7409
5013791.0,Cc1cccc(-n2c(Cn3nc(C)c([N+](=O)[O-])c3C)n[nH]c2=S)c1,0,7410
1483349.0,Cn1c(C(N)=O)cnc1Sc1ncc(C(F)(F)F)cc1Cl,0,7411
5905705.0,Cc1onc(C(=O)/C=C/N(C)C)c1C(=O)Nc1nccs1,0,7412
950649.0,Cc1cc(N2CCCCC2)nc(NCc2ccccc2)n1,0,7413
9549995.0,COc1ccc(/C(O)=C2/C(=O)C(=O)N(CC3CCCO3)C2c2ccc(OC)c(OC)c2)cc1,0,7414
948802.0,CC(C)CC(=O)N1CCC(N2CCN(c3ccccc3)CC2)CC1,0,7416
3700490.0,CC1CN(C2CCN(C(=O)c3cccc(Cl)c3)CC2)CC(C)O1,0,7417
4652860.0,Cc1ccc(Nc2c([N+](=O)[O-])cc([N+](=O)[O-])c3cccnc23)c(C)c1,0,7418
1477814.0,c1ccc2c(c1)ncn2-c1ccc(-c2ccnc(-c3ccncc3)n2)cc1,1,7419
5524312.0,CSc1nsc(/C=C/Nc2ccc(Cl)cc2)c1C#N,1,7420
135476808.0,COC(=O)/C=C/CSC1=N/C(=C/c2ccc(-n3cncn3)cc2)C(=O)N1,1,7422
3524600.0,COc1ccc(Cc2c(N)nc(N)nc2N)cc1,0,7423
2980952.0,COC(=O)c1ccccc1NC(=O)c1cc2nc(C3CC3)cc(C(F)(F)F)n2n1,0,7424
5708068.0,Cc1ccc(/C=C/c2ccc(=O)n(Cc3ccc(Cl)cc3Cl)n2)cc1,0,7425
2980586.0,CNC(=S)Nc1ccc(Nc2ccccc2)cc1,0,7426
1509139.0,Cc1ccn2cc(CSc3ccccc3N)nc2c1,1,7427
2980792.0,COC(=O)C1=C(CSCc2ccccc2)NC(=O)NC1c1cc(C)ccc1C,1,7428
9638967.0,COc1ccc(C(=O)O/N=C/c2ccc(S(=O)c3ccc(Cl)cc3)nc2)cc1,0,7430
2983546.0,CCN1C(=O)CC(N2CCN(CC(=O)NC(C)C)CC2)C1=O,0,7431
1179063.0,Nn1c(SCC(=O)N2CCOCC2)nnc1-c1ccccc1Cl,0,7434
2936609.0,CCCCN1C2=C(C(=O)CCC2)C(c2ccc(Cl)c(Cl)c2)C2=C1c1ccccc1C2=O,1,7437
2982260.0,COc1ccc(Cl)cc1NC(=O)C12CCC(C)(C(=O)O1)C2(C)C,1,7438
947543.0,Cc1nn2c(C)nc3sc4c(c3c2nc1=O)CC(C)(C)OC4,0,7440
1869361.0,Cn1c(=O)n(-c2cccc(Cl)c2)c(=O)c2c3c(sc21)COC(C)(C)C3,0,7441
2965286.0,COc1ccc(CCNc2ccncn2)cc1.Cl,1,7442
1251632.0,Cc1ccc(-c2nn3c(C)nnc3c3ccccc23)cc1S(=O)(=O)NCc1ccccc1,0,7443
9550056.0,CN(C)c1ccc(/C=C2/C(=O)N(c3ccc([N+](=O)[O-])cc3)N=C2N2CCOCC2)cc1,0,7444
186315.0,COc1ccc(NC(=O)OC(C)C)cc1,0,7445
4315951.0,Cc1ccc(C(=O)C2(C)C3c4cc(Br)ccc4OC(=O)C32C(=O)c2ccco2)cc1,0,7446
3367465.0,CCN(CC)c1ccc(NC(=O)c2cnn(CC)c2)cc1,0,7447
23975045.0,COc1nc(Oc2ccc(/C=N/O)cc2)nc(N(C)C)n1,0,7449
135403498.0,O=C1Nc2ccccc2/C1=N/c1sc2c(c1C(=O)NCCc1ccccc1)CCCC2,1,7450
3292650.0,CCCCCOc1ccc(NC(=O)C(=O)NCCC2=CCCCC2)cc1,0,7451
2955196.0,CCOC(=O)c1cc(CC)sc1NC(=O)c1cc(OCC)c(OCC)c(OCC)c1,1,7452
3789576.0,Cc1ccc(C)c(Nc2c([N+](=O)[O-])cc([N+](=O)[O-])c3cccnc23)c1,0,7454
9550066.0,CCn1c(=O)cc(SCC(=O)Nc2cc(OC)c(OC)c(OC)c2)c2ccccc21,1,7455
5348776.0,Cc1ccc(-c2ccc(/C=N/N3C(=O)C4C5C=CC(C6CC56)C4C3=O)o2)c([N+](=O)[O-])c1,1,7456
1976855.0,C=C(C)c1cccc(C(C)(C)NC(=O)N2CCN(C/C=C/c3ccccc3)CC2)c1,0,7457
2882889.0,COc1ccccc1CC1C(=O)C2CCN1CC2,0,7458
2194383.0,CCCNS(=O)(=O)c1ccc(OCC(=O)OC)cc1,0,7459
1302380.0,COc1cc(CNC(C)(C)CO)ccc1OCC(=O)Nc1ccc(Br)cc1,0,7460
1256690.0,O=S(=O)(c1cc(-c2nc3ccccc3s2)ccc1Cl)N1CCOCC1,0,7461
221407.0,O=C(Nc1ccccc1Cl)c1ccccc1Cl,0,7465
898673.0,CCSc1nnc(NC(=O)COc2ccc3ccccc3c2)s1,0,7467
9550115.0,CCOC(=O)Cc1c(C)nc2c(C#N)c[nH]n2c1=O,0,7468
2907540.0,Cc1ccc(NC(=O)c2cc(N3C(=O)C4CC=CCC4C3=O)ccc2N2CCOCC2)cc1Cl,1,7470
886009.0,COc1ccc(NC(=O)C(F)(F)F)cc1OC,0,7471
725082.0,CCOc1ccccc1OCC(=O)Nc1ccc(Cl)cc1Cl,0,7472
9550117.0,N/C(Cc1cccs1)=N\OC(=O)COc1ccc(Br)cc1Cl,1,7473
756636.0,CC(=O)c1ccc(NC(=O)C2(c3ccccc3)CCOCC2)cc1,0,7474
1080831.0,O=C(c1ccccc1)c1ccc(OCCn2cnc3ccccc3c2=O)cc1,0,7475
802888.0,Cc1ccc(C)c(NC(=S)c2ccccn2)c1,0,7476
23664089.0,CC12CCC(C(=O)[O-])(C/C1=N\O)C2(C)C.[Na+],0,7477
1342572.0,CC(=O)Nc1ccc(S(=O)(=O)N2CCN(C(=O)c3cccnc3)CC2)cc1,1,7479
2209040.0,O=C(c1cccs1)n1nc(-c2ccc(Cl)cc2)nc1NCc1ccco1,0,7481
2815785.0,Cn1c(=O)c2c(nc(NCC3CCCO3)n2Cc2cccc(Br)c2)n(C)c1=O,1,7482
6859997.0,CCOc1ccc(/C=N/n2c(SC)nnc2-c2ccccc2)cc1OCC,0,7483
732049.0,COc1cc(C(=O)Oc2ccc3c(c2)OCC3=O)cc(OC)c1OC,0,7484
753672.0,Cn1c(=O)c2cn(-c3ccccc3)cc2n(C)c1=O,0,7485
892616.0,Cc1ccc(C(=O)n2cnnc2N)cc1,0,7487
753193.0,CC1CCN(C(=O)Nc2ccc3nsnc3c2)CC1,0,7488
3553766.0,COc1ccc(C(=O)Nc2nc3c(s2)Cc2cc(OC)ccc2-3)cc1,1,7489
5200206.0,CCOC(=O)/C(=C/Nc1ccccc1)[N+](=O)[O-],0,7490
3994437.0,CC1(C)CC(=O)C2=C(C1)N(c1ccc(F)cc1)C(N)=C(C#N)C2c1cccs1,1,7491
566975.0,O=C(CN1CCCCC1)Nc1nnc(-c2ccc([N+](=O)[O-])cc2)s1,1,7492
24215092.0,COc1ccc(/C=C/C(=O)NCC(=O)N/N=C/c2cc(Br)ccc2OC)cc1,0,7493
6372599.0,CCOC(=O)N/N=C(/C)c1ccc([N+](=O)[O-])o1,0,7494
9600320.0,COc1cc(/C=N/Nc2snc(SC)c2C#N)cc(OC)c1OC,1,7496
2234851.0,CSC1=N/C(=C\c2ccc(Br)o2)C(=O)S1,0,7497
2237552.0,O=C(c1ccco1)N1CCN(C(=O)c2nn3cccnc3c2Cl)CC1,0,7498
2954815.0,COC(=O)c1cc(NC(=O)CC2NC3CCCCC3NC2=O)cc(C(=O)OC)c1,1,7499
2214231.0,O=C(NCCCN1CCc2ccccc2C1)Nc1ccc(Cl)cc1,0,7500
1288712.0,O=C(Nc1ccccc1N1CCN(C(=O)c2ccccc2)CC1)c1cc(Br)ccc1Cl,1,7501
2949518.0,Cn1c(=O)c2c(ncn2CC(COCc2ccccc2Cl)OCc2ccccc2Cl)n(C)c1=O,1,7502
9550212.0,CCOC(=O)Cc1c(C)nc2c(-c3ccccc3)c(-c3ccccc3)[nH]n2c1=O,1,7504
3586856.0,O=C(c1ccc2nc3ccc(Cl)cc3c(=O)n2c1)N1CCOCC1,0,7506
2838777.0,CCOc1ccc(C2C(C#N)=C(N)Oc3c2c(=O)oc2ccccc32)cc1,0,7507
9550253.0,CCc1ccc(OP(C)(=O)O)cc1.N,0,7509
722995.0,O=C(Nc1ccccc1C(=O)NCCc1ccccc1)c1ccco1,1,7511
748403.0,Cc1oc(-c2ccccc2)cc1C(=O)Nc1ccc(N(C)C)cc1,1,7512
818548.0,CC(=O)c1sc(N)c(C(=O)OC(C)C)c1C,0,7513
1308427.0,CCOc1ccc(-n2c(N)c(C(=O)NCc3cccnc3)sc2=S)cc1,1,7515
888842.0,CCOc1ccc(C(=O)Nc2ccccc2N2CCCC2)cc1,0,7516
2937044.0,CCOC(=O)C1=C(C)N(Cc2ccccc2)C(=O)NC1c1ccc(OC)cc1,1,7517
2883512.0,O=C1C=C(c2cccs2)CC(c2cccs2)C1n1cnc([N+](=O)[O-])c1,0,7519
5347628.0,C(/C=C/c1ccco1)=N/N1CCN(c2ccccc2)CC1,0,7520
3932660.0,Cc1ccccc1-n1ncc2c([N+](=O)[O-])cc([N+](=O)[O-])cc21,1,7521
899749.0,CCN(CC)c1ccc(NC(=O)c2cccnc2)c(C)c1,0,7522
4249375.0,CC(C)Cn1c(-c2nn(C)cc2Cl)n[nH]c1=S,0,7523
1179062.0,CCN(CC)C(=O)CSc1nnc(-c2ccncc2)n1N,0,7524
687322.0,O=C(Nc1ccccn1)c1ccco1,0,7525
5111967.0,CCOC(=O)CC(NC(=O)c1cccs1)c1ccc(OCC)cc1,0,7526
4594935.0,Cc1ccc(C(C(=O)NC2CCCCC2)N2CCN(C(=O)c3ccco3)CC2)cc1,0,7527
4306095.0,FC(F)(F)c1cc(-c2ccco2)nc(NCCc2ccccc2)n1,0,7528
9550319.0,COc1ccc(Nc2ncc(C(=O)N3CCN(c4ccc(F)cc4)CC3)c3ccccc23)cc1,0,7529
9550320.0,CCN(CC)c1cc(C)c2cc(NC(=O)c3ccc(Br)o3)ccc2n1,0,7530
9550322.0,Cc1cccc(NC(=O)CCS(=O)(=O)c2cccc3nsnc23)c1C,0,7531
756972.0,CCN1CCC2(CC1)NC(CO)(CO)CO2,0,7532
4267356.0,Cc1ccc(CC(=O)N2CCN(c3cccc(C(F)(F)F)c3)CC2)cc1,1,7533
9550329.0,COC(=O)c1ccc2c(c1)C(C)(C)C(/C=C/c1ccc(OC)c(OC)c1OC)=[N+]2C.[I-],1,7534
4438745.0,CCNc1nc(Oc2ccc(=O)n(-c3ccccc3)n2)nc(N(C)C)n1,0,7535
738490.0,Cc1ccc(Nc2nnns2)cc1,1,7536
9550332.0,CN1CCN(C(=O)c2ccc(COc3ccc(C(C)(C)C)cc3)o2)CC1,0,7537
668390.0,O=C(Nc1ccccc1Cl)c1ccn[nH]1,0,7538
6519189.0,CCCCN1C(=O)/C(=c2\sc3nc(=O)c(-c4ccccc4)nn3c2=O)c2ccccc21,1,7539
723818.0,Cc1cc(C)c(C#N)c(Oc2ccc(F)cc2)n1,1,7540
3656225.0,Cc1ccc(NC(=O)CSCC(=O)Nc2ccc(N3CCOCC3)c(Cl)c2)cc1,1,7541
4985864.0,COc1ccc(Cl)cc1NC(=O)NCCCl,0,7542
1250236.0,Cc1ccc2nc(NC(=O)COC(=O)c3ccc(Br)o3)sc2c1,1,7543
684587.0,CSc1nsc(SC)c1C(=O)Nc1ccc(C)cc1,1,7544
3303878.0,Cc1cc(C)n(-c2nc(-c3ccc(Cl)c(Cl)c3)cs2)n1,1,7546
6620818.0,COC(=O)c1ccccc1Oc1c(F)c(F)nc(N2CCOCC2)c1F,0,7549
9550488.0,CCOc1cc(/C=C2/C(=N)N3C=CSC3=NC2=O)ccc1OCCCOc1ccccc1C,1,7550
3449798.0,COC(=O)c1cnn(C(=O)c2ccccc2Br)c1N,0,7552
2982704.0,CCOC(=O)C1CCCN(C(=O)c2cc3nc(-c4ccc5c(c4)OCO5)cc(C(F)(F)F)n3n2)C1,1,7553
2235606.0,CCOc1ccccc1NC(=O)Nc1c(C)n(-c2ccccc2)c(=O)n1C,0,7554
752193.0,CCOc1ccc(NC(=O)CCSc2nnc(C)s2)cc1,0,7555
5322334.0,O=c1c(Oc2ccccc2Br)c(C(F)(F)F)oc2c(CN3CCCC3)c(O)ccc12,0,7556
889459.0,CCOc1ccccc1Oc1coc2cc(OC)ccc2c1=O,0,7557
1259038.0,Cc1cccc(NC(=O)c2cc(N3C(=O)CCC3=O)ccc2Cl)n1,0,7558
2948005.0,COc1ccc(S(=O)(=O)N(CC(=O)NCC2CCCO2)c2ccc(F)cc2)cc1OC,1,7559
1210778.0,O=C(CNS(=O)(=O)c1ccc(Br)cc1)N1CCOCC1,0,7560
751278.0,CC1CCN(C(=S)c2ccc(O)cc2)CC1,0,7561
2192244.0,Cc1ccc(NC(=O)C2CCN(S(C)(=O)=O)CC2)cc1,0,7562
2229921.0,CSc1cccc(NC(=O)CN(c2ccccc2)S(=O)(=O)N(C)C)c1,0,7563
2987851.0,COc1ccc(-c2cc(C(F)(F)F)nc(N3CCN(C)CC3)n2)cc1OC,0,7564
3563041.0,C=CCSc1ncccc1C(=O)NCc1ccc(C)cc1,1,7566
4668488.0,COc1ccc(C2C(=O)N(C3CCCCC3)CC(=O)N2CC2COc3ccccc3O2)cc1,1,7567
9550554.0,CC1CCN(CC(C)CNC(=O)c2cc(-c3ccccn3)nc3ccccc23)CC1,0,7568
5145407.0,O=C(Nc1cccc(OC(=O)c2cccnc2)c1)c1cccnc1,0,7571
5222827.0,O=C(C1CC(=O)N(C2CCCC2)C1)N1CCC2(CC1)OCCO2,0,7572
5181562.0,Cc1ccc(-n2c([O-])nc(-[n+]3ccccc3)c2C=O)cc1,0,7573
6007691.0,CCCCCC/C(C)=C1/SC(=S)NC1=O,0,7574
3579761.0,CCOC(=O)N1CCN(C(=O)c2ccc(NC(C)=O)cc2)CC1,0,7575
5883673.0,COc1ccc(/C=C2\N=C(c3c(-c4ccccc4)noc3C)OC2=O)cc1OC,0,7577
44601848.0,O=C(CNc1cccc2ccccc12)N/N=C/C(Br)=C/c1ccccc1,0,7578
3616474.0,CC1CCC(=NNC(=O)Cc2ccccc2)CC1,0,7579
4201840.0,COCCNC(=O)CCCCCn1c(=S)[nH]c2ccccc2c1=O,1,7581
3378026.0,CC1(C)CC(=O)C2=C(C1)N(Cc1cccnc1)C(=O)C2(NC(=O)c1cccnc1)C(F)(F)F,1,7582
9550589.0,CC(C)Oc1ccc(/C(O)=C2/C(=O)C(=O)N(Cc3cccnc3)C2c2ccco2)cc1,1,7583
2982735.0,CC12CCC(C(=O)Nc3ncc([N+](=O)[O-])s3)(OC1=O)C2(C)C,1,7586
938100.0,COc1ccc(-c2nc3c([nH]2)c(=O)n(C)c(=O)n3C)c(OC)c1,1,7587
2964970.0,CCOc1ccc(NC(=O)CSc2nnc(CCNC(=O)c3ccc(OC)cc3)n2CC)cc1,1,7588
1562681.0,CCCCOC(=O)Nc1ccccc1C(=O)OC,0,7589
1562682.0,CCCCOC(=O)Nc1cccc(C(=O)OCC)c1,0,7590
2243314.0,C=CCn1c(SCc2ccccc2)nc2scc(-c3ccc(C)o3)c2c1=O,0,7591
1269642.0,O=C(Nc1cccnc1)c1ccc(COc2cc(Cl)ccc2Cl)o1,1,7592
2269359.0,O=C(Cc1ccc(Br)cc1)OCC(=O)c1ccc2c(c1)OCCO2,0,7593
1224972.0,Cc1c(NC(=O)CSc2nnnn2C)c(=O)n(-c2ccccc2)n1C,0,7595
2838863.0,O=C(O)C1CCCCC1C(=O)Nc1ccccc1Cl,0,7596
878806.0,N#Cc1c2n(c3c(=S)nc[nH]c13)CCCCC2,0,7597
2839131.0,COC(=O)c1ccc(NC(=O)C2CCCCC2C(=O)O)cc1,0,7598
782202.0,c1ccc(CN2CCN(Cc3ccc4c(c3)OCCO4)CC2)cc1,0,7599
1006779.0,O=C(NCc1ccco1)c1ccccc1NS(=O)(=O)c1ccc(Br)s1,0,7601
850027.0,COc1ccc(S(=O)(=O)Nc2ccc(F)cc2)c(C)c1C,1,7602
2882867.0,CC(C)(C)CNC(CO)C12CC3CC(CC(C3)C1)C2.Cl,0,7603
725629.0,COc1ccc(NC(=O)CCOc2ccccc2)cc1,1,7605
1265320.0,CCn1c(-c2nonc2NC(=O)c2ccccc2)nc2ccccc21,1,7606
886110.0,COc1ccccc1NC(=S)NCCc1ccccc1,1,7607
2244013.0,Cc1ccc(S(=O)(=O)CC#CCOC(=O)c2ccc([N+](=O)[O-])cc2)cc1,1,7608
1562726.0,CCCCOC(=O)Nc1ccc(C)c(Cl)c1,0,7609
619850.0,COC(=O)C1=C(C)NC(=O)NC1c1ccsc1,0,7610
1185934.0,Cc1onc(-c2ccccc2Cl)c1C(=O)Nc1nnc(Cc2ccc(Cl)cc2)s1,1,7611
2908222.0,CC(=O)OC1C2CCCC1C([NH+]1CCCC1)CC2.[Cl-],0,7612
2887981.0,COc1ccc(C2Nc3ccccc3C(=O)N2Cc2ccco2)cc1COc1ccc([N+](=O)[O-])cc1,1,7613
710575.0,Cc1ccc(N2C(=O)C(Cl)=C(NCc3ccccc3)C2=O)c(C)c1,0,7614
1288515.0,O=C(Nc1cc(C(F)(F)F)ccc1N1CCCCC1)c1ccc(Br)o1,0,7616
2950457.0,Cc1cc2ncn(C3CC(=O)N(C)C3=O)c2cc1C,0,7617
1288186.0,C=CCn1c(SCc2ccc3c(c2)OCO3)nc2scc(-c3ccco3)c2c1=O,1,7618
962255.0,Cc1cccc(OCCn2c(-c3ccco3)nc3ccccc32)c1,1,7619
1022956.0,O=C(Nc1cccc(C(F)(F)F)c1)c1ccc(Cn2cc(Br)cn2)o1,0,7620
1047097.0,C=CCn1c(Cc2c[nH]c3ccccc23)nnc1SCC(=O)NCc1ccccc1,0,7621
9587705.0,Cn1ncc(C#N)c1/N=C/N1CCCCCC1,0,7622
680922.0,COC(=O)N(C)c1ccccc1C(=O)N1CCOCC1,0,7624
882156.0,CC(=O)Nc1cccc(N2C(=O)CCC2=O)c1,0,7625
5348842.0,Clc1ccc(Sc2ccc(/C=N/n3cnnc3)o2)cc1,1,7626
875046.0,CC(=O)COc1ccc2c(C)c(C)c(=O)oc2c1,0,7627
1307587.0,O=C(Nc1ccccc1N1CCN(C(=O)c2ccc(Cl)cc2)CC1)c1cc(Br)ccc1Cl,1,7628
2200018.0,Fc1ccccc1OCCCCSc1ncccn1,0,7629
1287557.0,COc1cc(CNn2nnnc2N)ccc1OCc1c(Cl)cccc1Cl,1,7631
2949746.0,O=C1CC(N2CC=C(c3ccc(F)cc3)CC2)C(=O)N1c1ccc(F)cc1,1,7632
976348.0,COC(=O)COc1cccc(NC(=O)c2ccc(C)cc2)c1,1,7633
2884325.0,Cc1c(CCOC(=O)C2C3CC4CC(C3)CC2C4)sc[n+]1CC(=O)c1ccc(Br)cc1.[Br-],1,7634
2884279.0,S=C1NCCOCCOCCOCCN1,0,7635
5347519.0,O=[N+]([O-])c1ccc(Cl)c(/C=N/N2CCN(Cc3ccccc3Cl)CC2)c1,0,7637
5347389.0,COc1ccc2c(c1[N+](=O)[O-])CCC/C2=N/OC(=O)c1cccc2ccccc12,0,7638
5347203.0,Cc1cccc(-n2c(C)cc(/C=N/n3cnnc3)c2C)c1,1,7640
2883188.0,O=C1c2ccccc2C(=O)N1CC1CCCO1,0,7641
2839323.0,O=C(O)C1CCCCC1C(=O)Nc1cc(Cl)ccc1Cl,0,7642
1520411.0,CC(=O)c1c(N2CCC(C(N)=O)CC2)nc(=S)n(-c2ccccc2)c1C,0,7643
135448854.0,COc1ccc(N2CCN(C(=N)/C(C(C)=O)=C(\C)O)CC2)cc1,0,7644
2192957.0,CCCCc1ccc(NC(=S)NCc2cccs2)cc1,0,7645
1269684.0,O=C(c1ccc(COc2ccccc2Br)o1)N1CCN(c2ccccn2)CC1,0,7646
892237.0,Cc1c(Br)cc(C(=O)NC2CCCCC2)c(C)c1C,0,7647
1046783.0,Cc1ccc(-n2c3c(c(=O)[nH]c2=O)C(C(F)(F)F)(C(F)(F)F)NC(=O)N3)cc1,0,7648
4289706.0,C=CCN1C(=O)c2ccccc2Sc2ccc(C(=O)N3CCC4(CC3)OCCO4)cc21,1,7650
1252365.0,Cn1c(CN2CCCC2)nc2cc(NC(=O)C3CCCCC3)ccc21,0,7651
9550656.0,CCCCNC(=O)C1CC(=O)N(c2ccc(OC)cc2)C1c1ccc(OC)cc1,0,7652
1556129.0,CCOC(=O)Cc1csc(NC(=O)CCCCCN2C(=O)c3ccccc3C2=O)n1,1,7655
6617580.0,CC(=O)N1CC(=O)N(OCc2ccccc2)C1c1ccc(Cl)cc1Cl,1,7656
3528369.0,COc1ccc2c(c1)C(=NN)c1cc(OC)ccc1-2,1,7657
44601847.0,O=C(N/N=C/c1cccc(Oc2ccc([N+](=O)[O-])cc2[N+](=O)[O-])c1)c1cncc(Br)c1,1,7658
4450650.0,CNC(C)c1cc(OC)ccc1OC,0,7659
4412075.0,CN1CCN(c2nc(-c3ccccc3)cc(C(F)(F)F)n2)CC1,0,7660
9550715.0,COc1ccc(Nc2ncc(C(=O)N3CCN(Cc4ccccc4)CC3)c3ccccc23)cc1,0,7661
4130402.0,O=C(NCC1COc2ccccc2O1)C1C2C=CC3(CN(Cc4cccs4)C(=O)C13)O2,0,7662
3424504.0,COC(=O)c1cn(NC(=O)c2cccc(OC)c2)c(=O)c2ccccc12,0,7663
4226781.0,COC(=O)c1cn(NC(=O)c2ccc(F)cc2)c(=O)c2ccccc12,0,7664
3473123.0,O=C1Nc2ccccc2C(O)(C(=O)NCc2ccc3c(c2)OCO3)N1c1ccc(Cl)c(Cl)c1,1,7665
3941062.0,CCOC(=O)c1sc(NC(C)=O)nc1-c1ccccc1,0,7667
3262536.0,COc1cc(C(=O)Nc2nc3ccc4nc(C)sc4c3s2)cc(OC)c1OC,0,7668
3514994.0,CC(C)OC(=O)c1cccc(C(=O)Oc2ccc(Br)cc2)n1,0,7669
5207438.0,O=C(Oc1ccc2cc(Br)ccc2c1)c1cccnc1,1,7670
741078.0,Cc1ccc(C)c(NC(=O)c2ncn[nH]2)c1,1,7671
9550808.0,O=C(Nc1ccc([N+](=O)[O-])cc1)/C(=C/c1cccc([N+](=O)[O-])c1)NC(=O)C1CCCCC1,1,7672
9550809.0,Cc1ccc(NC(=O)/C(=C/c2cccc([N+](=O)[O-])c2)NC(=O)C2CCCCC2)c(C)c1,1,7673
9550810.0,CC1=N/C(=C\c2ccc([N+](=O)[O-])cc2)C(=O)N1c1ccc(Br)c(C)c1,1,7674
5405450.0,CCOC(=O)N/N=C\c1ccc([N+](=O)[O-])o1,0,7675
3118713.0,COc1cccc(C(=O)NCCN2CCOCC2)c1,0,7676
4117727.0,O=C(Nc1cc2ccccc2oc1=O)C1CCCCC1,0,7678
4117725.0,COc1ccccc1C(=O)Nc1cc2c(ccc3ccccc32)oc1=O,0,7679
9550814.0,CCOc1ccc(NC(=O)N2CCC(C(N)=O)(N3CCCCC3)CC2)cc1,0,7680
6020779.0,Cc1ccc(OCC(=O)N/N=C\c2ccco2)c(C)c1,0,7681
18526314.0,Brc1ccc(N=C/C=C/C=C/Nc2ccc(Br)cc2)cc1.Cl,0,7683
2723842.0,S=c1[nH]c2cc(Cl)ccc2s1,0,7684
759973.0,c1cncc(-c2nnc3n2C2(CCCCC2)Cc2ccccc2-3)c1,1,7685
5341242.0,Cn1c2c([n+]([O-])c1-c1ccccc1)/C(=N/O)CCC2,0,7686
796493.0,C(=NC12CN3CN(CN(C3)C1)C2)c1cccs1,0,7687
871656.0,O=C(NN=c1c(=O)c2ccccc2c1=O)c1ccccc1,0,7688
9565215.0,COc1ccc(OCCn2c(C)c(/C=N/n3cnnc3)c3ccccc32)cc1,1,7689
971006.0,O=C(Oc1c(Cl)cc(Cl)c2ccccc12)N1CCCC1,0,7690
837551.0,CCN(CC)c1ccc(NC(=O)c2cccc(F)c2)c(C)c1,0,7691
970872.0,CCCC(=O)n1nc(-c2cccnc2)nc1N,0,7692
1511418.0,Cc1ccc(-c2nn3c(C)nnc3c3ccccc23)cc1S(=O)(=O)NCCN1CCOCC1,1,7693
607981.0,CCOC(=O)c1c[nH]c2c(C)cc(C)cc2c1=O,1,7694
889247.0,COc1ccc(-n2c(C)cc(C=O)c2C)cc1Cl,0,7695
1302670.0,COC(=O)c1ccc(Oc2nc(N(C)C)nc(N3CCOCC3)n2)cc1,0,7696
889070.0,Cc1ccc(-n2c(N)c(C(=O)NCc3ccco3)sc2=S)cc1,1,7698
1819215.0,CCNc1nc(NC(C)C)nc(SCCOc2ccc(C)cc2)n1,1,7699
1562719.0,CCCCOC(=O)Nc1nc2ccccc2s1,0,7700
135448864.0,O=c1[nH]c(CSc2nnc(-c3ccccc3)n2C2CCCCC2)nc2ccccc12,1,7701
2938449.0,CCOc1ccc(-n2c(N)c(C(=O)NCC3CCCO3)sc2=S)cc1,0,7702
1285279.0,CCCc1cc2c(=O)c(-c3ccc4c(c3)OCCO4)coc2cc1OC(=O)c1ccco1,0,7703
870377.0,Cc1[nH]n2c(=O)c3c(nc2c1-c1cccc2ccccc12)CCC3,0,7705
135399350.0,O=c1nc(N2CCCCCC2)nc(N2CCCCCC2)[nH]1,0,7706
6618997.0,CCOC(=O)c1c(NC(=O)c2c(Br)cnn2C)c(C#N)nn1-c1ccccc1,0,7708
9550884.0,COc1cc(/C=C2/C(=N)N3C=CSC3=NC2=O)ccc1OCCCOc1c(C)cccc1C,1,7709
9550886.0,COc1cc(/C=C2/C(=N)N3C=CSC3=NC2=O)ccc1OCCCOc1ccccc1C,1,7710
3711536.0,CC1CCC(=C(C#N)C(=O)Nc2cccc(Cl)c2)CC1,1,7711
6092164.0,C/C(=N/NC(=O)Cc1cccn1C)c1ccccc1,0,7712
9605611.0,CCOc1ccc(/C=N/Nc2nc(N3CCCC3)nc(N3CCCC3)n2)cc1OC,1,7713
743792.0,Cc1cc(C)c(C#N)c(SCC(=O)C(C)(C)C)n1,0,7714
4017940.0,CNc1nc(NCCOC23CC4CC(CC(C4)C2)C3)nc(OCC(F)(F)F)n1,1,7717
686649.0,Cc1ccccc1NC(=S)NN1CCN(C)CC1,0,7720
576758.0,Cc1ccc(C(=O)N2C3C=CC(C3)C2(C(F)(F)F)C(F)(F)F)cc1,1,7722
708852.0,COc1cc(OC)c(C#N)c(S(=O)(=O)Cc2ccccc2)c1,1,7724
9600290.0,COc1ccc(/C=N/Nc2snc(SC)c2C#N)cc1OC,1,7726
4317586.0,COC(=O)C1=C(N)N(c2ccccc2C(F)(F)F)C2=C(C(=O)CCC2)C1c1ccc2c(c1)OCO2,1,7728
3841208.0,CC(C)c1ccc(C(=O)CC2(O)C(=O)N(CN3CCOCC3)c3ccccc32)cc1,1,7730
54689221.0,Cc1ccc(OCC(=O)c2c(O)c3ccccc3oc2=O)cc1C,0,7731
240712.0,Cc1csc(=S)n1-c1ccccc1,0,7732
3436585.0,CCOC(=O)c1ccc(NC(=O)C2(c3ccc(OC)cc3)CCOCC2)cc1,0,7733
4092397.0,Cc1ccc(N(C)C(=O)Oc2cccc3ccc(C)nc23)cc1,1,7734
9551028.0,O=C(CCN1C(=O)C2C3C=CC(C3)C2C1=O)Nc1ccc2ncccc2c1,1,7736
46500445.0,C/C(=N\NC(=O)c1[nH]c2c([N+](=O)[O-])cc(C)cc2c1-c1ccccc1)c1cccnc1,1,7737
3640000.0,CN(C)c1ccc(CNc2ncc(Br)cc2Br)cc1,0,7738
4024522.0,COc1ccc(Cc2nnc(NC(=O)Cn3cnc4c3c(=O)n(C)c(=O)n4C)s2)cc1OC,0,7739
9551030.0,C[NH+](C)CCOC(=O)C1(c2ccccc2)CCOCC1.[Cl-],0,7740
3553484.0,COc1ccc2c(c1)CCc1sc(NC(=O)c3ccc(C)cc3)nc1-2,1,7741
2938921.0,COc1ccc2c(c1)Cc1sc(NC(=O)c3ccco3)nc1-2,1,7742
4291281.0,CCOC(=O)c1nnn(-c2nonc2N)c1-c1ccc(C)cc1,0,7743
5073725.0,C=CCNC(=O)c1ccc(Cn2c(=S)[nH]c3cc4c(cc3c2=O)OCO4)cc1,1,7745
4069677.0,CCCCNC(=O)CSc1nc2cc(OC)c(OC)cc2c(=O)n1Cc1ccc(OC)cc1,1,7746
5210485.0,CCOc1ccc(OCc2ccc(C(=O)NCc3cccnc3)o2)cc1,1,7747
717014.0,CC(C)CNC(=O)c1ccc(COc2ccc(Cl)cc2Cl)o1,1,7748
9551070.0,C[N+]1(CC(=O)OCCCc2ccccc2)CCOCC1.[I-],0,7750
3360049.0,COc1cccc(C2C3(C#N)C(N)=NC(OC)(OC)C23C#N)c1,0,7751
4163426.0,CCCN(CCC)C(=O)CSc1nc2ccccc2c(=O)n1CC1COc2ccccc2O1,1,7752
5243594.0,CCCCNC(=O)CSc1nc2ccccc2c(=O)n1CCNC(C)=O,1,7753
3703257.0,O=C(CSc1nc2ccccc2c(=O)n1NC(=O)c1ccccc1)c1ccc(Cl)cc1,1,7754
4076815.0,COCCN1C(=O)c2ccccc2C(C(=O)Nc2ccc3c(c2)OCCO3)C1c1ccc(F)cc1,0,7756
5083147.0,CN(CCCNC(=O)c1cccn2c(=O)c3ccccc3nc12)Cc1ccccc1,1,7757
5013640.0,CCc1ccc(-n2c(=O)c3c(C)c(C(=O)N(C)C)sc3n(CC(=O)NCc3ccco3)c2=O)cc1,0,7758
9551249.0,Cc1ccc(S(=O)(=O)c2cc3ccccc3oc2=Nc2ccc3c(c2)OCO3)cc1,1,7759
9551259.0,CCCCN(C(=O)Nc1ccc(OCC)cc1)C1CCN(C(C)=O)CC1,0,7760
3995045.0,CCOC(=O)CC(NC(=O)c1ccco1)c1ccc(OC)cc1,0,7762
3962160.0,CCCN(C(=O)Cc1nc(N)n[nH]1)C1(C(=O)Nc2ccccc2C)CCCCC1,1,7763
21215059.0,COc1ccc(/C=N/Nc2nonc2N)cc1,0,7764
135476880.0,CCCCC/C(=N\O)c1c[nH]c2ccccc12,0,7765
752280.0,CP(=O)(Nc1ccc(Cl)cc1)Oc1ccc(F)cc1,0,7767
3412465.0,CCOc1ccc(NC(=O)N2CCC(c3ccc(C)cc3)C2)cc1,0,7768
4114038.0,Cc1cccc(NC(=S)N2CCC(N(C)CC3CCCO3)CC2)c1C,0,7769
1260746.0,CCOc1nc(N2CCCCC2)nc(-n2cc(-c3ccccc3)nn2)n1,1,7770
3608992.0,COC(=O)CCSc1cc([N+](=O)[O-])cc2c1c(C1OCCS1)nn2-c1ccccc1,1,7772
4051992.0,Cc1ccc(CN2C(=O)CCC2C(=O)NCc2cccnc2)cc1,1,7773
5058219.0,CN(CCCNC(=O)C1CCC(=O)N1Cc1ccccc1Cl)c1ccccc1,1,7774
9551459.0,COc1cc2[nH]c(=O)n(CCC(=O)N3CCC(N4CCCCC4)CC3)c(=O)c2cc1OC,0,7778
4064736.0,CC(=O)NCCn1c(SCc2ccc(C)cc2)nc2ccccc2c1=O,1,7779
4189772.0,Cc1cccc(NC(=O)CSc2nc3ccccc3c3nc(CCc4c(C)n[nH]c4C)nn23)c1,1,7780
4063911.0,CCOC(=O)c1c(NC(=O)c2c(C)noc2C)sc2c1CCCCC2,0,7781
4582524.0,Cc1ccc(C(=O)N2CCN(c3ncccn3)CC2)o1,0,7782
5200873.0,COC(=O)C1=C(C(=O)c2ccc(C)cc2)C(c2ccccc2)n2nnnc2N1,0,7784
6382951.0,Cc1ccc(C(=O)/C=C2\NCC(C)NC2=O)cc1,0,7785
6023871.0,CC1CN/C(=C\C(=O)c2ccccc2)C(=O)N1,0,7786
9551472.0,CCC(COC(=O)NC)NC(=O)Oc1ccccc1,0,7787
4435403.0,CCOC(=O)c1sc2nc(CC(=O)OC)nc(NCc3ccc(F)cc3)c2c1C,1,7788
4348097.0,O=C(c1ccc2nc(-c3ccco3)c(-c3ccco3)nc2c1)N1CCN(c2ncccn2)CC1,1,7789
4248965.0,O=C1CSC(c2ccccn2)N1c1ccc2ccccc2c1,0,7790
5014373.0,O=C1CSC(c2ccccn2)N1c1ccc(Cl)c(Cl)c1,0,7791
5044038.0,CC1=C(C)[N+](=O)C2(O)CCCCC2(C)N1[O-],0,7794
5125843.0,O=C(Nc1ccc2c(c1)OCCO2)C1CCN(C(=O)c2ccccc2)CC1,0,7795
639252.0,CC(=O)c1cnc2cc(C)nn2c1C,0,7796
9551527.0,CCOC(=O)c1cnc2cc(-c3ccc(C)cc3)nn2c1-c1ccccc1,1,7797
5736917.0,COc1ccc(-c2ccc(/C=C3\C(=O)N(c4ccccc4)N=C3c3ccccc3)o2)c([N+](=O)[O-])c1,1,7798
2151844.0,O=C(O)c1ccccc1-c1ccccc1C(=O)NCCCO,0,7799
2214828.0,Cc1ccc(C)c(S(=O)(=O)NCc2ccc(C(=O)N3CCC(Cc4ccccc4)CC3)cc2)c1,1,7800
972980.0,COc1cccc(Nc2nc(-c3ccc(O)cc3)cs2)c1,1,7801
2169579.0,C=CCNC(=O)c1cc(Cl)ccc1Cl,1,7802
898495.0,O=C(NCc1ccc(Cl)cc1)c1cnccn1,0,7803
991455.0,COc1ccc(C(=O)Nc2ccc(Cl)cc2C(=O)NCCN2CCOCC2)cc1,1,7804
832075.0,CCC(CC)C(=O)NCCN1CCN(C(=O)C(CC)CC)CC1,0,7805
891591.0,c1ccc(CCc2nc(-c3ccccc3)no2)cc1,0,7809
2977708.0,Cc1ccc(-c2ccc(CCC(=O)O)n2CC2CCCO2)cc1,0,7811
838547.0,Cc1ccc(NC(=O)CN(Cc2ccccc2)S(C)(=O)=O)cc1C,1,7812
2230316.0,CCNS(=O)(=O)c1ccc(NS(C)(=O)=O)cc1,0,7813
2906692.0,CC(C)C(=O)NCCCc1ccccc1,0,7814
1243010.0,O=C(NC(=S)Nc1cccc(Cl)c1N1CCCC1)c1ccc(-c2cccc([N+](=O)[O-])c2)o1,1,7816
2969756.0,CC1(C)CC(=O)C2=C(C1)NC(=O)C21C(C(=O)OC(C)(C)C)=C(N)Oc2ccc(Br)cc21,1,7817
2947893.0,CCC(C)NS(=O)(=O)c1ccc(NC(=O)CCC2CCCCC2)cc1,0,7819
2931364.0,Cc1sc(NC(=O)C2CCCCC2C(=O)O)c(C(N)=O)c1C,0,7820
1619204.0,C=CCNC(=S)N1CCN(c2ncc3c(=O)c(C(=O)O)cn(CC)c3n2)CC1,0,7821
2912389.0,CC1CCN(C2CCN(S(=O)(=O)c3ccc(F)cc3)CC2)CC1.O=C(O)C(=O)O,0,7822
2770856.0,CC(C)C(NC(=O)c1ccc(C(C)(C)C)cc1)C(=O)O,0,7823
1243938.0,CSc1ccc(NC(=O)NCCN2CCc3ccccc3C2)cc1,0,7824
3793002.0,Cc1ccc(NS(=O)(=O)c2ccccc2Cl)c2c1CC(C)(C)O2,1,7825
1484999.0,Cc1ccc(-n2ccc(=O)c(-c3ccnc(SCc4cccc(Cl)c4)n3)n2)cc1,1,7826
2969082.0,CCOC(=O)CC1=C(C(=O)OCC)C2(C(=O)N1CC(=O)OC)C(C#N)=C(N)Oc1ccccc12,1,7827
2969276.0,O=C(CSCc1c(F)cccc1Cl)NCC1CCCO1,0,7828
2969333.0,O=C(NC1(C(F)(F)F)C(=O)Nc2c1c(=O)[nH]c(=O)n2Cc1ccccc1)c1ccc(Cl)cc1Cl,0,7829
935439.0,Nc1ccc(N2CCN(C(=O)c3ccco3)CC2)cc1,0,7830
2969397.0,CC1=C(C#N)C(NC(=O)C2CCCCC2)(C(F)(F)F)C(=O)N1,0,7831
4679772.0,CC(NC(=O)c1ccccc1F)C(=O)O,0,7834
3729499.0,CCOC(=O)CN(c1ccccn1)S(=O)(=O)c1ccccc1,0,7835
943143.0,CCOC(=O)c1c(NC(=O)CCc2ccc(CC)o2)sc(C)c1C,1,7836
734108.0,COCc1nnc(NC(=O)CCN2C(=O)c3ccccc3C2=O)s1,0,7837
977968.0,CN(C)CCNC(=O)c1cc(Br)ccc1Cl,0,7838
2954001.0,O=C(Nc1nnc(C2CC2)s1)c1ccc(S(=O)(=O)c2ccccc2)cc1,0,7839
1964886.0,Cc1ccc(SCCNC(=S)Nc2ccc(C)c(C)c2)cc1,1,7840
2902250.0,CCCS(=O)(=O)N1CCN(CC2CC=CCC2)CC1.O=C(O)C(=O)O,0,7841
2904534.0,CCOC(=O)C1CCCN(S(=O)(=O)c2ccccc2)C1,0,7842
880443.0,CN1C(=O)C(=Cc2ccc(N3CCCCC3)o2)C(=O)N(C)C1=S,0,7843
880543.0,CN1C(=O)C(=Cc2ccc(N3CCCCCC3)o2)C(=O)N(C)C1=S,1,7844
2876948.0,Cc1cc(C)c(NC(=O)C(C)Sc2nnc(-c3ccco3)n2-c2ccccc2)c(C)c1,1,7845
978140.0,O=C(CSCc1cccc(Cl)c1)NCc1ccc2c(c1)OCO2,1,7846
2954960.0,Cn1c(CC(=O)Nc2ccc(Cl)c(Cl)c2)nnc1SCC(=O)N1CCN(c2ccccc2)CC1,1,7847
970025.0,COc1ccc(-c2c(C)nn(Cc3ccccc3)c2N)cc1,1,7848
2204815.0,CCN(CC)c1nc(Nc2ccccc2)nc(Oc2ccc(C(=O)OC)cc2)n1,0,7850
2905832.0,O=C(Nc1nccs1)C1Cc2ccccc2CN1S(=O)(=O)c1ccc(F)cc1,1,7852
2910672.0,Cc1ccc(S(=O)(=O)N(CC(=O)N2CCN(c3ccc(F)cc3)CC2)C2CCCCC2)cc1,1,7853
2975858.0,CCOC(=O)CSc1nnc(NC(=O)c2cccc(S(=O)(=O)N3CCCCCC3)c2)s1,0,7854
2193996.0,Cc1cnc(NC(=O)CSc2ccc(Cl)cc2)s1,1,7856
753710.0,Cc1ccnn2cc3c(=O)n(C)c(=O)n(C)c3c12,0,7857
2942846.0,CCC(C)NC(=O)c1ccccc1NC(=O)Nc1ccccc1,0,7858
1186193.0,C=CCn1c(SCC(=O)Nc2c(C)n(C)n(-c3ccccc3)c2=O)nc2sc(C)c(-c3ccccc3)c2c1=O,1,7860
1334628.0,COc1ccccc1Oc1ccc2c(c1)C(=O)N(c1ccc(C)cc1)C2=O,0,7861
1308938.0,COc1ccc(-n2c(N)c(C(=O)NCc3ccco3)sc2=S)cc1,1,7862
890786.0,O=C(CCN1C(=O)c2ccccc2C1=O)Oc1ccc2ccccc2c1,0,7864
5188512.0,O=C1c2ccccc2CCC12N=NCC2c1ccccc1,0,7865
5936418.0,COC(=O)C1=C(C)N=C2SC(C)C(=O)N2C1/C=C/c1ccccc1,1,7866
68459.0,O=C(O)c1c[nH]c2cc(C(F)(F)F)ccc2c1=O,0,7867
135512315.0,CCOc1ccc(N=C2NC(=O)S/C2=C\c2ccc(O)cc2)cc1,0,7869
9551614.0,C[N+](C)(C)CCN(Cc1ccc(Cl)cc1)c1ccccn1.[I-],0,7870
6878958.0,Cc1ccc(C(=O)N/N=C/c2sc(=O)n(Cc3cccc(C(=O)O)c3)c2Cl)cc1,0,7872
16409969.0,C/C(=N\NC(=O)CC1N=C(Cc2ccccc2)NNC1=O)c1ccc(Cl)cc1Cl,1,7874
9551617.0,CCN(CC)CCOc1ccc2nc(N(C)C)sc2c1.Cl,0,7876
3427774.0,COc1ccc(C2CC(=O)c3cnc(Nc4cc(C)cc(C)c4)nc3C2)cc1,1,7877
1624767.0,CCCC(=O)Nc1nnc(CCN2CCCCC2)s1,0,7880
939399.0,Cc1nnc(NC(=O)CCC(=O)NCc2cccs2)s1,0,7881
4896559.0,CCC1CC2CC(NC(C)=O)C1C2,0,7884
6529782.0,COC(=O)/C(C(C)=O)=C(\C=C\C=C\C=C\N(C)C)N(C)C,0,7885
919801.0,O=C1COc2ccccc2CN1,0,7887
3137359.0,CCN(CC)CCNC(=O)C(C)c1nn(C)c(=O)c2ccccc12,0,7888
1899121.0,Cc1nn(-c2ccccc2)c2c1C(=O)N(Cc1ccccc1)C(=O)C(C)(C)C2,0,7889
3756386.0,COc1cccc(Cn2c(NCc3cccnc3)nc3c2c(=O)n(C)c(=O)n3C)c1,1,7890
54678960.0,CCCn1c2c(c(O)c(C(=O)NCc3ccccc3)c1=O)CCCC2,1,7891
135512316.0,Cc1ccc2[nH]c(C)c(/C=N/Nc3nc4ccccc4s3)c2c1,0,7892
3564285.0,CN(C)CCN1C(=O)C(O)=C(C(=O)c2cc3ccccc3o2)C1c1cccc(Br)c1,0,7893
1541053.0,COc1ccc(NC(=O)CSc2nc(C)c3c(c2C#N)CCCC3)cc1,1,7895
938053.0,CC(=O)c1c(C(C)=O)c(C)n(NC(=O)c2ccccc2Cl)c1C,0,7896
348276.0,CC1=CC(=O)C=CC1(C)C(Cl)(Cl)Cl,0,7897
3769267.0,O=C(c1ccco1)N1CCN(S(=O)(=O)c2ccc3[nH]c(=O)oc3c2)CC1,0,7899
935829.0,Cc1nc2ccccc2nc1SCC(=O)N1CCC(C)CC1,0,7902
1986631.0,CCCCCOC(=O)c1c(N)n(CCOC)c2nc3ccccc3nc12,1,7903
2878814.0,COc1ccc2c(c1OC)C(=O)OC2Nc1ncccc1C,0,7904
2036162.0,CCCCn1nc(-c2ccccc2)c2nc3ccccc3nc21,0,7905
5413026.0,CCCc1cc(=O)oc2c(CN3CCOCC3)c(O)ccc12,0,7906
5392010.0,O=c1oc2c(CN3CCOCC3)c(O)ccc2c2ccccc12,0,7907
917207.0,Clc1ccc(COc2ccccn2)cc1Cl,0,7908
9551630.0,CCOC(=O)CNC(=O)c1cccnc1.Cl,0,7909
9634860.0,CCCCC1CC(/C(C)=N/NC(N)=O)OC1=O,0,7910
776320.0,Cc1nonc1NCn1nnc2ccccc21,0,7911
135512317.0,Nc1nc(N2CCOCC2)cc(=O)[nH]1,0,7913
4313526.0,COC(=O)C(NC(=O)c1ccc(Cl)cc1)(Nc1nc(C)cs1)C(F)(F)F,1,7914
936562.0,CCN1CCN(c2nc(-c3ccccn3)nc3ccccc23)CC1,0,7915
2043281.0,COc1ccc(-c2c(C)n([O-])c3c([n+]2=O)CCCC3)cc1,0,7916
4097023.0,CC(CC(=O)O)CC(=O)Nc1ccc(S(N)(=O)=O)cc1,0,7917
1845011.0,Cn1nc(-c2ccc(N3CCOCC3)c(NS(=O)(=O)c3ccc(Cl)cc3)c2)c2ccccc2c1=O,1,7919
3811529.0,CCCn1c(Sc2nc3c(c(=O)[nH]c(=O)n3C)n2CCC)nc2c1c(=O)[nH]c(=O)n2C,0,7920
1932187.0,COC(=O)c1[nH]c2ccc(Br)cc2c1NC(=O)Oc1ccccc1,0,7921
1914575.0,COC(=O)c1[nH]c2ccc(Br)cc2c1NC(=O)CN1CCCc2ccccc21,0,7922
917237.0,Cc1ccc2[nH]c3c(N4CCc5ccccc5C4)ncnc3c2c1,0,7923
757690.0,Cc1cc(=O)oc(C)c1C(=O)NCc1ccccc1,0,7924
919836.0,Cc1cc(=O)oc(C)c1C(=O)N1CCCc2ccccc21,0,7925
1904929.0,O=C(O)CCCCCNC(=O)c1ccccc1Br,0,7926
934943.0,COc1cc(OC)nc(NC(C)=O)n1,0,7927
4223083.0,Cc1nc(SC(C(=O)c2ccccc2)c2ccccc2)n[nH]1,1,7928
1960346.0,COC(=O)Cc1c(C)nc2nc(NCc3ccccc3OC)[nH]n2c1=O,0,7929
934473.0,c1ccc2c(CSc3nnc(-c4ccncc4)o3)cccc2c1,1,7930
5936209.0,N#C/C(=C\c1ccc(N2CCCC2)c([N+](=O)[O-])c1)c1nc2ccccc2[nH]1,1,7931
945704.0,CCCn1c(-c2cccs2)nc2nc3ccccc3nc21,1,7932
3413199.0,CCCn1c(-c2cc(OC)c(OC)c(OC)c2)nc2nc3ccccc3nc21,0,7933
944480.0,COc1ccc2nc(SCC(=O)NN)cc(C)c2c1,1,7934
2004038.0,CCOC(=O)c1sc(NC(=O)CSc2nc(C)cc(C)n2)c(C#N)c1C,1,7935
2013647.0,O=C(OCC#CCSc1nnc(-c2cccc3ccccc23)o1)c1ccco1,1,7936
5172334.0,CCCC1(C)Nc2ccccc2-c2nc3ccccc3n21,1,7937
1988485.0,CC(=O)Nc1ccc(NC(=O)CSc2nnc(-c3ccco3)n2Cc2ccco2)cc1,0,7938
3850269.0,Cc1cc(C)n(-c2nc(NCC(C)O)c3c4c(sc3n2)COC(C)(C)C4)n1,0,7939
5122830.0,CCCCOc1ncnc2c1[nH]c1ccc(OC)cc12,0,7940
3719993.0,COc1ccc(C2c3c(ncn(CCN4CCOCC4)c3=N)Oc3ccc4ccccc4c32)cc1OC,1,7941
6110858.0,Cc1nc2c(C)cccn2c1/C(O)=C1\C(=O)C(=O)N(CCN2CCOCC2)C1c1cccs1,0,7942
4584321.0,CCCOc1ccc(-c2nc(C#N)c(NCCCn3ccnc3)o2)cc1,1,7943
1399525.0,COc1cccc(-n2c(O)c(C=NCc3ccc4c(c3)OCO4)c(=O)[nH]c2=O)c1,1,7944
1833108.0,CN(C)CCNc1oc(COc2ccc(Cl)cc2Cl)nc1C#N,0,7945
9551642.0,CCC(C)[C@H](NC(=O)NC1CCN(Cc2ccccc2)CC1)C(=O)OC,0,7947
3355650.0,C=CCN1C(=NC(=O)CC)SC2CS(=O)(=O)CC21,0,7948
1864686.0,CCCCCn1c(N)c(C(=O)NCc2cccs2)c2nc3ccccc3nc21,1,7949
2016055.0,Cc1[nH]c2ccccc2c1C(=O)CN1CCN(C(=O)c2ccco2)CC1,0,7951
54677843.0,CCCCCCc1nc2ccccc2c(=O)n1NC(=O)c1c(O)c2c(n(CC(C)C)c1=O)CCCC2,0,7952
4311525.0,Cc1ccc(C2=NN(S(C)(=O)=O)C(c3cccs3)C2)cc1,0,7953
1843619.0,COc1ccc(N2CCN(c3oc(Cc4ccccc4)nc3C#N)CC2)cc1,1,7954
9551646.0,Cl.c1ccc(-c2nc(NCCCn3ccnc3)c3oc4ccccc4c3n2)cc1,1,7955
9551647.0,Cl.c1ccc(-c2nc(NCc3ccco3)c3oc4ccccc4c3n2)cc1,1,7956
2939761.0,CC1(C)CC2(CC(C)(C(=O)CSc3nc4ccccc4s3)OC2=O)C(=O)O1,1,7957
1979154.0,COc1nc(OCCNC(C)=O)nc(N(C)C)n1,0,7958
2039735.0,CCn1c(SCc2nc3ccccc3[nH]2)nnc1-c1ccc(OC)cc1,1,7959
5237861.0,CCn1c(SCc2cccc(C)c2)nnc1-c1ccc(C)cc1,1,7960
3333952.0,Cc1ccc(N(CC(N)=O)C2SC(=O)N(Cc3cccc(C(=O)O)c3)C2=O)cc1,0,7962
6883679.0,COc1ccc(/C=N/n2cnc3c([nH]c4ccc(Br)cc43)c2=O)cc1CN1CCOCC1,1,7963
950262.0,CSc1nc(-c2ccc(C)cc2)[nH]c1S(=O)(=O)c1ccccc1,1,7964
9659214.0,CN1CCN(/C=N/C2=C(C#N)C(c3ccccc3)C3=C(CC(C)(C)CC3=O)O2)CC1,0,7966
2030529.0,Cc1cccc(-c2c3c(=O)n(C)c(=O)n(C)c3cn2C2CCCCC2)c1,1,7967
1914803.0,CCOCc1cnc(C)nc1NCC(=O)c1c(C)[nH]c2ccccc12,0,7968
3077444.0,CS(=O)(=O)O.c1ccc(-c2ccc3c(c2)c2c4n3CCN=C4CCC2)cc1,0,7970
1887373.0,O=C(CCn1nc(-c2ccc(Cl)cc2)c2ccccc2c1=O)NCCN1CCOCC1,1,7972
725709.0,CCOc1ccc(C(=O)CCC(=O)O)cc1,0,7974
1601139.0,CCN(CC)c1ccc(SS(=O)(=O)O)cc1,0,7975
3409527.0,C=CCOC(=O)C1=C(C)NC(SCC(=O)Nc2nccs2)=C(C#N)C1c1ccc(Cl)cc1,1,7976
3370368.0,Cc1cc(=O)oc(C)c1C(=O)Nc1ccc(Cl)cn1,0,7977
135500314.0,Cc1ccc(NC(=O)CSc2nc(O)cc(=O)n2C)cc1,0,7978
950072.0,CCOC(=O)Cn1nc(C)c2c1CCCC2=O,0,7979
1832998.0,CC1(C)Cc2c(sc3nc(SCC(=O)NCc4ccccc4)n(-c4ccccc4)c(=O)c23)CS1,1,7980
9551658.0,C[C@H](NC(=O)NC1CCCc2ccccc21)C(=O)O,0,7981
9551659.0,CCN(CC)CCC(=O)Nc1ccc2c(c1)N(C(=O)CN(CC)CC)c1ccccc1CC2.Cl.O,0,7982
4585844.0,CC(C)N=C(NC#N)SCc1ccc(Br)cc1,0,7984
1842377.0,Cc1nn2c(N3CCN(C(=O)c4ccco4)CC3)cc(C(C)(C)C)nc2c1-c1ccc(Cl)cc1,0,7985
3829966.0,CN1C(=O)CC(NNC(=O)c2ccccc2)C1=O,0,7986
1604981.0,CN(C)c1ccc(NC(=O)CSc2nc(N)c(C(=O)Nc3ccc(N(C)C)cc3)s2)cc1,1,7988
4680942.0,Cn1c(OCc2ccc3c(c2)OCO3)nc2c1c(=O)n(Cc1ccc(Cl)c(Cl)c1)c(=O)n2C,1,7989
17572355.0,CCCCC1S/C(=N/N=C/c2ccc(OC)cc2)N(Cc2ccc(OC)cc2)C1=O,1,7990
1422778.0,CCc1ccc2c(c1)c(N=NC1=NC(=O)CS1)c(O)n2CC,0,7992
2992785.0,c1ccc(Cn2c(CN3CCCC3)nc3ccccc32)cc1,0,7994
3761735.0,CCOP(=O)(CN(CC)CCNP(=O)(OCC)OCC)OCC,0,7995
1925774.0,Cc1ccc(-n2c(SCC(=O)NCc3ccco3)nc3sc4c(c3c2=O)CC(C)(C)SC4)cc1,1,7996
3769265.0,CCc1ccc(C(=O)c2oc3nc(C)cc(C)c3c2N)cc1,1,7997
1630498.0,CCOC(=O)c1sc(NC(=O)CSc2n[nH]c(-c3ccc(Cl)cc3Cl)n2)c(C#N)c1C,1,7998
3586407.0,O=C(c1sc2ccccc2c1Cl)N(Cc1ccccc1)C1CCS(=O)(=O)C1,1,7999
1541054.0,CCOc1cccc(NC(=O)CSc2nc(C)c3c(c2C#N)CCCC3)c1,0,8000
9551668.0,CCC(C)[C@H](NC(=O)NCc1ccccn1)C(=O)OC,0,8001
3682263.0,Cc1c(Nc2cc(N3CCCC(C)C3)c3nonc3c2[N+](=O)[O-])c(=O)n(-c2ccccc2)n1C,0,8002
9551672.0,COC(=O)c1cc(Br)c(=O)n(CCc2ccc(O)cc2)c1.Cl,1,8003
3351593.0,CC(C)OC(=O)C(CC(=O)O)N1CCOCC1,0,8004
9551673.0,COc1ccc(/C(O)=C2/C(=O)C(=O)N(CC3CCCO3)C2c2cccc(O)c2)cc1,0,8006
929670.0,CCCc1ccc(Oc2cc(C)nc(N3CCOCC3)n2)cc1,0,8007
2438920.0,c1ccc(-c2nnc(SCc3nc4ccccc4[nH]3)n2Cc2ccco2)cc1,1,8008
3809942.0,C=CCn1c(SCc2nc3ccccc3[nH]2)nnc1-c1cccc(OC)c1,1,8010
3757772.0,CC(=O)Nc1ccc(NC2=Nc3ccccc3N3C2=Nc2c(c(C)nn2-c2ccccc2)C3c2ccccc2)cc1,0,8011
2016912.0,CCCCCn1c(=O)c(C(=O)c2ccccc2)nc2ccccc21,0,8012
2031089.0,CCCCCn1nc(-c2ccccc2)c2nc3ccccc3nc21,0,8013
937989.0,CC(=O)c1c(C)nc(-c2ccccc2)n1O,0,8014
6889742.0,COc1cccc(/C=N/n2c(=S)n(C)c3cc(C)c(C)cc32)c1OC,0,8017
4209003.0,Cc1cccc(C2NC(=O)c3c(sc(C)c3C)N2)c1O,1,8018
4318021.0,CCc1ccc(CN(C(=O)c2cc3ccccc3oc2=O)C2CCS(=O)(=O)C2)cc1,1,8019
1609824.0,CCCCC[n+]1ccn(-c2nc3ccccc3nc2[N-]S(=O)(=O)c2ccc(C)cc2)c1,1,8020
1410254.0,CCN1CC=C2C(C#N)=C(N)C(C#N)(C#N)[C@H](c3ccoc3)[C@H]2C1,1,8021
3723035.0,O=C(NCC1CCC(C(=O)O)CC1)OCc1ccccc1,0,8022
9551694.0,CC(C)(C)C(=O)[C@H]1[C@H](c2ccccc2)[C@@]2(N=C(c3ccccc3)OC2=O)C2c3ccccc3C=NN21,0,8024
3240397.0,Cn1c[n+](C)cc1C(O)c1ccccc1.[I-],0,8025
4602970.0,O=C1CC(c2ccccc2)Cc2nc(N3CCc4ccccc4C3)ncc21,0,8026
628213.0,Cc1nc(Oc2ccc(Cl)cc2)c2oc3ccccc3c2n1,0,8027
3310612.0,CCCCN1C(=O)C(NC(=O)c2cccnc2)(C(F)(F)F)C2=C1CC(C)(C)CC2=O,1,8029
2033149.0,COc1cccc(/C=c2/s/c(=C(\C#N)C(=O)N3CCOCC3)n(-c3ccccc3)c2=O)c1,0,8030
931273.0,CC(C)OC(=O)C1=C2SCC(=O)N2C(N)=C(C#N)C1,0,8034
3844891.0,CCC(C)C(NC(=O)OCc1ccccc1)C(=O)OCN1C(=O)c2ccccc2C1=O,1,8035
2026605.0,COC(=O)c1[nH]c2cc(OC)ccc2c1NC(=O)CCN1CCSCC1,0,8036
1886804.0,Cc1ccc(-c2nn(C)c(=O)c3ccccc23)cc1CNC(=O)Cn1nc(-c2ccccc2)c2ccccc2c1=O,0,8037
5094345.0,C=CCOC(=O)C1=C(C)NC(SC)=C(C#N)C1c1cccs1,1,8038
3549725.0,C=CCOC(=O)C1=C(C)NC(SCC(=O)OCC)=C(C#N)C1c1ccc(C)cc1,1,8039
9608032.0,CCCN(/C=N/c1sc2c(c1C#N)CCCCC2)CCC,1,8040
3504592.0,CC(=O)C1=C(NC(=O)c2ccc(F)cc2)CC2C1C2(C)C,0,8041
3811373.0,COc1cccc(C2NC(c3cccc(OC)c3O)C(C)C(=O)C2C)c1O,1,8042
1870723.0,Cc1[nH]c(=O)c(C#N)c2c1CSC(C)(C)C2,0,8043
3773502.0,CCCCc1[nH]c(=O)c(C#N)c2c1CCCC2,0,8044
921743.0,CCOC(=O)c1sc(NS(=O)(=O)c2ccccc2)nc1C,0,8045
3593687.0,Cc1sc2nc(SCc3ccccc3)n(Cc3ccco3)c(=O)c2c1C,1,8047
3996604.0,CCCCC1(C)Nc2ccccc2-c2nc3ccccc3n21,1,8048
1414750.0,CCCc1nnc(NC(=O)CCC(=O)NCc2ccccc2OC)s1,0,8049
3351955.0,CCOc1ccc(CN(C(=O)c2oc3ccccc3c2C)C2CCS(=O)(=O)C2)cc1,1,8050
3827459.0,Clc1ccc2c(c1)C1=C(C(c3ccncc3)O2)C(c2ccc(Br)cc2)n2ncnc2N1,1,8051
3466897.0,C=CCn1c(O)c(C(C)=NCCCN2CCOCC2)c(=O)[nH]c1=O,0,8052
3738457.0,CCOC(=O)C1(C(=O)O)NC(=O)CC1c1ccccc1,0,8053
3381736.0,COc1cc(C2C(C#N)=C(N)Oc3cc(O)ccc32)cc(OC)c1OC,1,8054
9551705.0,Cc1ccc2c(c1)[C@@H]1CN(C)CC[C@@H]1N2S(=O)(=O)c1ccc([N+](=O)[O-])cc1.Cl,0,8055
4859833.0,COc1ccc(CCN2C(=NC(=O)CCC(=O)O)SC3CS(=O)(=O)CC32)cc1,0,8056
135512327.0,COc1cccc(/C=N/Nc2nc(N3CCCC3)nc(N3CCCC3)n2)c1O,1,8057
1774139.0,CC(C)(C)NC(=O)CSC(=Nc1ccc(F)cc1)NC#N,0,8059
3675223.0,COC(=O)CSc1nc(NC#N)nc(NC(C)C)n1,0,8061
3698101.0,CC(C)CCC1(CN2CCCC2=O)C(=O)NC(=O)NC1=O,0,8062
1927759.0,CCN(CC)CC(=O)c1c[nH]c2ccc(OC)cc12,0,8063
5149832.0,CC(C(=O)c1c[nH]c2ccccc12)N1CCSCC1,0,8064
1286771.0,C=CCn1c(=O)c2c(nc(Br)n2Cc2ccccc2Cl)n(C)c1=O,1,8065
746862.0,CCn1c(=O)c2c(nc3n2CCS3)n(C)c1=O,0,8067
915519.0,CC1(C)CCCN(C(=O)N2c3ccccc3Sc3ccccc32)C1,0,8068
9551717.0,Cl.OC(c1ccccc1)(c1ccc(F)cc1)C(c1ccccc1)N1CCOCC1,1,8070
135399049.0,CCc1c(O)nc(SCC(=O)NC(C)(C)C)n(-c2ccccc2)c1=O,0,8074
135512332.0,CCn1c(SCC(=O)N2CCCCC2)nc(O)cc1=O,0,8075
912235.0,Cn1c(=O)c2c3c(sc2n2cnnc12)CCC3,0,8076
4520580.0,O=P(O)(CCc1ccccc1)C(O)c1ccccc1,0,8077
1911604.0,CCOC(=O)c1sc(C)c(C(=O)NCC(C)(C)CN(C)C)c1N,0,8079
4019048.0,O=C1NCCCC1C(=O)Nc1ccccc1C(F)(F)F,0,8080
3711299.0,CC1(C)SC(=S)N(Cc2ccc3c(c2)OCO3)C1N(O)C(=O)NC1CCCCC1,1,8081
1868305.0,CNC(=O)/C(C#N)=c1\s/c(=C/C(=O)OC)c(=O)n1-c1ccccc1,0,8082
3834440.0,CCNC(=O)C1CC(=O)OC12CCCCC2,0,8083
3316950.0,COC(=O)CNC(=O)CN1C(=O)N(c2ccccc2)C(N(O)C(=O)Nc2ccccc2)C1(C)C,0,8087
1927171.0,CCOC(=O)c1c(NC(=O)c2c(N)n(CCCOC)c3nc4ccccc4nc23)sc2c1CCCC2,0,8088
6413218.0,Cc1cccc(NC(=O)CSc2nnc(-c3ccco3)c(-c3ccco3)n2)c1C,1,8089
4352236.0,COc1ccc(-n2ncc3c(NCC4CCCO4)ncnc32)cc1,0,8090
3248765.0,CCCCC1(C)NC(=O)c2c(C)sc(C(=O)OCC)c2N1,1,8091
4872830.0,Cc1cc(N2C(=O)C(O)=C(C(=O)c3ccco3)C2c2ccc(O)cc2)no1,0,8092
3400837.0,COc1c(N2CCN(C(=S)Nc3ccccc3)C(C)C2)c(F)cc2c(=O)c(C(=O)O)cn(C3CC3)c12,0,8093
944814.0,COc1ccc(-c2n[nH]c(C)c2-c2ccc(Cl)cc2)c(O)c1,1,8094
943450.0,CC(=O)Nc1nonc1NC(=O)c1ccc(C(C)(C)C)cc1,0,8095
6407173.0,CC(=O)OCCCN1c2ccccc2Nc2nnc(-c3ccccc3)cc21,1,8096
9551746.0,Fc1ccc(SCCc2cc[nH+]cc2)cc1.[Cl-],1,8097
2968676.0,CC(=O)N1CCN(Cc2nc3cc(NC(=O)c4ccccc4)ccc3n2C)CC1,0,8098
4898713.0,COc1ccc(C(=O)Nc2ccc3c(c2)nc(CN2CCN(C(C)=O)CC2)n3C)cc1,0,8099
3838067.0,COC(=O)CNC(=O)CN1C(=O)N(c2ccc(Cl)cc2)C(N(O)C(=O)Nc2ccc(Cl)cc2)C1(C)C,1,8100
6407394.0,O=C(c1ccc(-c2nnc(Nc3ccccc3)c3ccccc23)cc1)N1C[C@H]2C[C@H](C1)c1cccc(=O)n1C2,1,8102
3707292.0,CCn1c2ccccc2c2cnc(N=CN(C)C)c(C#N)c21,1,8104
1909981.0,Brc1ccc(-c2nnc(-c3cccc(Br)c3)o2)cc1,0,8106
2772580.0,O=S(=O)(O)c1nc2ccccc2n1Cc1ccccc1,0,8108
4979266.0,COc1cccc(-c2[nH]nc3c2C(c2ccc(C)o2)C(C#N)=C(N)O3)c1,0,8109
3623770.0,CN(C)CCNC(=O)C1CCCNC1=O,0,8110
931913.0,CC(=NCc1ccco1)c1c(O)n(-c2ccccc2)c(=O)[nH]c1=O,0,8111
3628612.0,CCc1nc(SCC(=O)NCCc2ccccc2)c2oc3ccccc3c2n1,1,8112
3373675.0,CCCCOP(=O)(c1ccc(N(C)C)cc1)C(O)c1cccnc1,0,8113
3799969.0,CCc1nc(SCC(=O)c2ccc(Cl)s2)c2oc3ccccc3c2n1,1,8114
1909422.0,O=c1c2c(-c3cccs3)csc2ncn1-c1ccc(Br)cc1,0,8119
4594152.0,O=C(c1ccccc1)c1nc2ccccc2n(CCCn2c(=O)c(C(=O)c3ccccc3)nc3ccccc32)c1=O,1,8121
9636483.0,Clc1ccccc1-c1nc(N/N=C/c2cccnc2)c2ccccc2n1,1,8122
2041981.0,CCc1nc(SCC(=O)c2cccs2)c2oc3ccccc3c2n1,0,8123
3878372.0,CCc1nc(SCC(=O)N2CCCc3ccccc32)c2oc3ccccc3c2n1,1,8124
6407444.0,CC(C)NC(=O)/C(=N\O)c1ccccc1,0,8125
938414.0,C=CCn1c(O)c(C(CC)=NC2CC2)c(=O)[nH]c1=O,0,8127
3395923.0,COc1c(N2CCN(C(=S)Nc3ccc(F)cc3)C(C)C2)c(F)cc2c(=O)c(C(=O)O)cn(C3CC3)c12,0,8129
949350.0,Cc1cc(OC(C)C)nc(NCc2ccccc2)n1,0,8130
135512338.0,C(=C1\CCCC2=C1Nc1ncnn1C2c1ccccc1)\c1ccccc1,0,8131
9551768.0,Cl.NCCCCCc1nnc(SCc2ccc(Cl)cc2Cl)o1,1,8133
9551771.0,CN1C2C=C3C(C#N)=C(N)C(C#N)(C#N)[C@H](c4c(F)cccc4F)[C@H]3C1CC2,1,8134
2830874.0,CCOC(C(=O)OCCCN(CC)CC)(c1ccccc1)c1ccccc1.Cl,1,8135
3773878.0,Cc1cc(N2C(=O)C(O)=C(C(=O)c3cccs3)C2c2cccc(O)c2)no1,0,8137
3776315.0,CN1c2ccccc2Oc2c(c(=O)n(C)c(=O)n2C)C1c1cccc([N+](=O)[O-])c1,1,8139
947522.0,Clc1ccc2c(c1)C=Nc1c(NCc3ccccc3)ncnc1O2,0,8140
3714304.0,CCCCCCCCN1C(=O)N(C)C(N(O)C(=O)NC)C1(C)C,1,8141
912953.0,COC(=O)CSc1nc(C)cc(C(F)(F)F)c1C#N,0,8143
9551777.0,CCCc1[nH]nc2c1C(c1ccc(OC)c(CSc3ccccn3)c1)C(C#N)=C(N)O2.CCO,1,8145
9551778.0,CCC(C)[C@H](NC(=O)OC(C)(C)C)c1nnc(SCc2c(C)[nH]c(=O)[nH]c2=O)o1,1,8146
950756.0,O=S1(=O)C=C(Oc2ccc3ccccc3c2)c2ccccc21,0,8147
629081.0,CC(=O)OC1N=C(c2ccccc2)c2cc(Br)ccc2N(C)C1=O,0,8148
201067.0,CCCC(O)(CCC)C(=O)NNc1ccccc1,0,8149
2021218.0,CC(C)OCCCN1CN(S(=O)(=O)c2cccc(Cl)c2)c2nc3ccccc3nc21,1,8150
946983.0,Cc1cc(C)c(C#N)c(Oc2ccccc2)n1,0,8151
9551784.0,CCCC[N+]12CCC(CC1)C(C(=O)c1cccs1)C2.[Br-],0,8152
1870753.0,COc1cc(=O)n2c(n1)SCCC2,0,8155
4681728.0,CC(=O)NC1=NC(=O)C(C)S1,0,8156
3766432.0,CC(C)c1ccc(C2C(C#N)=C(N)N3C(=C2C#N)Sc2ccccc23)cc1,0,8157
5702971.0,CCOC(=O)C1=C(N)n2c(s/c(=C/c3ccccc3)c2=O)=C(C(=O)OCC)C1c1ccccc1,0,8158
1400510.0,C=C(C)COc1ccc(-c2n[nH]c(C)c2-c2ccc(OC)cc2)c(O)c1,1,8159
1837474.0,Cn1c(SCC(=O)NC2CC2)nnc1-c1cccc(NC(=O)c2ccccc2F)c1,1,8160
1717864.0,CN(C)c1cc(=O)n2c(n1)SCCC2,0,8161
4871947.0,CN1C(=O)C(C2c3ccccc3C(=O)N2Cc2ccc([N+](=O)[O-])cc2)C(=O)N(C)C1=O,0,8162
1266549.0,O=c1ccc(Oc2nc(N3CCOCC3)nc(N3CCOCC3)n2)n[nH]1,0,8163
4681472.0,CCOC(=O)C1=C(CSc2nc(-c3ccccc3)ccc2C#N)OC(N)=C(C#N)C1c1ccc(OC)cc1,0,8164
744711.0,CC(=O)N(C)/C=C1\Sc2ccccc2C1=O,0,8165
9629838.0,CCN(/C=N/c1sc2c(c1C#N)CCCCC2)CC,0,8167
1954694.0,COc1ccc2c(CC(=O)NCC3CCC(C(=O)O)CC3)cc(=O)oc2c1,0,8168
1419600.0,O=c1c2ccccc2nc(-c2ccc(Cl)cc2Cl)n1CCCn1ccnc1,1,8170
917257.0,CCOC(=O)c1c(C)n(C)c2ccc(OC(=O)c3ccco3)cc12,1,8171
3740013.0,O=C1c2ccccc2C(=O)c2c1ccc(C(=O)N1CCCCC1)c2NCCO,0,8172
1829290.0,Cc1cccc(-n2ncc3c(NCCCN4CCCC4=O)ncnc32)c1,0,8173
1637621.0,COc1ccccc1-n1c(O)c(C=NCCN2CCNCC2)c(=O)[nH]c1=O,0,8174
16410659.0,O=c1/c(=C\c2ccc(O)cc2)sc2n1C(c1ccccc1)C(c1ccccc1)=NN=2,0,8175
1286959.0,CCc1cc2c(=O)c(-c3nc4ccccc4n3C)c(C)oc2c(CN(CC)CC)c1O,0,8176
935267.0,CCOC(=O)c1[nH]c2ccc(OC)cc2c1NC(=O)NC(C)C,0,8177
9551800.0,CCc1nc(N[C@H](C(=O)O)C(C)CC)c2oc3ccccc3c2n1,0,8178
948314.0,Cc1c(NCc2cc(Cl)ccc2O)c(=O)n(-c2ccccc2)n1C,1,8179
1983274.0,Cc1cc(C)n(-c2nc3ccccc3c(=O)n2OCc2ccc(Cl)cc2)n1,1,8181
3948592.0,CC(C)CC(=O)NC1(C(F)(F)F)C(=O)N(Cc2ccccc2)C2=C1C(=O)CC(C)(C)C2,1,8182
1950986.0,CCn1c2ccccc2c2cc(NC(=O)CSc3nnc(-c4ccc(OC)c(OC)c4)n3N)ccc21,1,8183
1995044.0,O=C(CSc1nnc(-c2ccccn2)n1Cc1ccco1)Nc1ccc2c(c1)OCO2,1,8184
2138929.0,CCn1c(SCC(=O)c2ccccc2)nnc1-c1cccs1,1,8185
2000951.0,COc1ccc(N2CCN(c3oc(Cc4cccc5ccccc45)nc3C#N)CC2)cc1,1,8186
734284.0,COc1ccc(-c2nnc(SCc3cccc(C)c3)n2N)cc1,1,8187
1950147.0,Cc1sc2nc(SCC(=O)C(C)(C)C)n(Cc3ccco3)c(=O)c2c1C,1,8188
5167684.0,CCCCN1C(=O)C(C2c3ccccc3C(=O)N2Cc2ccccc2)C(=O)NC1=S,1,8189
932732.0,CCN(CC)C(=O)CSc1nnc(-c2ccco2)n1N,0,8190
931945.0,COn1c(SCc2ccc(Cl)cc2)nc2ccccc2c1=O,0,8191
9551812.0,C=CC[N+]1(CC#CCOC(c2ccccc2)c2ccccc2)CCOCC1.[Cl-],0,8192
1859050.0,CC1(C)CC(=O)c2cn3ncnc3nc2C1,0,8193
4356090.0,Cc1ccccc1CSc1nnc(-c2cccs2)n1Cc1ccco1,1,8194
727028.0,Oc1ccc(C2Nc3cccc4cccc(c34)N2)c(O)c1,1,8195
7528800.0,COC(=O)[C@H](CCSC)NC(=O)NCc1ccccc1F,1,8197
71815.0,Cc1ncc([N+](=O)[O-])n1CC(C)O,0,8199
3160574.0,COc1ccc(NC(=O)C2CC(=O)NC3=C2C(=O)CC(C)(C)C3)cc1,0,8200
1975549.0,Cc1nc2nc(-c3ccc(Cl)cc3)nn2c(C)c1Cl,0,8202
931621.0,COc1ccc(-c2nnc3n2N=C(C)CS3)cc1,0,8203
4669152.0,OCCNc1nc(SCc2ccccc2)nc2sc3c(c12)CCC3,0,8204
3696632.0,Cc1ccccc1NC1=NC(=S)N(c2ccccc2)C12CCOC(C)(C)C2,1,8205
3750844.0,O=C(NC1(C(F)(F)F)C(=O)Nc2c1c(=O)[nH]c(=O)n2-c1ccc(F)cc1)c1cccnc1,0,8206
5930265.0,Cc1ccc(/C=N/NC(=O)Cn2nccc2C)o1,0,8207
743590.0,COc1ccc2nc(SCC(=O)c3ccco3)[nH]c2c1,1,8208
1831288.0,CCN1CCN(c2nc(C)c3c(n2)CCCC3=O)CC1,0,8209
4891747.0,Cc1cc(C)cc(-n2c(O)c(C=NC3CCS(=O)(=O)C3)c3ccccc3c2=O)c1,1,8210
3386123.0,CCc1ccc(NC(=O)CC2C(=O)Nc3c2c(=O)n(C)c(=O)n3C)cc1,0,8211
5970465.0,COc1ccc(/C(O)=C2/C(=O)C(=O)N(Cc3cccnc3)C2c2ccco2)cc1OC,1,8212
4371580.0,Cc1ccc2[nH]c3c(c2c1)CN(C(=O)CN1c2ccc(F)cc2CCC1C)CC3,1,8213
1836603.0,COc1ccc(-c2cc(C(F)(F)F)nc(NCc3cccnc3)n2)cc1,1,8214
9551828.0,CN1CCc2c(c3c(n2C)CCN(C)[C@H]3c2ccccc2F)[C@@H]1c1ccccc1F.Cl,1,8215
1845444.0,CCOc1ncnc2c1oc1nc(CC(C)C)c3c(c12)CC(C)(C)OC3,0,8216
135512345.0,CC(C)(C)c1cc(/C=N/n2cnnc2)cc(C(C)(C)C)c1O,1,8218
1419787.0,C[C@H](Nc1ncnc2sc3c(c12)CCC3)C(=O)O,0,8219
71478.0,CNCCCC12CCC(c3ccccc31)c1ccccc12.Cl,1,8220
6052865.0,Cc1ccc(S(=O)(=O)/C(C#N)=C/c2c(N3CC(C)OC(C)C3)nc3ccccn3c2=O)cc1,1,8221
3765730.0,COc1cc2c(C(=O)N3CCN(C)CC3)c(C)n(-c3ccccc3)c2cc1Br,1,8222
799607.0,CC(=O)Nc1nc2ccccc2n1Cc1ccccc1,0,8223
5340523.0,Br.CCCCN1C2=NCCCN2c2ccccc21,0,8224
616621.0,Cc1ccc(-n2c(-c3ccccc3)cc(=O)nc2C)cc1,0,8225
1924898.0,O=C(N/C(=C\c1cccs1)C(=O)N1CCCCCC1)c1ccccc1,1,8226
1938300.0,CCOC(=O)CNC(=O)CSc1nnc(-c2ccncc2)n1-c1ccc(Cl)cc1,1,8227
9556917.0,Cc1cc(C)n(CC(=O)N/N=C/c2ccco2)n1,0,8229
6880038.0,Cc1ccnn1CC(=O)N/N=C/c1ccco1,0,8230
9551842.0,Cc1ccc(/C(O)=C2/C(=O)C(=O)N(CCCn3ccnc3)C2c2ccccn2)cc1,0,8232
2990552.0,COc1ccc(N2CCN(Cc3nc4c(c(=O)n(C)c(=O)n4C)n3CC(C)=O)CC2)cc1,0,8233
1968992.0,CCOC(=O)c1oc2nc(CC(C)C)c3c(c2c1N)CCC3,1,8234
1846661.0,O=C(Cn1c(=O)n(Cc2ccco2)c(=O)c2c3c(sc21)CCCCC3)c1ccccc1,1,8235
6879178.0,O=[N+]([O-])c1ccc(Cl)c(/C=N/N2CCN(Cc3ccccc3)CC2)c1,0,8237
6858576.0,CC(=C/c1ccccc1)/C=N/n1cnnc1,1,8238
135512348.0,CN(CCCNC(=O)c1ccc(/C=N/O)nc1)CCCN(C)Cc1ccccc1,0,8239
743593.0,Cc1ccc2nc(SCC(=O)c3ccc4c(c3)OCO4)[nH]c2c1,1,8240
1890004.0,Cc1ccc(C(=O)N2c3ccccc3N(Cc3ccccc3)C(=O)C2(C)C)cc1,1,8241
1862875.0,CC(C)c1nc2oc3ccccc3c(=O)c2c(=O)n1-c1ccccc1,0,8242
3404071.0,CN1CC(c2ccccn2)C2(SC(=S)N(Cc3ccccc3)C2=O)C12C(=O)Nc1ccccc12,1,8243
936684.0,CC(C)On1c(SC(C)C)nc2ccccc2c1=O,0,8244
938390.0,COn1c(SC(C)C)nc2ccccc2c1=O,0,8245
949691.0,Cc1ccccc1-n1cnc2cc(NCc3cccs3)ccc21,1,8246
950037.0,c1ccc(-n2cnc3cc(NCc4cccs4)ccc32)cc1,1,8247
9551851.0,COc1cccc(CNCCNC(=O)c2nonc2N)c1.Cl,0,8248
1947139.0,O=C(CCc1nc(-c2ccccc2)no1)NCCc1ccccc1,0,8249
5157172.0,COc1ccc(C(=O)NC2(C(F)(F)F)C(=O)Nc3c2c(=O)[nH]c(=O)n3CCc2ccc(OC)c(OC)c2)cc1,0,8252
3569112.0,CC1=C(C#N)C(NC(=O)C(C)(C)C)(C(F)(F)F)C(=O)N1,0,8253
1862367.0,COC(=O)c1cc(OC)c(OC)cc1NC(=S)N1CCCCC1,1,8254
4897734.0,Cc1nn2c(c1-c1ccccc1)NC1=C(C(=O)CCC1)C2c1ccccc1,1,8255
1963485.0,CCOc1ccc(-c2c[n+](=O)c3c(n2[O-])CCCC3)c(OCC)c1,0,8257
1944955.0,Cc1cc(C)nc(Nc2n[nH]c(COc3ccc4ccccc4c3)n2)n1,1,8258
3974222.0,Cc1nn2c3c(cnc2c1-c1ccccc1)C(=O)CC(c1ccccc1)C3,0,8259
1509017.0,Cn1c(CN2CCCCC2)nc2cc(NC(=O)c3ccc(Cl)cc3)ccc21,1,8260
3754981.0,COc1ccc(-c2nc(-c3ccccc3)c(-c3cc([N+](=O)[O-])ccc3C)[nH]2)cc1O,1,8261
3540854.0,Cc1ccc(C(=O)N2CCN(C3c4cccc5cccc(c45)C3NS(=O)(=O)c3ccccc3)CC2)cc1,1,8262
800972.0,CCOC(=O)c1c(C(C)(C)C)oc2ccc(O)cc12,0,8263
4594436.0,O=C1C2Sc3[nH]c(=O)sc3C(c3ccccc3)C2C(=O)N1c1ccccc1,1,8264
135407552.0,Cc1ccc2nc(Nc3nc(-c4ccccc4)cc(=O)[nH]3)nc(C)c2c1,1,8265
938363.0,COn1c(SCc2cccc(Cl)c2)nc2ccccc2c1=O,0,8266
932902.0,COn1c(SCc2ccc(C)cc2C)nc2ccccc2c1=O,1,8267
3833967.0,CCOC(=O)c1sc2nc3c(cc2c1N)COC(C(C)C)C3,0,8269
6053437.0,COC(=O)c1[nH]c(C)c(/C(O)=C2\C(=O)C(=O)N(CCN(C)C)C2c2cccs2)c1C,0,8270
3844882.0,Cn1c(=O)n(-c2ccc(Cl)cc2)c(=O)c2c3c(sc21)COC(C)(C)C3,0,8272
3751350.0,CC(Cc1ccccc1)NC(=O)CSc1nc2nc3c(cc2c(=O)n1-c1ccccc1)COC(C)(C)C3,1,8274
2043296.0,CCCSc1nc(SCC(=O)NCc2ccccc2)c2c3c(sc2n1)COC(C)(C)C3,1,8275
1964425.0,CCCSc1nc(NCc2ccco2)c2c3c(sc2n1)COC(C)(C)C3,1,8276
9551859.0,Cl.NCCCCCc1nnc(SCc2ccc(Cl)c(Cl)c2)o1,1,8277
9551860.0,CC(C)[C@H](N)c1nnc(SC/C=C/c2ccccc2)o1.Cl,1,8278
3423046.0,COc1ccc(C(=O)NCS(=O)(=O)c2ccc(C)cc2)cc1,1,8279
3884308.0,O=C(c1ccccc1)N(Cc1ccco1)C1CCS(=O)(=O)C1,0,8280
5926845.0,CCOc1ccc(/C(O)=C2\C(=O)C(=O)N(CCOCCO)C2c2ccccc2OC)cc1,0,8282
3543597.0,CC(C)Cc1nc(N2CCN(C(=O)c3ccccc3)CC2)c(C#N)c2c1CCC2,0,8283
3421545.0,CCOC(=O)c1sc2nc3c(cc2c1N)COC(C)(CC)C3,0,8284
4675880.0,Cn1c(Cc2cccc3ccccc23)nnc1SCC(=O)N1CCN(c2ccccc2)CC1,1,8285
522335.0,C[NH+](C)CCCN1c2ccccc2Sc2ccc(Cl)cc21.[Cl-],0,8286
920396.0,CCOC(=O)c1ccccc1N/C=C1\CCCCC1=O,0,8287
919617.0,COc1ccc(N2C(=O)CSC23CCC(C(C)(C)C)CC3)cc1,0,8288
695620.0,O=c1oc(-c2cccs2)nc2ccc(Br)cc12,0,8289
1921194.0,CCC(=O)Nc1cccc(-c2nnc(-c3cccc(NC(=O)CC)c3)o2)c1,1,8290
9623028.0,COc1cccc(/C=N/NC(=O)CO/N=C(\C)c2cccs2)c1OC,1,8291
1025927.0,CC(C)CCN1C(=O)c2ccc(-c3nc4ccccc4c(=O)o3)cc2C1=O,0,8292
3361555.0,c1ccc(CN2c3ccccc3-c3nc4ccccc4n3C2c2ccccn2)cc1,1,8293
3506003.0,CCCc1nn(-c2ccccc2)c2c1C(c1cccs1)C(C#N)=C(N)O2,1,8294
841275.0,Cc1cc(C)c(C#N)c(SCc2cc3c(cc2Cl)OCO3)n1,1,8295
749988.0,N#Cc1c(-c2ccc(Cl)cc2)nc2n(c1=O)CCCS2,0,8296
3495924.0,CC(CO)Nc1nc(SCc2ccccc2)nc2sc3c(c12)CCC3,1,8297
3811187.0,CN1CCN(C2CC(=O)N(Cc3ccc(N4CCCC4=O)cc3)C2=O)CC1,0,8298
5349323.0,COc1ccc(C2/C(=C(/O)c3ccccc3)C(=O)C(=O)N2c2ccccn2)c(OC)c1,0,8299
6835762.0,CCOc1ccccc1-n1c([S-])c(C(=O)Nc2ccc(OC)cc2)[n+]2cc(C)ccc12,0,8300
2095421.0,C=CCn1c(SCC(=O)N2CC(=O)Nc3ccccc32)nc2scc(-c3ccccc3)c2c1=O,1,8301
1685442.0,Cc1cc2nnc(SCCCCN3C(=O)c4ccccc4C3=O)n2c2ccccc12,1,8302
9551877.0,O=C(CN1CCN(S(=O)(=O)c2ccccc2)CC1)NC(=O)NCc1ccccc1,0,8305
4800006.0,CC(C)Cn1c(SCC(=O)c2c(N)n(C)c(=O)n(C)c2=O)nc2ccccc21,1,8306
3605061.0,O=C(Nc1nc2ccccc2s1)C1COc2ccccc2O1,0,8307
3579134.0,CCC(C)NC(=O)NC(=O)N(C1CCCCC1)S(C)(=O)=O,0,8309
4962934.0,CC12COC3(C(=O)Nc4nccs4)CC1CCC32C,1,8310
4322118.0,Cc1ccc2c(c1)SC1=NC(c3ccccc3)(C(F)(F)F)NC(=O)N12,0,8311
2673450.0,O=C(CC1CCCC1)Nc1ccc2c(c1)CCC2,1,8312
2526222.0,Cc1ccc(S(=O)(=O)CCC(=O)Nc2nc3c(s2)CCCC3)cc1,1,8315
2084622.0,CCSc1nnc(NC(=O)Cc2ccc(OC)c(OC)c2)s1,0,8316
4813380.0,CCCC(C(=O)Nc1nccs1)c1ccccc1,1,8317
9551888.0,O=C(CN1C(=O)NC2(CCCC2)C1=O)NCCC1=CCCCC1,0,8318
2085531.0,Cc1cccc(C)c1-n1c(SCC(=O)NCc2ccco2)nc2ccccc2c1=O,1,8319
4022923.0,O=C(NC1CCCc2ccccc21)c1ccc(=O)[nH]c1,0,8320
135413937.0,CCN1CCN(C(=O)CCc2nc3ccccc3c(=O)[nH]2)CC1,0,8321
2095603.0,O=C(CSc1nc2ccccc2[nH]1)Nc1c(F)cccc1F,1,8324
4875068.0,CC1CN(C(=O)COc2ncnc3ccccc23)CC(C)O1,0,8325
9551895.0,CCN(CC)c1nc2ccccc2[nH]1.Cl,0,8326
2313393.0,O=C(c1ccccc1Nc1ccc(SC(F)F)cc1)N1CCCCC1,1,8327
5115765.0,COc1ccc(NC(=O)COC(=O)Cn2c(C)nc3ccccc32)cc1OC,0,8329
5144634.0,Cn1c(=O)c2c(n(Cc3ccccc3)c1=O)NC(=O)C2CC(=O)NCc1cccc(Cl)c1,1,8330
4031359.0,CCOc1ccc(OCCOc2ncnc3ccccc23)cc1,0,8331
5134150.0,COc1cc(C(=O)OC(C)C(=O)Nc2ccc3c(c2)OCO3)ccc1OCc1c(C)noc1C,1,8333
2419709.0,COc1ccc(NC(=O)COC(=O)CCCc2c[nH]c3ccccc23)cc1OC,1,8334
2094696.0,Cc1cc(C(=O)Nc2c(C)n(C)n(-c3ccccc3)c2=O)c2ccccc2n1,0,8335
2461965.0,COc1ccccc1N1CCN(Cc2cc(=O)n3ccsc3n2)CC1,0,8336
1190196.0,COc1ccc2c(C)cc(SCC(=O)c3ccc4c(c3)OCO4)nc2c1,1,8338
3964413.0,CC[n+]1c(P(=O)([O-])c2ccccc2)[nH]c2ccccc21,0,8340
2701522.0,CCSc1nnc(NC(=O)Cc2ccccc2OC)s1,0,8341
700937.0,COc1ccc2c(C)cc(N3CCOCC3)nc2c1,0,8342
4880553.0,Cc1cc(SC(C)C(=O)Nc2c(C)n(C)n(-c3ccccc3)c2=O)nc2ccccc12,1,8343
4880372.0,Cc1cc(C(=O)CSc2nnc(-c3ccccc3)o2)c(C)n1CC1COc2ccccc2O1,1,8344
736902.0,COc1ccc2c(c1)C(=O)N(c1ccccc1)C(=O)C2,1,8345
135512367.0,Cc1cc2[nH]c(=O)c3ccccc3n2n1,0,8346
2323541.0,COCCNC(=O)COc1ccc(Oc2ccccc2)cc1,0,8347
4881225.0,CCn1c(SCC(=O)Nc2sc3c(c2C(N)=O)CCC(C)C3)nnc1-c1ccco1,1,8348
2462300.0,Cc1c(NC(=O)CN2CCN(c3ccccc3)CC2)c(=O)n(-c2ccccc2)n1C,0,8349
4881526.0,CC(C)c1ccccc1-n1c(SCC(=O)N2CCN(c3ccccc3)CC2)nnc1-c1cccnc1,1,8350
2540551.0,CCCn1c(N)c(C(=O)CSc2nc(C)cs2)c(=O)n(C)c1=O,1,8351
9551913.0,COc1ccc(C2N=C(N)N=C(N)N2c2ccccc2OC)cc1OC.Cl,0,8352
135512368.0,COc1ccc(CCn2c(C)cc(C(=O)CSc3nc(N)cc(=O)[nH]3)c2C)cc1,1,8353
135462119.0,NC(=O)C1CCN(C(=O)CCc2nc3ccccc3c(=O)[nH]2)CC1,0,8354
2099570.0,O=C(CN1C(=O)NC2(CCCCCC2)C1=O)N1CCN(S(=O)(=O)c2ccc(Cl)cc2)CC1,1,8355
2077576.0,CC(=O)c1c(C)[nH]c(C(=O)COc2cc(C)cc(C)c2)c1C,1,8356
2586397.0,CCn1c(SCC(=O)NC(=O)NCc2ccco2)nnc1-c1cccs1,1,8358
2672859.0,CN(C)S(=O)(=O)c1ccc(NC(=O)c2c(F)cccc2Cl)cc1,1,8360
2093497.0,COc1ccccc1CNC(=O)c1cc2c(C)nn(Cc3ccc(F)cc3)c2s1,1,8361
2613262.0,CC(C)(C)NC(=O)NC(=O)CSc1nnc2ccccn12,0,8362
4565960.0,CC(OC(=O)Cn1c(C(F)(F)F)nc2ccccc21)C(N)=O,0,8364
2091261.0,CCNC(=O)COC(=O)c1cc(-c2ccc(OC)cc2)nc2ccccc12,1,8365
2088731.0,CCOC(=O)c1cc(-c2ccc(Cl)cc2)nc2c1c(C)nn2CCC#N,1,8366
1228698.0,O=S(=O)(c1ccc(Cl)s1)N1CCc2ccccc2C1,0,8367
3934333.0,CCOC(=O)c1c(C)[nH]c(C(=O)OCC(=O)NC2CCS(=O)(=O)C2)c1C,0,8368
4581555.0,CC1CCC2(CC1)N=C(N)Nc1nc3ccccc3n12,0,8369
4181555.0,CS(=O)(=O)c1nc2ccccc2n1Cc1ccccc1,0,8370
2114635.0,CCCOC(=O)c1ccc(NC(=O)c2cn(CC)c3nc(C)ccc3c2=O)cc1,0,8371
80414.0,Cl.Nc1cc(Cl)ccc1Oc1ccc(Cl)cc1,0,8372
3275670.0,CC(C)N(C(=O)CSc1nc2ccccc2n1-c1ccccc1)C(C)C,1,8373
135445035.0,Cc1cc(=O)[nH]c(SCC(=O)Nc2ccc(S(=O)(=O)N3CCOCC3)cc2)n1,0,8374
6901077.0,CC(=O)n1cc(/C=N/NC(=O)c2sc(C)nc2C)c2ccccc21,1,8375
2497112.0,COc1cc2c(cc1OC)CN(CC(=O)Nc1ccc3c(c1)OCO3)CC2,1,8378
2479652.0,COc1cccc(NC(=O)COC(=O)c2nc3nccc(C)n3n2)c1,0,8379
9681503.0,COc1ccc(/C(C)=N/NC(=O)c2ccc(CSc3cccc4cccnc34)cc2)cc1OC,1,8382
2458939.0,COc1ccc(OCCSc2ncn[nH]2)cc1,1,8383
2603096.0,C=CCn1c(SCC(=O)NC2CCCCC2)nnc1C1CCCCC1,1,8384
2672941.0,CN(C)S(=O)(=O)c1ccc(NC(=O)c2cc(F)c(F)cc2Cl)cc1,0,8385
2108273.0,CCc1cccc(CC)c1-n1c(SCc2cc(=O)n3ccsc3n2)nnc1-c1cccnc1,1,8386
221163.0,CC1(C)N=C(N)NC(Nc2ccccc2)=N1,0,8387
818247.0,Cc1ccc2cc(C(=O)O)c(C)nc2c1,0,8388
135441010.0,CCN(CC(=O)Nc1ccc(N2CCOCC2)cc1)Cc1nc2ccccc2c(=O)[nH]1,0,8389
2453312.0,CCCn1nc(C(=O)NCC(C)(C)N2CCOCC2)c2ccccc2c1=O,1,8391
4005784.0,Cc1cc(NC(=O)CN2C(=O)NC(C)(c3ccc(OC(F)F)cc3)C2=O)no1,0,8393
5156732.0,CC(C)CNS(=O)(=O)c1cc(C(=O)N2CC(C)OC(C)C2)c(Cl)cc1Cl,1,8394
4015909.0,Cc1cc(C(=O)OC2CCOC2=O)c2ccccc2n1,0,8396
2459480.0,O=C(COC(=O)c1cccnc1Cl)c1ccccc1,0,8397
4883236.0,Cc1noc(C)c1COc1ccc(C(=O)NCC2CCCO2)cc1,0,8398
5074996.0,Cc1noc(NS(=O)(=O)c2ccc(NC(=O)CC34CC5CC(CC(Br)(C5)C3)C4)cc2)c1C,1,8401
5159787.0,CCN(CC)S(=O)(=O)c1ccc2c(c1)nc(SCC(=O)N1CCOCC1)n2-c1ccccc1OC,1,8402
5129699.0,CCc1nnc(NC(=O)C2Cc3ccccc3CN2S(=O)(=O)c2ccc(C)cc2)s1,1,8403
4193266.0,O=C(COC(=O)C1CCN(S(=O)(=O)c2cc([N+](=O)[O-])ccc2Cl)CC1)Nc1ncc(Cl)cc1Cl,1,8404
2375060.0,Cc1cccc(C)c1NC(=O)CSc1nnc(-c2ccccc2)n1Cc1ccc2c(c1)OCO2,1,8405
5339088.0,Cc1cccc(C)c1OCC(O)CNC(C)(C)C.Cl,0,8406
3941867.0,Cc1cc(C(=O)CSc2nnc(-c3ccc(Cl)cc3)n2C)c(C)n1CC1CCCO1,1,8407
3278537.0,COc1cccc(NC(=O)COC(=O)c2c3c(nc4ccccc24)CCC(C)C3)c1,1,8408
4436977.0,CCN(CC)C(=O)C1=C(C)NC(=S)NC1c1cn(-c2ccccc2)nc1-c1ccc(Cl)cc1,1,8409
2488718.0,Cc1c(C(=O)Nc2nccs2)sc2nc(-c3cccs3)cc(C(F)(F)F)c12,1,8410
9651260.0,O=C(N/N=C/C1CCCCC1)c1ccccn1,0,8411
4879857.0,Cc1cc(=O)oc2cc(OCC(=O)Nc3nnc(CC(C)C)s3)ccc12,0,8414
2118853.0,COc1ccccc1S(=O)(=O)Nc1ccc(-c2nnc3n2CCCCC3)cc1,1,8415
5098987.0,O=C(OCc1ccc(Cl)cc1Cl)c1cccnc1Cl,0,8416
2339452.0,Nc1nc(SCC(=O)Nc2ccccc2Sc2ccc(Cl)cc2)n[nH]1,1,8417
4840748.0,CCN(CC(=O)NC1CCS(=O)(=O)C1)c1ccc(S(C)(=O)=O)cc1[N+](=O)[O-],0,8418
2671623.0,Cc1ccc(CNC(=O)CCNC(=O)c2ccco2)cc1,1,8419
2124546.0,CC(C)C(=O)Nc1sc2c(c1-c1nc3ccccc3[nH]1)CCCC2,1,8422
2140148.0,O=C(c1cn(-c2ccccc2)nc1-c1cccs1)N1CCOCC1,1,8423
9551934.0,CC(Sc1ncnc2ccccc12)C(=O)Nc1ccc2c(c1)OCO2,1,8424
2079023.0,c1ccc(-c2nc(CSc3n[nH]c(-c4cccs4)n3)cs2)cc1,1,8425
3387518.0,CCN(CC)S(=O)(=O)c1ccc2c(c1)nc(CCC(=O)Nc1cccc(C(F)(F)F)c1)n2CC,1,8426
3387141.0,CC(=O)N1CCN(C(=O)CC2OC(=O)c3ccccc32)CC1,1,8427
2101019.0,Cc1nc(NS(=O)(=O)c2ccccc2C)c2c3c(sc2n1)CCC3,1,8428
2569635.0,COc1ccc(N2CCN(C(=O)c3ccc(OCc4c(C)noc4C)c(OC)c3)CC2)cc1,1,8429
9551938.0,Cl.c1csc(CNCCCN2CCOCC2)c1,0,8430
9551939.0,CC(Sc1nnc(C(C)N(C)C)n1-c1ccc(Cl)cc1)C(=O)Nc1ccc2c(c1)OCO2,1,8431
4553929.0,C=CCn1c(SC(C)C(=O)NCc2ccc3c(c2)OCO3)nc2scc(-c3ccccc3)c2c1=O,1,8432
3435952.0,O=C(Nc1nnc(SCc2c(Cl)cccc2Cl)s1)C1CCCO1,1,8433
3425625.0,NC1=NC2(CCCCCC2)n2c(nc3ccccc32)N1,0,8434
135442397.0,COc1ccc(CCN2CC(O)=C(c3nc(C)cs3)C2=N)cc1OC,1,8435
978587.0,Cc1ccccc1NC(=O)CSc1nnc(-c2ccccc2)n1-c1ccccc1,1,8436
3640556.0,CN(C)S(=O)(=O)c1ccc(NC(=O)COC(=O)c2ccccn2)cc1,0,8437
2125707.0,CCOC(=O)c1c(C)[nH]c(C)c1C(=O)COC(=O)c1cccc(S(=O)(=O)N(CC)CC)c1,1,8438
2161217.0,Cc1nc(SCC(=O)Nc2ccc(N3CCOCC3)cc2)nc(C)c1C,1,8439
4004272.0,CC(Sc1ccc2c(c1)OCCO2)C(=O)Nc1ncc(Cl)cc1Cl,1,8440
135512382.0,CN(C)CCCNC(=O)CCc1nc2ccccc2c(=O)[nH]1,0,8441
3936958.0,O=C(Nc1nnc(C2CC2)s1)c1cc(S(=O)(=O)N2CCN(c3ccccc3)CC2)ccc1Cl,1,8443
135512383.0,CC(C)N=c1scc(-c2ccco2)n1/N=C/c1ccc(O)c(O)c1,1,8445
2107595.0,Cc1csc(NC(=O)Cc2c[nH]c3ccccc23)n1,1,8446
2696879.0,CCn1c(C)nc2cc(C(=O)NNS(=O)(=O)c3ccccc3F)ccc21,0,8447
4174023.0,O=C(NCC(c1cccs1)N1CCOCC1)c1ccco1,0,8448
2484145.0,Cc1sc2ncnc(OCC(=O)NC(C)C)c2c1C,0,8450
2122644.0,CC(=O)c1c(C)[nH]c(C(=O)COc2ccc(C#N)cc2)c1C,1,8452
135421104.0,Cn1c(O)c(C(C#N)=C2N=c3ccccc3=N2)c2ccccc21,1,8453
2124974.0,CSc1cccc(NC(=O)c2ccc(Cl)nc2)c1,0,8454
2118296.0,CCN(CC(=O)NCc1cccs1)S(=O)(=O)c1ccc(C(C)C)cc1,1,8455
2060554.0,COc1ccc(NC(=O)CSc2nnc(C3CC3)n2-c2ccccc2)cc1,1,8457
2116681.0,COc1ccccc1NS(=O)(=O)c1cccc(C(=O)OCC(=O)Nc2cc(C)on2)c1,1,8459
4578939.0,CCN(C(=O)CSc1nnc(Cc2cccc3ccccc23)n1N)C1CCS(=O)(=O)C1,1,8460
3852288.0,NNC(=O)c1cc2c(s1)CCCCCC2,1,8461
2531496.0,COc1ccc(CNC(=O)c2cnc(C)cn2)cc1,1,8464
3522084.0,COc1ccc2c(c1)CCCC21NC(=O)N(CC(N)=O)C1=O,0,8465
4682448.0,CCOC(=O)c1c(C)[nH]c(C(=O)C(C)Sc2ccc(Cl)cc2)c1C,1,8466
2113993.0,O=C(O)c1c[nH]c(=S)n1-c1ccc(F)cc1,0,8467
4062061.0,Cc1[nH]c2ccccc2c1C(c1ccccn1)N1CCC(C)CC1,1,8469
2462742.0,COc1cc(-c2nnc(COC(=O)c3c4c(nc5ccccc35)CCCC4)o2)cc(OC)c1OC,1,8470
4617636.0,O=C(Nc1ccc2c(c1)OCCO2)c1cccc2nc3ccccc3nc12,1,8473
3980264.0,CC1=C(C(=O)OCc2ccccc2)C(c2cccnc2)c2c(n(C)c(=O)n(C)c2=O)N1,1,8474
2314281.0,COC(=O)c1nc(NC(=O)c2ccccc2)n[nH]1,0,8475
2147587.0,O=C(NCc1ccccc1)c1ccc(S(=O)(=O)N2CCCc3ccccc32)cc1,1,8476
6899582.0,CSc1nncn1/N=C/c1ccc2c(c1)OCO2,1,8478
3571207.0,CC1CCCC(n2c(=S)[nH]c3ccccc3c2=O)C1C,1,8479
4413203.0,CC(C)=CC(=O)OCC(=O)Nc1ncc(Cl)c(C)c1Cl,0,8480
3506063.0,O=C(CSc1nnc(-c2cccc(S(=O)(=O)N3CCOCC3)c2)n1C1CCCCCC1)NCc1ccccc1,1,8482
9551965.0,Cl.O=C(NCCCn1ccnc1)c1ccc(S(=O)(=O)N2CCCCCC2)cc1,1,8484
4878538.0,COc1ccc2c(Cl)c(C(=O)NCCCn3ccnc3)sc2c1Cl,1,8487
2126542.0,CC(=O)NCCC(=O)Nc1sc2c(c1-c1nc3ccccc3[nH]1)CCCC2,1,8488
2533203.0,O=C(c1nn(Cc2ccccc2)c(=O)c2ccccc12)N1CCN(C/C=C/c2ccccc2)CC1,1,8490
1544371.0,Cn1c(-c2sc(=S)n(-c3ccccc3)c2N)nc2ccccc21,1,8491
135495494.0,Cc1ccc(C(=O)CSc2nc(C)cc(=O)[nH]2)cc1,0,8492
2311408.0,Cc1ccc(OCC(=O)Nn2cnc3ccccc32)cc1,1,8493
3261919.0,Cc1sc(NC(=O)c2ccco2)c(C(c2cccnc2)N2CCCC2)c1C,1,8494
2334911.0,CCN(CC)CCNC(=O)c1ccc(Cl)c(S(=O)(=O)Nc2ccccc2OC)c1,1,8495
4164884.0,CC(C)OP(=O)(OC(C)C)C(NC(=O)c1ccc(Br)cc1)c1ccccc1,1,8496
135448056.0,COCCn1c(C)cc(C2=NNC(=Nc3ccc(F)cc3)SC2)c1C,0,8497
2314531.0,Cc1cccn2c(=O)c(C=NCc3ccco3)c(Nc3ccc(SC(F)F)cc3)nc12,0,8499
756798.0,CCn1c(-c2ccoc2C)n[nH]c1=S,0,8500
3627652.0,Cc1ccc(-c2cc(-c3nnc(SCC(=O)NC(C)C(C)C)n3N)c3ccccc3n2)cc1,1,8501
4328459.0,Cn1c(SCC(=O)N2CCN(S(=O)(=O)c3ccccc3)CC2)nc2ccccc21,1,8502
5538580.0,O=S(=O)(/N=C(\Sc1ccc(Cl)cc1)c1ccccc1)c1ccccc1,0,8504
2099550.0,CCOc1ccc(/C=C/C2=Cc3c(sc(NC(=O)CSc4n[nH]c(N)n4)c3C#N)C(C)(C)C2)cc1,1,8505
5664174.0,O=S(=O)(/N=C(\Sc1ccccc1)c1ccccc1)c1ccc(Cl)cc1,0,8507
2113180.0,O=C(CSc1n[nH]c(-c2cccs2)n1)N1CCCc2ccccc21,1,8508
135447575.0,Cc1cccc(N2CC(O)=C(c3nc4ccccc4n3C)C2=N)c1,0,8509
6278152.0,Cc1nn(-c2ccc(F)cc2)c(Cl)c1/C=C(\CCC(=O)O)c1nc2ccccc2s1,0,8510
2312630.0,Cc1cc(N)n(-c2ccc3ccccc3c2)n1,1,8511
5189629.0,O=C(Cn1c(-c2cscn2)nc2ccccc21)Nc1cc(F)ccc1F,1,8512
2102767.0,CNC(=O)COC(=O)c1cc2c(C)nn(-c3ccc(F)cc3)c2s1,0,8514
5042461.0,O=C(NCc1ccccc1Cl)c1cnccn1,1,8515
705836.0,Cc1nc(-n2nnc3cc(C)c(C)cc32)c2c3c(sc2n1)CCCC3,1,8517
3986277.0,CC1CN(C(=O)CN2C(=O)NC3(CCCCCC3)C2=O)CC(C)O1,0,8518
6905109.0,CCc1n[nH]c(=S)n1/N=C/c1ccc2c(c1)OCO2,1,8519
2127565.0,O=C(Nc1nnc(-c2ccc(Cl)cc2)o1)Nc1ccccc1Cl,0,8521
2126032.0,CCOC(=O)c1c(C)[nH]c(C(=O)CSc2nnc(-c3cccs3)n2Cc2ccccc2)c1C,1,8522
4678870.0,O=C(Nc1nnc(C2CC2)s1)C1Cc2ccccc2CN1S(=O)(=O)c1ccccc1F,1,8524
9551975.0,C[N+]1(CC(=O)Nc2ccc(F)cc2)CCN(C(=O)c2ccco2)CC1.[Cl-],0,8525
3957928.0,O=C(CSc1nnc(-c2ccc(Cl)cc2Cl)n1C1CCCCC1)NC1CCS(=O)(=O)C1,1,8526
2104726.0,CC(C)CCNC1=NCCCCC1,0,8527
4655733.0,CCCCn1c(SC(C)C(=O)c2ccc(OC)cc2)nc2cc(S(N)(=O)=O)ccc21,1,8528
135512399.0,CCN=C1NN=C(c2ccc(C)cc2)CS1,1,8529
135512400.0,CCCCCN1CC(O)=C(c2nc(-c3ccc(Cl)cc3)cs2)C1=N,0,8530
4101282.0,O=C(NC(Cc1c[nH]c2ccccc12)c1nnc2n1CCCCC2)c1ccccc1,1,8532
3903991.0,CCOC(=O)c1[nH]c(C)c(C(=O)OCC(=O)N2c3ccccc3CC2C)c1C,0,8535
2436460.0,O=C(COC(=O)c1cnccn1)NCc1ccccc1,0,8536
4276794.0,Cc1ccc(O)c(C(=O)c2cc(C#N)c(=O)n(-c3c(C)n(C)n(-c4ccccc4)c3=O)c2)c1,1,8537
4282138.0,CCCCNC(=O)CN1C(=O)NC2(CCCc3ccccc32)C1=O,0,8538
2432384.0,CCNC(=O)COC(=O)c1cc(=O)[nH]c2ccccc12,0,8540
2320116.0,CCN(CC)C(=O)COc1ccc(S(=O)(=O)N2CCOCC2)cc1,0,8542
2303144.0,Cc1nc(-c2c(C(F)(F)F)noc2-c2ccc(O)cc2O)cs1,1,8543
2642484.0,Cc1cccc(C)c1NC(=O)/C(C#N)=C/c1cccs1,1,8544
3962922.0,N#Cc1c(N2CCCC(O)C2)nc(N)c2c(N)nc3c(c12)CC(=O)N3C12CC3CC(CC(C3)C1)C2,0,8545
5337216.0,N#CCCn1cc(/C=N/O)c(-c2ccc(Cl)cc2)n1,1,8546
2308238.0,O=C(Nc1cccc2ccccc12)c1cn(-c2ccccc2)nc1-c1cccs1,1,8548
2320541.0,Cc1c(NC(=S)/C=C2\N(C)c3ccccc3C2(C)C)c(=O)n(-c2ccccc2)n1C,1,8550
2320029.0,O=C1/C(=C\c2ccccn2)SC(=S)N1Nc1ncc(C(F)(F)F)cc1Cl,1,8551
2332063.0,CCOC(=O)c1cc2c(C(F)(F)F)cc(-c3ccccc3)nc2o1,0,8553
2084851.0,Cc1cc(C(=O)OCC(=O)NCCCN2CCCC2=O)c2ccccc2n1,0,8554
4131002.0,O=C(NOC(=O)c1cc(Br)ccc1Cl)c1cccs1,0,8555
3700899.0,O=C(COC(=O)COc1ccccc1)Nc1ccc(OC(F)(F)F)cc1,0,8557
2321919.0,Cc1c(NC(=O)C2CCN(S(=O)(=O)c3ccc(Cl)cc3)CC2)c(=O)n(-c2ccccc2)n1C,1,8559
135512405.0,COc1cc(/C=C(\C#N)c2nc3c(s2)CC(C)CC3)ccc1O,1,8560
9679909.0,CCn1c(C)c(/C=N/Nc2nc3ccccc3s2)c2ccccc21,1,8561
9551983.0,COc1ccc(C2(C)NC(=O)N(CC(=O)Nc3ccc4c(c3)OCO4)C2=O)cc1OC,1,8562
68297.0,Nc1ccccc1Nc1ccccc1,0,8563
9660972.0,O=C(N/N=C/c1ccncc1)c1nc(-c2ccccc2)n2c1CCCCC2,1,8564
6212611.0,Cn1cnnc1SCC(=O)N1N=C2/C(=C/c3ccco3)CCCC2C1c1ccco1,0,8565
3868055.0,O=C(NCCO)c1cc2c(s1)CCC2,0,8566
5386259.0,COc1ccc(-c2coc3cc(OC)cc(O)c3c2=O)cc1,0,8567
4570071.0,Cc1cc(NC(=O)c2ccc(S(=O)(=O)N(C)C)cc2)n(-c2ccccn2)n1,0,8568
2395593.0,Cc1nn(-c2ccc(Cl)cc2)c2sc(C(=O)c3c(N)n(C)c(=O)n(C)c3=O)cc12,0,8570
2546993.0,Cc1ccc2c(CC(=O)OCc3cc(=O)n4c(n3)sc3ccccc34)coc2c1,1,8571
2531714.0,Cc1ccc(C)c(C(=O)CN2C(=O)c3ccccc3S2(=O)=O)c1,1,8572
9551989.0,C[n+]1cc(-c2ccccc2)n2c1CCCCC2.[I-],0,8573
5636055.0,CCN(CC)c1ccc(C(=O)OCc2cc(=O)oc3cc(O)ccc23)cc1,1,8575
3900148.0,CCc1cccc(CC)c1NC(=O)CN1CC(C)SC1=NC1CCCCC1,1,8576
1281755.0,CC(=O)Nc1sc2c(c1CN1CCN(C)CC1)CCCC2,0,8577
3788216.0,COc1ccc(NC(=O)CC#N)cc1OC,0,8578
54687737.0,CC1Cc2ccccc2N1C(=O)Cn1c(=O)cc(O)c2ccccc21,1,8579
3561847.0,Cc1sc(NC(=O)c2ccco2)c(C(c2cccnc2)N2CCN(C)CC2)c1C,0,8581
5004659.0,CCCc1nc2ccccc2c(C(=O)OCC(=O)Nc2cccc(S(=O)(=O)N3CCOCC3)c2)c1CC,0,8582
3933225.0,Cc1ccc(S(=O)(=O)NCC(=O)OC(C)C(=O)Nc2ncc(Cl)cc2Cl)cc1,0,8583
4296887.0,O=C(c1ccc(Cl)c(S(=O)(=O)NCc2ccccc2)c1)N1CCN(c2ccccn2)CC1,0,8584
4444634.0,COc1cc(-c2nnc(SCC(=O)Nc3ccc4c(c3)OCCO4)o2)cc(OC)c1OC,1,8585
135450680.0,FC(F)Sc1ccc(N=C2NN=C(c3ccc4c(c3)OCCO4)CS2)cc1,1,8586
3274734.0,O=C(Nc1cc(C(F)(F)F)ccc1-n1cncn1)c1ccc(Br)cc1,0,8588
2429377.0,CN1CCCN(S(=O)(=O)c2ccc3c(c2)OCCO3)CC1,0,8589
2448238.0,COc1ccc(NC(=O)COC(=O)c2ccc(OCc3c(C)noc3C)cc2)cc1OC,1,8590
2416796.0,Cc1noc(C)c1C(=O)OCC(=O)NC(c1ccccc1)c1ccccc1,0,8591
4210319.0,CN(C(=S)Nc1ccccc1F)C1(c2ccccc2Cl)CCCCC1=O,0,8592
2437246.0,CCOc1ccc(-n2c(SCC(=O)Nc3ccccc3C)n[nH]c2=O)cc1,1,8595
1537066.0,CCN1CCN(c2nc3ccccc3s2)CC1,0,8596
5214311.0,O=C(Nc1nc2ccc(F)cc2s1)C1CCCO1,0,8597
2092314.0,C=CCSc1nnc(NC(=O)COc2ccc3ccccc3c2)s1,0,8598
3440155.0,CC1Cc2ccccc2N1C(=O)C1CCCCN1S(=O)(=O)c1ccccc1,1,8599
4249305.0,O=C(NC(Cc1c[nH]c2ccccc12)c1nnc2n1CCCCC2)c1ccc(Cl)cc1,1,8600
3732815.0,Cc1ccc2c(c1)C1CN(C)CCC1N2C(=O)Nc1cccc(Cl)c1,0,8601
2488887.0,CC(=O)c1c(C)[nH]c(C(=O)OCC(=O)N(C)C)c1C,0,8602
2430004.0,CCOC(=O)c1c(C)[nH]c(C)c1C(=O)COC(=O)c1ccc(S(=O)(=O)N(CC)CC)cc1,1,8604
97743.0,CC(C)C(NC(=O)OCc1ccccc1)C(=O)O,0,8605
2363668.0,CCOC(=O)c1sc(-c2ccc(Br)cc2)cc1N,0,8607
2421493.0,CCOC(=O)c1cc(-c2ccc(OC)cc2F)nc2c1c(C)nn2CCC#N,0,8608
2352618.0,O=C(COC(=O)c1ccccc1Nc1cccc(C(F)(F)F)c1)NCc1ccco1,1,8609
2433875.0,Cc1cnc(C(=O)OCC(=O)NC(C)C)cn1,0,8610
2436474.0,CC(C)NC(=O)COC(=O)c1cc(=O)[nH]c2ccccc12,0,8611
2318098.0,Cc1ccc(S(=O)(=O)NC(=O)c2cccn2C)cc1,0,8612
4300292.0,O=C(NC(Cc1c[nH]c2ccccc12)c1nnc2n1CCCCC2)c1ccccc1Cl,1,8613
2364331.0,CC1CCN(CCOc2cc(Cl)ccc2Cl)CC1,0,8615
2435775.0,CCCCNC(=O)COC(=O)c1cc(F)c(F)cc1Cl,0,8616
2390583.0,O=C(COC(=O)c1cccnc1Nc1cccc(C(F)(F)F)c1)NCc1ccc2c(c1)OCO2,1,8617
2332312.0,Cc1cc(NC(=O)c2ccc(S(=O)(=O)Nc3ccccc3)cc2)no1,0,8618
798295.0,CC(=O)Nc1ccc(S(=O)(=O)NCCc2ccc(F)cc2)cc1,0,8620
4149975.0,COc1ccc(C2=NN(C)C(=NCc3ccccc3)SC2)cc1,0,8621
2510967.0,CC(=O)Nc1ccc(NC(=O)CSc2nnc(-c3ccccc3)n2Cc2ccc3c(c2)OCO3)cc1,1,8622
2488770.0,O=c1cc(CSc2nnc(-c3cccnc3)n2-c2ccccc2F)nc2sccn12,1,8623
3271879.0,CCCC(C)NC1=NCCCCC1,0,8624
9552001.0,CCN(CC)C1=NC(=[N+](CC)CC)c2ccccc21.[O-][Cl+3]([O-])([O-])[O-],0,8626
4088302.0,O=C(OCCNC(=O)c1ccc2ccccc2n1)c1ccc(F)cc1,1,8628
4065173.0,Cc1nc2c(n1C1CCCCC1)C(=O)c1ccccc1C2=O,1,8629
3648937.0,COCC(C)n1c(C)cc(C(=O)CSc2nnc(Nc3ccccc3F)s2)c1C,1,8630
2410954.0,CCOC(=O)C1CCN(C(=O)c2cccnc2Cl)CC1,0,8632
9552004.0,COCCCNCC(=O)c1c(N)n(Cc2ccccc2)c(=O)n(C)c1=O.O=C(O)C(=O)O,0,8633
2322379.0,O=P(Nc1c(Cl)cccc1Cl)(c1ccccc1)c1nc2c(s1)CCCC2,1,8634
2587056.0,Cc1cc(C)n2nc(SCc3cc(=O)oc4ccc5ccccc5c34)nc2n1,1,8635
2499895.0,c1ccc(CCNc2nnnn2-c2ccccc2)cc1,0,8636
2118406.0,Cc1c(C(=O)Nc2ccc(OC(F)(F)F)cc2)sc2nc3n(c(=O)c12)CCC3,0,8637
1070531.0,CC1=NN(c2ccccc2)C(=O)/C1=C\c1c(C)[nH]n(-c2ccccc2)c1=O,0,8640
135501958.0,COCCn1c(Cc2ccccc2)nnc1SCc1nc2ccccc2c(=O)[nH]1,1,8641
3329485.0,CC1CCCC(C)N1C(=O)c1ccccc1Nc1ccc(SC(F)F)cc1,1,8642
5461857.0,C[C@@H](C(=O)Nc1ccc2ccccc2c1)[C@H]1C[C@]1(C)[C@H](NC(=O)OCc1ccccc1)c1ccccc1,1,8644
3247271.0,COC(=O)[C@H](C)[C@H]1C[C@]1(C)[C@H](NC(=O)OCc1ccccc1)c1ccccc1,1,8645
3247279.0,C[C@@H](C(=O)NCc1ccccn1)[C@H]1C[C@]1(C)[C@H](NC(=O)OCc1ccccc1)c1ccccc1,1,8646
3247286.0,CNC(=O)[C@H](C)[C@@H]1C[C@@]1(C)[C@@H](NC(=O)OCc1ccccc1)c1ccccc1,1,8647
3247294.0,Cc1cc(CNC(=O)[C@H](C)[C@@H]2C[C@@]2(C)[C@@H](NC(=O)OCc2ccccc2)c2ccccc2)nn1C,1,8648
3247302.0,O=C(NCc1ccccc1)[C@H]1C[C@@H]1[C@H](NP(=O)(c1ccccc1)c1ccccc1)c1ccccc1,1,8649
3247310.0,O=C(NCc1ccccn1)[C@@H]1C[C@H]1[C@@H](NP(=O)(c1ccccc1)c1ccccc1)c1ccccc1,1,8650
5461873.0,C[C@@H](C(=O)Nc1ccc2ccccc2c1)[C@@H]1C[C@@]1(C)[C@@H](NC(=O)OCc1ccccc1)c1ccccc1,1,8651
3247323.0,COc1ccc(CNC(=O)[C@H](C)[C@@H]2C[C@@]2(C)[C@@H](NC(=O)OCc2ccccc2)c2ccccc2)cc1OC,1,8652
3247264.0,C[C@@H](C(=O)N[C@@H](CO)Cc1ccccc1)[C@@H]1C[C@@]1(C)[C@@H](NC(=O)OCc1ccccc1)c1ccccc1,1,8653
3247272.0,COC(=O)[C@H](C)[C@@H]1C[C@@]1(C)[C@@H](NC(=O)OCc1ccccc1)c1ccccc1,1,8654
3247280.0,Cc1ccc(CNC(=O)[C@H](C)[C@H]2C[C@]2(C)[C@H](NC(=O)OCc2ccccc2)c2ccccc2)o1,1,8655
3247295.0,O=C(O)[C@H]1C[C@@H]1[C@H](NP(=O)(c1ccccc1)c1ccccc1)c1ccccc1,0,8657
3247303.0,O=C(NCCc1c[nH]c2ccccc12)[C@H]1C[C@@H]1[C@H](NP(=O)(c1ccccc1)c1ccccc1)c1ccccc1,1,8658
3247311.0,Cc1ccc(CNC(=O)[C@@H]2C[C@H]2[C@@H](NP(=O)(c2ccccc2)c2ccccc2)c2ccccc2)o1,1,8659
3247324.0,Cc1ccc(CNC(=O)[C@H](C)[C@@H]2C[C@@]2(C)[C@@H](NC(=O)OCc2ccccc2)c2ccccc2)c(F)c1F,1,8660
3247325.0,O=C(NCCF)[C@H]1C[C@@H]1[C@H](NP(=O)(c1ccccc1)c1ccccc1)c1ccccc1,1,8661
3247265.0,C[C@@H](C(=O)N[C@@H](CO)Cc1ccccc1)[C@H]1C[C@]1(C)[C@H](NC(=O)OCc1ccccc1)c1ccccc1,1,8662
3247273.0,COC(=O)[C@H]1C[C@@H]1[C@H](NP(=O)(c1ccccc1)c1ccccc1)c1ccccc1,1,8663
3247281.0,C[C@H](CO)NC(=O)[C@H](C)[C@H]1C[C@]1(C)[C@H](NC(=O)OCc1ccccc1)c1ccccc1,1,8664
3247288.0,C[C@@H](C(=O)NCc1ccccn1)[C@@H]1C[C@@]1(C)[C@@H](NC(=O)OCc1ccccc1)c1ccccc1,1,8665
3247296.0,CNC(=O)[C@H]1C[C@@H]1[C@H](NP(=O)(c1ccccc1)c1ccccc1)c1ccccc1,1,8666
3247304.0,O=C(NCC1CC1)[C@H]1C[C@@H]1[C@H](NP(=O)(c1ccccc1)c1ccccc1)c1ccccc1,1,8667
3247317.0,C[C@@H](C(=O)NCCF)[C@H]1C[C@]1(C)[C@H](NC(=O)OCc1ccccc1)c1ccccc1,1,8669
3247282.0,C[C@@H](C(=O)NCc1ccccc1)[C@H]1C[C@]1(C)[C@H](NC(=O)OCc1ccccc1)c1ccccc1,1,8672
3247289.0,Cc1ccc(CNC(=O)[C@H](C)[C@@H]2C[C@@]2(C)[C@@H](NC(=O)OCc2ccccc2)c2ccccc2)o1,1,8673
3247313.0,O=C(NCc1ccccc1)[C@@H]1C[C@H]1[C@@H](NP(=O)(c1ccccc1)c1ccccc1)c1ccccc1,1,8676
3247318.0,COCCNC(=O)[C@H](C)[C@H]1C[C@]1(C)[C@H](NC(=O)OCc1ccccc1)c1ccccc1,1,8677
3247327.0,COc1ccc(CNC(=O)[C@H]2C[C@@H]2[C@H](NP(=O)(c2ccccc2)c2ccccc2)c2ccccc2)cc1OC,1,8678
3247267.0,O=C(N[C@@H](c1ccccc1)[C@@H]1C[C@H]1C(=O)NCc1ccccc1)OCc1ccccc1,1,8679
3247283.0,C[C@@H](C(=O)NCCc1c[nH]c2ccccc12)[C@H]1C[C@]1(C)[C@H](NC(=O)OCc1ccccc1)c1ccccc1,1,8681
3247290.0,C[C@H](CO)NC(=O)[C@H](C)[C@@H]1C[C@@]1(C)[C@@H](NC(=O)OCc1ccccc1)c1ccccc1,1,8682
3247298.0,CS(=O)(=O)c1ccc(CNC(=O)[C@H]2C[C@@H]2[C@H](NP(=O)(c2ccccc2)c2ccccc2)c2ccccc2)cc1,1,8683
3247306.0,O=C(O)[C@@H]1C[C@H]1[C@@H](NP(=O)(c1ccccc1)c1ccccc1)c1ccccc1,0,8684
3247314.0,O=C(NCCc1c[nH]c2ccccc12)[C@@H]1C[C@H]1[C@@H](NP(=O)(c1ccccc1)c1ccccc1)c1ccccc1,1,8685
3247328.0,Cc1ccc(CNC(=O)[C@H]2C[C@@H]2[C@H](NP(=O)(c2ccccc2)c2ccccc2)c2ccccc2)c(F)c1F,1,8687
3247268.0,O=C(N[C@@H](c1ccccc1)[C@@H]1C[C@H]1C(=O)NCc1ccccn1)OCc1ccccc1,1,8688
3247291.0,C[C@@H](C(=O)NCc1ccccc1)[C@@H]1C[C@@]1(C)[C@@H](NC(=O)OCc1ccccc1)c1ccccc1,1,8690
3247299.0,O=C(NCc1ccccn1)[C@H]1C[C@@H]1[C@H](NP(=O)(c1ccccc1)c1ccccc1)c1ccccc1,1,8691
3247307.0,CNC(=O)[C@@H]1C[C@H]1[C@@H](NP(=O)(c1ccccc1)c1ccccc1)c1ccccc1,1,8692
3247315.0,O=C(NCC1CC1)[C@@H]1C[C@H]1[C@@H](NP(=O)(c1ccccc1)c1ccccc1)c1ccccc1,1,8693
3247320.0,Cc1ccc(CNC(=O)[C@H](C)[C@H]2C[C@]2(C)[C@H](NC(=O)OCc2ccccc2)c2ccccc2)c(F)c1F,1,8694
3247269.0,O=C(N[C@@H](c1ccccc1)[C@@H]1C[C@H]1C(=O)O)OCc1ccccc1,0,8695
3247277.0,CNC(=O)[C@H](C)[C@H]1C[C@]1(C)[C@H](NC(=O)OCc1ccccc1)c1ccccc1,1,8696
3247292.0,C[C@@H](C(=O)NCCc1c[nH]c2ccccc12)[C@@H]1C[C@@]1(C)[C@@H](NC(=O)OCc1ccccc1)c1ccccc1,1,8698
3247300.0,Cc1ccc(CNC(=O)[C@H]2C[C@@H]2[C@H](NP(=O)(c2ccccc2)c2ccccc2)c2ccccc2)o1,1,8699
3247308.0,O=C(Nc1ccc2ccccc2c1)[C@@H]1C[C@H]1[C@@H](NP(=O)(c1ccccc1)c1ccccc1)c1ccccc1,0,8700
3247316.0,Cc1cc(CNC(=O)[C@@H]2C[C@H]2[C@@H](NP(=O)(c2ccccc2)c2ccccc2)c2ccccc2)nn1C,1,8701
3247321.0,C[C@@H](C(=O)NCc1ccc(C(F)(F)F)nc1)[C@H]1C[C@]1(C)[C@H](NC(=O)OCc1ccccc1)c1ccccc1,1,8702
3247270.0,CC(Cc1ccccc1)C(=O)NCc1ccccn1,0,8703
3247278.0,C[C@@H](C(=O)NCc1ccc(S(C)(=O)=O)cc1)[C@H]1C[C@]1(C)[C@H](NC(=O)OCc1ccccc1)c1ccccc1,1,8704
3247322.0,C[C@@H](C(=O)NCc1cccc2ccccc12)[C@H]1C[C@]1(C)[C@H](NC(=O)OCc1ccccc1)c1ccccc1,1,8707
3247331.0,O=C(NCc1cccc2ccccc12)[C@H]1C[C@@H]1[C@H](NP(=O)(c1ccccc1)c1ccccc1)c1ccccc1,1,8708
3247332.0,COC(=O)N[C@H](c1ccccc1)[C@@]1(C)C[C@@H]1[C@@H](C)C(=O)Nc1ccc2ccccc2c1,1,8709
3247339.0,COC(=O)[C@@H]1C[C@H]1[C@@H](NC(=O)c1cc(C)nn1C)c1ccccc1,1,8710
3247346.0,COC(=O)[C@H]1C[C@@H]1[C@H](NC(=O)c1cc(C)nn1C)c1ccccc1,1,8711
3247361.0,Cc1cc(C(=O)N[C@@H](c2ccccc2)[C@]2(C)C[C@H]2[C@@H](C)C(=O)Nc2ccc3ccccc3c2)n(C)n1,1,8713
3247377.0,COC(=O)[C@@H]1C[C@H]1[C@@H](NS(=O)(=O)c1ccc2ccccc2c1)c1ccccc1,1,8715
3247384.0,Cc1nn(C)c(Cl)c1S(=O)(=O)N[C@@H](c1ccccc1)[C@]1(C)C[C@H]1[C@@H](C)C(=O)Nc1ccc2ccccc2c1,1,8716
3247333.0,COC(=O)[C@@H]1C[C@H]1[C@@H](NC(=O)c1ccccc1)c1ccccc1,0,8717
3247340.0,COC(=O)[C@@H]1C[C@H]1[C@@H](NC(=O)c1cccnc1)c1ccccc1,1,8718
3247347.0,COC(=O)[C@H]1C[C@@H]1[C@H](NC(=O)c1cccnc1)c1ccccc1,1,8719
3247354.0,C[C@@H](C(=O)Nc1ccc2ccccc2c1)[C@H]1C[C@]1(C)[C@H](NC(=O)c1cccnc1)c1ccccc1,1,8720
3247362.0,C[C@@H](C(=O)Nc1ccc2ccccc2c1)[C@@H]1C[C@@]1(C)[C@@H](NC(=O)c1cccnc1)c1ccccc1,1,8721
3247370.0,COC(=O)[C@H]1C[C@@H]1[C@H](NC(C)=O)c1ccccc1,0,8722
3247378.0,COC(=O)[C@H]1C[C@@H]1[C@H](NS(=O)(=O)c1ccc2ccccc2c1)c1ccccc1,1,8723
3247334.0,COC(=O)[C@@H]1C[C@H]1[C@@H](N)c1ccccc1,0,8724
3247348.0,COC(=O)[C@H]1C[C@@H]1[C@H](NC(=O)Oc1ccc(F)cc1)c1ccccc1,1,8726
3247355.0,C[C@@H](C(=O)Nc1ccc2ccccc2c1)[C@H]1C[C@]1(C)[C@H](NC(=O)Oc1ccc(F)cc1)c1ccccc1,1,8727
3247371.0,CC(=O)N[C@@H](c1ccccc1)[C@]1(C)C[C@H]1[C@@H](C)C(=O)Nc1ccc2ccccc2c1,1,8728
3247342.0,COC(=O)[C@@H]1C[C@H]1[C@@H](NS(=O)(=O)c1ccccc1)c1ccccc1,1,8730
3247349.0,COC(=O)[C@H]1C[C@@H]1[C@H](NS(=O)(=O)c1ccccc1)c1ccccc1,1,8731
3247356.0,C[C@@H](C(=O)Nc1ccc2ccccc2c1)[C@H]1C[C@]1(C)[C@H](NS(=O)(=O)c1ccccc1)c1ccccc1,1,8732
3247364.0,C[C@@H](C(=O)Nc1ccc2ccccc2c1)[C@@H]1C[C@@]1(C)[C@@H](NS(=O)(=O)c1ccccc1)c1ccccc1,1,8733
3247357.0,C[C@@H](C(=O)Nc1ccc2ccccc2c1)[C@H]1C[C@]1(C)[C@H](NP(=O)(c1ccccc1)c1ccccc1)c1ccccc1,1,8735
3247373.0,C[C@@H](C(=O)Nc1ccc2ccccc2c1)[C@H]1C[C@]1(C)[C@H](NS(=O)(=O)c1ccc(-c2ccccc2)cc1)c1ccccc1,1,8737
3247358.0,C[C@@H](C(=O)Nc1ccc2ccccc2c1)[C@@H]1C[C@@]1(C)[C@@H](NC(=O)c1ccccc1)c1ccccc1,1,8739
3247374.0,CC(=O)N[C@H](c1ccccc1)[C@@]1(C)C[C@@H]1[C@@H](C)C(=O)Nc1ccc2ccccc2c1,1,8740
3247351.0,Cc1cc(C(=O)N[C@H](c2ccccc2)[C@@]2(C)C[C@@H]2[C@@H](C)C(=O)Nc2ccc3ccccc3c2)no1,1,8741
3247367.0,COC(=O)[C@H]1C[C@@H]1[C@H](NS(=O)(=O)c1ccc(-c2ccccc2)cc1)c1ccccc1,1,8742
3247360.0,C[C@@H](C(=O)Nc1ccc2ccccc2c1)[C@@H]1C[C@@]1(C)[C@@H](NC(=O)c1cnccn1)c1ccccc1,1,8745
3247368.0,C[C@@H](C(=O)Nc1ccc2ccccc2c1)[C@@H]1C[C@@]1(C)[C@@H](NS(=O)(=O)c1ccc(-c2ccccc2)cc1)c1ccccc1,0,8746
3247383.0,C[C@@H](C(=O)Nc1ccc2ccccc2c1)[C@@H]1C[C@@]1(C)[C@@H](NC(=O)c1ccncc1Cl)c1ccccc1,1,8747
5459396.0,CCC#CCOCC(=S)Nc1ccccc1,0,8748
5459415.0,CCc1c2c(nc3c(C(C)C)cccc13)-c1cccc(=O)n1C2,1,8749
5459438.0,CC(C)c1cccc2cc3c(nc12)-c1cccc(=O)n1C3,1,8750
5459441.0,CCc1c2c(nc3ccc(OC)cc13)COC2,1,8751
5461305.0,C=C(CC1([C@@H](NP(=O)(c2ccccc2)c2ccccc2)[C@H]2C[C@@H]2CCN(C(=O)OCC)S(=O)(=O)c2ccc(C)cc2)CC1)c1ccccc1,1,8753
5461760.0,C=C(CC1(C(C)NP(=O)(c2ccccc2)c2ccccc2)CC1)c1ccccc1,1,8754
5459416.0,CCc1c2c(nc3cccc(C(C)C)c13)-c1cccc(=O)n1C2,1,8755
5459442.0,CCc1c2c(nc3cccc(SC)c13)COC2,1,8757
5459432.0,O=C(Cc1ccccc1I)Nc1ccccc1,0,8759
5461359.0,C=C(CC1([C@@H](NP(=O)(c2ccccc2)c2ccccc2)[C@H]2C[C@@H]2CCCC)CC1)c1ccccc1,1,8760
5461761.0,CC(=O)N1CC2(CC2)CC1c1ccccc1,0,8761
5461325.0,C=C(CC1([C@@H](NP(=O)(c2ccccc2)c2ccccc2)[C@H]2C[C@@H]2CCCC)CC1)c1cccc(OC)c1,1,8762
5459419.0,CCc1c2c(nc3ccccc13)OC(C)C2,0,8763
5459455.0,O=C(Oc1ccc([N+](=O)[O-])cc1)N1CCC(N2CCCCC2)CC1,0,8764
5461326.0,CCCC[C@H]1C[C@@H]1[C@@H]1N(P(=O)(c2ccccc2)c2ccccc2)C[C@@](O)(c2ccccc2)CC12CC2,1,8765
5459397.0,COc1cc2nc3c(c([Si](C)(C)C(C)(C)C)c2cc1OC)Cn1c-3cccc1=O,1,8766
5459435.0,CCC#CCOCC(=O)Nc1ccccc1,0,8767
5459420.0,CCc1cccc2c(-c3ccccc3)c3c(nc12)OCC3,0,8768
5459427.0,COc1ccc2nc3c(c([Si](C)(C)C(C)(C)C)c2c1)Cn1c-3cccc1=O,1,8769
5461327.0,CCCC[C@H]1C[C@@H]1[C@@H]1N(P(=O)(c2ccccc2)c2ccccc2)[C@](CO)(c2ccccc2)CC12CC2,1,8770
5461763.0,O=P(c1ccccc1)(c1ccccc1)N1CC2(CC2)CC(O)(c2ccccc2)C1,0,8771
5459405.0,CC(C)c1ccc2c([Si](C)(C)C)c3c(nc2c1)-c1cccc(=O)n1C3,0,8773
5771834.0,CCC[C@@H]1C[C@@]1(CCC)C(NC(=O)c1ccc(-c2ccccc2)cc1)c1cccc(Cl)c1,0,8776
5461328.0,CCCC[C@H]1C[C@@H]1[C@@H]1N(C(C)=O)[C@H](c2cccc(OC)c2)CC12CC2,1,8777
5461764.0,C=C(CC1(CNP(=O)(c2ccccc2)c2ccccc2)CC1)c1ccccc1,1,8778
5459399.0,CC(C)(C)[Si](C)(C)c1c2c(nc3ccc(OCc4ccccc4)cc13)-c1cccc(=O)n1C2,1,8779
5459406.0,CCc1cccc2nc3c(c([Si](C)(C)C)c12)Cn1c-3cccc1=O,1,8781
5459422.0,COc1ccc2nc3c(c(-c4ccccc4)c2c1)CCC3,1,8782
5459429.0,CCc1c2c(nc3cccc(OC)c13)OC(CC)C2,0,8783
5771795.0,C#CCOC(=O)NC(/C=C/CCCC)c1ccccc1,1,8785
5461758.0,COC(=O)c1ccc(C#CC(NP(=O)(c2ccccc2)c2ccccc2)c2ccccc2)cc1,0,8786
5459414.0,CC(C)c1cccc2nc3c(c([Si](C)(C)C)c12)Cn1c-3cccc1=O,1,8787
5459423.0,CCCCC#Cc1ccccc1CC(=O)Nc1ccccc1,1,8788
5459430.0,CCc1c2c(nc3ccc(OC)cc13)OC(CC)C2,1,8789
5461759.0,COC(=O)c1ccc(C23CC2(C(NP(=O)(c2ccccc2)c2ccccc2)c2ccccc2)C3)cc1,1,8790
5771840.0,CCC/C=C(\CCC)C(NC(=O)c1ccccc1)c1ccc(C(=O)OC)cc1,1,8791
5771849.0,CCC/C=C(\CCC)C(NC(=O)c1cccs1)c1ccc(C(F)(F)F)cc1,1,8792
5771858.0,CCC/C=C(\CCC)C(NC(=O)c1ccc(C(F)(F)F)cc1)c1ccccc1,1,8793
5771784.0,CCC/C=C(\CCC)C(NS(=O)(=O)c1ccc(-c2ccccc2)cc1)c1ccc(C(=O)OC)cc1,0,8794
5771794.0,CCCC/C=C/C(NC(=O)Oc1cccc(C(F)(F)F)c1)c1ccccc1,1,8795
5771859.0,CCC/C=C(\CCC)C(NC(=O)OCC(C)C)c1ccccc1,0,8796
5771830.0,CCCC[C@@H]1C[C@H]1C(NC(=O)c1cccs1)c1ccc(Cl)cc1,1,8798
5771841.0,CCC/C=C(\CCC)C(NS(=O)(=O)CC12CCC(CC1=O)C2(C)C)c1ccc(C(=O)OC)cc1,1,8799
5771850.0,CCC/C=C(\CCC)C(NC(=O)CCc1ccccc1)c1ccc(C(F)(F)F)cc1,1,8800
5771786.0,CCCC/C=C/C(NC(=O)CCc1ccccc1)c1ccccc1,1,8802
5771815.0,C[C@@]1(C(NC(=O)c2ccccc2)c2ccc(-c3ccccc3)cc2)C[C@H]1C1CCCCC1,0,8803
5771785.0,CCCC/C=C/C(NC(=O)c1ccccc1)c1ccccc1,1,8804
5771805.0,CCCC[C@@H]1C[C@H]1C(NC(=O)c1ccc(-c2ccccc2)cc1)c1ccc(-c2ccccc2)cc1,0,8805
5771816.0,C[C@@]1(C(NS(=O)(=O)c2cccc3cccnc23)c2ccc(-c3ccccc3)cc2)C[C@H]1C1CCCCC1,1,8806
5771835.0,CC(C)(C)C(=O)NC(c1ccc(Cl)cc1)[C@]1(C)C[C@H]1C1CCCCC1,1,8807
5771842.0,CCC/C=C(\CCC)C(NS(=O)(=O)c1cccc2cccnc12)c1ccc(C(=O)OC)cc1,1,8808
5771861.0,CCC/C=C(\CCC)C(NS(=O)(=O)c1ccc(C(F)(F)F)cc1)c1ccccc1,1,8809
5771787.0,CCCC/C=C/C(NC(=O)C(C)(C)C)c1ccccc1,1,8810
5771796.0,CCC/C=C(\CCC)C(NC(=O)c1ccc(C(=O)OC)cc1)c1ccc(C(=O)OC)cc1,1,8811
5771819.0,C/C(=C\C1CCCCC1)C(NC(=O)c1cccnc1)c1ccc(-c2ccccc2)cc1,1,8814
5771836.0,C[C@@]1(C(NC(=O)c2ccc(-c3ccccc3)cc2)c2ccc(Cl)cc2)C[C@H]1C1CCCCC1,0,8815
5771843.0,CCC/C=C(\CCC)C(NS(=O)(=O)c1ccc(Cl)cc1)c1ccc(C(=O)OC)cc1,1,8816
5771852.0,CCC/C=C(\CCC)C(NS(=O)(=O)c1ccccc1)c1ccc(C(F)(F)F)cc1,1,8817
5771788.0,CCCC/C=C/C(NC(=O)c1ccc(-c2ccccc2)cc1)c1ccccc1,0,8818
5771839.0,CCCC[C@@H]1C[C@H]1C(NC(=O)c1ccco1)c1ccccc1C(F)(F)F,1,8819
5771828.0,CCCC[C@@H]1C[C@H]1C(NC(=O)c1ccccc1)c1ccc(Cl)cc1,1,8820
5771799.0,CCCC[C@@H]1C[C@H]1C(NC(=O)c1ccco1)c1ccc(C(=O)OC)cc1,1,8821
5771807.0,CCCC[C@@H]1C[C@H]1C(NC(=O)c1ccccc1)c1ccc(C(=O)OC)cc1,1,8822
5771853.0,CCC/C=C(\CCC)C(NP(=O)(c1ccccc1)c1ccccc1)c1ccc(-c2ccccc2)cc1,1,8823
5771821.0,CCC[C@@H]1C[C@@]1(CCC)C(NP(=O)(c1ccccc1)c1ccccc1)c1ccc(Cl)cc1,1,8824
5771829.0,CCCC[C@@H]1C[C@H]1C(NC(=O)Cc1ccccc1)c1ccc(Cl)cc1,1,8825
5771800.0,CCCC[C@@H]1C[C@H]1C(NC(=O)c1ccccc1)c1ccccc1,1,8826
5771838.0,CCCC[C@@H]1C[C@H]1C(NC(=O)c1cccs1)c1ccccc1C(F)(F)F,1,8827
5771845.0,CCC/C=C(\CCC)C(NP(=O)(c1ccccc1)c1ccccc1)c1ccc(C(F)(F)F)cc1,1,8828
5771854.0,CCC/C=C(\CCC)C(NS(=O)(=O)c1cccc2cccnc12)c1ccc(-c2ccccc2)cc1,1,8829
5771781.0,CCC/C=C(\CCC)C(NC(=O)C(C)(C)C)c1ccc(C(=O)OC)cc1,1,8830
5771790.0,CCCC/C=C/C(NC(=O)c1ccc(C(=O)OC)cc1)c1ccccc1,0,8831
5771797.0,CCC/C=C(\CCC)C(NC(=O)Cc1ccccc1)c1ccc(C(=O)OC)cc1,1,8832
5771831.0,CCCC[C@@H]1C[C@H]1C(NC(=O)c1ccco1)c1ccc(Cl)cc1,1,8833
5771823.0,COC(=O)c1ccc(C(NC(=O)c2ccco2)[C@]2(C)C[C@H]2C2CCCCC2)cc1,1,8834
5771846.0,CCC/C=C(\CCC)C(NC(=O)c1cccs1)c1ccc(C(=O)OC)cc1,1,8835
5771832.0,CCCC[C@@H]1C[C@H]1C(NC(=O)c1cccnc1)c1ccc(Cl)cc1,1,8836
5771810.0,CCCC[C@@H]1C[C@H]1C(NS(=O)(=O)c1cccc2cccnc12)c1ccc(-c2ccccc2)cc1,1,8837
5771824.0,CCC[C@@H]1C[C@@]1(CCC)C(NS(=O)(=O)c1cccc2cccnc12)c1ccc(Cl)cc1,1,8838
5771847.0,CCC/C=C(\CCC)C(NC(=O)OCC(C)C)c1ccc(C(=O)OC)cc1,1,8840
5771856.0,CCC/C=C(\CCC)C(NP(=O)(c1ccccc1)c1ccccc1)c1ccccc1,1,8841
5771783.0,CCC/C=C(\CCC)C(NS(=O)(=O)c1cccs1)c1ccc(C(=O)OC)cc1,1,8842
5771792.0,CCCC/C=C/C(NC(=O)c1cccs1)c1ccccc1,1,8843
5771813.0,CCCC[C@@H]1C[C@H]1C(NC(=O)c1ccc(C(F)(F)F)cc1)c1ccc(C(=O)OC)cc1,1,8844
5771857.0,CCC/C=C(\CCC)C(NC(=O)c1ccccc1)c1ccccc1,1,8845
5771811.0,CCCC[C@@H]1C[C@H]1C(NC(=O)c1ccccc1)c1ccc(C(F)(F)F)cc1,1,8846
5771825.0,CCC[C@@H]1C[C@@]1(CCC)C(NC(=O)c1ccco1)c1ccc(Cl)cc1,1,8847
5771826.0,CCC[C@@H]1C[C@@]1(CCC)C(NC(=O)c1cccs1)c1ccc(Cl)cc1,1,8848
3247131.0,COCCn1c(C(=O)N2CCCC2)cc2c1C[C@H]1CN(C(=O)c3ccccc3)[C@@](Cc3ccccc3)(C(=O)OC)[C@@H]21,1,8849
3247074.0,COC(=O)[C@@]1(Cc2ccccc2)[C@H]2c3cc(C(=O)N4CCCC4)n(Cc4ccccn4)c3C[C@H]2CN1C(=O)c1ccccc1,1,8850
3247096.0,COC(=O)[C@@]1(Cc2ccc(OC)cc2)[C@H]2c3cc(C(=O)N4CCCC4)n(CCc4ccccn4)c3C[C@H]2CN1C(=O)c1ccccc1,1,8851
3247185.0,COC(=O)[C@@]1(Cc2ccccc2)[C@H]2c3cc(C(=O)N4CCCC4)n(CC4CC4)c3C[C@H]2CN1C(=O)c1ccccc1,1,8853
3247215.0,COC(=O)[C@@]1(Cc2ccc(OC)cc2)[C@H]2c3cc(C(=O)N(C)C)n(Cc4cc(C)n(C)n4)c3C[C@H]2CN1C(=O)c1ccccc1,1,8854
3247196.0,COC(=O)[C@@]1(Cc2ccc(OC)cc2)[C@H]2c3cc(C(=O)N4CCCC4)n(CCO)c3C[C@H]2CN1C(=O)c1ccccc1,1,8855
3247137.0,COC(=O)[C@@]1(Cc2ccc(OC)cc2)[C@H]2c3cc(C(=O)N4CCCC4)n(Cc4ccc(OC)c(OC)c4)c3C[C@H]2CN1C(=O)c1ccccc1,1,8856
3247097.0,COC(=O)[C@@]1(Cc2ccc(OC)cc2)[C@H]2c3cc(C(=O)N4CCCC4)n(CCc4ccc(O)c(O)c4)c3C[C@H]2CN1C(=O)c1ccccc1,1,8858
3247227.0,COC(=O)[C@@]1(Cc2ccc(OC)cc2)[C@H]2c3cc(C(=O)N4CCCC4)n(CCn4cc([N+](=O)[O-])nc4C)c3C[C@H]2CN1C(=O)c1ccccc1,1,8859
3247205.0,COC(=O)[C@@]1(Cc2ccc(OC)cc2)[C@H]2c3cc(C(=O)N(C)C)n(Cc4ccccn4)c3C[C@H]2CN1C(=O)c1ccccc1,1,8860
3247197.0,COC(=O)[C@@]1(Cc2ccccc2)[C@H]2c3cc(C(=O)N4CCCC4)n(CCSCCO)c3C[C@H]2CN1C(=O)c1ccccc1,1,8862
3247076.0,COC(=O)[C@@]1(Cc2ccc(OC)cc2)[C@H]2c3cc(C(=O)N4CCCC4)n(Cc4ccccn4)c3C[C@H]2CN1C(=O)c1ccccc1,1,8865
3247206.0,COC(=O)[C@@]1(Cc2ccccc2)[C@H]2c3cc(C(=O)N(C)C)n(Cc4ccccn4)c3C[C@H]2CN1C(=O)c1ccccc1,1,8866
3247186.0,COC(=O)[C@@]1(Cc2ccccc2)[C@H]2c3cc(C(=O)N4CCCC4)n(Cc4ccc(O)c(OC)c4)c3C[C@H]2CN1C(=O)c1ccccc1,1,8867
3247198.0,COC(=O)[C@@]1(Cc2ccc(OC)cc2)[C@H]2c3cc(C(=O)N4CCCC4)n(CCSCCO)c3C[C@H]2CN1C(=O)c1ccccc1,1,8868
3247236.0,COC(=O)[C@@]1(Cc2ccc(F)cc2)[C@H]2c3cc(C(=O)N4CCCC4)n(CCSCCO)c3C[C@H]2CN1C(=O)c1ccccc1,1,8869
3247141.0,COC(=O)[C@@]1(Cc2ccccc2)[C@H]2c3cc(C(=O)N4CCCC4)n(CCc4ccccn4)c3C[C@H]2CN1C(=O)c1ccccc1,1,8870
3247077.0,COC(=O)[C@@]1(Cc2ccc(OC)cc2)[C@H]2c3cc(C(=O)N4CCCC4)n(Cc4nc5ccccc5[nH]4)c3C[C@H]2CN1C(=O)c1ccccc1,1,8871
3247204.0,COC(=O)[C@@]1(Cc2ccccc2)[C@H]2c3cc(C(=O)N4CCCC4)n(Cc4c(CO)[nH]cc(C)c4=O)c3C[C@H]2CN1C(=O)c1ccccc1,1,8872
3247234.0,COC(=O)[C@@]1(Cc2ccc(F)cc2)[C@H]2c3cc(C(=O)N4CCCC4)n(C[C@H](O)CO)c3C[C@H]2CN1C(=O)c1ccccc1,1,8873
3247212.0,COC(=O)[C@@]1(Cc2ccc(OC)cc2)[C@H]2c3cc(C(=O)N(C)C)n(CCO)c3C[C@H]2CN1C(=O)c1ccccc1,1,8874
3247187.0,COC(=O)[C@@]1(Cc2ccccc2)[C@H]2c3cc(C(=O)N4CCCC4)n(Cc4ccc(C)o4)c3C[C@H]2CN1C(=O)c1ccccc1,1,8876
3247193.0,COC(=O)[C@@]1(Cc2ccccc2)[C@H]2c3cc(C(=O)N4CCCC4)[nH]c3C[C@H]2CN1C(=O)c1ccccc1,1,8877
3247089.0,COC(=O)[C@@]1(Cc2ccccc2)[C@H]2c3cc(C(=O)N4CCCC4)n(Cc4ccsc4Br)c3C[C@H]2CN1C(=O)c1ccccc1,1,8879
3247211.0,COC(=O)[C@@]1(Cc2ccccc2)[C@H]2c3cc(C(=O)N(C)C)[nH]c3C[C@H]2CN1C(=O)c1ccccc1,1,8880
3247213.0,COC(=O)[C@@]1(Cc2ccccc2)[C@H]2c3cc(C(=O)N(C)C)n(CCO)c3C[C@H]2CN1C(=O)c1ccccc1,1,8881
3247200.0,COC(=O)[C@@]1(Cc2ccc(OC)cc2)[C@H]2c3cc(C(=O)N4CCCC4)n(Cc4ccc(S(C)(=O)=O)cc4)c3C[C@H]2CN1C(=O)c1ccccc1,1,8882
3247188.0,COC(=O)[C@@]1(Cc2ccccc2)[C@H]2c3cc(C(=O)N4CCCC4)n(Cc4ccccc4)c3C[C@H]2CN1C(=O)c1ccccc1,1,8883
3247239.0,COC(=O)[C@@]1(Cc2ccc(F)cc2)[C@H]2c3cc(C(=O)N4CCCC4)n(CCc4ccccn4)c3C[C@H]2CN1C(=O)c1ccccc1,1,8884
3247091.0,COC(=O)[C@@]1(Cc2ccc(OC)cc2)[C@H]2c3cc(C(=O)N4CCCC4)n(CCc4c[nH]c5ccccc45)c3C[C@H]2CN1C(=O)c1ccccc1,1,8886
3247219.0,COC(=O)[C@@]1(Cc2ccccc2)[C@H]2c3cc(C(=O)N(C)C)n(C)c3C[C@H]2CN1C(=O)c1ccccc1,1,8887
3247098.0,COC(=O)[C@@]1(Cc2ccc(OC)cc2)[C@H]2c3cc(C(=O)N4CCCC4)n(Cc4ccc(O)c(OC)c4)c3C[C@H]2CN1C(=O)c1ccccc1,1,8888
3247222.0,COC(=O)[C@@]1(Cc2ccccc2)[C@H]2c3cc(C(=O)N(C)C)n(CCF)c3C[C@H]2CN1C(=O)c1ccccc1,1,8889
3247202.0,COC(=O)[C@@]1(Cc2ccccc2)[C@H]2c3cc(C(=O)N4CCCC4)n(C)c3C[C@H]2CN1C(=O)c1ccccc1,1,8890
3247104.0,COC(=O)[C@@]1(Cc2ccc(OC)cc2)[C@H]2c3cc(C(=O)N4CCCC4)n(CCc4c[nH]c5cc(F)ccc45)c3C[C@H]2CN1C(=O)c1ccccc1,1,8891
3247224.0,COC(=O)[C@@]1(Cc2ccc(OC)cc2)[C@H]2c3cc(C(=O)N4CCCC4)n(C[C@H](O)CO)c3C[C@H]2CN1C(=O)c1ccccc1,1,8894
3247102.0,COC(=O)[C@@]1(Cc2ccc(OC)cc2)[C@H]2c3cc(C(=O)N4CCCC4)n(CCN4CCOCC4)c3C[C@H]2CN1C(=O)c1ccccc1,1,8895
3247203.0,COC(=O)Cn1c(C(=O)N2CCCC2)cc2c1C[C@H]1CN(C(=O)c3ccccc3)[C@@](Cc3ccccc3)(C(=O)OC)[C@@H]21,1,8897
3247210.0,COC(=O)[C@@]1(Cc2ccc(OC)cc2)[C@H]2c3cc(C(=O)N(C)C)[nH]c3C[C@H]2CN1C(=O)c1ccccc1,1,8898
3247101.0,COC(=O)[C@@]1(Cc2ccc(OC)cc2)[C@H]2c3cc(C(=O)N4CCCC4)n(CCc4c[nH]c5ccc(O)cc45)c3C[C@H]2CN1C(=O)c1ccccc1,1,8899
3247225.0,COC(=O)[C@@]1(Cc2ccc(OC)cc2)[C@H]2c3cc(C(=O)N4CCCC4)n(Cc4c(CO)[nH]cc(C)c4=O)c3C[C@H]2CN1C(=O)c1ccccc1,1,8900
3247195.0,COC(=O)[C@@]1(Cc2ccccc2)[C@H]2c3cc(C(=O)N4CCCC4)n(CCO)c3C[C@H]2CN1C(=O)c1ccccc1,1,8901
3247232.0,COCCn1c(C(=O)N2CCCC2)cc2c1C[C@H]1CN(C(=O)c3ccccc3)[C@@](Cc3ccc(OC)cc3)(C(=O)OC)[C@@H]21,1,8902
3247230.0,C=C1C(=O)C=C2CN(C(=O)c3ccccc3)[C@@](Cc3ccc(F)cc3)(C(=O)OC)[C@@H]12,1,8904
3247078.0,COC(=O)[C@@]1(Cc2ccc(OC)cc2)[C@H]2c3cc(C(=O)N4CCCC4)n(Cc4ccc(C)o4)c3C[C@H]2CN1C(=O)c1ccccc1,1,8906
3247115.0,COC(=O)[C@@]1(Cc2ccc(OC)cc2)[C@H]2c3cc(C(=O)N(C)C)n(Cc4nc5ccccc5[nH]4)c3C[C@H]2CN1C(=O)c1ccccc1,1,8907
3247087.0,COC(=O)[C@@]1(Cc2ccccc2)[C@H]2c3cc(C(=O)N(C)C)n(Cc4cc(F)c(F)c(F)c4)c3C[C@H]2CN1C(=O)c1ccccc1,1,8909
3247116.0,COC(=O)[C@@]1(Cc2ccc(OC)cc2)[C@H]2c3cc(C(=O)N(C)C)n(Cc4ccc(O)c(OC)c4)c3C[C@H]2CN1C(=O)c1ccccc1,1,8910
3247172.0,COC(=O)[C@@]1(Cc2ccc(F)cc2)[C@H]2c3cc(C(=O)N(C)C)n(Cc4cc(F)c(F)c(F)c4)c3C[C@H]2CN1C(=O)c1ccccc1,0,8912
3247088.0,COC(=O)[C@@]1(Cc2ccc(OC)cc2)[C@H]2c3cc(C(=O)N(C)C)n(Cc4cc(F)c(F)c(F)c4)c3C[C@H]2CN1C(=O)c1ccccc1,1,8913
3247117.0,COC(=O)[C@@]1(Cc2ccc(F)cc2)[C@H]2c3cc(C(=O)N4CCCC4)n(CCCNc4ncc(C(F)(F)F)cc4Cl)c3C[C@H]2CN1C(=O)c1ccccc1,1,8914
3247125.0,COC(=O)[C@@]1(Cc2ccc(F)cc2)[C@H]2c3cc(C(=O)N4CCCC4)n(CCc4c[nH]c5ccccc45)c3C[C@H]2CN1C(=O)c1ccccc1,1,8915
3247158.0,COC(=O)[C@@]1(Cc2ccc(F)cc2)[C@@H]2C(=CC(=O)[C@H]2CC(=O)C(=O)N(C)C)CN1C(=O)c1ccccc1,1,8917
3247173.0,COC(=O)[C@@]1(Cc2ccc(F)cc2)[C@H]2c3cc(C(=O)N(C)C)n(CCc4c[nH]c5ccc(OC)cc45)c3C[C@H]2CN1C(=O)c1ccccc1,1,8919
5771777.0,COC(=O)C1(Cc2ccccc2)C2c3cc(C(=O)N4CCCC4)n(Cc4ccc(OC(F)(F)F)cc4)c3CC2CN1C(=O)c1ccccc1,1,8920
3247090.0,COC(=O)[C@@]1(Cc2ccc(OC)cc2)[C@H]2c3cc(C(=O)N4CCCC4)n(Cc4cc(F)c(F)c(F)c4)c3C[C@H]2CN1C(=O)c1ccccc1,1,8921
3247110.0,COC(=O)[C@@]1(Cc2ccc(OC)cc2)[C@H]2c3cc(C(=O)N(C)C)n(Cc4ccc(Cl)c(C(F)(F)F)c4)c3C[C@H]2CN1C(=O)c1ccccc1,1,8922
3247118.0,COC(=O)[C@@]1(Cc2ccc(F)cc2)[C@H]2c3cc(C(=O)N4CCCC4)n(Cc4ccc(Cl)c(C(F)(F)F)c4)c3C[C@H]2CN1C(=O)c1ccccc1,1,8923
3247126.0,COC(=O)[C@@]1(Cc2ccc(F)cc2)[C@H]2c3cc(C(=O)N(C)C)n(CCCNc4ccc(C(F)(F)F)cc4Cl)c3C[C@H]2CN1C(=O)c1ccccc1,1,8924
3247135.0,COC(=O)[C@@]1(Cc2ccc(OC)cc2)[C@H]2[C@H](CC(=O)C(=O)N(C)C)C(=O)C[C@H]2CN1C(=O)c1ccccc1,1,8925
3247159.0,COC(=O)[C@@]1(Cc2ccc(OC)cc2)[C@H]2c3cc(C(=O)N(C)C)n(C[C@H](O)CO)c3C[C@H]2CN1C(=O)c1ccccc1,1,8926
3247174.0,COC(=O)[C@@]1(Cc2ccc(F)cc2)[C@H]2c3cc(C(=O)N(C)C)n(Cc4ccsc4Br)c3C[C@H]2CN1C(=O)c1ccccc1,1,8928
3247082.0,COC(=O)[C@@]1(Cc2ccccc2)[C@H]2c3cc(C(=O)N4CCCC4)n(Cc4cccc5ccccc45)c3C[C@H]2CN1C(=O)c1ccccc1,1,8929
3247092.0,COC(=O)[C@@]1(Cc2ccc(OC)cc2)[C@H]2c3cc(C(=O)N4CCCC4)n(CCc4c[nH]c5ccc(OC)cc45)c3C[C@H]2CN1C(=O)c1ccccc1,1,8930
3247111.0,COC(=O)[C@@]1(Cc2ccc(OC)cc2)[C@H]2c3cc(C(=O)N(C)C)n(CCc4ccc(OC)c(Br)c4)c3C[C@H]2CN1C(=O)c1ccccc1,1,8931
3247127.0,COC(=O)[C@@]1(Cc2ccc(F)cc2)[C@H]2c3cc(C(=O)N(C)C)n(CCc4ccc(OC)c(Br)c4)c3C[C@H]2CN1C(=O)c1ccccc1,1,8933
3247136.0,COC(=O)[C@@]1(Cc2ccc(OC)cc2)[C@H]2c3cc(C(=O)N4CCCC4)n(Cc4cc(F)cc5c4OCOC5)c3C[C@H]2CN1C(=O)c1ccccc1,1,8934
3247151.0,COC(=O)[C@@]1(Cc2ccccc2)[C@H]2c3cc(C(=O)N(C)C)n(Cc4ccccc4)c3C[C@H]2CN1C(=O)c1ccccc1,1,8935
3247167.0,COC(=O)[C@@]1(Cc2ccc(F)cc2)[C@H]2[C@H](CC(=O)C(=O)N(C)C)C(=O)C[C@H]2CN1C(=O)c1ccccc1,1,8936
3247175.0,COC(=O)[C@@]1(Cc2ccc(F)cc2)[C@H]2c3cc(C(=O)N(C)C)n(Cc4ccc(Cl)c(C(F)(F)F)c4)c3C[C@H]2CN1C(=O)c1ccccc1,1,8937
3247083.0,COC(=O)[C@@]1(Cc2ccccc2)[C@H]2c3cc(C(=O)N(C)C)n(Cc4ccsc4Br)c3C[C@H]2CN1C(=O)c1ccccc1,1,8938
3247093.0,COC(=O)[C@@]1(Cc2ccc(OC)cc2)[C@H]2c3cc(C(=O)N4CCCC4)n(Cc4ccsc4Br)c3C[C@H]2CN1C(=O)c1ccccc1,1,8939
3247112.0,COC(=O)[C@@]1(Cc2ccc(OC)cc2)[C@H]2c3cc(C(=O)N(C)C)n(Cc4cccc5ccccc45)c3C[C@H]2CN1C(=O)c1ccccc1,1,8940
3247120.0,COC(=O)[C@@]1(Cc2ccc(F)cc2)[C@H]2c3cc(C(=O)N4CCCC4)n(Cc4cccc5ccccc45)c3C[C@H]2CN1C(=O)c1ccccc1,1,8941
3247128.0,COC(=O)[C@@]1(Cc2ccc(F)cc2)[C@H]2c3cc(C(=O)N(C)C)n(Cc4cccc5ccccc45)c3C[C@H]2CN1C(=O)c1ccccc1,1,8942
3247138.0,COC(=O)[C@@]1(Cc2ccc(OC)cc2)[C@H]2c3cc(C(=O)N4CCCC4)n(Cc4ccc(C(F)(F)F)nc4)c3C[C@H]2CN1C(=O)c1ccccc1,1,8943
3247152.0,COC(=O)[C@@]1(Cc2ccccc2)[C@H]2c3cc(C(=O)N(C)C)n(Cc4ccc(OC)c(OC)c4)c3C[C@H]2CN1C(=O)c1ccccc1,1,8944
3247161.0,COC(=O)Cn1c(C(=O)N(C)C)cc2c1C[C@H]1CN(C(=O)c3ccccc3)[C@@](Cc3ccc(OC)cc3)(C(=O)OC)[C@@H]21,1,8945
3247176.0,COC(=O)[C@@]1(Cc2ccc(F)cc2)[C@H]2c3cc(C(=O)N(C)C)n(Cc4ccc(C(F)(F)F)nc4)c3C[C@H]2CN1C(=O)c1ccccc1,1,8947
3247099.0,COC(=O)[C@@]1(Cc2ccc(OC)cc2)[C@H]2c3cc(C(=O)N4CCCC4)n(CCc4ccc(O)c(OC)c4)c3C[C@H]2CN1C(=O)c1ccccc1,1,8948
3247113.0,COC(=O)[C@@]1(Cc2ccc(OC)cc2)[C@H]2c3cc(C(=O)N(C)C)n(Cc4ccc(OC(F)(F)F)cc4)c3C[C@H]2CN1C(=O)c1ccccc1,1,8949
3247121.0,COC(=O)[C@@]1(Cc2ccc(F)cc2)[C@H]2c3cc(C(=O)N4CCCC4)n(Cc4ccc(OC(F)(F)F)cc4)c3C[C@H]2CN1C(=O)c1ccccc1,1,8950
3247129.0,COC(=O)[C@@]1(Cc2ccc(F)cc2)[C@H]2c3cc(C(=O)N(C)C)n(Cc4ccc(OC(F)(F)F)cc4)c3C[C@H]2CN1C(=O)c1ccccc1,0,8951
3247154.0,COC(=O)[C@@]1(Cc2ccccc2)[C@H]2[C@H](CC(=O)C(=O)N(C)C)C(=O)C[C@H]2CN1C(=O)c1ccccc1,1,8953
3247162.0,COC(=O)[C@@]1(Cc2ccc(OC)cc2)[C@H]2c3cc(C(=O)N(C)C)n(CCSCCO)c3C[C@H]2CN1C(=O)c1ccccc1,1,8954
3247169.0,COC(=O)[C@@]1(Cc2ccc(F)cc2)[C@H]2c3cc(C(=O)N(C)C)n(Cc4ccc(OC)c(OC)c4)c3C[C@H]2CN1C(=O)c1ccccc1,1,8955
3247085.0,COC(=O)[C@@]1(Cc2ccc(OC)cc2)[C@H]2c3cc(C(=O)N(C)C)n(Cc4ccsc4Br)c3C[C@H]2CN1C(=O)c1ccccc1,1,8957
3247100.0,COC(=O)[C@@]1(Cc2ccc(OC)cc2)[C@H]2c3cc(C(=O)N4CCCC4)n(CCc4ccc(OC)c(Br)c4)c3C[C@H]2CN1C(=O)c1ccccc1,1,8958
3247114.0,COC(=O)[C@@]1(Cc2ccc(OC)cc2)[C@H]2c3cc(C(=O)N(C)C)n(Cc4ccc(C(F)(F)F)nc4)c3C[C@H]2CN1C(=O)c1ccccc1,1,8959
3247122.0,COC(=O)[C@@]1(Cc2ccc(F)cc2)[C@H]2c3cc(C(=O)N4CCCC4)n(Cc4ccc(C)c(F)c4F)c3C[C@H]2CN1C(=O)c1ccccc1,1,8960
3247130.0,COC(=O)[C@@]1(Cc2ccc(F)cc2)[C@H]2c3cc(C(=O)N(C)C)n(Cc4ccc(C)c(F)c4F)c3C[C@H]2CN1C(=O)c1ccccc1,1,8961
3247143.0,COC(=O)[C@@]1(Cc2ccccc2)[C@@H]2C(=CC(=O)[C@H]2CC(=O)C(=O)N(C)C)CN1C(=O)c1ccccc1,1,8962
3247155.0,COC(=O)[C@@]1(Cc2ccc(OC)cc2)[C@H]2[C@H](CC(=O)C(=O)N3CCCC3)C(=O)C[C@H]2CN1C(=O)c1ccccc1,1,8963
3247180.0,COC(=O)[C@@]1(Cc2ccc(F)cc2)[C@H]2c3cc(C(=O)N(C)C)n(CC4CC4)c3C[C@H]2CN1C(=O)c1ccccc1,1,8964
3247217.0,COC(=O)[C@@]1(Cc2ccccc2)[C@H]2c3cc(C(=O)N(C)C)n(Cc4ccc(S(C)(=O)=O)cc4)c3C[C@H]2CN1C(=O)c1ccccc1,1,8967
3247241.0,COC(=O)[C@@]1(Cc2ccc(F)cc2)[C@H]2c3cc(C(=O)N4CCCC4)n(CCN4CNCC4=O)c3C[C@H]2CN1C(=O)c1ccccc1,1,8968
3247256.0,COC(=O)[C@@]1(Cc2ccc(F)cc2)[C@H]2c3cc(C(=O)N(C)C)n(Cc4c(CO)[nH]cc(C)c4=O)c3C[C@H]2CN1C(=O)c1ccccc1,1,8970
3247182.0,COC(=O)[C@@]1(Cc2ccc(F)cc2)[C@H]2c3cc(C(=O)N(C)C)n(CCc4ccccn4)c3C[C@H]2CN1C(=O)c1ccccc1,1,8971
3247218.0,COC(=O)[C@@]1(Cc2ccccc2)[C@H]2c3cc(C(=O)N(C)C)n(Cc4c(CO)[nH]cc(C)c4=O)c3C[C@H]2CN1C(=O)c1ccccc1,1,8972
3247242.0,COCCn1c(C(=O)N2CCCC2)cc2c1C[C@H]1CN(C(=O)c3ccccc3)[C@@](Cc3ccc(F)cc3)(C(=O)OC)[C@@H]21,1,8973
3247183.0,COC(=O)[C@@]1(Cc2ccc(F)cc2)[C@H]2c3cc(C(=O)N(C)C)n(CCN4CCOCC4)c3C[C@H]2CN1C(=O)c1ccccc1,1,8975
3247243.0,COC(=O)[C@@]1(Cc2ccc(F)cc2)[C@H]2c3cc(C(=O)N4CCCC4)n(Cc4cc(F)cc5c4OCOC5)c3C[C@H]2CN1C(=O)c1ccccc1,1,8976
3247251.0,COC(=O)[C@@]1(Cc2ccc(F)cc2)[C@H]2c3cc(C(=O)N4CCCC4)n(Cc4c(CO)[nH]cc(C)c4=O)c3C[C@H]2CN1C(=O)c1ccccc1,1,8977
3247258.0,COC(=O)Cn1c(C(=O)N(C)C)cc2c1C[C@H]1CN(C(=O)c3ccccc3)[C@@](Cc3ccc(F)cc3)(C(=O)OC)[C@@H]21,1,8978
3247209.0,COC(=O)[C@@]1(Cc2ccccc2)[C@H]2c3cc(C(=O)N(C)C)n(CCN4CNCC4=O)c3C[C@H]2CN1C(=O)c1ccccc1,1,8979
3247184.0,COC(=O)[C@@]1(Cc2ccc(F)cc2)[C@H]2c3cc(C(=O)N(C)C)n(Cc4ccccn4)c3C[C@H]2CN1C(=O)c1ccccc1,1,8980
3247221.0,COC(=O)[C@@]1(Cc2ccccc2)[C@H]2c3cc(C(=O)N(C)C)n(CCSCCO)c3C[C@H]2CN1C(=O)c1ccccc1,1,8981
3247244.0,COC(=O)[C@@]1(Cc2ccc(F)cc2)[C@H]2c3cc(C(=O)N4CCCC4)n(Cc4ccc(C(F)(F)F)nc4)c3C[C@H]2CN1C(=O)c1ccccc1,1,8982
3247223.0,COC(=O)[C@@]1(Cc2ccccc2)[C@H]2c3cc(C(=O)N(C)C)n(C[C@H](O)CO)c3C[C@H]2CN1C(=O)c1ccccc1,1,8984
3247245.0,COC(=O)[C@@]1(Cc2ccc(F)cc2)[C@H]2c3cc(C(=O)N4CCCC4)n(Cc4ccc(C)o4)c3C[C@H]2CN1C(=O)c1ccccc1,1,8985
3247261.0,COC(=O)[C@@]1(Cc2ccc(F)cc2)[C@H]2c3cc(C(=O)N(C)C)n(Cc4ccc(S(C)(=O)=O)cc4)c3C[C@H]2CN1C(=O)c1ccccc1,1,8988
3247208.0,COC(=O)[C@@]1(Cc2ccc(OC)cc2)[C@H]2c3cc(C(=O)N(C)C)n(CCN4CNCC4=O)c3C[C@H]2CN1C(=O)c1ccccc1,1,8990
3247238.0,COC(=O)[C@@]1(Cc2ccc(F)cc2)[C@H]2c3cc(C(=O)N4CCCC4)n(CCF)c3C[C@H]2CN1C(=O)c1ccccc1,1,8991
3247254.0,COC(=O)[C@@]1(Cc2ccc(F)cc2)[C@H]2c3cc(C(=O)N(C)C)[nH]c3C[C@H]2CN1C(=O)c1ccccc1,1,8993
3247262.0,COCCn1c(C(=O)N(C)C)cc2c1C[C@H]1CN(C(=O)c3ccccc3)[C@@](Cc3ccc(F)cc3)(C(=O)OC)[C@@H]21,1,8994
3247214.0,COC(=O)[C@@]1(Cc2ccc(OC)cc2)[C@H]2c3cc(C(=O)N(C)C)n(Cc4ccc(S(C)(=O)=O)cc4)c3C[C@H]2CN1C(=O)c1ccccc1,1,8995
3247240.0,COC(=O)[C@@]1(Cc2ccc(F)cc2)[C@H]2c3cc(C(=O)N4CCCC4)n(CCc4ccc(O)c(O)c4)c3C[C@H]2CN1C(=O)c1ccccc1,1,8996
3247255.0,COC(=O)[C@@]1(Cc2ccc(F)cc2)[C@H]2c3cc(C(=O)N(C)C)n(CCO)c3C[C@H]2CN1C(=O)c1ccccc1,1,8998
3247263.0,COC(=O)[C@@]1(Cc2ccc(F)cc2)[C@H]2c3cc(C(=O)N(C)C)n(CCF)c3C[C@H]2CN1C(=O)c1ccccc1,1,8999
5459495.0,COC(=O)C1(C)C=C2C(=C(C)C(=O)C2C)CN1,0,9000
5459501.0,COC(=O)C1(Cc2ccccc2)C=C2C(=C(C(C)C)C(=O)C2C)CN1,1,9001
5459457.0,CCCc1cc2c(n1CCc1ccc(Cl)cc1)C(C)C1CN(C(=O)c3ccccc3)C(C)(C(=O)OC)C21,1,9002
5459446.0,COc1ccc(COC2OC[C@]3(C)[C@H]4C5=C(CN3C(=O)OC(C)(C)C)[C@H](C)C(CO)C(CO)C5CC[C@@H]24)cc1,1,9003
5459454.0,COCC1C2CC[C@H]3C(OCc4ccc(F)cc4C(F)(F)F)OC[C@]4(C)[C@H]3C2=C(CN4C(=O)OC(C)(C)C)[C@H](C)C1COC,1,9004
5459496.0,COC(=O)C1(C)C=C2C(=C(c3ccccc3)C(=O)C2C)CN1,1,9005
5459504.0,COC(=O)C1(Cc2ccccc2)C=C2C(=C(c3ccccc3)C(=O)C2C)CN1,1,9006
5459458.0,CCCc1cc2c(n1Cc1ccco1)C(C)C1CN(C(=O)c3ccccc3)C(C)(C(=O)OC)C21,1,9007
5459447.0,C[C@H]1C2=C3C(CC[C@H]4C(OCc5ccc(F)cc5C(F)(F)F)OC[C@](C)([C@@H]34)N(C(=O)OC(C)(C)C)C2)C(CO)C1CO,1,9008
5459512.0,CC1(C)C(=O)C(c2ccccc2)=C2CN3C(=O)N(CCc4ccccc4)C(=O)C3(Cc3ccc(F)cc3)C=C21,1,9009
5459499.0,CCCCCC1=C2CNC(C)(C(=O)OC)C=C2C(C)C1=O,1,9010
5459497.0,CCCCCC1=C2CNC(Cc3ccccc3)(C(=O)OC)C=C2C(C)C1=O,1,9011
5459459.0,CCCc1cc2c(n1Cc1ccc(OC)cc1)C(C)C1CN(C(=O)c3ccccc3)C(C)(C(=O)OC)C21,1,9012
5459448.0,CC(=O)OCC1C2CC[C@H]3C(OCc4ccc(F)cc4C(F)(F)F)OC[C@]4(C)[C@H]3C2=C(CN4C(=O)OC(C)(C)C)[C@H](C)C1COC(C)=O,1,9013
5461618.0,CC1=C(C(=O)OCc2ccccc2)C(c2ccccc2)NC(=O)N1CCCCCC(=O)O,0,9014
5459508.0,COC(=O)C1(CC(C)C)C=C2C(=C(C)C(=O)C2C)CN1,0,9015
5459460.0,CCCc1cc2c(n1CCO)C(C)C1CN(C(=O)c3ccccc3)C(C)(C(=O)OC)C21,1,9016
5459449.0,C[C@H]1C2=C3C(CC[C@H]4C(OCc5ccc(F)cc5C(F)(F)F)OC[C@](C)([C@@H]34)N(C(=O)OC(C)(C)C)C2)C2COC(=O)OCC21,1,9017
5459461.0,CCCc1cc2c(n1Cc1cccc(Cl)c1)C(C)C1CN(C(=O)c3ccccc3)C(C)(C(=O)OC)C21,1,9019
5459462.0,CCCc1cc2c(n1Cc1cc(F)cc(F)c1)C(C)C1CN(C(=O)c3ccccc3)C(C)(C(=O)OC)C21,1,9020
5459451.0,CC[C@H]1C2=C3C(CC[C@H]4C(OCc5ccc(F)cc5C(F)(F)F)OC[C@](C)([C@@H]34)N(C(=O)OC(C)(C)C)C2)C2COC(=O)OCC21,1,9021
5459514.0,CC(C)=C1C(=O)C(c2ccccc2)=C2CN3C(=O)N(CCc4ccccc4)C(=O)[C@]3(C)[C@H]21,1,9022
5459453.0,COCC1C2CC[C@H]3C(OCc4ccc(OC)cc4)OC[C@]4(C)[C@H]3C2=C(CN4C(=O)OC(C)(C)C)[C@H](C)C1COC,1,9025
5459515.0,CC1(C)C(=O)C(c2ccccc2)=C2CN3C(=O)N(CCc4ccccc4)C(=O)C3(Cc3ccccc3)C=C21,1,9026
852078.0,O=S(=O)(c1ccccc1)n1ccc2cccnc21,0,9027
3590295.0,Cc1cc(Cl)ccc1OC(C)C(=O)Nc1ccc(S(=O)(=O)Nc2cnc3ccccc3n2)cc1,0,9028
833939.0,CCC(=O)NC(=S)Nc1ccc(S(=O)(=O)NC(C)=O)cc1,0,9029
1211169.0,Cc1ccc(NC(=O)CCc2ccc(S(=O)(=O)NC3CCCCC3)cc2)cc1,1,9030
1729040.0,N#Cc1ccccc1CN1C(=O)S/C(=C/c2cccn2-c2cccc(C(=O)O)c2)C1=O,0,9032
9601309.0,Cc1ccc(/S(C)=N/S(=O)(=O)c2ccc(C)cc2)cc1,0,9033
1214441.0,CNS(=O)(=O)c1cnccc1N1CCN(c2ccc(Cl)c(C(F)(F)F)c2)CC1,1,9035
11948742.0,CC(C)CNCC(=O)N1c2ccccc2Sc2ccccc21.O=C(O)C(=O)O,1,9036
2526911.0,C=CC(=O)NC(NC(=O)C=C)c1ccc(Br)cc1,0,9038
1015221.0,Cc1ccccc1OCC(=O)NC(=S)Nc1ccc(S(=O)(=O)NC2CCCCC2)cc1,0,9039
135472957.0,Oc1ccc(/C=N/NC(=S)NCc2ccco2)cc1,0,9040
1751796.0,CCOc1cc(/C=C2\CCC/C(=C\c3cc(Cl)c(O)c(OCC)c3)C2=O)cc(Cl)c1O,0,9041
827122.0,Nc1ccc(Sc2ccccc2CC(=O)O)cc1,0,9042
11948751.0,CC(O)CN(CCC(N)=O)CCC(N)=O.O=C(O)C(=O)O,0,9044
2887241.0,CCOC(=O)c1c(-c2ccc(C)cc2)csc1NC(=O)C1CC=CCC1C(=O)O,0,9046
1815035.0,Cc1ccc(S(=O)(=O)N(CC(=O)NCCC2=CCCCC2)Cc2ccccc2F)cc1,0,9048
1202882.0,Cc1ccc(C(=O)O)cc1N1C(=O)c2cccc3cc(Br)cc(c23)C1=O,0,9049
315800.0,O=C(O)c1ccccc1C(=O)Nc1nccs1,0,9050
1008732.0,COC(=O)c1sccc1NC(=O)c1cc(-c2ccc(C)cc2)nc2ccccc12,0,9053
1763075.0,Cc1nn(Cc2c(Cl)cccc2Cl)c(C)c1NC(=O)c1cn(-c2ccccc2)nc1-c1ccccc1,0,9054
4180801.0,COc1ccccc1OC(C)c1nnc(SCC(=O)Nc2c(C)n(C)n(-c3ccccc3)c2=O)n1-c1ccccc1,1,9056
9617751.0,C/C(=N\NC(=O)c1ccc(Cl)cc1)c1cccc(NC(=O)C(C)C)c1,1,9057
823976.0,Cc1cccc(NC(=O)c2ccc([N+](=O)[O-])o2)n1,0,9058
11948842.0,Cl.Fc1ccccc1CCNCc1cccc(Cl)c1Cl,1,9059
6877242.0,Cc1ccc(/C=N/NC(=O)CSc2nc3nc(C)cc(C)n3n2)cc1,1,9060
4265554.0,Cc1ccc(OCC(=O)NNC(=O)CCC(=O)NCc2ccccc2)cc1,0,9061
751651.0,CCOc1ccccc1N1CN(CC)CNC1=S,0,9064
5863458.0,CCOc1ccc(/C=C2\C(=O)c3ccccc3OC2c2ccccc2)cc1,0,9065
1227112.0,Cc1nc2sccn2c(=O)c1Cl,0,9066
135490301.0,Cc1ccc(N=Nc2c(N)n(-c3ccccc3)[nH]c2=O)cc1,1,9067
1234296.0,CCOc1nnc(C)c2c(C)n(-c3ccc(Cl)cc3)nc12,0,9068
4171200.0,CC(=O)C(N=Nc1ccccc1)(Sc1nnc(-c2ccccc2)n1-c1ccccc1)C(=O)Nc1ccccc1,0,9069
990669.0,CCOC(=O)Cn1nnc2c(sc3nc4c(c(-c5ccc(Cl)cc5)c32)CCC4)c1=O,0,9070
2812440.0,Cc1ccc(-n2nnnc2-c2cnc3ccc(Cl)cc3c2-c2ccccc2)cc1,1,9071
6151198.0,CCC(C)N1C(=O)S/C(=C/c2ccc(Sc3nc4ccccc4[nH]3)o2)C1=O,1,9072
1022013.0,C=CCn1c(CSCc2ccccc2)nnc1SCC(=O)NCc1ccccc1,1,9073
1202781.0,CC(=O)Nc1c(NC(C)C)c2ccccc2oc1=O,0,9074
682785.0,CC(C)(C)N(NC(=O)Nc1ccccc1)C(=O)c1ccccc1Cl,1,9076
6293650.0,COc1ccc(-n2nnnc2/C=C\Nc2ccccc2C(=O)c2ccccc2)cc1,0,9078
9659975.0,CCC(CC)C(=O)Nc1cccc(/C(C)=N/NC(=O)c2c(Br)cnn2C)c1,1,9079
5098462.0,COC(=O)C(NNc1ccccc1)(NC(=O)c1ccccc1F)C(F)(F)F,1,9080
1217392.0,Cc1ccc(C(=O)COC(=O)c2ccc3c(c2)C(=O)N(c2cccc4ncccc24)C3=O)cc1C,1,9081
9647580.0,N#Cc1ccccc1/C=N/Nc1nc(-c2ccccc2)c2cc(Cl)ccc2n1,1,9082
4609480.0,CCOC(=O)COc1c(OC)cc(Cl)cc1C1Nc2ccccc2C(=O)N1c1ccc(F)cc1,0,9083
535193.0,C=CCSc1nn2c(=O)c3ccccc3nc2s1,1,9084
9522373.0,COc1cc(-c2cc(-c3ccccc3)nc(SCC(=O)Nc3nccs3)c2C#N)cc(OC)c1OC,1,9086
844509.0,N#C/C(=C\c1cn[nH]c1-c1ccccc1)C(=O)NC1CCCCCC1,1,9088
3375882.0,COc1cc(Br)c(C(C)NC(=O)c2cccc(Br)c2)cc1OC,1,9089
851432.0,COc1cccc(-c2noc(Cn3nc(C)c([N+](=O)[O-])c3C)n2)c1,1,9090
9600475.0,COc1ccc(/C=N/NC(=O)CCCC(=O)NC2CCCCC2)cc1,1,9091
9630266.0,CC(=O)N(/N=C/c1cccc(C)c1)c1nc(-c2ccc(Br)cc2)cs1,0,9093
823291.0,CCn1nc(C(=O)Nc2ccccc2C)c(Cl)c1Cl,0,9094
851435.0,Cc1cccc(-c2noc(-c3cc4ccccc4oc3=O)n2)c1,1,9095
1792359.0,Cc1ccc(/C=C/C(=O)NC(=S)Nc2ccccc2C(=O)NC2CCCCC2)cc1,1,9096
1791579.0,COc1ccc(C(=O)NC(=S)NC(C)C)cc1Br,0,9097
1791961.0,C=CCN(CC=C)C(=S)NC(=O)c1ccc(OC)c(Br)c1,1,9098
1791452.0,Cc1cccc(C(=O)NC(=S)N2CCN(C)CC2)c1,0,9099
5052067.0,CC(=O)Nc1cccc(C(=O)OC(C(=O)c2ccc(C)c(C)c2)c2ccccc2)c1,0,9102
4456916.0,O=C1c2ccccc2CCCC12N=NCC2c1cccc2ccccc12,1,9103
848635.0,CCc1cc2c(Sc3nc4ccccc4s3)ncnc2s1,0,9104
6877241.0,Cc1cc(C)n2nc(SCC(=O)N/N=C/c3ccccc3F)nc2n1,0,9105
9732343.0,Cc1cccc2c1OCC/C2=N\NC(=O)COc1ccccc1Cl,0,9107
3357995.0,CC1(C)Oc2cc(N)c([N+](=O)[O-])cc2O1,0,9109
521259.0,Brc1ccc2cccnc2c1,0,9110
1012499.0,Cc1cccc(NC(=O)NNC(=O)c2cc(-c3ccccc3Cl)nc3ccccc23)c1,1,9112
1747861.0,O=C(NCc1cn(-c2ccccc2)nc1-c1ccccc1)c1cc([N+](=O)[O-])cc([N+](=O)[O-])c1,1,9113
1747288.0,CCc1ccc(/C=C\C(=O)N2CCc3ccccc3C2)cc1,0,9114
1008286.0,O=C(Nc1cc(Sc2ccccn2)cc([N+](=O)[O-])c1)c1ccc(Cl)cc1,1,9115
6873168.0,CCN(CC)c1ccc(/C=N/NC(=S)NCc2ccccc2)cc1,1,9116
6876234.0,O=C(N/N=C/C=C/c1ccccc1)c1cc2c(ccc3ccccc32)o1,0,9118
979678.0,CCOc1cc(CNc2ccc3c(c2)OCCO3)cc(Br)c1OCC,0,9119
1818175.0,CCCSc1nnc(CSc2nc3nc(C)cc(C)n3n2)o1,0,9120
1211604.0,COC(=O)c1ccccc1OCC(=O)N1CCN(c2ccc(Cl)cc2)CC1,1,9121
7230574.0,COC(=O)c1ccccc1OCC(=O)N1CCN(c2ccc(OC)cc2)CC1,0,9122
11842381.0,O=C1C(Cc2ccccc2)C(c2ccccc2)N1c1ccccc1,0,9123
4047369.0,CCOC(=O)C1=NNC2(c3ccc(Cl)cc3)C(=O)N(c3cc(C)cc(C)c3)C(=O)C12,1,9124
5054259.0,CCN(CC)C(=O)CSc1nc2ccc(NC(=O)CSc3nnc(COc4ccccc4C)n3C)cc2s1,0,9125
1012266.0,COC(=O)c1c(NC(=O)Cn2cc([N+](=O)[O-])cn2)sc2c1CCC2,1,9127
1020611.0,COc1cc(OC)nc(Oc2ccccc2C(=O)Oc2ccc(Cl)cc2)n1,0,9128
6876393.0,CCOc1ccccc1/C=N/NC(=O)Cc1csc(Nc2cccc(C(F)(F)F)c2)n1,1,9129
6876402.0,COc1ccc(/C=N/NC(=O)Cc2csc(Nc3cccc(C(F)(F)F)c3)n2)c(OC)c1,1,9130
6002491.0,CCC(CC)C(=O)Nc1cccc(/C(C)=N\NC(=O)c2ccc(C)s2)c1,1,9132
826946.0,CCNC(=O)c1ccc(-n2nc(C)cc2-c2ccccc2)cc1,0,9133
4694793.0,O=C(Oc1ccccc1N1C(=O)C2CCCCC2C1=O)c1ccccc1,0,9134
9644066.0,CC(C/C=N/NC(=O)COc1cc(Cl)ccc1Cl)c1ccccc1,1,9135
9614487.0,CC/C(=N/Nc1ccccc1)c1cnnc(SC)n1,1,9136
9558652.0,COC(=O)Cn1cc(/C=N/NC(=O)c2ccc(C#N)cc2F)c2ccccc21,0,9137
838630.0,Cc1sc(=NC(=O)c2ccco2)n(C)c1-c1ccc(F)cc1,0,9139
6873194.0,CS(=O)(=O)N(CC(=O)N/N=C/c1cccs1)c1cccc(Cl)c1Cl,1,9140
5431769.0,COc1ccc(S(=O)(=O)N/N=C(/C)c2cccc(NC(=O)c3ccccc3Cl)c2)cc1,1,9141
135490304.0,COc1cc(Br)cc(/C=N/NC(=O)C(C)n2cc([N+](=O)[O-])c(OC)n2)c1O,1,9142
135490305.0,COc1nn(C(C)C(=O)N/N=C/c2ccc(O)cc2)cc1[N+](=O)[O-],0,9143
9704230.0,C/C(=N\NC(=O)CSCc1ccc(Cl)cc1)c1ccc2c(c1)OCCO2,1,9144
9669892.0,COc1ccccc1CNC(=O)C/C(C)=N/NC(=O)Cc1ccccc1,1,9147
1765963.0,COc1ccc(Cl)cc1C(=O)NNC(=S)NC(=O)c1cc(-c2ccccc2)nc2ccccc12,0,9149
6859721.0,CCn1cc(C(=O)N/N=C(/C)c2ccc(F)cc2)c(=O)c2cc(F)c(N3CCCC3)cc21,0,9150
1220139.0,Cc1sc(NC(=O)/C=C/c2ccc(C(C)C)cc2)c(C#N)c1C,0,9151
998204.0,COc1ccc(C(=O)NN)cc1COc1ccc(Br)cc1,1,9152
4411497.0,Cc1ccc(C2CC2C(=O)NN)cc1,1,9153
1019735.0,Cc1c(Cl)c([N+](=O)[O-])nn1CC(=O)Nc1c(C)n(C)n(-c2ccccc2)c1=O,0,9155
980269.0,Cc1ccc(NC(=O)c2ccc(CSc3nnc(-c4ccncc4)n3C)cc2)cc1,0,9156
4285938.0,COc1ccc(C(=O)NC(C)c2cc(OC)c(OC)cc2Br)cc1,1,9157
3436226.0,O=C(Nc1cccc2ccccc12)c1nn(C23CC4CC(CC(C4)C2)C3)cc1Br,0,9159
4059032.0,CCC(=O)N1C2C3N(C(=O)CC)C1C1N(C(=O)CC)C(C(N1C(=O)CC)N3C(=O)CC)N2C(=O)CC,0,9160
1224027.0,COc1ccc(-c2oc3ccccc3c(=O)c2OC(=O)c2ccc(C)cc2)cc1,0,9161
9622500.0,COc1ccc(/C=N/N(C(C)=O)c2nc(-c3ccc(C)cc3)cs2)cc1,0,9162
11948868.0,CN(C)CCCOc1ccc(NC2c3ccccc3CSc3ccccc32)cc1.O=C(O)C(=O)O,0,9163
4048341.0,CC(=O)N1C2C3N(C(C)=O)C1C1N(C(C)=O)C(C(N1C(C)=O)N3C(C)=O)N2C(C)=O,0,9164
831972.0,Cc1cc(NC(=O)c2c([N+](=O)[O-])c(C)nn2C)no1,0,9165
11948869.0,CC(C)C1=Nc2cccc3cccc(c23)N1.Cl,1,9166
1746062.0,CC(C)(CNC(=O)c1ccc([N+](=O)[O-])c(Cl)c1)CNC(=O)c1ccc([N+](=O)[O-])c(Cl)c1,1,9169
1747236.0,CCCCNC(=O)NNC(=O)c1ccoc1C,0,9170
3473732.0,Cc1ccc(C2C(C=Nc3c(C)n(C)n(-c4ccccc4)c3=O)=C(c3ccccc3)Oc3ccccc32)cc1,0,9172
6872631.0,COc1cccc(/C=N/NC(=O)c2cccc([N+](=O)[O-])c2)c1OS(=O)(=O)c1ccc(C)cc1,1,9173
844618.0,Cc1cc(NC(=O)c2nn(C)c(C)c2[N+](=O)[O-])no1,0,9174
3459952.0,COc1cccc(OCC(=O)NN=C2c3ccccc3-c3ccccc32)c1,1,9175
4322113.0,CC(=O)Oc1ccc2ccccc2c1C(NC(=O)Cc1ccccc1)c1ccc(Cl)cc1,1,9176
3405198.0,Cc1ccc(C(=O)Nc2ccccc2Oc2ccccc2)cc1[N+](=O)[O-],0,9177
9663826.0,COc1nn(C(C)C(=O)N/N=C/c2cccc3ccccc23)cc1[N+](=O)[O-],1,9178
1231567.0,COC(=O)c1ccc(N=C2S/C(=C\c3cc(C)n(-c4cccnc4)c3C)C(=O)N2C)cc1,1,9179
6260861.0,C/C(=N/NS(=O)(=O)c1ccc(C)cc1)c1cccc(NC(=O)c2cccc(Cl)c2)c1,1,9180
5063856.0,CCC(C)Sc1nnc(CSc2nc3nc(C)cc(C)n3n2)o1,0,9181
4173677.0,Cc1ccccc1NC(=O)c1cccc(Cn2cc(Br)c([N+](=O)[O-])n2)c1,1,9182
1813019.0,CCCN1C(=O)/C(=C/c2ccc(C)o2)SC1=Nc1ccc(OC)cc1,1,9183
842941.0,Cc1cccc(NC(=S)NNC(=O)CCn2cc(C)cn2)c1,0,9185
9681776.0,Brc1cc2c(cc1/C=N/Nc1nc(N3CCCC3)nc(N3CCOCC3)n1)OCO2,1,9186
1815357.0,CCCCCCCCCCn1cc(C(C)=O)c(=O)[nH]c1=O,0,9187
4070961.0,Cc1nn(Cc2c(F)c(F)c(F)c(F)c2F)c(C)c1NC(=O)c1c(-c2ccccc2)nn(-c2ccccc2)c1C,1,9189
3414515.0,CC(C)c1ccc(-c2nn(-c3ccccc3)cc2C2C(C#N)=C(N)OC3=C2C(=O)CC(C)(C)C3)cc1,1,9190
6877168.0,O=c1c2cnn(-c3ccccc3)c2nnn1/N=C/c1cccnc1,0,9191
4658454.0,CCOc1ccc(N2C(=O)CC(Sc3nc(-c4cccs4)cc(C(F)(F)F)c3C#N)C2=O)cc1,0,9192
4105778.0,Cn1nnnc1SCC(=O)Nc1ccccc1[N+](=O)[O-],0,9194
998857.0,CCOC(=O)c1sc(C)c2c(=O)n(Cc3ccc(Cl)cc3)c(C)nc12,1,9196
1221192.0,CN1CCN(NC(=O)c2ccccc2F)CC1,0,9197
54691802.0,CC(=O)c1c(O)cc(=O)n(-c2ccccc2)c1-c1cccc2ccccc12,0,9199
54691801.0,CC(=O)c1c(O)cc(=O)n(-c2ccccc2)c1-c1ccc(C)cc1,0,9200
727424.0,CCC(=O)Nc1ccc(C(=O)NNC(=O)c2cccs2)cc1,0,9202
687010.0,Cc1ccccc1C(=O)NNC(=O)c1ccc(F)cc1,0,9203
9695436.0,C=C(C)[C@H]1CC=C(C)/C(=N/NC(=O)CNc2ccccc2OC)C1,1,9204
8209243.0,CCCCC1=NN2C(=N)CC(=O)N=C2S1,0,9205
4176854.0,CCOC(=O)c1c(C)nc2sc3c(c2c1-c1ccc(OC)cc1)NC(c1ccccc1)NC3=O,0,9206
4452166.0,Cc1ccc(C(=O)NN2CCOCC2)cc1,0,9207
1232167.0,Cc1ccsc1/C=C1/SC(=O)N(CC(=O)N2CCOCC2)C1=O,0,9208
1812009.0,CN=C1S/C(=C\c2ccc(Sc3ccc(Cl)cc3)o2)C(=O)N1C,0,9209
1014720.0,O=C(NCc1ccccc1)c1cccc(COc2cccc(Cl)c2)c1,0,9210
1766009.0,CCCOc1ccc(C(=O)NNC(=S)NC(=O)c2cc(-c3ccccc3)nc3ccccc23)cc1,1,9211
4287529.0,O=C(Cc1ccccc1)NC(Nc1cccc2ccccc12)C(Cl)(Cl)Cl,1,9212
5865129.0,Cc1ccc(/C=C/C(=O)N2CC(C)CC(C)C2)o1,0,9213
6874042.0,COc1ccc(/C=N/NC(=O)c2ccn[nH]2)cc1COc1ccc(F)cc1,0,9214
843984.0,CCc1ccccc1NC(=S)NCc1ccc2c(c1)OCO2,1,9215
833082.0,Cc1ccccc1C(=O)NNC(=O)c1ccoc1C,0,9216
833120.0,O=C(COc1ccc([N+](=O)[O-])cc1)NN=C1CCCC1,1,9217
9653017.0,C=C(C)C1CC=C(C)/C(=N/NC(=O)c2ccc(NC(=O)c3cccc(C)c3)cc2)C1,1,9218
1790679.0,CCC(=O)NC(=S)NNC(=O)c1ccc(OC)cc1,0,9220
838934.0,Nc1ccc(Sc2cnn(-c3ccccc3)c(=O)c2Cl)cc1,1,9221
11948876.0,COc1cc(CNCCc2ccccc2)ccc1OCC(=O)NC(C)(C)C.Cl,0,9222
11948877.0,C=CCOc1ccc(CNC(C)(C)CO)cc1OCC.Cl,0,9223
980259.0,Cc1ccc(NC(=O)c2ccc(CSc3nnc(C)s3)cc2)cc1,0,9224
5069358.0,CSc1nc(-c2ccccc2)nn1C(=O)c1ccccc1,0,9225
828565.0,COc1ccc(C(=O)n2nc(-c3ccccc3)nc2SC)cc1,0,9226
989888.0,C=CCn1c(SCC(=O)N2CCc3ccccc3C2)nc2ccccc2c1=O,1,9227
4966967.0,COc1ccc(NC(=O)CSc2ccc3c4c(cccc24)C(=O)c2ccccc2-3)cc1,1,9229
4523607.0,CCC1CCc2c(c3ccccc3[nH]c2=O)O1,0,9230
11948915.0,CCOC(=O)N1CCN(C(=O)CNCc2cccs2)CC1.O=C(O)C(=O)O,0,9231
2320855.0,O=C1OCC(CO)(CO)N=C1NNc1ccc(Cl)c(Cl)c1,1,9232
11837938.0,CC1=NN(c2ccc(F)cc2)C(=O)C1C(c1cccc(O)c1)c1c(C)[nH]n(-c2ccc(F)cc2)c1=O,0,9234
1214483.0,CC(C)NC(=O)N1CCN(c2ccncc2S(=O)(=O)N2CCOCC2)CC1,0,9235
6877641.0,O=S(=O)(c1cnccc1N1CCN(/N=C/c2ccccc2)CC1)N1CCCCC1,1,9236
1214446.0,CCOC(=O)c1cncc(C(=O)O)c1,0,9237
9666196.0,CCOc1ccc(N(C(C)C(=O)N/N=C(\C)c2cccc(NC(=O)c3ccccc3)c2)S(C)(=O)=O)cc1,0,9238
11957113.0,COc1cc(CNCc2ccccn2)ccc1OCc1ccc(Cl)cc1Cl.Cl,1,9240
4046658.0,COc1ccc(C2C(C#N)=C(N)N(Nc3ccccc3)C3=C2C(=O)CC(C)(C)C3)cc1C,1,9241
14743379.0,CS/C(N)=N/N=C/c1ccc([N+](=O)[O-])cc1.I,0,9242
220463.0,Clc1ccc(-c2cc3ccccc3[nH]2)cc1,0,9243
848413.0,CSc1ccccc1NC(=O)CSCc1ccc(C)cc1,0,9244
3663140.0,N#CC1=C(SCC(N)=O)NC2=C(C(=O)c3ccccc32)C1c1ccc(Cl)cc1,1,9245
1001112.0,COc1ccc(/C=C/C(=O)NCc2c(C)nn(C)c2C)cc1COc1ccc(Br)cc1,1,9246
832016.0,Cn1ncc([N+](=O)[O-])c1C(=O)Nc1ccc2c(c1)OCCO2,0,9249
4650172.0,Cc1c(C)n(C)c2ccc(C(=O)Nc3cccc4ccccc34)cc12,1,9250
840860.0,O=C(NN=C1C2CC3CC(C2)CC1C3)c1cc(Cl)ccc1O,1,9253
996839.0,Cc1cccc(NC(=S)NC(=O)c2cc(-c3ccccc3)nc3ccccc23)c1,0,9257
841803.0,Cc1c(-c2c(C#N)c(N)nc3c2CCCCCC3)cnn1C,1,9258
11957118.0,COc1cc(CNCCN2CCOCC2)ccc1OCc1ccc(Cl)cc1Cl.Cl,1,9259
11838420.0,CCC1(C)Cc2c(sc3nnn(CC(=O)Nc4cccc5ccccc45)c(=O)c23)CO1,1,9260
994733.0,Cc1nn(Cc2ccc(Cl)cc2Cl)c(C)c1NC(=O)c1sc2ccccc2c1Cl,1,9261
1226136.0,Cc1ccccc1Cn1nc(C)c(NC(=O)c2sc3ccccc3c2Cl)c1C,1,9262
983887.0,COc1ccc(NC(=O)CCSc2cc(C)c3ccccc3n2)cc1,1,9264
4348626.0,COc1cc(C2C(C#N)=C(N)N(Nc3ccccc3)C3=C2C(=O)CC(C)(C)C3)ccc1OCc1ccccc1,1,9265
988922.0,CCn1c(-c2ccccc2Cl)nn(CC(=O)Nc2ccc(OC)cc2)c1=S,1,9266
825709.0,CN1CCCN(C2C3CC4CC(C3)CC2C4)CC1,0,9267
1223803.0,Cc1ccc(NC(=O)Nc2nc(-c3ccc(C)s3)cs2)cc1,0,9268
1734121.0,CCN1C(=O)/C(=C/C=C2/SCCN2C)SC1=S,0,9269
9616045.0,COc1ccc(C(=O)N/N=C(\C)Cn2nc([N+](=O)[O-])cc2C)cc1,0,9270
5079883.0,CCOC(=O)c1c(NC(=S)NC(=O)c2cnn(CC)c2)sc2c1CCC(C)C2,0,9274
3380750.0,COC(=O)C1=C(C)NC2=C(C(=O)CCC2)C1c1cn(Cc2ccc(Cl)cc2Cl)nc1-c1ccccc1,1,9276
9598137.0,O=[N+]([O-])c1ccc(Cl)c(-c2ccc(/C=N/c3c(-c4ccco4)nc4ccccn34)o2)c1,0,9277
4586733.0,CCCC(=O)Nc1sc(C)c(-c2ccc(C(C)CC)cc2)c1C#N,0,9278
3502382.0,Cc1ccc(NC(C#N)c2ccccc2OCc2ccccc2)cc1,0,9279
822459.0,CCN1CCN(S(=O)(=O)c2ccc(Cl)nc2)CC1,0,9280
4415371.0,CCn1ccc(C(=O)NC2C(=O)N3C(C(=O)O)=C(C)CSC23)n1,0,9281
4231610.0,CC1=C(C(=O)O)N2C(=O)C(NC(=O)c3ccn(C)n3)C2SC1,0,9282
4121322.0,O=C(NNS(=O)(=O)c1ccc(Cl)cc1)NC1CCCCC1,0,9283
1565837.0,COc1ccc(CCNC(=O)CCCCCN2C(=O)c3ccccc3C2=O)cc1,1,9284
1817063.0,CCNC(=S)NNC(=O)Cc1ccccc1,0,9285
345125.0,CC(=O)Nc1ccc([N+](=O)[O-])cn1,0,9286
4251773.0,Cc1cccc(C)c1-n1nnnc1C(C)(C)N=Cc1ccc(Cl)cc1,1,9287
4668963.0,Cc1cccc(C)c1-n1nnnc1C(C)(C)N=Cc1ccc(Cl)cc1Cl,1,9288
697197.0,c1ccc(-c2nnc(SCCC3OCCCO3)o2)cc1,0,9289
1733268.0,CN1CCN(NC(=O)CN2C(=O)/C(=C/c3c(Cl)cccc3Cl)SC2=S)CC1,1,9290
1237579.0,CCOc1ccc(NC(=S)N(Cc2ccc(N(C)C)cc2)Cc2ccco2)cc1,1,9291
1823022.0,O=C1/C(=C\c2ccc(Br)o2)SC(=Nc2ccccc2)N1c1ccccc1,0,9292
5412083.0,CCC(=O)Nc1ccc(/C(C)=N\NC(=O)c2ccc(C)s2)cc1,1,9293
3836104.0,CC(=O)Nc1ccc(NCN2C(=O)C3C4CCC(C4)C3C2=O)cc1,0,9294
2980415.0,COc1cc(CNCc2cccs2)cc(Br)c1OC.Cl,1,9295
11836343.0,CC1=NN(c2ccccc2)C(=O)C1C(=O)c1ccc(Cl)cc1,0,9296
1007795.0,Cc1ccc(C)c(N(CC(=O)Nc2cc(Cl)ccc2Oc2ccccc2)S(C)(=O)=O)c1,1,9299
9595521.0,CN(C)c1nc(NCc2ccccc2)nc(N/N=C/c2ccc(Cl)cc2Cl)n1,1,9300
996925.0,COc1ccccc1NC(=S)NNC(=O)c1c(Cl)c(C)nn1C,1,9301
752833.0,Cc1ccc(-n2c(-c3cc(C)n(C)n3)n[nH]c2=S)cc1,1,9302
3827697.0,COc1cc(C2C(C#N)=C(N)N(c3sc4c(c3C#N)CCCC4)C3=C2C(=O)CC(C)(C)C3)cc(OC)c1OC,1,9303
5453601.0,Cc1nccn1CCCN1C(=O)/C(=C/c2ccc(C#N)cc2)NC1=S,1,9304
9690007.0,O=[N+]([O-])c1cc2c(cc1/C=N/Nc1nc(Nc3ccccc3)nc(N3CCCCC3)n1)OCO2,1,9305
3886109.0,COC(=O)C1(O)CC(C(C)C)=NN1C(=O)c1ccc(Cl)cc1,0,9307
4668964.0,N#Cc1cc([N+](=O)[O-])cnc1NCC(O)CO,0,9310
3573130.0,Cc1cccc(NC(NC(=O)c2cccnc2)C(Cl)(Cl)Cl)c1,1,9311
3599792.0,CCCCSc1nc(C)cc(NC(=S)Nc2ccc(OC)cc2)n1,1,9312
1008368.0,COc1ccc(C(=O)n2c(SC)nc3cc4c(cc32)OCCO4)cc1,0,9313
5571807.0,O=S(=O)(N/N=C\C=C\c1ccccc1)c1ccc(Br)cc1,1,9314
1020005.0,COc1ccc(C(=O)Nc2cc(Cl)ccc2OC(=O)c2ccc(OC)cc2)cc1,1,9316
9725859.0,O=C(COc1ccc(-c2ccccc2)cc1)N/N=C/c1ccccc1Br,1,9317
101246.0,O=C1c2ccccc2C(=O)N1Nc1ccccc1,0,9318
3409264.0,O=C(Nc1nnc(SCc2ccc(Cl)cc2Cl)s1)C1COc2ccccc2O1,1,9320
6269993.0,CC(CN1C(=O)/C(=C/c2ccc(C#N)cc2)NC1=S)Cn1ccnc1,1,9321
4625332.0,CC12CCC(C(=O)Nc3cccc4ccccc34)(C1Br)C2(C)C,1,9322
11838419.0,CCC1(C)Cc2c(sc3nnn(CC(=O)Nc4ccc(C)cc4)c(=O)c23)CO1,1,9323
7215654.0,CCN(CC)S(=O)(=O)c1ccc(Cl)c(NC(=O)c2ccccc2C)c1,0,9325
5286239.0,CCOC(=O)CSC1=NC(=O)/C(=C\c2ccc(Cl)cc2)S1,0,9327
11835888.0,COc1ccc(C2C(C#N)=C(N)OC3=C2C(=O)CC(C)(C)C3)c([N+](=O)[O-])c1OC,1,9328
831090.0,Cc1ccc(-c2cccc(OC(=O)c3ccccc3F)c2)cc1,0,9329
1725747.0,CCn1c2ccccc2c2cc(NS(=O)(=O)c3ccccc3C)ccc21,1,9331
844487.0,CCn1nc(C)c(NC(=O)/C=C/c2cnn(C)c2C)c1C,0,9333
590551.0,CCc1ccccc1NC(=O)C1C(c2ccccc2)C1(Cl)Cl,1,9334
11957136.0,CC(C)OCC(O)CN1CCNCC1.Cl,0,9336
831041.0,CCc1ccc(N2C(=O)c3ccc4c5c(ccc(c35)C2=O)CC4)cc1,0,9337
831037.0,O=C1c2ccc3c4c(ccc(c24)C(=O)N1c1ccc2ccccc2c1)CC3,0,9338
839576.0,Cc1ccc(-c2nc3ccccc3o2)cc1NC(=O)Cc1cccs1,0,9339
988924.0,CCn1c(-c2ccccc2Cl)nn(CC(=O)Nc2ccccc2OC)c1=S,1,9340
3572223.0,CC(Sc1nc(NCc2ccccc2)nc(N(C)C)n1)C(=O)Nc1ccccc1,0,9341
6858688.0,Cc1ccc(/C=N/n2nnnc2N)cc1[N+](=O)[O-],0,9342
5052216.0,CCC(C)(N=Cc1ccccc1)c1nnnn1-c1c(C)cccc1C,1,9344
4176848.0,O=C(NC(NCc1ccccc1)C(Cl)(Cl)Cl)c1cccnc1,1,9345
3380841.0,CSc1nc(-c2ccc(C)cc2)nc(C(Cl)Cl)n1,0,9346
622549.0,Nc1ccc(-c2sc(N)nc2-c2ccccc2)cc1,1,9348
1001133.0,COc1ccc(/C=C/C(=O)NCc2cn(C)nc2C)cc1COc1ccc(Br)cc1,1,9349
3344652.0,COc1cc(C2C(C#N)=C(N)N(Nc3ccccc3)C3=C2C(=O)CC(C)(C)C3)ccc1OCc1cccc(F)c1,1,9351
1009537.0,COC(=O)c1sccc1NC(=O)c1cc(-c2ccc(C)cc2C)nc2ccccc12,1,9352
7315478.0,CCn1c(CCNC(=O)c2ccccc2Cl)n[nH]c1=S,0,9353
835819.0,O=C(COc1ccc(Cl)cc1)NCCC1=CCCCC1,0,9354
673671.0,COc1ccc(C=O)cc1COc1ccc(C)cc1[N+](=O)[O-],0,9355
988921.0,CCn1c(-c2ccccc2Cl)nn(CC(=O)Nc2cc(Cl)ccc2Cl)c1=S,1,9356
3743550.0,COc1cccc(-c2[nH]nc3c2C(c2ccsc2)C(C#N)=C(N)O3)c1,1,9357
1400711.0,COc1ccc(C)cc1NC(=O)CCC(=O)Nc1nnc(C(F)(F)F)s1,0,9358
2018366.0,O=S(=O)(c1cccs1)N1CN(Cc2ccc(Cl)cc2)c2nc3ccccc3nc21,1,9359
4358416.0,Nc1nc(NCc2ccccc2)nc(Nc2cccc(F)c2)c1[N+](=O)[O-],0,9360
4678346.0,O=C(Oc1oc(-c2ccco2)nc1C=Nc1ccc(Cl)cc1)c1ccco1,0,9361
6323813.0,CN1CCN(c2ccc([N+](=O)[O-])c(N/N=C3\CN4CCC3CC4)c2)CC1,0,9362
3992742.0,Cc1ccc(Cn2c(C)cc3c(c2=O)C(c2cccs2)C(C#N)=C(N)O3)cc1,1,9363
11957177.0,N=C1/C(=C\c2ccc(SCc3ccco3)o2)C(=O)N=C2SC=NN12,1,9365
5063932.0,O=C(NCc1ccco1)c1ccc2c(=O)n(-c3ccccc3)c(=S)[nH]c2c1,0,9366
4132199.0,O=C(CSc1nc2ccccc2c(=O)n1CCCN1CCCCC1)NCc1ccccc1,1,9367
11957184.0,Cc1cc(OCCn2cc(/C(N)=N/O)c3ccccc32)ccc1Cl,1,9369
4117926.0,Cc1ccc(CNC(=O)Cc2csc(Nc3nc(=S)[nH]c4ccccc34)n2)cc1,1,9370
5217512.0,NNc1nc(-c2ccccc2)cc(-c2ccccc2O)n1,1,9371
3456574.0,COCCn1c(=S)[nH]c2cc(C(=O)NC(C)C)ccc2c1=O,0,9372
4614034.0,O=c1c2cc(Br)ccc2[nH]c(=S)n1Cc1cccnc1,1,9373
11957187.0,Cc1cccc(CCNc2nc3ccccc3n3nnnc23)c1,0,9374
4374184.0,COc1ccc(C(=O)Nn2cnc3ccccc3c2=O)c(OC)c1,1,9375
3567950.0,CC(C)NC(=O)CC1Nc2c3ccccc3nc(=S)n2C1=O,0,9376
135498904.0,Cc1ccccc1OC/C(O)=C(\C#N)c1nc2ccccc2[nH]1,0,9377
3515101.0,COc1cc(Cl)c(C)cc1NC(=O)CNC(=O)Cn1cnc2ccccc2c1=O,0,9378
4414298.0,O=C(CSc1nc2ccccc2c(=O)n1NC(=O)Cc1ccccc1)NCc1ccccc1Cl,1,9379
4121748.0,COc1ccc(CNC(=O)Cc2csc(Nc3nc(=S)[nH]c4ccccc34)n2)cc1,1,9380
5062043.0,COC(=O)c1sc(=S)n(-c2ccccc2OC)c1N,0,9381
11957191.0,COCCNC(=O)CSc1nc2ccc(N3CCOCC3)cc2c(=O)n1Cc1ccc(OC)cc1,1,9382
6618777.0,Cc1ccc(C2NC(c3ccc(C)cc3)C(C)C(=NO)C2C)cc1,1,9383
3600895.0,Cc1ccc2[nH]c(=O)c(NC(N)=S)nc2c1,0,9384
6620684.0,CCOC(=O)C1=C(C)NC(SCC(N)=O)=C(C#N)C1c1ccccc1,1,9386
4374749.0,COc1ccc2[nH]c(=O)c(NC(N)=S)nc2c1,0,9387
4058186.0,CCSc1nnc(NC(=O)CSc2nc3c(cc2C#N)CCCC3)s1,1,9389
135510956.0,C/C(=N\Nc1nnc(C)c(=O)[nH]1)C(=O)O,0,9391
3418920.0,CCOc1cc2[nH]c(=O)n(CCCC(=O)NCc3ccc(OC)cc3)c(=O)c2cc1OCC,1,9392
11957230.0,CSc1ccc(CCNC(=O)CSc2ccsc2[N+](=O)[O-])cc1,1,9393
4155549.0,Cc1cc(C)c(S(=O)(=O)NCC2CCC(C(=O)NCc3ccc4c(c3)OCO4)CC2)c(C)c1,1,9394
11957231.0,COc1ccccc1OCCOc1ccc(/C=C2/C(=N)N3OC(C)=CC3=NC2=O)cc1OC,0,9395
6618836.0,CCOc1cc(-c2noc(N)c2C#N)cc(OCC)c1OCC,1,9396
54696505.0,Cc1ccccc1NC(=O)Cc1c(O)c2ccccc2[nH]c1=O,0,9399
11957237.0,Cc1ccc(-n2c(=O)c3sccc3n(CC(=O)NCc3ccco3)c2=O)cc1F,0,9400
5240344.0,Clc1ccc(-c2nc3ncccn3c2Nc2ccc3c(c2)OCCO3)cc1,1,9401
1266500.0,CCOC(=O)c1nnn(-c2nc(OC)nc(N3CCCCC3)n2)c1-c1ccccc1,1,9403
5184997.0,COc1ccc(CNC(=O)Cc2c(C(=O)O)[nH]c3ccccc23)cc1,0,9405
11957245.0,CC1CCN(C(=O)C2CCN(S(=O)(=O)c3cccc4nonc34)CC2)CC1,0,9406
6621534.0,CCc1ccc(NC(=O)C2CCN(S(=O)(=O)c3c(C)[nH]c(=O)[nH]c3=O)CC2)cc1,0,9407
4340474.0,CCCCNC(=O)CCn1c(=S)[nH]c2cc3c(cc2c1=O)OCO3,1,9408
5159290.0,CCCCn1c(SCC(N)=O)nc2ccc(N3CCOCC3)cc2c1=O,1,9409
135510959.0,O=c1[nH]c2cc(Br)cnc2nc1/C=C(\O)c1ccc(F)cc1,1,9410
866901.0,Cc1cccc(NS(=O)(=O)c2c(C)n[nH]c2C)c1,1,9411
11957249.0,COc1ccc(-n2nc(C(=O)NCC(=O)Nc3ccccn3)c3ccccc3c2=O)cc1Cl,1,9412
2813385.0,Cc1cc(=O)oc2cc(NC(=O)CCC(=O)O)ccc12,0,9413
4099463.0,O=C(CN1C(=O)C2C3C=CC(C3)C2C1=O)Nc1ccc(C(=O)O)cc1,0,9414
11957253.0,O=C(CCn1c(=O)[nH]c2ccsc2c1=O)Nc1ccc(F)c(F)c1,0,9415
4191632.0,O=C(CCCCCn1c(=S)[nH]c2ccccc2c1=O)NCc1ccc2c(c1)OCO2,1,9416
4057843.0,CC(C)C(NS(=O)(=O)c1cccs1)C(=O)Nc1nc(C(C)(C)C)cs1,1,9417
11957257.0,COc1ccc(-c2cc3ccccc3n2CC(O)CNCCO)cc1.O=C(O)C(=O)O,1,9418
4448276.0,O=C(CCS(=O)(=O)c1cccc2nsnc12)NC1CCCCC1,1,9419
11957260.0,O=[N+]([O-])c1c(NCCO)cc(Sc2nc3ccccc3s2)c2nonc12,1,9420
5070248.0,COC(=O)c1cn(NC(=O)C2CCC(C(C)(C)C)CC2)c(=O)c2ccccc12,0,9421
11957262.0,COc1cccc(NC(=O)C2c3cc(OC)c(OC)cc3C(=O)N(C)C2c2cccnc2)c1,1,9422
11957264.0,CCC(C)NC(=O)C1c2cc(OC)c(OC)cc2C(=O)N(C)C1c1cccs1,1,9423
6292539.0,CC1=N/C(=C\c2ccc([N+](=O)[O-])cc2)C(=O)N1c1ccc(Cl)cc1,0,9424
11957267.0,CN1C(=O)/C(=C\c2ccccc2)Sc2ccc(C(=O)N3CCN(c4ccccn4)CC3)cc21,1,9425
11957268.0,CCc1ccc(N/C(SCc2ccccc2C)=C(/C#N)C(=O)NCc2ccco2)cc1,1,9426
5018183.0,CCOC(=O)N1CCN(C(=O)c2cccn3c(=O)c4cc(Cl)ccc4nc23)CC1,0,9428
11957273.0,COc1cccc(CNC(=O)CCNC(=O)Cn2ccc3ccccc3c2=O)c1,1,9429
3427505.0,COc1ccc(-n2nc(C(=O)NCC(=O)Nc3ccccn3)c3ccccc3c2=O)cc1,1,9430
11957277.0,O=[N+]([O-])C(/C=C(\Cl)[N+](=O)[O-])=C1N(Cc2ccc(Cl)nc2)CCN1Cc1ccc(Cl)nc1,1,9432
3511427.0,CC(NC(=O)CSc1nc(=O)cc(N)n1CCc1ccccc1)c1ccccc1,1,9433
5781448.0,Cc1cccc(/C=N\Nc2cn[nH]c(=O)c2Cl)c1,1,9434
11957279.0,COc1ccc(NC(=O)CCNS(=O)(=O)c2ccc3c(c2)CCC(=O)N3)cc1,1,9435
2922133.0,COC(=O)c1ccccc1NC(=O)C1CCN(C(=O)c2ccc(OC)cc2)CC1,1,9437
6288083.0,CCOc1cc(/C=C2/NC(=O)N(CC(=O)Nc3cccc(C)c3)C2=O)ccc1OC,1,9438
11957285.0,O=C(CCCCCn1c(=O)[nH]c2ccsc2c1=O)NCc1ccc2c(c1)OCO2,1,9439
3965311.0,Cc1ccc(N2C(=O)CC(c3ccsc3)C3=C2CC(C)(C)CC3=O)cc1,1,9440
3632372.0,Cc1[nH]c2c(C)cccc2c1CCNC(=O)c1ccc2c(c1[N+](=O)[O-])C(=O)c1ccccc1C2=O,1,9441
3982636.0,Cc1[nH]c2ccccc2c1CCNC(=O)c1ccc2c(c1[N+](=O)[O-])C(=O)c1ccccc1C2=O,1,9442
135510961.0,C/C(=N\N=C1\NC(=O)CC(C(=O)O)S1)c1cccs1,0,9443
11957298.0,COc1cccc2c1OC[C@@H](CO)[C@H]2N(C)C(=O)Nc1ccc(Cl)cc1Cl,1,9444
4522913.0,Fc1ccc(Cn2c(SCc3ccc(F)c(F)c3)nnc2C(F)(F)F)cc1,1,9445
3832458.0,COC(=O)C1CSC(C(=O)OC)N1C(=O)Nc1c(C)cccc1C,0,9446
3727565.0,Cc1ccc(CSc2nnc(C(F)(F)F)n2Cc2ccc(F)cc2)cc1,1,9447
2769021.0,O=C(Nc1ncc2c(n1)-c1ccccc1CC2)c1cccc(Cl)c1,1,9449
1488727.0,CNc1nc(C)cc(C)c1S(=O)(=O)c1ccc(C)cc1,1,9450
3812674.0,Cc1ccc(NC(=O)c2c(C(F)(F)F)nn(C)c2SCc2cccc(C(F)(F)F)c2)cc1C,1,9451
1476365.0,Cc1nc(Cl)c(C#N)cc1-c1ccccc1,0,9452
9670027.0,Cc1ccc(C(=O)O/N=C/c2c(Cl)n(C)c3ccccc23)cc1,0,9453
1479153.0,N#Cc1cc(-c2ccc(Cl)cc2)cnc1Sc1ccccc1,0,9454
1476369.0,Cc1nc(Sc2ccccc2)c(C#N)cc1-c1ccccc1,0,9455
3751170.0,Cc1ccc(CNCC(O)(c2ccc(F)cc2)c2ccc(F)cc2)cc1,1,9456
1483131.0,Clc1ccc(NCc2nnsc2Cl)cc1,0,9457
4602593.0,OC(CNCc1ccc(F)cc1)(c1ccc(F)cc1)c1ccc(F)cc1,1,9458
1476335.0,COC(=O)CSc1ncc(OC)c(OC)n1,0,9459
2768821.0,Cc1cc2c(ncn2Cc2ccccc2)c([N+](=O)[O-])c1C,0,9460
5791891.0,CN(C)/C(CN1CCN(C=O)CC1)=C1\N=C(c2ccccc2)OC1=O,0,9461
2773892.0,Nc1ccccc1Oc1ncc(C(F)(F)F)cc1Cl,1,9462
3822214.0,COc1ccc(-n2nnnc2-c2cn(C)nc2C(F)(F)F)cc1,0,9463
5162203.0,C=CCSc1nnc(-c2cc3c(-c4ccccc4)nn(C)c3s2)n1C,1,9464
1474632.0,CCOC(=O)c1cnc(-c2ccccc2)nc1Oc1cccc(Cl)c1,0,9465
1476284.0,COc1cnc(SCc2ccc(Cl)cc2)nc1Cl,0,9466
1470823.0,COc1cnc(-c2ccccn2)nc1Sc1c(Cl)cccc1Cl,0,9467
4271642.0,COC(=O)c1sccc1NC(=O)CSc1cc(Cl)ccc1Cl,1,9468
1474148.0,COc1cnc(-c2ccccn2)nc1Oc1ccc(Cl)c2ccccc12,1,9469
1487587.0,Cc1ccc(S(=O)(=O)c2cc(N3CCOCC3)nc(-c3ccccc3)n2)cc1,0,9470
4221073.0,C=CCNc1cnn(-c2ccc(C)cc2)c(=O)c1Cl,1,9471
1474626.0,CCOC(=O)c1cnc(-c2ccccc2)nc1Oc1ccc(Cl)cc1,0,9472
1480804.0,COc1ccc(-c2cc(CNC(C)=O)on2)cc1,0,9473
2767953.0,CNC(=O)c1sc(SC)cc1-c1ccc(Cl)cc1,0,9474
1474619.0,CCOC(=O)c1cnc(-c2ccccc2)nc1Oc1ccc(Cl)c(Cl)c1,0,9475
5914430.0,Cc1ccc(/C=N\NC(=O)c2cc(OCC(F)(F)F)ccc2OCC(F)(F)F)cc1,0,9476
2767938.0,O=C(Nc1cccc(Cl)c1Cl)c1snnc1-c1ccccc1,0,9477
6067861.0,CN(C)/C=C(\C#N)C(=O)c1cccnc1Oc1ccc(F)cc1F,0,9478
3439321.0,CC1(C)CN(c2ccccc2)N(C(=O)c2ccc(F)cc2)C1=O,1,9479
3567902.0,COC(=O)COc1ccsc1C(=O)OC,0,9480
3734969.0,Cc1cc(C)cc(Oc2nn[nH]n2)c1,0,9481
4522911.0,COc1cccc(CSc2nnc(C(F)(F)F)n2Cc2ccc(F)cc2)c1,1,9482
3850065.0,Cc1cc(C(=O)C(=O)NC(C)C)c(C)n1-c1ccc([N+](=O)[O-])cc1,0,9483
4522912.0,Fc1ccc(Cn2c(SCc3ccc(F)c(C(F)(F)F)c3)nnc2C(F)(F)F)cc1,1,9484
6292205.0,O=C(O/N=C\c1ccc(N2CCCCC2)c([N+](=O)[O-])c1)c1cccc(Cl)c1,0,9485
2763802.0,COc1ccc(Oc2c(C=O)c3ccccc3n2C)cc1,1,9486
1488725.0,CNc1nc(C)cc(C)c1S(=O)(=O)c1ccc(Cl)cc1,1,9487
2769309.0,O=C(Nc1ccccc1)c1cc(-c2ccccc2Cl)no1,0,9488
1490966.0,O=S1(=O)C=C(SCc2cccc(Cl)c2)Nc2ccccc21,1,9489
1471692.0,CC(=O)c1cc(C#N)c(Oc2cccc(C(F)(F)F)c2)nc1C,0,9490
2769229.0,COc1ccc(Sc2ccc(NC(=O)c3ccccc3Cl)cc2C#N)cc1,1,9491
3773884.0,O=[N+]([O-])c1cccnc1NCCNc1ncc(C(F)(F)F)cc1Cl,1,9492
1471700.0,CC(=O)c1cc(C#N)c(Oc2ccc(F)cc2)nc1C,0,9493
2800329.0,COc1ccc(Oc2c(Cl)cnn(-c3ccccc3)c2=O)cc1,1,9494
3792554.0,Cc1cccc(-n2cnc(C(=O)NC3CCCCCC3)c2)n1,1,9495
9581921.0,CCNC(=O)O/N=C(\C)c1sc(-c2ccccc2)nc1C,0,9496
1479697.0,O=c1ccn(-c2cccc(C(F)(F)F)c2)nc1-c1ccn(-c2ccccc2F)n1,1,9498
1484445.0,Cc1cc(-c2ccc(Cl)cc2)oc(=O)c1NC(=O)c1ccccc1,0,9499
3670093.0,O=c1c2ccccc2nc2n1C(CSCc1cccc(C(F)(F)F)c1)CS2,1,9500
5934765.0,COc1ccc(/C(C#N)=C/c2c(-c3ccc(Cl)cc3)nc3c(C)cccn23)cc1,1,9501
1481086.0,O=C(Nc1ccc(Cl)cc1)OCc1cc(-c2ccccc2Cl)on1,0,9502
1490970.0,Cc1ccc(CSC2=CS(=O)(=O)c3ccccc3N2)cc1,1,9503
3851618.0,Cc1ccc(C(=O)Nc2c(C#N)c(C)c(C)n2Cc2ccccc2)cc1,1,9504
4878.0,CC(C)(C)n1nc(-c2ccc(Cl)cc2)c2c(N)ncnc21,0,9505
1479561.0,Cn1nc(C(F)(F)F)c2cc(-c3nnc(C(C)(C)C)o3)sc21,0,9506
1489719.0,CCS(=O)(=O)c1ccc(C(=O)Nc2ccccc2)c(Cl)c1Cl,1,9507
1487609.0,Clc1ccc(-c2ccnc(Oc3cc(Cl)ccc3Cl)n2)cc1,0,9508
3507894.0,COC(=O)c1ccc(N2CCN(CC(=O)c3ccc(-c4ccccc4)cc3)CC2)c([N+](=O)[O-])c1,0,9509
366233.0,N#Cc1ccccc1Sc1ccccc1N,1,9510
1471768.0,CSc1ccc(C#N)cc1NC(=O)c1cccc(Cl)c1,1,9511
1475677.0,Cc1cc(C)c(S(C)(=O)=O)c(Oc2ccc(F)cc2)n1,0,9512
1484727.0,COc1cccc(Sc2cc(N3CCOCC3)nc(-c3ccccc3)n2)c1,1,9513
6066774.0,CO/N=C(/CNC(=O)c1cccc(Cl)c1)c1ccc(Cl)cc1,0,9514
4221182.0,C=CCN(CC=C)C(=O)C(=O)c1cc(C)n(-c2ccc([N+](=O)[O-])cc2)c1C,1,9515
1484654.0,Cc1ccc(Oc2cc(N3CCOCC3)nc(-c3ccccc3)n2)cc1,1,9517
1471783.0,N#Cc1cc(N)ccc1Sc1ccc(Cl)cc1,1,9519
1484653.0,Cc1ccc(Sc2cc(N3CCOCC3)nc(-c3ccccc3)n2)cc1,0,9520
1484774.0,Clc1ccc(Cl)c(OCc2cc(-c3ccccc3Cl)on2)c1,0,9521
3844374.0,O=S(=O)(Cc1ccc(Cl)cc1)c1ccccc1-c1nnc(-c2ccc(Cl)cc2)o1,1,9522
1486734.0,Cc1ccc(-c2nnc(-c3ccccc3S(=O)(=O)Cc3ccc(Cl)cc3)o2)cc1,1,9523
2769174.0,CCOC(=O)CSc1cc(CS(=O)c2ccc(Cl)cc2)nc(-c2ccccc2)n1,1,9524
1473685.0,COc1ccc(NC(=O)c2c(C(F)(F)F)nn(C)c2SCc2ccccc2)cc1,1,9526
1471658.0,COC(=O)c1cc(C#N)c(Oc2ccc(OC)cc2)nc1C,1,9527
3806842.0,COC(=O)c1ccccc1NC(=O)Oc1ccc(F)cc1,0,9528
1472667.0,CCOC(=O)c1cnn(-c2nc(-c3cccc(F)c3)cs2)c1C(F)(F)F,0,9530
3701150.0,CC(=O)c1ccc(N2CCC(c3cc(-c4ccc(Cl)cc4Cl)n[nH]3)CC2)c([N+](=O)[O-])c1,1,9531
3387618.0,NC(N)=Nc1nc(CCN2C(=O)c3ccccc3C2=O)cs1,0,9532
11957302.0,C[C@H](NC(=O)Cn1cncn1)c1ccccc1,0,9533
4271806.0,O=C(c1ccccc1)c1nn(-c2ccccc2)c(=O)cc1C(F)(F)F,0,9534
3596967.0,COc1ccc(-c2cc(C3CCN(c4cc(Cl)nc(N)n4)CC3)[nH]n2)cc1,1,9537
1485780.0,COc1ccc(-n2cccc2C=O)cc1OC,0,9538
3606819.0,COc1ccc(-c2cc(C3CCN(c4ccc(C(C)=O)cc4[N+](=O)[O-])CC3)[nH]n2)cc1,1,9539
3770355.0,CCOC(=O)C1(S(=O)(=O)c2ccc(Cl)cc2)CCN(Cc2ccc(Cl)cc2)CC1,1,9540
2726011.0,Cc1ccc(S(=O)(=O)CC(O)CN2CCCC2=O)cc1,0,9541
4552527.0,Nc1nc(Cl)cc(N2CCC(c3cc(-c4ccc(Cl)cc4Cl)n[nH]3)CC2)n1,1,9542
1484540.0,Cc1cc(N2CCOCC2)nc(SCc2ccc(Cl)cc2Cl)n1,1,9543
9638237.0,FC(F)(F)c1nc2ccccc2nc1N/N=C/c1ccc(Cl)cc1,1,9544
1484547.0,CSc1nc(Cl)cc(N(CCO)CCO)n1,0,9545
1479510.0,COc1ccc(C(=O)Nc2cc(OCc3ccccc3)c(Cl)cc2Cl)cc1,0,9547
1476820.0,Cn1nc(-c2ccccc2)c(C(=O)Nc2ccc(Cl)cc2)c1Cl,0,9549
3598783.0,CCCCSc1nnc(-c2cc3c(C(F)(F)F)nn(C)c3s2)n1C,0,9550
2768947.0,CCCSc1nc(C)cc(C)c1S(=O)(=O)c1ccccc1C,0,9552
1484975.0,Clc1cccc(CSc2nnc(-c3sccc3-n3cccc3)o2)c1,1,9553
1481233.0,O=C(NNC(=O)c1ccccc1-n1cccc1)c1ccccc1,0,9554
1481246.0,O=C(NNC(=O)c1ccccc1-n1cccc1)c1ccc(Cl)c(Cl)c1,1,9555
5525380.0,Cc1ccccc1/C=N\NC(=O)c1csnn1,0,9556
4586304.0,O=C(Nc1ccccc1)N(Cc1ccccc1)CC(O)C(F)(F)F,0,9557
9581904.0,COc1ccc(/C=N/n2c(-c3cccs3)n[nH]c2=S)cc1,1,9560
4593118.0,Cn1cccc1C(=O)C(=O)Nc1cccc(Cl)c1Cl,0,9561
5524753.0,C/C(=N\OC(=O)c1ccccc1)c1cc(-c2ccc(Cl)cc2)no1,0,9564
1478947.0,Cc1cc(OC(=O)c2cc(F)c(F)cc2Cl)nc(C)n1,0,9565
1488776.0,N#Cc1c(-c2ccccc2)ccnc1Oc1ccccc1,0,9566
3701031.0,CC(C)(C)NC(=O)C1Cc2ccccc2CN1C(=O)Nc1ccccc1Cl,1,9567
5810026.0,COc1ccc(/C=C/C(=O)c2ccoc2)cc1,0,9568
3744899.0,COc1cccc(N2CCN(C(=O)Nc3ccc4c(c3)NC(=O)CO4)CC2)c1,0,9569
2726018.0,O=C1CCCN1CC(O)CS(=O)(=O)c1ccccc1,0,9570
1479752.0,NC(=S)Nc1cc2ccccc2c2ccccc12,1,9573
2768224.0,CCn1c(SCc2ccc(Cl)cc2)nnc1-c1cnn(-c2ccccc2)c1C(F)(F)F,1,9574
1474463.0,O=C(OCn1ncc(Cl)c(Cl)c1=O)c1cccc(C(F)(F)F)c1,0,9575
1482756.0,CCOC(=O)C1CCN(Cc2cnc(Oc3ccc(OC)cc3)s2)CC1,0,9576
3755487.0,O=C(CSc1nccn1-c1ccccc1)c1ccc(Cl)cc1,1,9577
6270538.0,COc1ccc(CNC(=O)/C=C/c2ccc(OCCCF)cc2)cc1,1,9578
9636879.0,Cc1cccn2c(/C=N/OCc3ccc(F)cc3)c(-c3ccc(Cl)cc3)nc12,0,9579
4264798.0,CSc1ccccc1N1CCN(C(=O)Nc2ccc3c(c2)NC(=O)CO3)CC1,0,9580
4364116.0,COc1cc2c(cc1OC)C1Cc3c(cnc4c(-c5ccsc5)cnn34)C(=O)N1CC2,0,9581
6404530.0,Cc1ccc(Oc2nnc(-c3ccccc3)cc2C#N)cc1,0,9584
4555838.0,COc1ccc(N2CCc3c(C)nc4c(OC)cc(OC)cc4c32)c(OC)c1,1,9585
2768304.0,N#Cc1c(-c2ccc3c(c2)OCO3)ccn2nc(-c3cccc(C(F)(F)F)c3)nc12,0,9586
1482729.0,O=C(NCc1ccco1)c1cc(C(=O)C2CCCCC2)c[nH]1,0,9587
6283348.0,COc1ccc(CN2C(=O)c3ccccc3C(/C=N\OCc3ccc(F)cc3)C2=O)cc1,1,9589
1474465.0,Cc1ccc(C(=O)OCn2ncc(Cl)c(Cl)c2=O)cc1,0,9590
1477929.0,Cc1ccc(C(=O)c2cn(-c3ccc(F)c(Cl)c3)nn2)cc1,0,9593
1482641.0,O=C(NCc1ccco1)c1cc(C(=O)C2CC2)c[nH]1,0,9594
2764921.0,O=c1c(-c2nnc(SCc3ccc(Cl)cc3Cl)o2)cccn1Cc1ccccc1,1,9595
1475725.0,FC(F)(F)c1cc(Oc2ccc(Cl)cc2)nc(-c2ccccn2)n1,0,9596
9581915.0,C/C(=N\OC(=O)NC1CCCCC1)c1sc(-c2ccccc2)nc1C,1,9597
1482495.0,Cn1c(-c2sccc2OCc2ccccc2)n[nH]c1=S,0,9598
1475726.0,CCOC(=O)CSc1cc(C(F)(F)F)nc(-c2ccccn2)n1,0,9600
1486041.0,Cc1cccc(NC(=O)c2ccc(Cn3cc(C(F)(F)F)ccc3=O)cc2)c1,1,9601
1487226.0,O=C(Nc1ccc(Cl)cc1)c1cnc(-c2ccccc2)nc1-c1ccccc1,0,9602
3737909.0,Cc1nc(C(=O)Nc2ccc(Cl)cc2Cl)nn1-c1cc(OC(C)C)c(Cl)cc1Cl,0,9605
2764646.0,COC(Cc1n[nH]c(=S)n1C)OC,0,9606
1475719.0,CC(C)Nc1cc(C(F)(F)F)nc(-c2ccccn2)n1,0,9608
3693567.0,O=C(Nc1ccccc1)N1CCSc2cc(Cl)ccc21,0,9610
3492159.0,Clc1cccc(Oc2cnc3ccccc3n2)c1,0,9611
3842239.0,C#CCOC(=O)Nc1ccc(=O)n(Cc2c(Cl)cccc2Cl)c1,0,9612
1483126.0,O=C(Nc1ncc2c(n1)-c1ccccc1CC2)c1ccc(Cl)cc1,1,9613
1483057.0,Cc1ccc(C(=O)Nc2cc3c(oc2=O)CCCC3=O)cc1,0,9614
9559908.0,Cn1nc(C(F)(F)F)c(/C=N/OC(=O)c2ccc(Cl)cc2)c1Cl,0,9615
9559907.0,Cn1nc(C(F)(F)F)c(/C=N/OC(=O)c2ccccc2)c1Cl,0,9616
9636404.0,Cn1nc(C(F)(F)F)c(/C=N/OCc2c(Cl)cccc2Cl)c1Cl,0,9617
1473587.0,COC(Cc1nnc(SC)n1-c1ccc(Cl)cc1)OC,0,9620
1487897.0,COC(Cc1n[nH]c(=S)n1-c1ccc(Cl)cc1)OC,0,9621
28446.0,CNc1c2c(nn1C)CCCC2,0,9622
1475187.0,CCOC(=O)COc1c(C=O)cc(Br)cc1OC,0,9623
2768230.0,CCn1c(SCc2cccc(Cl)c2)nnc1-c1cnn(-c2ccccc2)c1C(F)(F)F,1,9625
9581910.0,C/C(=N\OC(=O)c1cccc(C)c1)c1sc(-c2ccccc2)nc1C,0,9626
5785704.0,Cc1ccc(S(=O)(=O)O/N=C2/CCCc3occc32)cc1,0,9628
1487201.0,COc1ccccc1CNCC(O)(c1ccc(Cl)cc1)c1ccc(Cl)cc1,1,9629
3380698.0,CC(C)(C)c1ccc(OC(=O)Cn2c(C(F)(F)F)nc3ccccc32)cc1,0,9630
2766445.0,Fc1ccc(N2CCN(c3ccc4c(C(F)(F)F)cc(C(F)(F)F)nc4n3)CC2)cc1,1,9631
1483593.0,Cc1ccc(-n2[nH]c(=O)c3cccnc32)cc1,0,9633
1483570.0,O=c1[nH]n(-c2cccc(Cl)c2)c2ncccc12,0,9634
2764920.0,O=c1c(-c2nnc(SCc3ccc(Cl)c(Cl)c3)o2)cccn1Cc1ccccc1,1,9635
2764919.0,C=CCn1c(-c2cccn(Cc3ccccc3)c2=O)n[nH]c1=S,1,9636
2768231.0,CCn1c(SCc2ccc(C)cc2)nnc1-c1cnn(-c2ccccc2)c1C(F)(F)F,1,9638
1473245.0,O=C(CCl)Nc1ccc(Oc2cnc3ccccc3n2)cc1,1,9639
2766338.0,CCOC(=O)C1(S(=O)(=O)c2ccccc2)CCN(Cc2ccccc2)CC1,1,9640
595954.0,O=[N+]([O-])c1ccc2nccn2c1,0,9641
5284926.0,CC1=NN(c2ccc(Br)cc2)C(=O)/C1=C/c1cccs1,1,9642
1090030.0,Cc1ccc(-c2nc3ccccc3[nH]2)cc1NC(=O)c1ccc2c(c1)OCO2,1,9643
846334.0,O=C(CCc1ccccc1)NNC(=O)C1CCCCC1,0,9644
3099944.0,CC1=NN(c2ccc(C)cc2C)C(=O)C1C(c1ccccc1)C1C(=O)N(c2ccc(C)cc2C)N=C1C,1,9645
9592191.0,C/C(CC(=O)Nc1cc(C)ccn1)=N\NC(=O)COc1cccc(C)c1,0,9646
1050522.0,CCc1sc(-c2c(C#N)c(N)nc3c2CCCCCC3)cc1[N+](=O)[O-],0,9647
1105480.0,COc1ccc2c(c1)-c1c(sn(-c3ccc(OC)c(OC)c3)c1=S)C(C)(C)N2,0,9648
3095090.0,Cc1ccc(C)c(Nc2c([N+](=O)[O-])cc(C(=O)N3CC(=O)Nc4ccccc43)cc2[N+](=O)[O-])c1,1,9649
780996.0,Cc1cc(C)c2c(N)c3ccccc3nc2n1,0,9650
1632388.0,Cc1c(Cl)cccc1NC(=O)CCC(=O)NNC(=O)c1ccco1,0,9651
1015792.0,Cc1c(Br)c([N+](=O)[O-])nn1CC(=O)NCc1cccs1,0,9652
1933225.0,O=C(NNC(=S)NC(=O)c1cccnc1)c1ccccc1,0,9653
3131129.0,O=C(CN(Cc1ccco1)C(=O)c1ccccc1)Nc1ccc(Cl)c(Cl)c1,1,9654
3114044.0,Cc1ccc(C)c(NC(=O)C2C3CCCC2C3c2ccccc2)c1,0,9655
1107939.0,COc1ccc(C(=O)NNC(=O)Cc2ccc(-c3ccccc3)cc2)cc1OC,1,9656
3127246.0,CCc1ccc(-c2ccc(C(=O)C(F)(F)F)[nH]2)cc1,0,9657
5396251.0,C/C(=N/OC(=O)c1ccc(F)cc1)c1ccc(C)cc1,0,9658
582518.0,O=C1c2ccccc2C(=O)N1CCSC(=S)N1CCOCC1,0,9659
135452188.0,CC(C)c1ccc2c(c1)C(c1ccc(N3CCOCC3)cc1)=NNC(c1cccs1)=N2,0,9660
1451796.0,CCN(C(=O)Cc1ccccc1OC)c1nnc(-c2ccncc2)s1,0,9661
3156763.0,CCOc1ccccc1NC(=O)C(=O)NCC1CCCN1CC,0,9662
1728272.0,CCCOc1ccc(C(=O)NNC(=S)NC(=O)CC)cc1,0,9664
700511.0,CCN(CC)N=Nc1[nH]nc2nc(C)cc(C)c12,0,9665
3152570.0,CCCc1ccc(C2C3=C(CC(C)(C)CC3=O)NC3=C2C(=O)c2ccccc23)cc1,1,9666
11957309.0,Cl.O=C(CN1CCCCC1)Nc1cccc([N+](=O)[O-])c1,0,9667
759247.0,CCCC1CCC(c2ccc(C(N)=O)cc2)CC1,0,9668
1082202.0,C=CCn1c(SCC)nc2sc3c(c2c1=O)CCc1ccccc1-3,0,9672
3121380.0,O=C(NNC(=O)c1ccccc1)C(=O)N1CCCCC1,0,9673
11957310.0,CCOC(=O)C[n+]1c(C)sc2ccc(OC)cc21.[Br-],1,9674
9594520.0,CC(/C=N/NC(=O)Cc1cccs1)=C\c1ccco1,0,9675
785305.0,Cc1cccc(NC(=O)C2(c3ccc([N+](=O)[O-])cc3)CCCC2)c1,0,9676
73222.0,Nc1nc(-c2ccccc2)c(-c2ccccc2)s1,0,9677
9592224.0,O=C(CNC(=O)c1ccccn1)N/N=C/c1ccccc1,0,9678
5935482.0,Cc1ccc(/C=N\Nc2nc3ccc(Cl)cc3[nH]2)o1,1,9679
11957313.0,Cc1ccc(-c2ncccc2OC(=O)C23CC4CC(CC(C4)C2)C3)cc1.Cl,0,9680
9566812.0,O=C(N/N=C/C1C(c2ccccc2)C1(Cl)Cl)c1cccc(Br)c1,1,9681
9591348.0,C/C(CC(=O)NCc1ccco1)=N\NC(=O)Cc1cccc2ccccc12,0,9682
996059.0,O=C1c2ccccc2C(=O)N1CC(=O)N1c2ccccc2CCc2ccccc21,1,9685
1142386.0,O=C(Oc1c(Br)cc(C(=S)N2CCOCC2)cc1Br)c1ccc(Cl)cc1,0,9686
5347405.0,O=C(N/C(=C\c1cccnc1)C(=O)N1CCOCC1)c1cccc(Br)c1,1,9687
1713220.0,COC(=O)CCC(=O)NNC(=O)c1ccc(Br)cc1,0,9688
749080.0,Cc1nn(CC(=O)NCCN2CCOCC2)c(C)c1[N+](=O)[O-],0,9689
9594267.0,CCOc1cc(/C=N/NC(=O)Cc2ccc(C(F)(F)F)cc2[N+](=O)[O-])c(Br)cc1OC,1,9690
3093378.0,CCCC(=O)NC(Oc1ccc(Cl)cc1Cl)C(Cl)(Cl)Cl,0,9691
772287.0,Cc1occc1C(=O)NNC(=O)c1ccc(F)cc1,0,9692
135464606.0,CC(=NCCN1CCN(C(=S)Nc2ccccc2)CC1)C1=C(O)CC(C)(C)CC1=O,0,9693
3192688.0,COc1ccc(C(C(=O)NC2CCCC2)N(C(=O)c2snc(-c3ccc(F)cc3)c2N)c2ccccc2)cc1,0,9694
2871919.0,CCOC(=O)c1c(NC(=O)Cn2nc([N+](=O)[O-])c(Br)c2C)sc2c1CCC(C)C2,0,9695
11957314.0,CCCCCCCCC[n+]1cccc2c3ccccc3ccc21.[Br-],0,9696
1148765.0,COc1ccccc1N1CCN(C(=O)/C=C/c2ccc3c(c2)OCO3)CC1,1,9697
3100725.0,CCCCCOCC(O)CCC(=O)NN,1,9698
2871868.0,CC(C)C1NC(=S)N(Cc2ccccc2)C1=O,1,9699
3145905.0,CCC(C)n1nnc2c(=O)oc3ccccc3c21,0,9700
9585691.0,Nc1cc(Cl)nc(N/N=C/c2ccccc2[N+](=O)[O-])n1,1,9701
9594118.0,CC(=O)Nc1ccc(NC(=O)C/C(C)=N/NC(=O)C(=O)N2CCCC2)cc1,0,9702
5759013.0,O=C(/C=C/c1cccnc1)c1ccc(NC(=O)c2cccc(Br)c2)cc1,1,9703
574268.0,COc1ccc(NC(=O)c2cccs2)c([N+](=O)[O-])c1,1,9704
11957317.0,CC(C)CNC(=S)N1CCN(C)CC1.O=C(O)C(=O)O,0,9705
6051800.0,COC(=O)/C(=C\C(=O)c1ccccc1)Nc1cccc(C(F)(F)F)c1,0,9706
5765086.0,CCOC(=O)c1ccc(-c2ccc(/C=C(\C#N)C(=O)NCC3CCCO3)o2)cc1,1,9707
5338861.0,Cc1cnn(-c2cc(N/N=C/c3ccccc3F)ncn2)c1,0,9708
1119299.0,O=C(CN1CCCCC1)Nc1ccc(Br)cc1C(=O)c1ccccc1Cl,0,9709
3157789.0,C=CCn1c(C(C)NC(=O)c2ccccc2)n[nH]c1=S,0,9710
2954844.0,CCN1CCCC1CNC(=O)C(=O)Nc1ccccc1OC,0,9711
3153799.0,CC(C)Oc1ccc(N2CC(C(=O)OCC(=O)NCc3ccccc3)CC2=O)cc1,0,9712
5719921.0,Cc1[nH]c2ccccc2c1C(=O)/C=C/c1ccccc1,1,9713
5762833.0,CCCCc1ccc(-c2csc(/C(C#N)=C/c3ccc(C)o3)n2)cc1,1,9714
2857660.0,Nc1ccc(Oc2ccc3nc(-c4ccccc4)c(-c4ccc([N+](=O)[O-])cc4)nc3c2)cc1,1,9715
2976019.0,Cc1ccc2nc(-c3ccccc3)cc(C(=O)NCCCn3ccnc3)c2c1,1,9717
1619220.0,O=C(CNC(=O)c1cccs1)NCC(=O)OCc1ccc(Cl)cc1,1,9718
768872.0,O=C(Cn1c(C(F)(F)F)nc2ccccc21)c1ccccc1,0,9719
611278.0,CC(C)(C)NC(=O)Cn1cnc([N+](=O)[O-])n1,0,9720
2294137.0,O=C(CSc1ccc(Cl)cc1)Nc1cccc(NC(=O)c2ccco2)c1,0,9721
1099823.0,O=C(Cn1cnc([N+](=O)[O-])c1)NCc1ccc(F)cc1,0,9722
1075653.0,CCN(CC)C(=O)c1sc2[nH]c(=S)n(-c3ccccc3)c(=O)c2c1C,0,9723
1632374.0,Cc1ccc(NC(=O)CCC(=O)NNC(=O)c2cccs2)c(C)c1,0,9726
3132665.0,O=C(NC(=S)NNC(=O)c1cccs1)c1ccco1,0,9727
3188485.0,COc1ccc(C(C(=O)NCc2ccccc2)N(Cc2cccs2)C(=O)c2cnccn2)cc1,1,9728
3201538.0,COc1ccc(CNC(=O)C(c2ccc(C)cc2)N(Cc2cccs2)C(=O)c2ccc3c(c2)OCCO3)cc1,1,9729
1126112.0,COC(=O)c1cc(NC(=O)/C=C/c2ccc3c(c2)OCO3)cc(C(=O)OC)c1,1,9730
9592877.0,CCOc1cc(/C=N/NC(=O)CN2CCCCC2)ccc1OCc1ccccc1,0,9731
5345982.0,COc1ccc(COC(=O)N/N=C(\C)CC(=O)Nc2c(C)cc(C)cc2C)cc1,1,9732
791210.0,CC(=O)c1ccc(OC(=O)C2c3ccccc3Oc3ccccc32)cc1,0,9733
5344037.0,O=C(NCC1CCCO1)/C(=C\c1ccco1)NC(=O)c1ccccc1,0,9734
726336.0,COC(=O)c1ccc(NC(=S)NC2CCCCC2)cc1,0,9735
2853204.0,Cc1cc(C)c[n+](CC(=O)c2cc3ccccc3oc2=O)c1.[Br-],0,9736
1117871.0,COc1ccc2nc(Sc3c([N+](=O)[O-])nc(C)n3Cc3ccccc3)[nH]c2c1,1,9737
779699.0,O=C(CSc1cccc2cccnc12)OCC(=O)c1ccccc1,0,9738
9594507.0,Cc1ccc(/C=N/NC(=O)CSc2nc3ccccc3n2C)s1,0,9739
2876328.0,O=C1C2C3c4ccccc4C(c4ccccc43)C2C(=O)N1c1nc(-c2ccccc2)cs1,0,9742
766352.0,COc1ccc(CC(=S)N2CCOCC2)cc1OC,0,9743
2864300.0,Cc1ccc(C(=O)NCCNc2ccc(Cl)cc2[N+](=O)[O-])o1,1,9744
793184.0,Cc1cc(C=C(C#N)C#N)c(C)n1-c1ccccc1,0,9745
11957320.0,C[N+]1(CCOc2ccc([N+](=O)[O-])cc2)CCOCC1.[I-],0,9746
96872.0,O=[N+]([O-])c1ccc(N2CCOCC2)nc1,0,9747
5717129.0,CC[n+]1c(/C=C/C=C/N(C(C)=O)c2ccccc2)sc2ccccc21.[I-],1,9748
5760259.0,COc1ccc(/C=C(\C#N)C(=O)NCC2CCCO2)cc1OC,0,9749
1082772.0,COc1ccc(-n2cnc3sc(-c4ccccc4)cc3c2=O)cc1,0,9750
3158094.0,N#Cc1c(NC(=O)C2CC(c3ccccc3Cl)=NO2)sc2c1CCC2,1,9751
743298.0,O=C(NCCN1CCOCC1)c1ccccc1[N+](=O)[O-],0,9752
2765646.0,CC1=C(C(=O)Nc2ccccc2)C(c2ccco2)NC(=S)N1,0,9753
5717050.0,C/C(=N\Nc1ccc([N+](=O)[O-])cc1)c1cccc(N)c1,1,9754
1091800.0,Cc1cccc(NC(=O)CSc2ncnc3nc[nH]c23)c1C,0,9757
1449684.0,Cc1cc(C)cc(-n2nnnc2SCC(=O)Nc2nc(-c3ccc(F)cc3)cs2)c1,1,9758
3148797.0,CC(=O)Nc1ccc(OCC(O)Cn2c3ccccc3c3ccccc32)c(C)c1,1,9760
9556577.0,CN(C)c1ccc(/C=N/NC(=S)NCc2ccccc2)cc1,0,9762
9586274.0,CC1(C)Cc2ccccc2C(N/N=C/c2cccc(F)c2)=N1.Cl,0,9764
5347873.0,FC(F)(F)c1ccc(/C=N/N2CCN(Cc3cccc4ccccc34)CC2)cc1,0,9765
3127864.0,Cc1ccc(N=Nc2c(O)[nH]c(=O)[nH]c2=O)c([N+](=O)[O-])c1,0,9767
1139460.0,COc1ccc(-n2nc3cc(C)c(NC(=S)NC(=O)c4ccccc4C)cc3n2)cc1,0,9770
801085.0,Cc1[nH]n(-c2ccccc2)c(=S)c1C=Nc1cccc([N+](=O)[O-])c1,0,9771
11957324.0,CCN(CC)CC#CCC(C)(c1ccccc1)c1ccccc1.Cl,0,9773
3093457.0,O=C(NC(NC(=S)Nc1ccccc1)C(Cl)(Cl)Cl)c1cccc(Cl)c1,1,9775
9593110.0,O=C(COc1ccccc1-c1ccccc1)N/N=C/c1cccc2ccccc12,0,9776
9563178.0,O=C(CC(=O)NC1CCCCC1)N/N=C/c1ccc(Cl)cc1,0,9778
3219238.0,Cc1ccc(N(C(=O)c2csnn2)C(C(=O)NC(C)(C)C)c2cccs2)cc1,1,9779
840404.0,CC(C)N1CCC(=NNC(=O)c2ccc(Br)o2)CC1,1,9780
980180.0,CCCC(=O)Nc1ccc2nc(SCC(=O)Nc3ccc(N4CCOCC4)c(Cl)c3)sc2c1,1,9781
1006913.0,Nc1ccccc1C(=O)OCC(=O)Nc1ccc(Br)cc1F,1,9782
5188096.0,Cc1ccccc1NC(=O)C(C)c1cccc(C(=O)c2ccccc2)c1,1,9783
990668.0,Cc1ccc(C(=O)Cn2nnc3c(sc4nc5c(c(-c6ccccc6)c43)CCC5)c2=O)cc1,0,9784
1017159.0,CCOc1cc(/C=C2\N=C(C)OC2=O)cc(Br)c1OCC(=O)OC,1,9785
1210019.0,Cc1cc(N2CCOCC2)ccc1/C=C1\SC(=O)N(C(C)C)C1=O,0,9786
1048331.0,O=C(NC(=S)Nc1ccc(N2CCCCC2)c(Cl)c1)c1ccc2c(c1)OCCO2,0,9787
1736965.0,CCOC(=O)C1=C(C)N(CC(C)C)C(=O)/C1=C\c1ccc(OCC(=O)Nc2ccccc2)cc1,0,9788
1800983.0,COc1cc(-c2nnc(SCC3(c4ccc(Br)cc4)OCCO3)o2)cc(OC)c1OC,1,9789
1631654.0,CCOCC(=O)Nc1cc(C(F)(F)F)ccc1Oc1cccc(Br)c1,0,9790
3534619.0,CCc1cc(C(c2ccccc2OC)N2CCOCC2)c(NC(=O)c2ccccc2)s1,1,9791
1046868.0,FC(F)(F)c1nc(N2CCCC2)ncc1-c1nnnn1-c1ccccc1,0,9792
406791.0,Clc1ccc2[nH]cc(-c3nnnn3-c3ccccc3)c2c1,1,9793
1046869.0,FC(F)(F)c1nc(-c2ccncc2)ncc1-c1nnnn1-c1ccccc1,1,9794
1796401.0,COc1ccc(NC(=O)[C@H](COCc2ccccc2)NC(=O)OC(C)(C)C)cc1,0,9796
1008048.0,COc1cc(C(=O)NCc2cccc3ccccc23)cc(Cl)c1OC,1,9797
1046838.0,FC(F)(F)c1nc(-c2cccnc2)ncc1-c1nnnn1-c1ccccc1,1,9799
5933290.0,O=[N+]([O-])c1ccc(N/N=C\c2cccn2-c2ccccc2)nc1,0,9800
991082.0,Cc1cc(C)c(-c2noc(C(=O)OC(C)(C)C)c2C(=O)OC(C)(C)C)c(C)c1,0,9801
1225338.0,Cc1sc(NC(=O)C2CCCCC2)c(C#N)c1-c1ccccc1,1,9803
1803030.0,Cc1cccc(C)c1NC(=O)CSc1nc(C)c(CC(=O)c2ccc(Br)cc2)c(C)c1C#N,1,9804
6872864.0,COc1ccc(/C=N/NC(=O)c2cccc([N+](=O)[O-])c2)cc1OS(=O)(=O)c1ccc(C)cc1,0,9805
8219193.0,COC(=O)c1ccccc1N/C=C1\CCc2c(c(C)nn2-c2ccccn2)C1=O,1,9806
4600956.0,COc1ccc2sc3ccccc3c(=O)c2c1OC,1,9808
993360.0,Cc1ccc(OCCn2c(CCNC(=O)C(C)C)nc3ccccc32)cc1,0,9809
3542312.0,CCc1cc(C(c2ccc(F)cc2)N2CCOCC2)c(NC(=O)c2ccccc2)s1,1,9810
6418587.0,CC(C)c1nnc(-c2ccc(Cl)cc2)c(N(C)C)n1,0,9811
1046722.0,CCC(=O)NC(Nc1sc2c(c1C(=O)OC)CCCC2)(C(F)(F)F)C(F)(F)F,0,9812
6876401.0,COc1ccc(/C=N/NC(=O)Cc2csc(Nc3cccc(C(F)(F)F)c3)n2)cc1C,1,9813
3501416.0,O=C(NC(N1CCCC1)C(Cl)(Cl)Cl)c1ccccc1,0,9814
6872184.0,COc1cc(/C=N/NC(=O)c2cccnc2)ccc1OC(=O)c1ccc2c(c1)OCO2,1,9815
5261757.0,C=CCNC(=O)c1ccc2nc(-c3ccccc3)c(-c3ccccc3)nc2c1,1,9816
990304.0,Cc1ccc(NC(=O)NNC(=O)Cn2nc(-c3ccccc3)c(-c3ccccc3)c(C#N)c2=O)cc1,0,9817
823205.0,CC(=O)Nc1ccc(C2=NN(CC#N)C(=O)SC2)cc1,0,9818
3711958.0,CCCCNC(=S)NNC(=O)CCn1nc(C)c(Br)c1C,1,9819
5431051.0,C=CCn1cc(/C=N\NC(=O)c2cc3c(ccc4ccccc43)o2)c2ccccc21,1,9820
1016499.0,O=C(COc1ccccc1Cl)NC(=S)Nc1cccc(NC(=O)c2ccccc2Cl)c1,0,9822
2980424.0,CC(O)CNCc1ccc(-c2ccccc2)cc1.Cl,0,9823
5013936.0,COC(=O)c1nn(C23CC4CC(CC(C4)C2)C3)c2c1C(=O)N(c1ccc(F)cc1)C2=O,0,9824
6872980.0,Cc1ccccc1C(=O)N/N=C/c1ccncc1,1,9825
11835442.0,CC1(C)CC(O)CC(C)(C)N1CC(O)COCCOc1ccc(Br)cc1,0,9826
1211197.0,Cc1ccc(-n2c(C)nnc2SCC(=O)N2CCc3ccccc3C2)cc1C,1,9827
4415535.0,CCNC(=S)NNC(=O)c1cc(C)on1,0,9828
842961.0,Cc1cnn(CCC(=O)NNC(=S)Nc2cccc(Cl)c2)c1,1,9829
7605374.0,N#C/C(=C\c1ccccc1)c1nc2ncccc2[nH]1,0,9830
11958372.0,CC1(C)SC(=S)N(NC(=O)Nc2ccccc2)C1N(O)C(=O)Nc1ccccc1,1,9831
850382.0,O=C(Nc1ccc2ccccc2c1)c1onc2c1CCCC2,0,9833
11958373.0,COc1ccccc1OCCN1C(=O)S/C(=C\c2ccco2)C1=O,1,9834
7285210.0,CCSc1nc2ccccc2n1C(=O)/C=C\c1ccc(OC)c(OC)c1,1,9835
7309570.0,CCCCSc1ccc2nc(-c3ccc(C#N)cc3)cn2c1,0,9836
4065991.0,CCn1c(CNC(=O)COc2ccc(C(C)C)cc2)nnc1SCC(=O)Nc1cc(F)ccc1C,1,9838
1231538.0,O=C(Nc1ccc2nc(SCc3ccc(Cl)cc3)sc2c1)c1ccccc1C(=O)N1CCOCC1,1,9839
839208.0,CCc1nn(C)c(-c2n[nH]c(=S)n2N)c1Cl,0,9840
822356.0,O=S(=O)(C=C(c1ccccc1)c1ccccc1)c1ccccc1,0,9842
5095694.0,O=C1Oc2ccccc2C2(O)C3CCCCCC3C12,0,9843
35757.0,COC(=O)c1ccc(NC(C)=O)o1,0,9844
766972.0,CC(=O)Nc1c(C)nn(-c2ccc(C)c(C)c2)c1C,0,9845
827481.0,O=[N+]([O-])c1ccc2nc3ccccc3n2c1,0,9846
6402472.0,Clc1ccc(-c2nnc(-c3ccccc3)c(N3CCSCC3)n2)cc1,0,9847
11958374.0,COc1ccc(CC(=O)N2CCN(c3ccc(C4=NNC(=O)CC4C)cc3)CC2)cc1,0,9848
6412256.0,Cc1ccc(CSc2nnc3c(n2)OC2(Nc4ccccc4-3)C(=O)Nc3ccc(F)cc32)cc1,0,9849
831892.0,CCn1c(C)c(C)c2cc(C(=O)Nc3cccc(Cl)c3)ccc21,0,9851
5947041.0,CC1(C)CC(=O)C/C(=N/NC(=O)CCCOc2ccc(Cl)cc2Cl)C1,0,9852
6859828.0,Cc1cc(-c2ccc(/C=N/n3cnnc3)o2)c([N+](=O)[O-])cc1C,0,9853
5055591.0,Cc1ccc2c(n1)CC(C)(C)CC2=O,0,9854
901294.0,Nc1cccnc1Sc1ccc(Cl)cc1,1,9855
1214497.0,Cc1cccc(Sc2c([N+](=O)[O-])ncn2C)n1,0,9856
901275.0,Cc1ccc(Sc2c([N+](=O)[O-])ncn2C)cc1,0,9857
3533883.0,CCCC1C(=O)N(c2ccccc2)C1c1ccccc1,0,9859
736368.0,COc1ccc(C(=O)c2cnc3ccccc3c2-c2ccccc2)cc1,1,9860
844536.0,CCn1ncc(/C=C/C(=O)NCc2cn(C)nc2C)c1C,0,9863
997540.0,O=C(Nc1ccn(Cc2ccccc2F)n1)c1ccc(COc2cc(Cl)ccc2Cl)o1,1,9864
9707562.0,CCCCCCC(=O)Nc1ccc(C(=O)N/N=C/c2cccnc2)cc1,0,9866
11958376.0,CCN(CCO)Cc1csc2cccc(Br)c12.Cl,0,9867
9679769.0,Clc1ccccc1/C=N/Nc1nc2c(s1)CCCC2,0,9868
6876972.0,COc1ccccc1/C=N/NC(=O)CC(=O)Nc1ccc(Cl)c(Cl)c1,1,9869
3378191.0,Cc1ccc(C)c(C(=O)COC(=O)c2ccccc2N2C(=O)C3C4CCC(C4)C3C2=O)c1,1,9870
3632817.0,COC(=O)C1C2CCC(C2)C1C(=O)OCC(=O)c1ccccc1,0,9871
901566.0,Cc1nc2sccc2c(=O)n1-c1cccc(Cl)c1,0,9873
901565.0,Cc1nc2sccc2c(=O)n1-c1ccccc1Cl,0,9874
4326570.0,CCc1ccc(C(=O)COC(=O)C(Cc2ccccc2)NC(=O)C2CCC(C)CC2)cc1,1,9875
6402471.0,Brc1ccc(-c2nnc(-c3ccccc3)c(N3CCSCC3)n2)cc1,0,9876
5060415.0,CCCCN1C(=O)C(NC(=O)C2CC2)(C(F)(F)F)C2=C1CC(C)(C)CC2=O,0,9877
823300.0,Cc1cc([N+](=O)[O-])nn1Cc1ccccc1F,0,9878
1046867.0,CCn1cc(-c2nnnn2-c2ccc(Cl)cc2)c(=O)c2ccccc21,1,9879
7285520.0,O=c1c2ccccc2ncn1CCCSc1ccccc1,0,9880
2994115.0,Cc1ccc(SCCCn2cnc3ccccc3c2=O)cc1,1,9883
6480445.0,COc1cc(-c2nnc(SCC3(c4ccccc4)OCCO3)o2)cc(OC)c1OC,1,9884
6877462.0,COc1cccc(/C=N/NC(=O)c2c(-c3ccccc3)noc2C)c1,0,9885
824939.0,Cc1cc(OC(=O)c2ccccc2Br)cc(=O)n1C,0,9886
9558636.0,COc1cc(/C=N/NC(=O)c2cncc(Br)c2)ccc1OC(=O)c1ccc2c(c1)OCO2,0,9887
3761713.0,COc1ccc(OC)c(C2C(C(=O)Nc3nc4ccccc4s3)=C(C)NC3=C2C(=O)CCC3)c1,1,9888
824938.0,Cc1cc(OC(=O)c2ccccc2Cl)cc(=O)n1C,0,9889
824940.0,Cc1cc(OC(=O)c2ccc(Cl)cc2)cc(=O)n1C,0,9890
3482705.0,O=P(Nc1ccccc1)(Nc1ccccc1)Oc1cccc(Cl)c1,0,9891
992681.0,CCCc1cc2c(cc1NC(=O)c1ccc(Br)cc1)OCO2,1,9892
135481902.0,CCc1c(O)nc2sc3ccccc3n2c1=O,0,9893
4693206.0,COC(=O)COc1ccc(Cl)cc1C1Nc2ccccc2C(=O)N1c1ccc(OC)cc1,1,9894
5951878.0,O=C(/C=C1\NCC2c3ccccc3CCN2C1=O)c1ccccc1,1,9897
11841561.0,COc1ccc(C2NC(=O)c3sc4nc(C)c(C(C)=O)c(-c5ccc(Cl)cc5)c4c3N2)cc1,1,9899
853783.0,C=CCN(CC=C)C(=S)Nc1ccccc1,0,9901
847924.0,CCCc1cc2c(cc1NC(=O)c1ccccc1C)OCO2,1,9902
11958379.0,CCOc1cc(CNCc2cccs2)cc(Br)c1OC.Cl,1,9903
135510978.0,Cc1ccc(C(=O)N/N=C\c2ccc[nH]2)cc1[N+](=O)[O-],0,9904
5434357.0,C/C(=N\NC(=O)c1cccc(C)c1)c1cccc(NC(=O)c2ccco2)c1,0,9905
4319123.0,CC(NC(=O)c1ccc(Cn2cc([N+](=O)[O-])cn2)o1)c1ccccc1,1,9908
833411.0,Cc1cccc(OCC(=O)NC(=S)N2CCCc3ccccc32)c1,1,9910
1218310.0,CCC(=O)Nc1ccccc1C(=O)OCC(=O)c1cccc2ccccc12,1,9911
900059.0,CCOC(=O)c1ccc(-c2ccc(CO)o2)cc1,0,9912
6021157.0,Cc1ncsc1C(=O)N1N=C2/C(=C/c3ccccc3)CCCC2C1c1ccccc1,1,9914
11958382.0,CCCCCNCc1cccc(Br)c1.Cl,0,9915
2978342.0,Cc1ccc(Nc2ccc(-n3ccnc3)nn2)cc1C,1,9916
6104810.0,Cc1ccc(/C=C/c2nnc(-c3cccs3)o2)cc1,0,9917
11842297.0,CCC(C)c1ccc(Nc2ncccc2C#N)cc1,0,9918
833649.0,Clc1ccc(-c2nnc(CCc3ccccc3)o2)c(Cl)c1,0,9919
9774180.0,O=C(N/N=C/c1ccc2cccc(OCc3ccccc3)c2n1)c1ccc(Br)cc1,0,9922
6873550.0,COc1ccc(/C=N/NC(=O)c2cc(-c3ccc(C)cc3C)nc3ccccc23)cc1COC(C)=O,0,9923
824943.0,Cc1ccc(C(=O)Oc2cc(C)n(C)c(=O)c2)cc1,0,9924
900999.0,Cn1nnnc1SCc1ccccc1[N+](=O)[O-],0,9925
6876837.0,Cc1ccc(C(=O)N/N=C/c2cc(C)n(-c3ccc(Br)cc3)c2C)cc1[N+](=O)[O-],0,9927
990326.0,c1ccc(-c2ccc(C3=Nn4c(Cn5nnc6ccccc65)nnc4SC3)cc2)cc1,0,9928
1214495.0,CC(C)Cn1c(C(C)C)nc([N+](=O)[O-])c1S(=O)(=O)c1ccc(F)cc1,1,9929
4085478.0,COc1cc(C2C(C(=O)OCCC#N)=C(C)NC3=C2S(=O)(=O)c2ccccc23)cc(OC)c1OC,1,9930
4414752.0,COC(=O)C1=C(C)N=C2SC(C#N)=C(N)N2C1c1ccc(OC)cc1,1,9931
54687627.0,CC(=O)c1c(O)c(C)c(-c2ccccc2)n(-c2ccccc2)c1=O,0,9932
11841560.0,COc1ccc(-c2c(C(C)=O)c(C)nc3sc4c(c23)NC(c2ccccc2)NC4=O)cc1,1,9933
850471.0,Cc1cccc(NC(=O)c2onc3c2CCCC3)c1C,0,9935
11958386.0,CCOc1cc(CNCCO)cc(Br)c1OCc1ccccc1Cl.Cl,1,9936
4326203.0,CCN1CCN(C(c2ccccn2)c2c(NC(=O)c3ccccc3)sc(C)c2C)CC1,1,9937
11836085.0,CC(=O)c1cc2c(cc1N/C=C\c1nnnn1-c1ccc(Br)cc1)OCO2,1,9938
850342.0,CCOC(=O)c1cnn(-c2cc(Oc3ccccc3)ncn2)c1N,0,9939
135510980.0,CCCCN=C1N/C(=C\c2ccco2)C(=O)N1c1ccccc1,0,9940
685908.0,Cc1ccsc1-c1nc(-c2ccccc2)c(-c2ccccc2)[nH]1,1,9941
6874046.0,COc1ccc(/C=N/NC(=O)c2ccn[nH]2)cc1COc1ccc(Cl)cc1,0,9942
842923.0,Cc1nn(C)cc1C(=O)NNC(=S)Nc1ccccc1,0,9943
1221964.0,CN1CCN(NC(=O)c2ccc(F)cc2)CC1,0,9944
4245575.0,CCCCN1C(=O)C(NC(=O)CC(C)C)(C(F)(F)F)C2=C1CC(C)(C)CC2=O,0,9945
844731.0,CCn1ncc(C(=O)Nc2cc(C)on2)c1C,0,9946
848614.0,COc1cccc2cc3c(=O)oc4ccccc4c3nc12,0,9948
900907.0,Cc1c(C#N)c(=O)oc2ccc3ccccc3c12,1,9949
1803629.0,CCOc1c(Cl)cc(C(=O)Nc2ccccc2-c2ccccc2)cc1Cl,1,9950
6873313.0,Cc1sc(N/N=C/C=C/c2ccccc2)nc1-c1ccccc1,0,9951
4383487.0,CCOC(=O)C1=C(C)C(c2ccccc2OC)NC(=S)N1,0,9955
680998.0,O=C(NNC(=S)Nc1ccccc1)C1CC1,0,9956
1214455.0,Cc1ccc(-n2cnc(=O)c3cccnc32)cc1,0,9957
901923.0,O=c1ncn(-c2ccccc2F)c2ncccc12,0,9958
135510981.0,C=CCn1c(=O)c(C=Nc2cccc([N+](=O)[O-])c2)c(O)n(CCCC)c1=O,0,9959
5153483.0,CCOc1cc(C2NN=C(c3ccccc3)S2)ccc1OCc1ccccc1Cl,0,9960
9603177.0,CCCCCC1CC1C(=O)N/N=C/c1ccc(N(C)C)cc1,1,9961
5090858.0,CCCCCCCCn1cc(C(C)=O)c(=O)[nH]c1=O,0,9962
1815226.0,CCCCN1C(=O)/C(=C/c2ccc(N(C)C)cc2)C(=O)N(Cc2ccco2)C1=O,0,9963
1015268.0,CCc1ccc(OCC(=O)NC(=S)Nc2ccc(F)cc2)c(Br)c1,0,9964
135417106.0,Cc1cccc(-c2n[nH]c([N+](=O)[O-])n2)c1,0,9968
4687157.0,O=C(CSC1CC(=O)N(CC(c2ccccc2)c2ccccc2)C1=O)Nc1ccc(Cl)cc1,1,9970
1553306.0,CCN(CC)c1ccc(N2C(=O)/C(=C\c3cccnc3)SC2=S)cc1,0,9972
4077927.0,CCOC(=O)CN1C(=O)C(Sc2n[nH]c(-c3ccc(C)cc3)n2)CCc2ccccc21,0,9973
6405730.0,Clc1ccc(-c2nnc(-c3ccc(Br)cc3)c(N3CCSCC3)n2)cc1,0,9974
11958397.0,NC(=O)[C@H](Cc1cc2ccccc2s1)NC(=O)[C@@H]1CC2(CC(c3cccc(NC(=O)[C@@H]4CCC(=O)N4)c3)=NO2)CN1C(=O)/C=C/c1c(F)cccc1Cl,1,9976
11958399.0,CCCCCC(=O)N1CC2(CC(c3cccc(NC(=O)c4ccccc4)c3)=NO2)C[C@@H]1C(N)=O,1,9977
11958400.0,C=C(C)C(=O)N1CC2(CC(c3cccc(NC(=O)c4ccccc4)c3)=NO2)C[C@@H]1C(N)=O,0,9978
4227795.0,CCCOc1cccc(-c2cc(-c3n[nH]c(=S)n3CC)c3ccccc3n2)c1,1,9979
11958407.0,CCCCn1nc2cc(C(=O)NCC3CC3)ccc2c1OCC,0,9981
902549.0,Cc1ccc(SCc2nnc(NC(=O)c3ccccc3)s2)cc1,0,9982
5879932.0,COc1cc(/C=N\Nc2ccc([N+](=O)[O-])cc2)ccc1OCC(=O)Nc1ccc(C)c(C)c1,1,9983
7311935.0,CCOC(=O)c1ccc(Cl)c(NC(=O)c2ccc(-c3ccccc3)cc2)c1,0,9984
1225528.0,O=C(Nc1cnn(Cc2ccc(Cl)cc2)c1)c1ccc([N+](=O)[O-])cc1,0,9985
1234247.0,Cc1n[nH]c(=S)c2nn(-c3ccccc3)c(C)c12,0,9986
135431487.0,Nc1c(N=Nc2cccc(Cl)c2)c(=O)[nH]n1-c1ccccc1,0,9987
1051489.0,COc1ccc(NC(=O)CSc2nc(-c3ccc(C)cc3)cc(C(F)(F)F)c2C#N)cc1,0,9988
4041038.0,Cc1ccccc1C(=O)Nc1ccc(C(=O)NNC(=O)CCCOc2ccc(Cl)cc2Cl)cc1,0,9991
1789335.0,Cc1ccc(NC(=O)CCC(=O)NNC(=O)c2ccco2)cc1C,0,9992
5433215.0,CCC(=O)Nc1ccc(/C(C)=N\NS(=O)(=O)c2ccc(C)cc2)cc1,0,9994
11958422.0,CCOc1c2ccc(C(=O)NCc3cc(C(F)(F)F)cc(C(F)(F)F)c3)cc2nn1C,1,9997
6401820.0,O=C(CSc1nnc2c3ccccc3c3ccccc3c2n1)Nc1ccccc1,0,9998
843742.0,Cc1cccc(NC(=S)NNC(=O)c2csc3c2CCCC3)c1,0,9999
1767496.0,CCNC(=S)NNC(=O)c1cc(C2CC2)nc2ccccc12,0,10000
4765844.0,COc1cccc(NC(=S)NNC(=O)C(C)n2nc(C)c([N+](=O)[O-])c2C)c1,0,10001
1767737.0,CCNC(=S)NNC(=O)c1cc(CC(C)C)nc2ccccc12,0,10002
1012378.0,O=C(Cc1ccc(Cl)cc1)NNC(=O)Nc1cccc2ccccc12,0,10003
6876329.0,Cc1ccc(/C=N/NC(=O)c2cc3c(ccc4ccccc43)o2)cc1[N+](=O)[O-],0,10004
4189572.0,O=C(NC(=S)Nc1ccc(Br)cn1)c1cncc(Br)c1,0,10005
1011199.0,O=C(COc1ccc2ccccc2c1Br)NNC(=O)Nc1ccccc1,1,10006
7307102.0,Cc1ccnc(NC(=O)c2cccc(NC(=O)COc3ccccc3)c2)c1,0,10009
1217293.0,COc1ccc(C(=O)COC(=O)c2ccc(NC(=O)c3ccccc3)cc2)cc1,0,10011
9600712.0,COc1ccc(OCC(=O)N/N=C/c2ccc(O[C@@H]3O[C@H](CO)[C@@H](O)[C@H](O)[C@H]3O)cc2)cc1,0,10012
7285274.0,CC(=O)c1cc2c(cc1N/C=C\c1nnnn1-c1ccc(Cl)cc1)OCO2,1,10013
5115844.0,COC(=O)c1c(-c2ccc3ccccc3c2)csc1NC(=O)Cc1ccc(OC)c(OC)c1,1,10014
11958435.0,CCOc1c2ccc(C(=O)NCc3ccc(OC(F)(F)F)cc3)cc2nn1CC,0,10015
11958436.0,CCOc1c2ccc(C(=O)NCCc3cccs3)cc2nn1CC,0,10016
11958437.0,CCOc1c2ccc(C(=O)NCCCCc3ccccc3)cc2nn1C,0,10017
4748298.0,Cc1nn(C)c(C(=O)NNC(=S)Nc2ccc(Cl)cc2)c1[N+](=O)[O-],0,10019
11958447.0,COc1ccc(CNC(=O)C2CC(c3cccc([N+](=O)[O-])c3)=NO2)cc1,1,10021
11958463.0,CCCCn1nc2cc(C(=O)NC[C@@H]3CCCO3)ccc2c1OCC,0,10022
11958484.0,CCCCn1nc2cc(C(=O)NCc3ccc(C(F)(F)F)cc3C(F)(F)F)ccc2c1OCC,1,10024
11958487.0,COCCNC(=O)c1onc(CSc2cccc(Cl)c2)c1C(=O)O,0,10026
11958489.0,NC(=O)[C@H]1CC2(CC(c3cccc(NC(=O)c4ccccc4)c3)=NO2)CN1C(=O)[C@H]1CCC(=O)N1,0,10027
990430.0,CCOC(=O)c1cc(-c2ccccc2)sc1NC(=S)Nc1cc(C)ccn1,1,10029
9643076.0,COc1c(/C=N/Nc2ccc([N+](=O)[O-])cc2[N+](=O)[O-])c(C)nn1-c1ccccc1,0,10031
6877167.0,COc1cccc(/C=N/n2nnc3c(cnn3-c3ccccc3)c2=O)c1,0,10032
979998.0,O=C(c1ccccc1)c1nn(-c2cccc(Cl)c2)c2nc(-c3ccccc3)cc(=O)n12,0,10034
11958508.0,O=C(NCc1ccccc1)c1onc(CSc2ccc(F)cc2)c1C(=O)NCCCN1CCOCC1,1,10036
1632392.0,CC(=O)NNC(=O)CCC(=O)Nc1ccccc1,0,10037
11958523.0,O=C(NCc1ccccc1C(F)(F)F)C1CC(c2ccccc2[N+](=O)[O-])=NO1,1,10038
1790695.0,COc1ccc(C(=O)NC(=S)NNC(=O)CCc2ccccc2)cc1,1,10040
1732131.0,CCOCC(=O)Nc1cc(C(=O)Nc2ccccc2)ccc1Cl,0,10041
1719140.0,CCCOc1ccc(C(=O)NC(=S)Nc2nc3ccc(C)cc3s2)cc1,0,10042
11958547.0,CCOc1ccccc1Nc1nc(-c2sc(NC(=O)c3cccc(Cl)c3)nc2C)cs1,1,10043
1144666.0,CCOc1ccccc1Nc1nc(-c2sc(NC(=O)c3ccccc3)nc2C)cs1,1,10044
6529568.0,COc1ccc(/C=C2\NC(=S)N(CC3CCCO3)C2=O)c(OC)c1,1,10046
6277776.0,O=[N+]([O-])c1ccc(Nc2nc(N/N=C\c3ccc4c(c3)OCO4)nc(N3CCCCC3)n2)cc1,1,10047
11958574.0,NC(=O)CNC(=O)[C@@H]1CC2(CC(c3ccccc3)=NO2)CN1C(=O)c1ccc(Br)cc1,0,10048
11958576.0,NC(=O)CNC(=O)[C@@H]1CC2(CC(c3ccc(Cl)cc3)=NO2)CN1C(=O)c1ccccc1,0,10049
11958580.0,COc1ccc(C(=O)N2CC3(CC(c4cccc([N+](=O)[O-])c4)=NO3)C[C@H]2C(=O)NCC(N)=O)cc1,0,10050
11958581.0,NC(=O)CNC(=O)[C@@H]1CC2(CC(c3cccc([N+](=O)[O-])c3)=NO2)CN1C(=O)c1ccccc1,0,10051
6416317.0,O=C1Nc2ccc(F)cc2C12Nc1ccccc1-c1nnc(SCc3ccccc3F)nc1O2,1,10052
135510986.0,O=C(Cn1cnc([N+](=O)[O-])n1)N/N=C/c1ccccc1O,0,10053
1217866.0,Cc1ccc(-c2nc3ccccc3[nH]2)cc1NC(=O)c1sc2ccccc2c1Cl,1,10054
11958618.0,C=CCCC(=O)Nc1nc(C)c(-c2csc(Nc3ccc(Cl)cc3)n2)s1,1,10055
11958666.0,C=CCNC(=O)c1onc(CSc2cc(C)cc(C)c2)c1C(=O)O,1,10056
5431585.0,Cc1c(Cl)c([N+](=O)[O-])nn1Cc1ccc(C(=O)N/N=C\c2cccc(Br)c2)o1,1,10057
1797452.0,CC(C)n1cc(/C=C2/SC(=O)N(CC(=O)Nc3ccc4c(c3)OCO4)C2=O)c2ccccc21,1,10058
1229516.0,Cn1cc(/C=C2/SC(=O)N(CC(=O)Nc3ccc4c(c3)OCO4)C2=O)c2ccccc21,1,10059
1789074.0,Cc1ccc(C(=O)NNC(=S)NC(=O)c2ccc(Cl)cc2)cc1,1,10060
11958676.0,COCCn1nc2cc(C(=O)NCc3cc(C(F)(F)F)cc(C(F)(F)F)c3)ccc2c1OC,0,10062
979345.0,CC(=O)Nc1ccc(N=Cc2c(C)c(C#N)c(=O)n(CCc3ccccc3)c2O)cc1,1,10063
11958680.0,CCOc1c2ccc(C(=O)NCc3ccc(C)cc3)cc2nn1CC,0,10066
11958681.0,C=CCOc1c2ccc(C(=O)NC3CCCc4ccccc43)cc2nn1C,0,10067
11958687.0,CCOc1c2ccc(C(=O)NCc3ccc(OC(F)(F)F)cc3)cc2nn1C,0,10068
11958688.0,CCOc1c2ccc(C(=O)NCc3ccccc3)cc2nn1CCOC,0,10069
11958689.0,CCCn1nc2cc(C(=O)NCCc3ccc(C)cc3)ccc2c1OCC,1,10070
11958691.0,CCCn1nc2cc(C(=O)NCc3ccc(OC)cc3)ccc2c1OCC,0,10072
11958692.0,CCOc1c2ccc(C(=O)NC3CCCc4ccccc43)cc2nn1C,0,10073
11958695.0,CCOc1c2ccc(C(=O)NCc3ccc4c(c3)OCO4)cc2nn1CCOC,0,10076
11958696.0,CCCn1nc2cc(C(=O)NCCCCc3ccccc3)ccc2c1OCC,1,10077
11958698.0,CCCn1nc2cc(C(=O)NCc3ccccc3OC)ccc2c1OCC,0,10078
11958699.0,CCOc1c2ccc(C(=O)NCCCCc3ccccc3)cc2nn1CC,0,10079
2930095.0,C[n+]1cn(CC(O)COCc2ccccc2)c2ccccc21.[I-],0,10080
1123987.0,O=C(CSc1nnc(CNc2ccc(F)cc2)o1)N1c2ccccc2Sc2ccccc21,1,10081
3224085.0,Cc1cc(C)c2cc(C#N)c(NCCOC(=O)c3ccccc3C)nc2c1,1,10082
785496.0,COc1cc2c(cc1OC)CN(C(=S)Nc1ccccc1)CC2,1,10083
11958701.0,NC(=O)c1ccc[n+](CC(=O)OCCC23CC4CC(CC(C4)C2)C3)c1.[Cl-],0,10084
1088811.0,COc1ccc2oc(=O)c(C(=O)Oc3ccc(NC(C)=O)cc3)cc2c1,0,10085
977572.0,CCCc1nnc(NC(=O)Cn2cnc3ccccc3c2=O)s1,0,10086
3135002.0,CC(C)CCOc1ccc(NC(=O)C2OC3OC(C)(C)OC3C3OC(C)(C)OC23)cc1,0,10087
3202579.0,COc1ccc(CN(C(=O)Cc2cccs2)C(C(=O)NC2CCCC2)c2ccncc2)cc1,1,10090
1172037.0,COc1ccc2cc(C)c3nnc(SCC(=O)Nc4nc(-c5ccccc5)cs4)n3c2c1,1,10093
827408.0,CCNc1nc(NCC)nc(N(C)N)n1,0,10094
3217849.0,Cc1cc(C)cc(NC(=S)NC2CC3CCC(C2)N3Cc2ccco2)c1,0,10095
3218157.0,CC(C)CNC(=S)NC1CC2CCCC(C1)N2Cc1ccco1,0,10096
3218175.0,Cc1cccc(NC(=S)NC2CC3CCCC(C2)N3Cc2cccs2)c1,0,10097
1068701.0,O=c1c2ccccc2c(-c2ccccc2)nn1-c1ccc(Cl)c(Cl)c1,0,10098
11958705.0,COc1ccc(C(=O)C(CCCCC(CN(C)C)C(=O)c2ccc(OC)cc2)CN(C)C)cc1.Cl,0,10099
3224046.0,Cc1cc2nc(CCN(C(=S)NCC(C)C)C3CCCC3)[nH]c2cc1C,1,10100
1467910.0,CN(C)C(=O)CSc1nnc(Cc2ccc([N+](=O)[O-])cc2)o1,0,10101
1467909.0,CC(=O)CSc1nnc(Cc2ccc([N+](=O)[O-])cc2)o1,0,10103
3219291.0,CCc1ccc(N(C(=O)c2csnn2)C(C(=O)NC(C)(C)C)c2ccncc2)cc1,1,10104
3153670.0,O=C(NC1CCCC1)C(c1ccc(F)cc1)N(Cc1ccc(F)cc1)C(=O)c1ccn[nH]1,0,10105
3218172.0,COCCNC(=S)NC1CC2CCCC(C1)N2Cc1cccs1,0,10106
3218156.0,CCNC(=S)NC1CC2CCCC(C1)N2Cc1ccco1,0,10107
135510987.0,Cc1ccc(N=C/C(C(=O)C(F)(F)F)=C(\O)c2cccs2)cc1,1,10108
3096496.0,OCCN=C1CCCc2c1[nH]c1ccc(Br)cc21,0,10109
777053.0,Cc1ccc(/C=C2\Sc3ccccc3C2=O)s1,1,10110
6871634.0,COc1cc(C(=O)Oc2ccccc2/C=N/NC(=O)c2ccc(C)cc2)cc(OC)c1OC,0,10111
5734740.0,Cc1ccc(C)c(N/C(N)=N/c2nc(C)cc(C)n2)c1,0,10112
1451395.0,Cc1cccc(NC(=O)CSc2nc(COc3ccccc3)nc3ccccc23)c1C,1,10113
5344956.0,C#CCSc1nncn1C(=O)/C=C/c1ccccc1,0,10114
5765850.0,COc1ccc(C(=O)/C=C2/c3ccccc3CC(C)(C)N2C)cc1,1,10116
3223978.0,Cc1ccc2nc(C3CCCN(C(=S)Nc4ccccc4C)C3)[nH]c2c1,1,10118
11958711.0,Cc1ccc2nc(Cc3ccc(N)cc3)[nH]c2c1.Cl,1,10119
3168482.0,COc1ccc2nc(C)cc(SCC(=O)NNC(=O)COc3ccc(C)cc3)c2c1,1,10120
9595202.0,COc1ccc(C(=O)N/N=C2/SCC(=O)N2Cc2ccc3c(c2)OCO3)cc1OC,1,10121
3202489.0,Cc1cccc(N(C(=O)Cc2cccs2)C(C(=O)NC2CCCC2)c2ccsc2)c1,1,10122
1728313.0,CCCOc1ccc(C(=O)NNC(=S)NC(C)=O)cc1,0,10123
1447683.0,COc1cccc(-c2csc(N3CCN(C(=S)Nc4ccccc4)CC3)n2)c1,1,10124
3223681.0,COc1cccc(-c2csc(N3CCN(CC(=O)NNC(=O)c4ccc(Cl)cc4)CC3)n2)c1,1,10125
11958713.0,CN(C)c1cc[n+](CC(=O)Nc2cc(C(F)(F)F)ccc2Cl)cc1.[Cl-],0,10127
11958714.0,Cc1cc[n+](CC(=O)Nc2cc(C(F)(F)F)ccc2Cl)cc1.[Cl-],0,10128
1440651.0,Cc1ccc(S(=O)(=O)CCc2nnc(NC(=O)COc3cccc(C)c3)s2)cc1,1,10129
3219282.0,Cc1cc(C)cc(N(C(=O)c2csnn2)C(C(=O)NC(C)(C)C)c2cccs2)c1,1,10130
826222.0,Cc1ccc(Nc2nc(Cl)nc(N(C)C#N)n2)cc1,1,10132
9590959.0,Cc1cnn(-c2cc(N/N=C/c3ccccc3Cl)ncn2)c1,0,10133
3143995.0,Cc1nn(Cc2ccc(Cl)cc2)c(C)c1NC(=O)CSc1nc2c(c(C(F)(F)F)n1)CCc1ccccc1-2,1,10134
1112978.0,O=C(COc1cccc2ccccc12)N1c2ccccc2CCc2ccccc21,1,10135
3219098.0,COc1ccc(CN(C(=O)c2cccs2)C(C(=O)NC2CCCCC2)c2ccc3ncccc3c2)cc1,1,10136
1442685.0,CC(C)c1ccc2nc3sc(C(=O)N4CCc5ccccc5C4)c(N)c3cc2c1,0,10138
3193322.0,CCOc1cc(NC(=O)c2ccccc2[N+](=O)[O-])c(OCC)cc1NC(=O)CC(C)C,0,10139
1078740.0,CC(C)(C)c1ccc(C(=O)N2CCC(C(=O)NCCC3=CCCCC3)CC2)cc1,0,10140
3217847.0,Cc1cccc(NC(=S)NC2CC3CCC(C2)N3Cc2ccco2)c1C,0,10141
3211246.0,Cc1ccc(C(C(=O)NC2CCCCC2)N(CC2CCCO2)C(=O)CNC(=O)c2cccs2)cc1,1,10142
3114586.0,CC1CN(C(NC(=O)C(C)(C)C)C(Cl)(Cl)Cl)CC(C)O1,0,10143
3119182.0,NNC(=O)CNC(c1ccccc1)c1cc(Br)ccc1NC(=O)c1ccccc1Br,1,10144
5771062.0,CC1CCc2cc(F)ccc2N1C(=O)CSc1nnc2c(n1)[nH]c1ccc(F)cc12,1,10145
3180841.0,CC(C)CC(C(=O)NCC1CCCO1)N(C(=O)Cn1nnc(-c2ccc(F)cc2)n1)c1cccc(C(F)(F)F)c1,1,10146
3217771.0,CC(C)CNC(=S)NC1CC2CCC(C1)N2Cc1ccccc1,0,10147
9557099.0,COc1cccc(/C=N/NC(=O)c2cc(-c3cccn3C)n[nH]2)c1,0,10148
3098751.0,O=C1C(Cc2ccccc2)SC(=Nc2ccccc2)N1c1ccccc1,1,10149
818768.0,CC(=O)NNC(=O)C(O)(c1ccccc1)c1ccccc1,0,10150
5348064.0,Cc1ccc(NC(=O)/C(=C\c2ccc3c(c2)OCO3)NC(=O)c2ccco2)cc1,1,10151
1172466.0,CCOc1cc(NC(=S)Nc2cccc(C)c2)c(OCC)cc1NC(=O)CC(C)C,1,10152
1934798.0,Cc1ccc(C(=O)N/C(=C/C=C/c2ccccc2)C(=O)NCc2ccco2)cc1,1,10153
3202484.0,O=C(NC1CCCC1)C(c1ccsc1)N(Cc1ccccc1)C(=O)Cc1cccs1,1,10154
1435013.0,CCc1nc(SCC(=O)NNC(=O)C2CCCCC2)c2ccccc2n1,0,10155
3167929.0,Clc1ccc(-n2nnnc2CN2CCOCC2)cc1,0,10156
3165253.0,COc1cc(C2C(C#N)=C(N)Oc3c2ccc2ccccc32)ccc1OCC(=O)Nc1ccccc1C,1,10157
749623.0,Cc1nn(CC(=O)N2CCOCC2)c(C)c1[N+](=O)[O-],0,10159
2849595.0,CCOc1ccc(NC(=O)c2ccc(Br)o2)c([N+](=O)[O-])c1,0,10161
829437.0,Cc1ccc(-c2nc3ccccc3c(=O)n2-c2ncccc2C)cc1,0,10162
3121511.0,Cc1cc(C)cc(-n2c(C)cc(C=C(C#N)C#N)c2C)c1,0,10163
3208143.0,CCc1cc2cc(C)c(C)cc2nc1SCC(=O)NNC(=O)c1ccco1,1,10164
698365.0,S=C(Nc1ccccc1)N1CCCCC1,0,10165
3184574.0,COc1cccc(-n2c(SCC(=O)Nc3sc4c(c3C(N)=O)CCC4)nc3ccccc3c2=O)c1,0,10168
3139324.0,Cc1ccc(OCC(=O)NNC(=O)CCc2ccccc2)cc1,0,10169
3103518.0,CCC(=O)NC(NCC1CCCO1)C(Cl)(Cl)Cl,0,10170
6871468.0,O=C(CN1CCCC1)N/N=C/c1ccc(-c2cccc(Cl)c2)o1,0,10171
843190.0,Cc1ccn2c(NC(=O)c3ccccc3)c(-c3cccs3)nc2c1,1,10173
3136783.0,Fc1ccc2c(c1)C1C=CCC1C(c1cc3c(cc1Br)OCO3)N2,0,10174
2833597.0,O=C1CC(SC(=Nc2ccccc2)Nc2ccccc2)C(=O)N1c1cccc(Cl)c1,1,10177
3108504.0,CC(C)(C)NC(=O)C(=O)NNC(=O)c1ccccc1,0,10178
865072.0,CCOC(=O)CSc1nc(-c2ccccc2)nc2ccccc12,0,10179
776571.0,CC(=O)Nc1ccc(C(=O)NNC(=O)CCc2ccccc2)cc1,0,10181
3191218.0,Cc1nn(C)cc1C(C(=O)NC1CCCCC1)N(C(=O)Cc1cccs1)c1ccc(C(C)C)cc1,1,10182
1368178.0,NC(=O)C1(N2CCCCC2)CCN(C(=S)Nc2ccc(Cl)cc2)CC1,0,10183
746923.0,COC(=O)c1c(NC(C)=O)sc(Cc2ccccc2)c1C,1,10184
3147101.0,COc1cccc(C(=O)N2N=C(c3cccc(OC)c3)CC2(O)C(F)(F)F)c1,1,10185
605297.0,O=[N+]([O-])c1cccnc1N1CCCCC1,0,10186
3144188.0,CCC1NC(=S)N(C2CCCCC2)C1=O,0,10187
3111651.0,O=C(NCc1cccnc1)C1CC2c3ccccc3C1c1ccccc12,1,10189
3211145.0,O=C(NCC(=O)N(c1ccccc1)C(C(=O)NC1CCCC1)c1cccnc1)c1cccs1,1,10190
736799.0,O=C(NNC(=S)Nc1ccccc1)c1ccco1,0,10193
1134893.0,COc1ccc(OCc2nnc(SCC(=O)N3c4ccccc4Sc4ccc(Cl)cc43)o2)cc1,1,10194
6034947.0,Cc1nc2ccccc2n1CC(=O)N/N=C\C=C\c1ccccc1,0,10195
847266.0,Clc1ccc(N=C(c2ccccc2)N2CCOCC2)cc1Cl,1,10196
3092413.0,CCCC(=O)NC(Nc1ccccc1OC)C(Cl)(Cl)Cl,1,10197
3215410.0,COc1ccc(C(C(=O)NC2CCCCC2)N(C(=O)c2sc(C)nc2C)c2ccc(C(C)=O)cc2)cc1,1,10198
1420427.0,CC1(C)C2([N+](=O)[O-])CN3CC1([N+](=O)[O-])CN(C2)C31CCCC1,0,10199
2896625.0,COC(=O)c1c(NC(=O)CC2Nc3ccccc3NC2=O)sc(C)c1C,1,10200
3150565.0,Cc1ccccc1NC(=O)C1CC(=O)N(c2ccc3c4c(cccc24)CC3)C1,1,10201
725697.0,Cc1ccc(OCC(=O)NNC(=O)c2cc3ccccc3o2)cc1,0,10202
5405994.0,CC(/C=N\NC(=O)Cn1c(C)nc2ccccc21)=C\c1ccccc1,0,10203
1432646.0,Cc1cc2nc(-c3ccc(SCc4ccc(C#N)cc4)nc3)[nH]c2cc1C,0,10204
704595.0,COc1ccc(CCNc2nc(-c3cccnc3)cs2)cc1OC,1,10205
3103429.0,O=C(Cc1ccccc1)NC(NCCc1ccccc1)C(Cl)(Cl)Cl,1,10206
3218586.0,COc1ccc(C(=O)NC2CCN(C(=S)Nc3cccc(C)c3)CC2)cc1,1,10207
784772.0,O=C(/C=C/c1ccc(Cl)cc1)NCCN1CCOCC1,0,10208
784576.0,Clc1ccc(Cc2nc(-c3cccnc3)no2)cc1,1,10209
3206680.0,COc1ccc(NC(=O)CSc2nc3ccccc3cc2Cc2ccccc2)cc1,1,10210
3111056.0,CCCCCCCCCCCC(=O)NC(C(=O)OCC)C(O)c1cccc([N+](=O)[O-])c1,1,10211
1432785.0,Cc1cc2nc(-c3ccc(SCC(=O)N4CCc5ccccc54)nc3)[nH]c2cc1C,0,10213
3153642.0,Cc1ccc(N(C(=O)C(F)(F)F)C(C(=O)NC2CCCCC2)c2cccs2)cc1C,1,10215
3180839.0,Cc1ccc(N(C(=O)Cn2nnc(-c3ccc(F)cc3)n2)C(CC(C)C)C(=O)NCC2CCCO2)cc1,1,10216
2933270.0,COC(=O)N1N=C(c2ccccc2)CC1(O)C(F)(F)F,0,10217
1959655.0,O=C(CSc1nc2ccccc2s1)N1c2ccccc2Sc2ccccc21,1,10218
1115489.0,CCOC(=O)C1=C(NC(=S)NC(=O)c2ccccc2)c2ccccc2CC1(C)C,1,10219
5733057.0,COc1ccc(C(=O)N/C(=C/c2cccs2)C(=O)NCCCn2ccnc2)cc1OC,1,10220
112609.0,Cc1sc2ccccc2[n+]1CCC(C)S(=O)(=O)[O-],0,10221
3187970.0,Cc1sc2c(c1C)C(c1ccc(C(C)(C)C)cc1)=NCC(=O)N2CC(=O)Nc1nccs1,1,10222
3218755.0,Cc1cccc(C(=O)NC2CCN(C(=S)NCc3ccco3)CC2)c1,1,10223
1078940.0,COC(=O)c1cc(NC(=O)N2c3ccccc3Sc3ccccc32)cc(C(=O)OC)c1,1,10224
1454774.0,Cc1cccc(NC(=S)N(CCc2nc3cc(C)c(C)cc3[nH]2)Cc2cccnc2)c1,1,10225
1454780.0,Cc1ccc(C)c(NC(=S)N(CCc2nc3cc(C)c(C)cc3[nH]2)Cc2cccnc2)c1,1,10226
1454808.0,COc1cccc(NC(=S)N(CCc2nc3cc(C)c(C)cc3[nH]2)Cc2cccnc2)c1,1,10227
3223336.0,Cc1ccc(C(=O)NNC(=O)C2CCCN(c3ncccn3)C2)cc1,0,10228
5725491.0,Cc1cccc(N/C(N)=N/c2nc(C)cc(C)n2)c1,0,10229
1142967.0,Cc1ccc(C(=O)NNC(=O)CSc2nnc(-c3ccncc3)n2-c2ccc(C)cc2)cc1,1,10230
1438198.0,O=C(c1ccc(F)cc1)C1CCN(C(=S)Nc2ccccc2)CC1,1,10231
1735884.0,Cc1ccc(-c2nnc(SCC(=O)NNC(=O)COc3cccc(C)c3)n2C)cc1,1,10232
1082582.0,CCc1cccc2c(C=C(C#N)C#N)cn(CC(=O)N3CCCCC3)c12,0,10233
981647.0,Cc1cccc(N2CCN(c3ccc(NC(=O)/C=C(/C(=O)O)c4ccccc4)cc3)CC2)c1,0,10234
3217884.0,CNC(=S)NC1CC2CCCC(C1)N2CC(C)C,0,10236
820340.0,Cc1ccc(NC(=O)c2cc(Cl)nc3ccccc23)cc1,1,10237
5344329.0,CC(=O)c1cccc(NC(=O)/C(=C\c2ccco2)NC(=O)c2cccs2)c1,1,10238
1170397.0,COc1ccc(NCc2nnc(SCc3ccccc3)n2-c2ccc(OC)cc2)cc1,1,10239
5345884.0,COc1cc(/C=N/NC(=O)CN2CC(c3ccccc3)CC2=O)ccc1OC(=O)N(C)C,0,10240
3220698.0,COCCNC(=S)N1C2CCC1CC(NC(=O)NC13CC4CC(CC(C4)C1)C3)C2,1,10241
3217860.0,CCc1ccccc1NC(=O)NC1CC2CCC(C1)N2Cc1cccs1,0,10242
3222718.0,Cc1ccc(CNC(=O)C2(NC(=O)Nc3ccc(C)cc3)CCCCC2)cc1,1,10243
11958737.0,CC(C)Oc1ccc(CSC(=N)N)cc1.Cl,0,10245
5765374.0,Cc1cc(C)nc(/N=C(\N)Nc2ccc(F)c([N+](=O)[O-])c2)n1,0,10246
135425486.0,Fc1ccc2c(c1)C(c1ccncc1)=NNC(c1ccc(Cl)cc1)=N2,1,10247
1117844.0,CC(=O)Nc1c(NCC(C)C)c2ccccc2oc1=O,0,10254
9639885.0,COc1ccc(/C=N/NC(=O)CCCOc2ccc(Cl)cc2Cl)cc1[N+](=O)[O-],1,10255
453241.0,O=C1Nc2ccccc2Nc2ncccc21,0,10256
1825672.0,CCCOc1ccc(OCCNC2CCCC2)cc1,0,10257
3143991.0,Cc1ccccc1Cn1cc(NC(=O)CSc2nc3c(c(C(F)(F)F)n2)CCc2ccccc2-3)cn1,1,10259
1373960.0,COc1ccc(-c2nnn(CC(=O)NCCc3c[nH]c4ccccc34)n2)cc1OC,1,10260
1150812.0,O=C(COc1ccc([N+](=O)[O-])cc1)Nc1ccc(C(=O)NCc2cccnc2)cc1,1,10261
3215615.0,Cc1ccc(C(C(=O)NCc2ccco2)N(C(=O)CNC(=O)c2cccs2)c2ccc(C)cc2C)cc1,1,10262
1034763.0,Cc1ccc(C(=O)Nc2cc(Cl)ccc2OC(=O)c2ccc(C)cc2)cc1,0,10264
5835912.0,C/C(CC(=O)NCCCN1CCOCC1)=N\NC(=O)COc1ccc(Cl)cc1,1,10265
3128422.0,Cc1cccc(C(=O)NNC(=O)C2CCCO2)c1,0,10266
824092.0,O=C(NN=C1C2CC3CC(C2)CC1C3)c1ccncc1,1,10267
3215942.0,CCc1ccc(N(C(=O)CNC(=O)c2cccs2)C(C(=O)NC(C)(C)C)c2cc(OC)c(OC)c(OC)c2)cc1,1,10269
3155466.0,CCN1C(=O)C2(SC(NC(C)=O)=NN2C(C)=O)c2cc(C)ccc21,0,10270
3307466.0,Cc1ccc(C)c(S(=O)(=O)NC(C)C(=O)Nc2ccc(-c3nc4ccccc4s3)cc2)c1,1,10271
1026560.0,Cc1ccc2oc(-c3ccc(C)c(NC(=O)Cc4cccs4)c3)nc2c1,0,10272
995585.0,COc1ccc(NS(=O)(=O)c2ccc(NC(=O)c3cnn4c(C(F)F)cc(-c5ccc(C)cc5)nc34)cc2)cc1,1,10273
1817278.0,NC(=O)CSc1nc2sc(-c3ccccc3)cc2c(=O)n1N,0,10274
3188518.0,O=C(NCc1ccccc1)C(c1cccs1)N(Cc1cccs1)C(=O)c1cnccn1,1,10276
1442414.0,CC(C)(C)c1nc(SCC(=O)Nc2ccc3c(c2)OCCO3)c2ccccc2n1,1,10277
9590382.0,COc1ccc(/C=C/C(=O)Oc2cccc(/C=N/NC(=O)COc3c(C)cccc3C)c2)cc1,0,10278
3102030.0,O=C1CCCN1c1ccc(S(=O)(=O)Oc2cccc(Cl)c2)cc1[N+](=O)[O-],1,10281
11958743.0,CCC1CC[N+]2(C)CCC3=C(CCC3)C2(C)C1.[I-],0,10282
1167945.0,CC(C)OC(=O)CSc1nc(-c2ccc(F)cc2)nc2ccc(F)cc12,0,10284
56642946.0,CC(=O)O.O=C(N/N=C/c1cc([N+](=O)[O-])ccc1N1CCNCC1)c1ccc([N+](=O)[O-])cc1,0,10285
1119977.0,O=C(CN(Cc1ccco1)C(=O)c1cccc(Cl)c1)Nc1c(Cl)cc(Cl)cc1Cl,1,10287
9616083.0,CC(C)(C)C1CCc2c(C(=O)N/N=C/c3cccs3)csc2C1,0,10289
3215780.0,COc1ccc(C(C(=O)NC(C)(C)C)N(C(=O)CNC(=O)c2cccs2)c2ccc(C(C)C)cc2)cc1OC,1,10290
858840.0,COc1cccc(N2CCN(C(=S)Nc3cccc(C)c3)CC2)c1,1,10291
5339207.0,CCN(CC)C(=O)C(=O)N/N=C/c1cccc(Br)c1,0,10292
1226649.0,CC(=O)NC(=S)Nc1ccc(-c2nc3ccc(C)cc3s2)cc1,0,10293
3226871.0,Cc1cc(C)c(NC(=O)CS(=O)CC(=O)NCCCc2ccccc2)c(C)c1,1,10294
3205534.0,CC(C)(C)NC(=O)CN(Cc1cccs1)C(=O)CCC(=O)Nc1nccs1,1,10295
1146043.0,CCN(CC)C(=O)Cn1cc(/C=C(\C#N)C(=O)N2CCN(c3ccccc3)CC2)c2ccccc21,1,10296
723909.0,CCCC(O)(CCC)C(=O)NN1CCCCC1,0,10298
9595084.0,CCn1c2ccccc2c2cc(NC(=O)C/C(C)=N/NC(=O)c3ccccc3N)ccc21,1,10300
36755.0,CNc1nc(Cl)nc(NC(C)(C)C)n1,0,10301
3186770.0,CCOc1cc(NC(=S)NCC2CCCO2)c(OCC)cc1NC(=O)c1cccc(C)c1,1,10303
1078765.0,Cc1ccc(C(C2C(=O)CC(C)(C)CC2=O)C2C(=O)CC(C)(C)CC2=O)s1,0,10306
3215244.0,O=C(NC1CCCCC1)C(c1ccc(F)cc1)N(C(=O)Cc1ccsc1)c1ccc(F)cc1,0,10307
1093493.0,O=C(CSc1ccccc1)Nc1ccc(NC(=O)c2ccco2)cc1,0,10308
3119335.0,O=[N+]([O-])c1ccc(N2CCCC2)cc1N1CCCC1,0,10309
5441803.0,O=C(Nc1cccc(Br)c1)/C(=C\c1cccnc1)NC(=O)c1ccco1,1,10310
293745.0,CCCCNC(=O)C(=O)c1ccccc1NC(C)=O,0,10311
790786.0,CCc1c(C)nc2ccc(Br)cc2c1Cl,0,10312
3094819.0,Cc1ncc([N+](=O)[O-])n1CCOC(=O)NC(NCc1ccccc1)C(Cl)(Cl)Cl,1,10313
1143752.0,COc1ccc2nc(C)cc(SCC(=O)Nc3c(C)cc(C)cc3C)c2c1,1,10314
3216052.0,O=C(CN(C(=O)CSc1nc2ccccc2o1)c1cccc(F)c1)NC1CCCCC1,1,10315
5762712.0,COc1cc(/C=C(\C#N)C(=O)NCC2CCCO2)c([N+](=O)[O-])cc1OC,0,10316
2909312.0,COc1cc2c3c(c1OC)C1(C=CC(=O)C=C1)CC3N(C(=O)c1ccccc1)CC2,0,10317
135427797.0,Clc1ccc2c(c1)C(c1cccs1)=NNC(c1cccnc1)=N2,1,10318
767374.0,O=C(Nc1nccs1)c1sc2cc(Cl)ccc2c1Cl,1,10319
2829936.0,O=C(NC(NC(=S)Nc1cc(Cl)ccc1Cl)C(Cl)(Cl)Cl)c1ccco1,1,10320
1820285.0,Cc1ccccc1N1CCN(C(=O)c2ccccc2NC(=O)/C=C\C(=O)O)CC1,0,10322
4240836.0,Cc1[nH][nH]c(=O)c1C(c1c(C)[nH][nH]c1=O)c1cn(Cc2cccc3ccccc23)c2ccccc12,0,10323
3153675.0,COc1ccc(C(C(=O)NC2CCCC2)N(Cc2ccc(F)cc2)C(=O)c2ccn[nH]2)cc1OC,1,10325
769051.0,Cc1cc(C)c2c(N=NN(C)C)[nH]nc2n1,0,10327
1553304.0,CCN(CC)c1ccc(N2C(=O)/C(=C/c3cccnc3)SC2=S)cc1,1,10328
2983339.0,CCOc1cc(CNCCc2ccc(S(N)(=O)=O)cc2)ccc1OCc1ccc(Cl)cc1.Cl,1,10330
1731866.0,CCCCC(=O)Nc1ccc(C)c(O)c1,0,10331
3737197.0,CC1(C)CC2(CC(c3cccs3)c3cc(Cl)c(O)cc3O2)NC(=S)N1,0,10332
1043199.0,Cc1nc(SCC(=O)c2cc3ccccc3oc2=O)c(C#N)c(C)c1C(=O)Nc1ccccc1,0,10333
824234.0,Cc1ccnc(NCn2nnc3ccccc32)c1,0,10334
5334622.0,O=C(N/N=C/c1ccccn1)c1ccc(Br)o1,0,10335
725705.0,Cc1ccc(OCC(=O)NNC(=O)c2cc3ccccc3o2)cc1C,0,10337
1374114.0,Cc1cc2cc(C)c3nnc(SCC(=O)NCc4ccc5c(c4)OCO5)n3c2cc1C,1,10338
5762720.0,N#C/C(=C\c1cccs1)C(=O)NCC1CCCO1,0,10339
745033.0,Cc1ccc(Cn2nc(-c3ccccc3)nc2-c2ccccc2)cc1,1,10340
3129039.0,CC1(C)CC(=O)C(C(C2=C(O)CC(C)(C)CC2=O)c2ccco2)C(=O)C1,0,10342
6868942.0,Cn1cc(C(=O)N/N=C/C(Br)=C\c2ccccc2)ccc1=O,0,10343
5110550.0,Cc1cc(N2CCOCC2)ncc1[N+](=O)[O-],0,10345
6872532.0,COc1ccc(C(=O)Oc2cc(/C=N/NS(=O)(=O)c3ccc(C)cc3)ccc2OC)cc1,0,10347
5433448.0,C/C(=N/NC(=O)c1cccs1)c1ccc(NC(=O)COc2ccc(Cl)cc2Cl)cc1,0,10348
1012180.0,O=C(NNC(=O)c1cc(-c2ccc(Cl)c(Cl)c2)nc2ccccc12)Nc1ccccc1,0,10349
758271.0,CCn1c(-c2cccnc2)n[nH]c1=S,0,10350
9590767.0,O=C(Cc1ccccc1)N/N=C/c1ccccc1OCc1ccc(Cl)cc1,1,10351
775729.0,COc1ccc(OC)c(NC(=O)c2c3c(nc4ccccc24)CCC3)c1,1,10353
1452271.0,Cc1ccc(-n2nnnc2SCC(=O)NNC(=O)c2ccco2)c(C)c1,1,10357
954521.0,CCCn1nnnc1NC(=O)c1ccc(C)cc1Cl,0,10358
820785.0,O=C(N/C(=C/c1ccco1)C(=O)N1CCCCCC1)c1cccs1,1,10360
1441127.0,Cc1ccc(Nc2ncccc2C(=O)NCc2cccs2)c(C)c1,1,10361
11958763.0,Cc1cccc[n+]1CC(=O)Nc1ccc([N+](=O)[O-])cc1Cl.[Cl-],0,10364
1105521.0,N#Cc1ccc(-c2ccccc2)nc1SCC(=O)c1cccc(Cl)c1,0,10365
9563791.0,O=C(Cn1nc(C(F)F)cc1C(F)F)N/N=C/c1ccc2c(c1)OCO2,1,10366
1214139.0,CCOc1cc(/C=C2/SC(=O)N(CC(=O)N3CCc4ccccc4C3)C2=O)ccc1OCC(=O)O,0,10368
11958764.0,N#C/C(=C\c1ccc(Cl)cc1)c1nc2ncccc2[nH]1,0,10369
5431745.0,C/C(=N/NC(=O)c1ccc(NC(=O)c2ccc(F)cc2)cc1)c1ccccc1,0,10370
6874576.0,COc1cc(/C=N/NC(N)=O)c(Br)cc1OCC(=O)Nc1ccccc1C,1,10371
3206689.0,COc1cccc(NC(=O)CSc2nc3ccccc3cc2Cc2ccccc2)c1,1,10374
3190117.0,CC(C)CCNC(=O)CN(C(=O)Cn1nnc(-c2ccccc2F)n1)c1cccc2c1CCCC2,1,10375
1457119.0,Cc1cccc(N(CC(=O)NC2CCCC2)C(=O)c2cc3cc4cccc(C)c4nc3s2)c1C,1,10376
3202421.0,COc1ccc(C(C(=O)Nc2ccc(F)cc2)N(C(=O)Cn2nnc3ccccc32)C2CC2)cc1,1,10377
629468.0,CC(=O)Nc1ccc(N2C(=O)CC(c3ccccc3)CC2=O)cc1,0,10378
6402388.0,O=C(CSc1nnc2c3ccccc3c3ccccc3c2n1)Nc1ccccc1F,0,10379
2924930.0,O=C(NC1CCCCC1)C(Cc1ccccc1)N1C(=O)C2C3CCC(C3)C2C1=O,1,10380
56642957.0,Cl.O=C(O)c1ccccc1N/N=C\c1ccnc2ccccc12,0,10381
9617704.0,COc1ccc(C(=O)Nc2cccc(/C(C)=N/NC(=O)c3ccc([N+](=O)[O-])cc3)c2)cc1OC,0,10382
11958766.0,CN(C)c1cc[n+](CC(=O)Nc2ccc([N+](=O)[O-])cc2Cl)cc1.[Cl-],0,10384
843739.0,CC(C)Cn1c(-c2csc3c2CCCC3)n[nH]c1=S,1,10385
824819.0,Cc1ccc(-c2c(C#N)c(N)n(-c3ccccc3)c(=O)c2C#N)cc1,0,10386
7314640.0,CNc1ccc(Br)cc(C(=O)/C=C/c2ccc3c(c2)OCO3)c1=O,1,10387
1792447.0,CC(C)C(=O)NC(=S)Nc1ccccc1C(=O)Nc1ccccc1,0,10389
54685804.0,CCOc1ccc(/C=C/C(=O)c2c(O)c3ccccc3oc2=O)cc1,0,10391
901024.0,O=C(NNc1cccc(Cl)n1)Nc1ccc(Cl)cc1,1,10392
1465904.0,CCc1nnc(NC(=O)CSc2nc(C3CCCCC3)nc3ccccc23)s1,1,10395
2641006.0,COc1ccccc1CC(=O)Nc1cc2oc3ccccc3c2cc1OC,1,10396
2940240.0,COc1ccc2nc(N3C(=O)CC(Cc4ccc(Cl)cc4)C3=O)sc2c1,0,10398
3156546.0,CCOC(=O)C1=C(c2ccccc2)OC(N)=C(C#N)C1c1ccc(Cl)s1,0,10401
135510991.0,Cc1c(Cl)c([N+](=O)[O-])nn1Cc1ccc(C(=O)N/N=C\c2cc(Cl)ccc2O)o1,1,10402
135510992.0,N#Cc1c(-c2cccs2)nc(SCC(=O)c2cccs2)[nH]c1=O,0,10405
135431504.0,Nc1[nH]n2c(=O)c3c(nc2c1N=Nc1ccccc1)CCCC3,1,10406
1207591.0,O=C(NC(=S)Nc1nc(-c2ccc(Br)cc2)cs1)c1cccnc1,0,10407
1724914.0,O=C(CSc1nc2ccccc2s1)N1c2ccccc2Sc2ccc(C(F)(F)F)cc21,1,10410
4066080.0,Fc1nc(N2CCCC2)c(F)c(Oc2ccccc2Oc2c(F)c(F)nc(N3CCCC3)c2F)c1F,0,10411
5455725.0,Cc1ccc(-c2ccc(/C=N\NC(=O)c3cc4c(ccc5ccccc54)o3)o2)cc1[N+](=O)[O-],0,10412
5754748.0,CC(C)OC(=O)/C(=C\c1ccc2c(c1)c1ccccc1n2C)NC(=O)c1ccccc1,1,10415
7168400.0,CCCC(CCC)C(=O)NNc1cc(=O)c2c(=O)n(C)c(=O)n(C)c2[nH]1,0,10416
11958771.0,CC(N)Cc1ccccc1Sc1ccc(O)cc1.O=C(O)C(=O)O,0,10417
9616110.0,C/C(Cn1nc([N+](=O)[O-])cc1C)=N\NC(=O)c1ccc(O)cc1O,0,10419
1732274.0,COc1ccc(N(C)C(=O)c2ccc3nc(-c4ccccc4)c(-c4ccccc4)nc3c2)cc1,1,10420
2893671.0,COc1cccc(C(CC(=O)Nc2cccc3ccccc23)NC(=O)c2ccccc2)c1,1,10422
5342394.0,O=C(N/C(=C/c1cccs1)c1nc2ccccc2[nH]1)c1ccccc1,1,10423
2906407.0,O=C(CCN1C(=O)c2cccc3cccc(c23)C1=O)N1CCN(Cc2ccc3c(c2)OCO3)CC1,1,10424
1448196.0,COC(=O)c1ccc(NC(=S)N2CCN(Cc3cccc(C)c3)CC2)cc1,1,10425
1075974.0,S=C(NCc1ccco1)N1CCN(C(c2ccccc2)c2ccccc2)CC1,1,10426
3186499.0,CCc1nnc(NC(=O)CSc2nc3cc4c(cc3cc2C)OCCO4)s1,1,10427
5817814.0,O=C(CCN1C(=O)S/C(=C\c2ccccc2)C1=O)Nc1ccc(S(=O)(=O)Nc2nccs2)cc1,1,10428
5455832.0,Nc1nnnn1/N=C\c1ccc(Cl)c([N+](=O)[O-])c1,0,10430
135510997.0,O=C(N/N=C/c1ccc(O)cc1)c1csc2ccccc12,0,10433
2959173.0,COc1cc(CNCc2cccs2)ccc1OCC(=O)NC(C)(C)C.Cl,1,10434
980283.0,O=C(Cn1cnc2cc(Cl)ccc2c1=O)Nc1ccc2c(c1)OCO2,0,10435
6877126.0,Cc1cccc(C)c1NC(=O)COc1cccc(/C=N/NC(=O)C(=O)NCc2ccccc2)c1,0,10438
1043143.0,Cc1ccc2nc(NC(=O)COC(=O)CSc3nc(C)cc(C)n3)sc2c1,0,10439
3978672.0,O=C(CN(c1ccccc1)S(=O)(=O)c1ccccc1)NCCSc1nc2ccccc2s1,0,10440
9594834.0,Cc1cc(C)cc(CSCC(=O)N/N=C/c2ccc(OCC(=O)NCc3ccco3)cc2)c1,1,10442
3190114.0,COc1cccc(N(C(=O)Cn2nnc(-c3ccc(C)cc3)n2)C(C(=O)NC(C)(C)C)c2c[nH]c3ccccc23)c1,1,10444
848358.0,O=C(CSCc1c(Cl)cccc1Cl)NCc1cccnc1,1,10445
3149395.0,COc1ccc(C2=Nc3cccc4cccc(c34)N2)cc1,0,10447
1819632.0,Cc1ccc(NC(=O)CN2C(=O)N/C(=C/c3ccc(C)o3)C2=O)cc1,0,10448
1178227.0,COc1ccc2cc(C(=O)Nc3ccc(F)cc3)sc(=O)c2c1OC,0,10449
135511003.0,C/C(CCc1ccc2c(c1)OCO2)=N\N=C1\NC(=O)CC(C(=O)Nc2ccccc2)S1,1,10450
135511004.0,Cc1cccc(NC(=O)CSc2nc(-c3ccccc3)c(C#N)c(=O)[nH]2)c1C,0,10451
135511005.0,O=C(N/N=C/c1ccc(O)cc1)c1ccc(COc2cc(Cl)ccc2Cl)o1,0,10452
823141.0,CCC(=O)NNc1cc(=O)c2c(=O)n(C)c(=O)n(C)c2[nH]1,0,10453
135479630.0,O=C(COc1ccccc1C(=O)N/N=C\c1ccc(O)c(O)c1)N/N=C/c1ccc(O)c(O)c1,0,10455
1440307.0,COc1ccc(OC)c(NC(=O)CSc2nc3ccccc3cc2Cc2ccccc2)c1,1,10456
3202425.0,COc1cccc(C(C(=O)Nc2ccc(F)cc2)N(C(=O)Cn2nnc3ccccc32)C2CC2)c1,1,10457
1075628.0,O=C(COc1ccc2ccccc2c1)Nc1ccc(Cc2ccncc2)cc1,1,10459
3216368.0,O=C(NC1CCCCC1)C(c1cccs1)N(C(=O)C(F)(F)F)c1ccccc1,1,10460
3215782.0,COc1ccc(C(C(=O)NC(C)(C)C)N(C(=O)CNC(=O)c2cccs2)c2ccc(C)cc2)cc1OC,1,10461
1082581.0,CCc1cccc2c(C=C(C#N)C#N)cn(CC(=O)N3CCCC3)c12,0,10462
135511006.0,C/C(O)=C\c1nc2ccccc2oc1=O,0,10464
2834477.0,O=c1c2ccccc2nc(-c2ccc(Br)cc2)n1Cc1ccccc1,0,10465
807394.0,Cc1ncc([N+](=O)[O-])n1CC(=O)NCc1ccccc1,0,10466
1448244.0,CCc1ccc(NC(=S)N2CCN(c3cccc(C(F)(F)F)c3)CC2)cc1,0,10468
3215617.0,Cc1ccc(C(C(=O)NCc2ccco2)N(C(=O)CNC(=O)c2cccs2)c2ccc(C)cc2)cc1,1,10469
5899500.0,CC(/C=C/c1ccccc1)=N/NC(=O)CNC(=O)c1ccc2c(c1)OCO2,1,10470
1632408.0,Cc1ccc(OCC(=O)NNC(=O)CCC(=O)Nc2ccc(C)cc2C)cc1,0,10471
576735.0,Cc1cccc(C(=O)NNC(=O)C(=O)NC(C)(C)C)c1,0,10472
1110074.0,COc1cc(Nc2nc(-c3ccccc3)c3cc(C)ccc3n2)cc(OC)c1OC,0,10473
3574315.0,Cc1ccccc1S(=O)(=O)Oc1ccccc1C(=O)Oc1ccccc1,0,10474
1480225.0,Cc1ccc(NC(=O)c2sccc2SCc2cccc(C(F)(F)F)c2)cc1,1,10476
1486494.0,Cc1ccc(SCc2nc3ccccc3n2CC(=O)Nc2ccc(Cl)cc2)cc1,0,10477
1486498.0,c1ccc(SCc2nc3ccccc3[nH]2)cc1,1,10478
5525115.0,CC(C)CC(=O)O/N=C1\C(=O)N(c2ccccc2)c2ccccc21,0,10479
3782422.0,Clc1ccc(Cn2c(-c3cccnc3Cl)nc3ccccc32)c(Cl)c1,0,10480
1470962.0,COc1ccc(Oc2nc3ccccc3nc2C(F)(F)F)cc1,0,10481
1476513.0,O=C(CSc1nccn1-c1ncc(C(F)(F)F)cc1Cl)c1ccc(Cl)cc1,1,10482
1476061.0,Cc1cc(OC(=O)c2ccc(Cl)cc2Cl)nc(C)n1,0,10483
9607485.0,CN(C)/C=N/c1ncc(C(=O)c2ccc3ccccc3c2)s1,0,10484
11958786.0,N#C/C(=C/c1cccc(C(F)(F)F)c1)c1nc(CCN2C(=O)c3ccccc3C2=O)cs1,1,10485
1486787.0,CS(=O)(=O)c1ccccc1-c1nc(-c2cc(C(F)(F)F)cc(C(F)(F)F)c2)no1,0,10486
3698321.0,Cc1ccc(C(=O)Nc2nccc(-c3cccs3)n2)cc1,1,10490
1481095.0,O=C(Nc1ccc(Cl)cc1)OCc1cc(-c2ccccc2)on1,0,10493
2768255.0,Cc1ccc(C(=O)Nc2ccc(N3CCOCC3)nc2)cc1,0,10494
3849951.0,CSc1nc(C)c2c(n1)N(c1ccc(C(F)(F)F)cc1)CC2,0,10495
2767673.0,COc1ccc(Oc2ccccc2C=O)cc1,0,10496
5823053.0,C/C(=N\OC(=O)c1ccc(F)cc1)c1nccs1,0,10497
1480761.0,Cc1ccc(Oc2ccccc2/C=C2\SC(=O)N(C)C2=O)cc1,1,10498
1476586.0,C#CCn1c(S(=O)(=O)Cc2ccc(OC)cc2)nc(-c2ccccc2)c1-c1ccccc1,1,10500
1474692.0,Cc1ccc(COc2coc(CO)cc2=O)cc1,0,10503
1479579.0,Clc1ccc(SCc2cc(-c3ccccc3)no2)cc1,0,10506
1487796.0,CCOC(=O)Cn1nc(C)n(-c2ccc(C(C)(C)C)cc2)c1=O,0,10507
1926999.0,O=C1N=C(N2CCOCC2)S/C1=C\C=C/c1ccccc1,0,10508
1481102.0,O=C(Nc1ccccc1)OCc1cc(-c2ccc(Cl)cc2)on1,0,10509
9619308.0,C/C(=N\OC(=O)c1ccccc1F)c1nccs1,0,10510
9662524.0,Nc1nc(C(F)(F)F)cc(=O)n1/N=C/c1cccc(Oc2ncccn2)c1,0,10512
1481929.0,CN(NC(=O)NN)c1ncc(C(F)(F)F)cc1Cl,1,10513
1478099.0,CC(=O)c1cccc(NC(=O)c2csc(-n3nc(C)cc3C(F)(F)F)n2)c1,1,10514
1474259.0,Clc1ncccc1-c1nc2ccccc2n1Cc1ccccc1,0,10515
1490175.0,CCCn1nnnc1-c1cccc(Cl)c1,0,10517
1484761.0,Cc1nc(S(=O)(=O)c2cccc(Cl)c2)nc2c1CCC2,0,10518
1490186.0,CCCn1nnnc1-c1cc(Cl)cc(Cl)c1,0,10519
5204872.0,CCOC(=O)C1=NOC(CNC(=O)C2=NOC(CNC(=O)c3c(-c4ccccc4Cl)noc3C)C2)C1,1,10520
9581649.0,C/C(=N\OCc1cccc(Cl)c1Cl)c1ccc(CC#N)s1,1,10521
3609290.0,COC(=O)C1CSC(C(=O)OC)N1C(=O)Nc1ccccc1,0,10522
1473679.0,O=C(Nc1ccc(F)cc1)c1ccc(-n2ccnc2)nc1,1,10523
4309781.0,CCCCN1C(=O)CCC(C(=O)O)C1c1ccccc1,0,10524
1489039.0,O=C(ON=C1CCN(S(=O)(=O)c2ccccc2)CC1)c1ccccc1,0,10525
3613356.0,CSc1ncc(C(=O)O)c(C)n1,0,10526
2766821.0,C#CCSc1nc(Cc2ccc(Cl)cc2)nc2ccccc12,1,10527
5939214.0,CSc1nc2ccccc2cc1/C=C(\C#N)c1ccc(Cl)cc1Cl,0,10528
1477534.0,c1ccc(CCSc2nccn2-c2ccccc2)cc1,1,10529
1481273.0,COc1ccccc1NC(=O)c1nn(-c2cccc(C(F)(F)F)c2)ccc1=O,1,10530
4318242.0,Cc1cccc(Oc2ncnc3onc(C)c23)c1C,0,10531
2766683.0,CN1CCN(c2nc(N(C)C)oc(=O)c2C#N)CC1,0,10532
3385214.0,O=C(c1ccc(C(F)(F)F)cc1)c1c[nH]c(C(=O)NCCCn2ccnc2)c1,1,10533
1481693.0,O=C(O)CSc1nc(C(F)(F)F)cc(=O)n1-c1ccccc1,0,10534
1474527.0,Cc1ccc(C(=O)OCCc2c(C)[nH]n(-c3ccccc3)c2=O)cc1,1,10535
1486944.0,COc1ccc(C(=O)OC2CCN(c3ncc(C(F)(F)F)cc3Cl)CC2)cc1,0,10536
1488235.0,O=S(=O)(c1ccccc1)c1cnc(-c2cccnc2)nc1-c1ccc(Cl)cc1Cl,1,10537
5194708.0,COC(=O)C(CCSC)NC(=O)CNS(=O)(=O)c1ccc(F)cc1,0,10538
4358481.0,O=C(CS(=O)c1cccc(Cl)c1)Nc1ccccc1Cl,1,10539
3840272.0,Cc1ccccc1C(=O)c1c[nH]c(C(=O)NCC2CCCO2)c1,0,10540
1482682.0,COc1ccc(Cn2c(SCc3ccccc3C)nc3cc(OC)c(OC)cc3c2=N)cc1,1,10541
1477494.0,Cc1ccccc1CSc1nccn1-c1ccccc1,1,10542
2765953.0,O=C(Nc1ccc(Cl)cc1)OC(CN1CCCCC1)C(F)(F)F,1,10543
1484969.0,Clc1ccc(CSc2nnc(-c3sccc3-n3cccc3)o2)cc1,1,10544
11958792.0,Cc1ccc(Nc2nc(-c3sc(NC(=O)c4ccc([N+](=O)[O-])cc4)nc3C)cs2)cc1,1,10545
1475833.0,COC(=O)c1sc2ncccc2c1OCc1c(Cl)cccc1Cl,0,10546
2726190.0,N#Cc1c(Cl)cccc1-n1ccnc1,1,10547
5854588.0,Clc1ccccc1CSc1nnc(/C=C/c2ccccc2)o1,0,10549
6404513.0,FC(F)(F)c1nnc(-c2ccccc2)nc1Sc1ccccc1,0,10550
5904585.0,CC(Oc1ccc(Cl)cc1)C(=O)/C=C/N(C)C,0,10551
4359989.0,N#Cc1ccc(CNc2cnccn2)cc1,0,10552
1489332.0,COc1ccc(N(Cc2c(C(F)(F)F)nn(C)c2Cl)S(=O)(=O)c2ccc(C)cc2)cc1,1,10554
2766157.0,Cc1[nH]n(-c2ccccc2)c(=O)c1CCOC(=O)c1cccc(C(F)(F)F)c1,1,10555
5214371.0,Cc1cccc(-n2cccc2)c1C#N,0,10556
291267.0,CSc1c(-c2ccccc2)nc2ccccc2c1C(=O)O,0,10557
5260586.0,COc1ccc(-n2c(C)n[nH]c2=O)cc1OC,0,10558
4298774.0,COc1ccccc1NC(=O)c1ccc(-n2cccn2)nc1,0,10559
2737848.0,Cc1oc(=O)c(NC(=O)c2ccccc2)cc1C(=O)c1ccccc1,1,10560
1473605.0,CCOC(=O)c1c(-c2ccccc2)nc2ccc(Cl)cn12,0,10561
9581611.0,COC(=O)c1sccc1-c1ccc(/C=N/OCc2c(Cl)cccc2Cl)o1,0,10562
1484288.0,Nc1nc(Cl)cc(N2CCOCC2)n1,0,10563
11958795.0,Cc1nc(NC(=O)c2ccccc2)sc1-c1csc(Nc2cccc(F)c2)n1,1,10564
5909558.0,Clc1cccc(Cl)c1CSc1nnc(/C=C/c2ccccc2)o1,0,10565
2765909.0,Cc1ccc(S(=O)(=O)ON=C2CCN(S(=O)(=O)c3ccccc3)CC2)cc1,0,10567
11958797.0,NC(=O)C1(NC(=O)[C@@H]2CC3(CC(c4cccc(NC(=O)[C@@H]5CCC(=O)N5)c4)=NO3)CN2C(=O)Cc2ccc(Cl)cc2)CC1,1,10568
2766759.0,O=C(NNC(=O)c1ccccc1O)c1ccc(Cl)cc1,0,10569
1473615.0,O=C(Nc1cc2c(oc1=O)CCCC2=O)c1ccc(Cl)cc1,0,10571
1472618.0,COc1ccc(CNC(=O)c2csc(Cc3ccc(OC)cc3)n2)cc1,1,10572
1477039.0,O=[N+]([O-])c1ccc2nc(-c3ccccc3)n(OCc3ccc(Cl)cc3)c2c1,0,10573
1472565.0,COc1cnc(-c2ccccc2)nc1Oc1cccc(C)c1,0,10575
1483512.0,O=S(Cc1ccc(Br)cc1)Cc1nnc(SCc2ccc(Cl)cc2)n1-c1ccccc1,1,10576
1481303.0,CCn1c(SCc2c(Cl)cccc2Cl)nnc1-c1nn(-c2ccccc2)ccc1=O,1,10577
1477533.0,Brc1ccc(CSc2nccn2-c2ccccc2)cc1,1,10578
1472628.0,COc1ccc(CNC(=O)c2csc(Cc3ccc(Cl)cc3)n2)cc1,1,10579
9635684.0,O=[N+]([O-])c1ccc(C2CCCC/C2=N/OCc2ccccc2F)c([N+](=O)[O-])c1,1,10580
6053618.0,O=[N+]([O-])c1ccc(C2CCCC/C2=N\OCc2cccc(F)c2)c([N+](=O)[O-])c1,1,10581
1477606.0,O=S1(=O)CCN(CCc2cn(Cc3ccc(C(F)(F)F)cc3)c3ccccc23)CC1,1,10582
1489238.0,COc1cc2nc(SCc3ccc(Cl)cc3Cl)n(Cc3cccs3)c(=N)c2cc1OC,1,10583
1472483.0,O=c1cc(N2CCCCC2)c(-c2ccccc2)nn1Cc1ccccc1Cl,1,10584
1486096.0,On1c(-c2ccccc2)nc2ccc(Cl)cc21,0,10585
2763735.0,COC(=O)c1nn(-c2ccccc2)c(=O)cc1Oc1ccccc1,0,10586
1475818.0,CC(C)(C)C(=O)OCc1cn(-c2ccc(Cl)cc2)nn1,0,10587
1477535.0,CCc1ccc(CSc2nccn2-c2ccccc2)cc1,1,10588
5374477.0,CN(C)/C=C/C(=O)c1ccc(F)cc1,0,10589
1472640.0,COc1ccc(Cc2nc(C(=O)NCc3ccccc3OC)cs2)cc1,1,10590
1484951.0,c1ccc(CSc2nnc(-c3sccc3-n3cccc3)o2)cc1,1,10591
1472386.0,Cc1cc(C)c2c(-n3cccc3)n[nH]c2n1,0,10592
1476942.0,Fc1ccc(-c2ccnc3nc(N4CCOCC4)nn23)cc1,0,10593
2766439.0,COC(=O)c1sccc1-c1ccc(C(=O)Nc2cccnc2)o1,1,10594
1485946.0,CN(C)C(=C(C#N)C#N)N1CCN(c2ccc(Cl)c(Cl)c2)CC1,1,10595
1485940.0,O=C(c1ccc(Cl)c(Cl)c1)c1cc(-c2ccccn2)c(N2CCOCC2)s1,1,10596
1480501.0,CONC(=O)c1cc(OCC(F)(F)F)ccc1OCC(F)(F)F,0,10597
4594452.0,O=C(NNS(=O)(=O)c1cc(Cl)cc(Cl)c1)c1sccc1-n1cccc1,1,10598
1472458.0,Cc1cc(C)c2c(-n3cccc3)c(C(=O)NNS(=O)(=O)c3ccc(Br)cc3)sc2n1,1,10600
3645729.0,O=S1(=O)CCN(CCc2cn(Cc3ccc(F)cc3)c3ccccc23)CC1,1,10601
5898736.0,CN(/C=C/C(=O)C(F)(F)F)Cc1ccccc1,0,10602
3758610.0,O=C(Nc1ccnc(-c2cccnc2)n1)c1cccc(Cl)c1Cl,1,10603
3416608.0,COc1ccc(C2CC(=O)CC(=O)C2n2cncn2)cc1,1,10604
3759425.0,O=C1CC(=O)C(n2cncn2)C(c2cccc(Cl)c2)C1,1,10605
679916.0,CC(=O)c1cc(NC(=O)c2ccccc2)c(=O)oc1/C=C/N(C)C,1,10606
1473292.0,FC(F)(F)c1cc(Sc2ccccc2)nc(-c2ccccn2)n1,0,10607
1473621.0,CCOC(=O)c1cc(NC(=O)c2ccc(OC)cc2)c(=O)oc1-c1ccccc1,0,10608
1255045.0,Cc1nc(NC(=O)c2ccccc2)sc1-c1csc(Nc2cccc(Cl)c2)n1,1,10609
11958804.0,Cc1nc(NC(=O)c2ccccc2)sc1-c1csc(Nc2ccc(Cl)cc2Cl)n1,1,10610
11958805.0,Cc1nc(NC(=O)c2ccccc2)sc1-c1csc(Nc2ccc(Cl)cc2)n1,0,10611
11958807.0,NC(=O)C1(NC(=O)[C@@H]2CC3(CC(c4cccc(NC(=O)c5cc([N+](=O)[O-])cc([N+](=O)[O-])c5)c4)=NO3)CN2C(=O)c2ccccc2)CC1,1,10612
2798577.0,O=C(c1ccc(Cl)cc1)c1cnc(-c2ccccc2)s1,0,10613
11958809.0,O=C(NCCc1cccs1)C1CC(c2c(Cl)cccc2Cl)=NO1,0,10614
4671907.0,Cc1ccc(C(=O)Nc2ccc3nccnc3c2)cc1,1,10615
11958812.0,CC(C)CCNC(=O)C12CN(Cc3ccccc3)CC1C(c1cccc([N+](=O)[O-])c1)=NO2,1,10617
3265032.0,COc1ccc(C(=O)Oc2cc(C)nn3cnnc23)cc1,0,10618
1472468.0,Cc1cc(Cl)ccc1Oc1ncc(-c2ccc(Cl)cc2)cn1,1,10619
3767720.0,O=C(c1ccccc1)c1c[nH]c(C(=O)NCc2cccnc2)c1,1,10620
1477555.0,O=C(Nc1ccnc(-c2cccnc2)n1)c1ccccc1Cl,0,10621
3821190.0,O=C(c1ccccc1)c1c[nH]c(C(=O)NCCCn2ccnc2)c1,1,10622
4669884.0,O=C(CSc1ccc(Cl)cc1)Nc1ccc(N2CCN(c3ccccc3)CC2)c(F)c1,0,10626
3789052.0,O=C(CSc1ccccc1)Nc1ccc(N2CCN(c3ccccc3)CC2)c(F)c1,0,10627
3780872.0,O=C(NCCCN1CCOCC1)c1cc(C(=O)C2CC2)c[nH]1,0,10628
3836199.0,O=C(NNS(=O)(=O)c1ccc(Cl)cc1)c1sccc1-n1cccc1,1,10629
1481484.0,Cc1cc(C)c(S(=O)(=O)n2ccc(-c3ccc(OCCN(C)c4ccccn4)cc3)n2)c(C)c1,1,10630
11958817.0,Cc1nc(NC(=O)c2ccc(Cl)cc2)sc1-c1csc(Nc2cccc(F)c2)n1,0,10631
4298653.0,CN(C)CCCNc1c(C(=O)O)cnc2c1cnn2C,0,10635
54697709.0,NC(=O)c1nn(-c2ccccc2)c(=O)cc1O,0,10636
3709472.0,CC(=O)C1=NOC(CNC(=O)c2c(-c3ccccc3Cl)noc2C)C1,1,10638
1489246.0,Cn1cc(C(=O)c2cccc(Cl)c2Cl)cc1C(=O)O,0,10639
1473107.0,O=C(O)Cc1ccc2ocnc2c1,0,10640
3520283.0,COC(=O)c1sccc1NC(=O)CN(C)NS(=O)(=O)c1ccc(F)cc1,0,10641
3762469.0,COc1ccc(S(=O)(=O)N2CC3CCCN3c3ccc(C(F)(F)F)cc32)cc1,1,10642
3551310.0,O=S(=O)(c1ccc(F)cc1)N1CC2CCCN2c2ccc(C(F)(F)F)cc21,1,10643
1486935.0,Cn1sc(NC(=O)c2ccccc2)nc1=O,0,10644
1486940.0,Cn1sc(NC(=O)c2ccccc2Cl)nc1=O,0,10645
3771744.0,Cc1ccc(C(=O)N2CCN(c3cc(=O)[nH]nc3-c3ccccc3)CC2)cc1,0,10646
3563807.0,COc1ccc(S(=O)(=O)N2c3cc(C)ccc3OCC2C(C)(C)C)cc1,1,10647
1472461.0,Cc1cc(C)c2c(-n3cccc3)c(C(=O)NNS(=O)(=O)c3ccc(Cl)cc3)sc2n1,1,10648
3845193.0,COc1ccc(-n2c(C)n[nH]c2=O)cc1,0,10649
3767827.0,CCCCCC(=O)Nc1cc2[nH]c(=O)cc(COC)c2cc1C,0,10650
1481855.0,Cc1ccc(-n2cc(C(=O)c3ccc4ccccc4c3O)cn2)cc1,0,10651
3843100.0,COc1cccc(-n2c(C)n[nH]c2=O)c1,0,10652
1487676.0,Cc1[nH]n(-c2ccccc2)c(=O)c1CCOC(=O)c1ccc(C(F)(F)F)cc1,1,10654
1483715.0,Cc1nc(-c2cccnc2)sc1C(=O)Nc1ccc(Cl)cc1,1,10655
1483722.0,Cc1nc(-c2cccnc2)sc1C(=O)Nc1ccc(F)cc1F,1,10656
4268460.0,C#CCSc1nnc(-c2sc(-c3ccccc3)nc2C)n1C,1,10658
1478785.0,CSc1nnc(-c2sc(-c3ccccc3)nc2C)n1C,0,10659
1483198.0,Cc1ccc(S(=O)(=O)CCCS(=O)(=O)c2ccc(C)cc2)cc1,1,10660
1473628.0,COc1ccc(C(=O)Nc2cc(C(C)=O)c(/C=C/N(C)C)oc2=O)cc1,0,10661
11958824.0,O=C(/C=C\NCC(=O)c1ccccc1)c1ccccc1,1,10664
3279692.0,CC(C)(C)c1nnc(NC(=O)NS(=O)(=O)c2ccccc2)s1,0,10665
2726179.0,N#Cc1c(-n2ccnc2)cccc1-n1ccnc1,1,10666
1475987.0,COc1ccc(Sc2nc3ccccc3n3c(C(F)(F)F)nnc23)cc1,0,10668
1473674.0,Cc1c(Cl)cccc1NC(=O)c1ccc(-n2ccnc2)nc1,1,10669
9659653.0,Cn1nc(C(F)(F)F)c(/C=N/OC(=O)c2ccccc2Cl)c1SCc1ccc(Cl)cc1,1,10670
1473694.0,O=C(Nc1cccn2ncnc12)c1ccc(Cl)cc1Cl,0,10671
1483213.0,CCNc1nc(Oc2c(Cl)cccc2Cl)cc(C(F)(F)F)n1,0,10672
1483251.0,CC(C)Nc1nc(Oc2ccc(Cl)cc2)cc(C(F)(F)F)n1,0,10673
1486264.0,Cc1ccc(Sc2ccc(NC(=O)c3ccc(S(C)(=O)=O)cc3Cl)cc2)cc1,0,10674
3793688.0,CC(C)C(=O)Nc1ccc(Sc2ccc(F)cc2)cc1,0,10675
5375260.0,CN(C)/C=C/C(=O)c1ccc(Cl)cc1,0,10676
9658376.0,O=C(C/C=N/OCc1ccc(Cl)cc1Cl)c1ccc(Cl)cc1,1,10677
3823502.0,COC(=O)CSC(C(=O)Nc1ccc(C)c(C)c1)c1ccccc1,1,10678
3365049.0,O=C(CS(=O)(=O)c1cccc(Cl)c1)Nc1ccccc1Cl,1,10679
1488323.0,C=CCn1c(-c2ccc(Cl)cc2)ccc(C#N)c1=O,1,10680
3365190.0,COc1ccc(COc2ccsc2C(=O)Nc2ccc(Cl)c(Cl)c2)cc1,1,10681
3778037.0,CCn1c(SC)nnc1C1CCN(S(=O)(=O)c2ccc(OC)cc2)CC1,0,10684
1488211.0,CN(C)c1ncc(S(=O)(=O)c2ccccc2)c(-c2ccc(Cl)cc2Cl)n1,1,10685
4441219.0,O=C(CS(=O)c1cccc(C(F)(F)F)c1)Nc1ccccc1Cl,1,10686
1474746.0,CC(C)CC(=O)N1CCC(O)(CS(=O)(=O)Cc2ccccc2)CC1,0,10687
1484508.0,NC(=O)NCc1ccc(Cl)cc1,0,10688
1475543.0,CSc1nc(Cl)c(C#N)c(-c2ccc(C)cc2)n1,0,10689
3831413.0,Cc1nc(C(=O)Nc2cccc(Cl)c2Cl)nn1-c1cc(OC(C)C)c(Cl)cc1Cl,0,10690
3178012.0,COC(=O)c1ccc(NC(=O)Cn2nc(-c3ccncc3)nc2SCC(=O)Nc2nccs2)cc1,1,10691
6870930.0,O=C(N/N=C/c1cccnc1)c1ccc([N+](=O)[O-])cc1,0,10692
5766840.0,O=C(CCN1C(=O)/C(=C/c2cccc(Br)c2)SC1=S)NNC(=O)c1cccnc1,1,10693
2884944.0,O=C(CN1C(=O)c2cccc3cccc(c23)C1=O)N1CCCCCC1,1,10695
135501736.0,O=C(N/N=C/c1c(Nc2cccc(C(F)(F)F)c2)nc2ccccn2c1=O)c1ccccc1,0,10696
5761104.0,Cc1cc(C(=O)N/N=C/c2cccc([N+](=O)[O-])c2)c(C)o1,0,10697
135482566.0,CCCc1nn2c(=O)c(C(c3ccc(C)cc3)c3c(O)nc4sc(CCC)nn4c3=O)c(O)nc2s1,0,10698
1471864.0,Cc1noc(C)c1CS(=O)(=O)c1ccc(Br)cc1,1,10699
3168483.0,COc1ccc2nc(C)cc(SCC(=O)NNC(=O)COc3ccccc3)c2c1,1,10700
1482584.0,Cc1ccc2cn[nH]c2c1NC(=S)NC(=O)c1ccccc1,1,10701
1473797.0,CC(C)NC(=O)c1noc2cc([N+](=O)[O-])ccc12,0,10702
3165303.0,COC(=O)c1ccc(NC(=O)COc2ccc(C3C(C#N)=C(N)Oc4c3ccc3ccccc43)cc2OC)cc1,0,10703
11958834.0,Cc1[nH]c2ccccc2c1/C=C/c1cc[n+](C)cc1.[I-],0,10704
1374541.0,Cc1nc2cc(NC(=O)CSc3nc4c(C)cccc4cc3C#N)ccc2s1,1,10705
1452521.0,Cc1sc2nc(C3CC3)nc(SCC(=O)N3CC(=O)Nc4ccccc43)c2c1C,1,10706
1172453.0,CCOc1cc(NC(=S)Nc2cccc(OC)c2)c(OCC)cc1NC(=O)c1ccc(C)cc1,1,10707
5442636.0,Cc1ccc(NC(=O)/C(=C\c2cccc([N+](=O)[O-])c2)NC(=O)c2cccs2)cc1,1,10709
1169033.0,Cc1ccc(NC(=S)Nc2nc(CC(=O)Nc3ccccc3)cs2)cc1,1,10710
3216679.0,O=C(NCC1CCCO1)C(c1cccnc1)N(C(=O)Cc1cccs1)c1ccccc1,1,10711
3721751.0,Cn1nc(C(F)(F)F)c(C(=O)Nc2ccc(F)cc2F)c1Sc1cccc(C(F)(F)F)c1,1,10712
5708099.0,C=CCSc1nc(C)cc(/C=C\c2ccccc2)c1C#N,1,10714
5740149.0,COc1cc(/C=C(/C#N)c2nc3ccccc3[nH]2)ccc1Oc1ncccc1[N+](=O)[O-],1,10715
11958836.0,C[n+]1ccc(/C=C/c2ccc(Br)cc2)cc1.[I-],0,10716
3777951.0,CCOC(=O)C(C(=O)NCc1ccc(C)cc1)c1ncc(C(F)(F)F)cc1Cl,1,10717
3811869.0,O=C(Nc1ccc(Br)cc1)C1CCC(=O)N1Cc1ccccc1Cl,0,10718
1479969.0,CCN(CC)C(=O)c1cc2cc([N+](=O)[O-])ccc2s1,0,10719
1151719.0,COc1ccc(C(=O)NNC(=O)CSc2nnc(COc3ccc4ccccc4c3)n2C)cc1,1,10720
3750713.0,Cc1ccc(Sc2ncccc2COC(=O)Nc2ccccc2C)cc1,1,10722
741915.0,CCOC(=O)C1=C(C)NC(C)=C(C(=O)OCC)C1c1sccc1C,1,10723
3190174.0,COc1cccc(N(C(=O)Cn2nnc(-c3cccs3)n2)C(C(=O)NC2CCCCC2)c2ccncc2)c1,1,10724
1450089.0,Cc1ccc(Cn2cccc(NC(=O)NCc3ccccc3)c2=O)cc1,0,10726
3189243.0,CCc1ccc(N(C(=O)c2snc(C(N)=O)c2N)C(C(=O)NCCC(C)C)c2c[nH]c3ccccc23)cc1,1,10727
9595185.0,CCOc1ccc(N2C(=O)CS/C2=N/NC(=O)COc2ccc3ccccc3c2)cc1,1,10728
9593398.0,O=C(COc1ccc(/C=N/NC(=O)c2ccccc2)cc1)Nc1ccc([N+](=O)[O-])cc1,0,10730
1475681.0,COC(=O)c1cc2n(n1)CCN(Cc1ccccc1F)C2=O,0,10731
1484232.0,CC(C)(C)C(=O)Nc1cccn2c(C(F)(F)F)nnc12,0,10732
3150884.0,CCn1c(O)c(C(c2ccccn2)c2c(O)n(CC)c(=S)[nH]c2=O)c(=O)[nH]c1=S,0,10733
2928921.0,Cn1c(O)c(C(c2ccccn2)c2c(O)n(C)c(=S)[nH]c2=O)c(=O)[nH]c1=S,0,10734
777330.0,Cc1ccc(C)c(NC(=O)Cn2c([N+](=O)[O-])cnc2C)c1,0,10735
5770206.0,Cc1ccc(C(=O)NNC(=O)CSc2nnc3c(n2)[nH]c2ccc(F)cc23)cc1,1,10738
1487108.0,COc1ccc(-c2nc(-c3cccc(C)c3)nc(N3CCN(C)CC3)c2C#N)cc1,0,10740
3826552.0,N#CC(c1ccc(Cl)cc1)c1nc2ccccc2nc1C(F)(F)F,0,10741
2767872.0,COC(=O)c1ccc(NC(=O)c2ccccc2)o1,0,10743
5110519.0,CC(=O)Nc1cccn2c(C(F)(F)F)nnc12,0,10744
724157.0,Cc1ccccc1OCC(=O)NNC(=O)Nc1ccc(Cl)cc1,0,10745
1472012.0,O=c1c(-c2nc3ccccc3s2)cccn1Cc1ccccc1,1,10746
1166641.0,CC(=O)Nc1ccc(NC(=O)Cn2c(-c3ccc(F)cc3)cnc2SCC(=O)Nc2c(C)cccc2C)cc1,1,10747
90474.0,CCn1c(C)[n+](CCCS(=O)(=O)[O-])c2cc(Cl)c(Cl)cc21,0,10748
1449685.0,Cc1cc(C)cc(-n2nnnc2SCC(=O)Nc2nc(-c3ccc(Cl)cc3)cs2)c1,1,10750
1113554.0,O=C(Nc1ncc(Cc2cc(Cl)ccc2Cl)s1)c1ccc([N+](=O)[O-])cc1,1,10751
5331702.0,Cc1cccc(NC(=S)N/N=C/c2ccc([N+](=O)[O-])s2)c1,1,10752
2964135.0,COc1cc(CNCc2cccs2)ccc1OCC(N)=O.Cl,0,10753
542139.0,CC(=O)Nc1ccc(-c2cc(-c3ccc(NC(C)=O)cc3)nc(-c3ccccc3)n2)cc1,0,10754
1176117.0,Cc1cc2cccc(C)c2nc1SCC(=O)N(C)c1nc(-c2ccccc2)cs1,0,10755
135501745.0,COc1ccc2c(c1)C(c1ccc([N+](=O)[O-])cc1)=NNC(c1ccco1)=N2,1,10756
1213087.0,COc1ccc(-c2csc(N3C(=N)SCC3=O)n2)cc1,0,10757
5405992.0,Cc1nc2ccccc2n1CC(=O)N/N=C\c1ccccn1,0,10759
5443011.0,Cc1ccc(NC(=O)/C(=C\c2ccc([N+](=O)[O-])cc2)NC(=O)c2ccccc2)cc1,1,10760
3104475.0,Cc1ccc(C)c(NC(=O)C2(C)CC3c4ccccc4C2c2ccccc23)c1,1,10761
9591335.0,C/C(CC(=O)Nc1ccccn1)=N\NC(=O)C(=O)Nc1cccc(Cl)c1C,0,10762
1475683.0,COC(=O)c1cc2n(n1)CCN(Cc1ccc(OC)cc1)C2=O,0,10763
3132120.0,Cc1ccc2nc(NC(=O)CSCC(=O)OCC(=O)c3ccc(Br)cc3)sc2c1,1,10765
9560016.0,COc1ccc(/C=N/NC(=O)c2sccc2OCc2ccc(F)cc2)cc1OC,0,10766
3780285.0,C#CCSc1nnc(-c2cc3c(C(F)(F)F)nn(C)c3s2)n1C,1,10767
2906514.0,Cc1ccc(-c2csc(Cc3nc(-c4cc5ccccc5oc4=O)cs3)n2)cc1,1,10768
3817476.0,CCS(=O)(=O)c1ccc2c(c1)N(S(C)(=O)=O)CC(C(=O)NCCOC)O2,0,10769
3631016.0,CCS(=O)(=O)c1ccc2c(c1)N(S(=O)(=O)c1ccccc1)CC(C(=O)O)O2,0,10770
1476742.0,O=S(=O)(c1ccc(F)cc1)n1ccc(-c2cnc(-c3ccccc3)s2)n1,1,10771
3706569.0,COC(=O)c1ccc(Sc2ccccc2NS(=O)(=O)c2ccc(C)cc2)nc1,1,10772
3738890.0,CN(C)S(=O)(=O)Oc1ccsc1C(=O)Nc1cccc(Cl)c1,1,10773
2766148.0,O=C1C2CCCN2c2ccc(S(=O)(=O)N3CCOCC3)cc2N1Cc1cccc(C(F)(F)F)c1,1,10775
2766655.0,O=Nc1c(O)n(Cc2ccc(Cl)c(Cl)c2)c2ccccc12,1,10778
3726879.0,O=c1[nH][nH]c(C(F)(F)F)c1C=Nc1ccc(Cl)cc1,0,10780
5707079.0,Cc1ccc(/C=C/c2ccc(=O)[nH]n2)cc1,0,10781
1480532.0,O=c1c(C=Nc2ccc(Cl)cc2)c[nH]n1-c1cccc(Cl)n1,0,10782
1488444.0,O=S(=O)(Nc1nc(-c2sccc2Cl)cs1)c1cc(Cl)ccc1Cl,1,10784
1474089.0,O=C(O)/C=C/c1cn(-c2ncc(C(F)(F)F)cc2Cl)c2ccccc12,0,10785
1549764.0,O=C(O)/C=C\C(=O)NCc1ccccc1,0,10786
5188751.0,CC(O)(CS(=O)(=O)c1cccc(C(F)(F)F)c1)C(=O)Nc1ccc(C(F)(F)F)cc1,1,10787
1478885.0,Nc1nc(Br)c2c(F)cccc2c1-c1ccc(F)cc1,1,10788
1478884.0,Nc1nc(Br)c2c(F)cccc2c1-c1ccccc1,1,10789
3780284.0,CC(O)(CS(=O)(=O)Cc1ccccc1Cl)C(=O)Nc1cccc(C(F)(F)F)c1,1,10790
2769287.0,O=C(O)c1ccccc1C(=O)NNc1ccc(F)cc1,1,10791
9657308.0,O=C(N/N=C/c1cccc(C(F)(F)F)c1)C1CCN(c2ncc(C(F)(F)F)cc2Cl)CC1,0,10793
5133883.0,O=C(NCCNS(=O)(=O)c1ccccc1Cl)c1cc(OCC(F)(F)F)ccc1OCC(F)(F)F,1,10795
3765222.0,C=CCSc1nc(NC)c2sccc2n1,1,10796
3851062.0,CC(C)(C)c1ccc(C(=O)c2c[nH]c(C(=O)NCCCn3ccnc3)c2)cc1,1,10798
3798415.0,C=CCC(C(=O)OC)(C(=O)OC)c1ccc([N+](=O)[O-])cn1,0,10799
1481979.0,c1ccc2nc(-c3ccncc3)ccc2c1,1,10800
135501748.0,CSc1nc(C)c(CCOC(=O)c2cccc(C)c2)c(=O)[nH]1,0,10802
3832029.0,O=c1c(C=Nc2ccc(Oc3ccccc3)cc2)c[nH]n1-c1cccc(Cl)n1,0,10803
2766825.0,O=Nc1c(O)n(Cc2ccc(Cl)cc2)c2ccccc12,1,10804
3786458.0,O=c1[nH][nH]c(C(F)(F)F)c1C=Nc1ccccc1,0,10805
1483022.0,O=c1ccc(NS(=O)(=O)c2ccccc2)cn1Cc1ccc(Cl)c(Cl)c1,1,10806
3382829.0,C=CCSc1nc(Oc2ccccc2)c2sccc2n1,1,10808
1483026.0,Cc1ccc(S(=O)(=O)Nc2ccc(=O)n(Cc3ccc(Cl)c(Cl)c3)c2)cc1,1,10810
4594206.0,CN(C)S(=O)(=O)Oc1ccsc1C(=O)Nc1ccc(Cl)cc1,1,10811
6404569.0,c1ccc(Cc2nnc(Sc3ccccc3)c3ccccc23)cc1,1,10812
1478322.0,CCOc1[nH]n(-c2ccc(Cl)cc2)c(=O)c1C=Nc1ccc(O)cc1,0,10813
1487856.0,Cc1ccc(S(=O)(=O)N2CCC(=O)N2)cc1,0,10814
4351717.0,Cc1cc(-c2ccccc2)[nH]c(=O)c1S(=O)(=O)c1ccc(Cl)cc1,0,10815
2767041.0,C=CCSc1ccsc1C(=O)O,0,10816
3799501.0,CC(Oc1ccccc1)c1ccnn1S(=O)(=O)c1ccccc1,0,10818
1483047.0,Cc1cc(-c2c(C)[nH]n(-c3ccccc3)c2=O)n(-c2ccccc2)n1,0,10819
2765866.0,CCOC(=O)C(=Cc1ccc(F)cc1)C(=O)OCC,0,10820
1475721.0,O=C(O)CSc1cc(C(F)(F)F)nc(-c2ccccn2)n1,0,10821
1478306.0,CCOc1[nH]n(-c2ccc(Cl)cc2)c(=O)c1C=Nc1ccc(Cl)cc1,0,10822
3715139.0,CN1CC(c2ccccc2)C2(COc3ccccc3C2=O)C12C(=O)Nc1ccccc12,1,10824
3807916.0,COC(=O)c1sccc1NC(=O)CSc1ccccc1NS(=O)(=O)c1ccc(Cl)cc1,1,10825
1480798.0,O=S(=O)(NCc1cc(-c2ccccc2Cl)no1)c1ccccc1,0,10826
1484658.0,Cc1ccc(CSc2nc3c(c(SCC(=O)O)n2)CCCC3)cc1,0,10828
5524180.0,C/C(=N/O)c1cn(-c2ncc(C(F)(F)F)cc2Cl)c(C)n1,0,10829
1478886.0,Nc1nc(Br)c2c(F)cccc2c1-c1ccc(Cl)cc1,1,10830
3761479.0,O=c1[nH][nH]c(C(F)(F)F)c1C=Nc1ccccc1Cl,0,10832
5152789.0,Cc1ccc(Oc2nn[nH]n2)cc1,0,10833
1476733.0,COc1ccc(S(=O)(=O)n2ccc(-c3cnc(-c4ccccc4)s3)n2)cc1,1,10836
2763924.0,O=C(O)Cc1sc(-c2ccc(Cl)cc2)nc1-c1ccccc1,0,10837
3751878.0,O=C(O)c1sc2cc(C(F)(F)F)cnc2c1-c1ccccc1,0,10839
135501754.0,CSc1nc(C)c(CCOC(=O)c2ccccc2)c(=O)[nH]1,0,10840
3576264.0,Cc1ccc(S(=O)(=O)c2c(C)cc(-c3ccccc3)[nH]c2=O)cc1,1,10841
2769286.0,O=C(O)c1ccccc1C(=O)NNc1ccc(Cl)cc1,1,10842
2774297.0,O=C(O)C1CCN(c2c([N+](=O)[O-])cc(C(F)(F)F)cc2[N+](=O)[O-])CC1,0,10843
4329176.0,CN(C)S(=O)(=O)Oc1ccccc1C(=O)Nc1cccc(C(F)(F)F)c1,1,10844
1483532.0,Cn1cc(C(=O)c2ccc(Cl)cc2Cl)cc1C(=O)O,0,10846
3504941.0,Cc1cc(-c2sccc2C)nc(-n2cccc2)n1,1,10847
3323365.0,Cc1nn(C)c(Cl)c1NC(=O)OCc1ccc(Cl)cc1Cl,1,10848
3774783.0,C=CCNC(=S)Nc1ccc2nc(C)c(C)nc2c1,1,10850
1477967.0,Cc1c(CCO)c(=O)n(C)n1C(=O)c1ccc(F)cc1,0,10851
2766138.0,CN(C)CCCNC(=O)c1cc2c3ccccc3n(C)c2s1,0,10853
327954.0,Cc1ccc2ncc([N+](=O)[O-])n2c1,0,10854
2767229.0,O=c1nc2ccccc2c2n1CC(CN1CCN(c3cccc(Cl)c3)CC1)N2,0,10855
135408826.0,Cc1cc(=O)[nH]c(-n2[nH]c3c(c2=O)CCCC3)n1,0,10857
3370714.0,CS(=O)(=O)N1CC(C(=O)NC2CCCC2)Oc2ccc(Cl)cc21,1,10858
3254622.0,Cc1nn(CCOc2ccccc2)c(=O)n1-c1ccc(F)cc1,0,10860
1480736.0,Cc1ccc(C(=O)NCc2ccc(N3CCN(C(=O)OC(C)(C)C)CC3)cc2)cc1,0,10861
3534970.0,CC(O)(CS(=O)(=O)c1cccc(C(F)(F)F)c1)C(=O)Nc1cccc(C(F)(F)F)c1,1,10862
1476007.0,Nc1nc(Br)c2ccccc2c1-c1ccc(F)cc1,1,10863
3714818.0,O=C(O)CONC(=O)c1cc(OCC(F)(F)F)ccc1OCC(F)(F)F,0,10864
4322088.0,CN(C)S(=O)(=O)Oc1cccc(C(=O)Nc2ccc(Cl)c(Cl)c2)c1,1,10866
5818015.0,CC(=O)/C=C(\O)c1c(C)[nH]n(-c2nc(-c3ccc(Cl)cc3)cs2)c1=O,0,10867
3750330.0,C=CCNc1nc(SCC=C)nc2ccsc12,1,10868
3830300.0,CN(C)S(=O)(=O)Oc1ccsc1C(=O)Nc1ccc(Cl)c(Cl)c1,1,10869
2765898.0,N#CCSc1sc(C#N)c(NC(=O)c2ccccc2)c1-c1ccccc1,1,10870
3716916.0,CC(O)(CS(=O)(=O)Cc1ccc(Cl)cc1)C(=O)Nc1cccc(C(F)(F)F)c1,1,10871
1477081.0,O=C(O)C=C1CCN(c2ncc(C(F)(F)F)cc2Cl)CC1,0,10872
3810882.0,COC(=O)C(C)(C(=O)OC)c1ccc([N+](=O)[O-])cn1,0,10873
5183591.0,CN1CC(c2ccccc2Cl)C2(COc3ccccc3C2=O)C12C(=O)Nc1ccccc12,1,10874
6105854.0,O=C1CS/C(=C\[N+](=O)[O-])N1c1ccc(OC(F)(F)F)cc1,0,10875
3748089.0,CN(C)S(=O)(=O)Oc1ccc(Cl)cc1C(=O)Nc1cccc(C(F)(F)F)c1,1,10876
1473840.0,Cc1nnsc1SCC(=O)O,0,10879
3820364.0,Cc1cc(C(F)(F)F)n2nc(-c3cnn(C)c3C(F)(F)F)c(Cl)c2n1,0,10880
3520883.0,CCOC(=O)c1cnc2c(cnn2C)c1NCCCN(C)C,0,10881
1480646.0,COc1cccc(-c2cc(C(F)(F)F)n3ncc(S(=O)(=O)c4ccccc4)c3n2)c1,1,10883
868317.0,Cc1cc(C)nc(NC(=O)/C=C/c2ccc(Cl)cc2Cl)c1,0,10885
2856996.0,O=C1CCCC2=C1C(c1ccc(Cl)cc1)C1C(=O)c3ccccc3C1=N2,1,10886
2858525.0,O=C1Nc2ccc([N+](=O)[O-])cc2C1(O)N1CCCCCC1,1,10887
873062.0,CC(C)(C)c1ccc(C(=O)NCc2ccc(Cl)cc2)cc1,0,10888
743667.0,O=C(NCCN1CCOCC1)c1ccc(Cl)cc1[N+](=O)[O-],0,10889
781881.0,C/C(=C/C(=O)NCc1ccccc1)C(=O)O,0,10890
11958863.0,CCOc1c(Cl)cc(Cl)cc1CNCCNCCO.Cl,0,10892
2978558.0,CC(C)Nc1cc(N2CCCC2)ccc1[N+](=O)[O-],1,10893
3764897.0,C=CCNC(=S)NNC(=O)c1ccc2c(c1)OCO2,0,10894
3761375.0,CSc1nc(C)c2c(n1)N(c1ccc(C(C)C)cc1)CC2,0,10895
872849.0,CC(=O)NNc1nc2ccccc2s1,0,10896
1471492.0,CSc1c(-c2ccccc2)nc2ccc(Cl)cc2c1C(=O)O,0,10897
5341446.0,Cc1cccc(C(=O)N/N=C/c2ccc(OCC(=O)N3CCCCC3)cc2)c1,1,10898
1377237.0,CCN1CCN(Cc2cc(OC)c(OC)cc2[N+](=O)[O-])CC1,0,10899
3495550.0,O=c1[nH][nH]c(C(F)(F)F)c1C=Nc1cccc(Cl)c1,0,10901
5341592.0,COc1ccc(N(CC(=O)N/N=C/c2cccs2)S(=O)(=O)c2ccc(OC)c(OC)c2)cc1,1,10902
2857436.0,O=[N+]([O-])c1ccc(C2C3C(c4ccccc4)=NC4(CCCCC4)N32)cc1,1,10903
2857215.0,Cc1ccc(S(=O)(=O)NC(CC(C)C)C(=O)Oc2ccc3c4c(c(=O)oc3c2)CCC4)cc1,1,10904
2856797.0,CCc1nnc(NS(=O)(=O)c2ccc(N=Cc3c(C)[nH]n(-c4ccc(C)cc4)c3=O)cc2)s1,1,10906
5341526.0,O=C(CSCc1cccc(Cl)c1)N/N=C/c1ccc(OCC(=O)N2CCCCC2)cc1,1,10907
2251334.0,COCCCNC(=O)/C=C/c1ccc(Cl)cc1,0,10908
2850045.0,COc1ccc(N(CC(=O)NN=C2CCCC2)S(=O)(=O)c2ccccc2)cc1,1,10909
5722573.0,C/C(=N\N=C(c1ccccc1)c1ccccc1)c1cccs1,1,10910
2845698.0,CCC1CCCCN1Cc1cc(OC)c(O)c([N+](=O)[O-])c1,0,10911
2845439.0,CN1CCCC1CCNC1C2CC3CC(C2)CC1C3,0,10912
9585859.0,Cc1ccc(-c2csc(N/N=C/c3ccco3)n2)cc1,0,10913
1022762.0,CCOC(=O)c1c(NC(=O)/C=C/c2ccc3c(c2)OCO3)sc(C)c1CC,1,10915
9619313.0,CCOC(=O)c1c2ccc(OCC(=O)N/N=C/c3ccc(Cl)cc3)cc2n2ccccc12,0,10916
2854382.0,CC(c1ccccc1C(O)c1ccccc1)N(C)C.Cl,0,10917
728371.0,CC(=O)NN1C(=O)c2ccc(Oc3cccc([N+](=O)[O-])c3)cc2C1=O,0,10918
6896381.0,COc1cc(/C=N/NC(=O)c2cccnc2)ccc1OC(=O)c1ccco1,1,10919
2844894.0,Cc1cccc(C)c1OC1(c2ccccc2)OC(=O)c2ccccc21,1,10921
756597.0,COc1ccccc1OCC(=O)NNC(=O)c1cnccn1,0,10922
2978935.0,COc1ccccc1C1=NOC(COC(=O)c2ccc3ccccc3n2)C1,1,10923
2815878.0,O=C(OCC1CC(c2ccccc2)=NO1)c1ccc(Cl)cc1,0,10924
2234443.0,Cc1nn(Cc2ccccc2Cl)c(C)c1NC(=O)CCCn1nc(C)c([N+](=O)[O-])c1C,1,10925
2978676.0,O=C(CSc1ccc(Cl)cc1)N1CCN(c2ccc(Cl)cc2[N+](=O)[O-])CC1,1,10926
1256383.0,Cc1ccccc1OCC(=O)NC(=S)Nc1ccc(Br)c(C)n1,0,10927
5509203.0,C/C(=N\NC(=O)c1ccccc1C)c1ccc(NC(=O)c2cccs2)cc1,0,10928
2234361.0,Cc1cc(NC(=S)Nc2ccccc2)ccc1Br,1,10929
867505.0,Cc1c(C(=O)NN2CCN(C)CC2)cccc1[N+](=O)[O-],0,10930
135501756.0,Cc1cc(O)c(/C=N/Nc2cccc(Cl)c2)c(=O)o1,1,10931
2870398.0,CC(=O)NC1C(OCCOc2ccc(Cl)cc2Cl)OC(COC(C)=O)C(OC(C)=O)C1OC(C)=O,1,10932
2870397.0,COC(=O)CNC(c1ccccc1Cl)c1cc(Br)ccc1NC(=O)CCN1CCOCC1,1,10933
1353257.0,O=C(CN(c1ccccc1)S(=O)(=O)c1ccccc1[N+](=O)[O-])NN=C1CCCCCCC1,0,10934
1345068.0,Cc1ccc(-c2nc3ccccc3s2)cc1NC(=S)NC(=O)/C=C/c1ccco1,1,10935
1043839.0,Cc1cccc(-n2c(=O)c3c(n4cnnc24)-c2ccccc2CC32CCCCC2)c1,0,10936
1345107.0,O=C(/C=C/c1ccco1)NC(=S)Nc1ccc(N2CCOCC2)c(Cl)c1,0,10937
5396087.0,CN1C(=O)/C(=C/c2ccccc2OCc2ccccc2F)NC1=S,0,10938
1345238.0,Cc1ccc(/C=C2\SC(=S)N(CCCC(=O)Nc3ccccn3)C2=O)cc1,0,10939
1345262.0,O=C(Cc1ccccc1)NC(=S)Nc1cc(C(F)(F)F)ccc1Cl,0,10940
2263138.0,COc1ccc(/C=C(/C#N)C(=O)Nc2cc(C)ccc2C)cc1C(=O)O,0,10941
6864414.0,Cn1cccc1/C=N/NC(=O)c1sc2ccccc2c1Cl,1,10942
135435459.0,N=c1c2cn[nH]c2ncn1Nc1ccccc1,0,10943
1344689.0,Cc1ccc2oc(-c3cccc(NC(=S)NC(=O)/C=C/c4ccco4)c3)nc2c1,1,10944
884414.0,O=C(Nc1ccc(-c2cn3ccccc3n2)cc1)c1ccc(Cl)cc1,0,10945
717505.0,CCOC(=O)Cc1csc(NS(=O)(=O)c2ccccc2)n1,0,10946
2850820.0,CON1C(=O)C(=O)N(OC)C(C)(C)C1C,0,10949
1474408.0,Nc1c(-c2cccs2)cnn1-c1nc(-c2ccc(F)cc2)cs1,1,10950
6897109.0,COc1ccc(C(=O)N/N=C/c2cccc3cccnc23)cc1,1,10953
1608349.0,O=C(NCc1cccnc1)/C(=C/c1ccc(-c2cccc(Cl)c2)o1)S(=O)(=O)c1ccccc1,1,10955
2283201.0,COc1cc(C=O)ccc1OCCOCCOc1ccccc1Cl,0,10957
872872.0,O=C(NNc1nc2ccccc2s1)c1ccccc1F,0,10958
2908270.0,CCCCNC(=O)C(=O)NC(C)CCc1ccccc1,0,10959
5343466.0,N/C(Cc1ccc([N+](=O)[O-])cc1)=N\OC(=O)COc1cccc2ccccc12,1,10960
2866807.0,CC1CCCC(C)N1CC(O)COCC1COc2ccccc2O1.Cl,0,10962
1356871.0,CC(C)(C)c1ccc(OCC(=O)NNC(=O)Cc2cccs2)cc1,1,10964
1491130.0,O=C(O)COc1ccc(-c2nccc(-c3cccs3)n2)cc1,0,10965
2981360.0,Cc1nn(C(C)C(=O)Nc2ccc(Cl)cn2)c(C)c1[N+](=O)[O-],1,10966
2978824.0,Br.COCCCN1Cc2ccccc2C1=N,0,10967
1256349.0,CCOC(=O)c1c(NC(=O)Cn2cc([N+](=O)[O-])cn2)sc2c1CCC2,1,10968
5732085.0,CCCCOc1ccc(C(=O)N/C(=C\c2ccc(OC)cc2)C(=O)OCc2ccco2)cc1,1,10969
1316869.0,COc1ccccc1NC(=O)Cn1cncc1-c1ccc([N+](=O)[O-])cc1,1,10970
1336800.0,CCc1cccc(C)c1NC(=O)CSc1nc2ccc(N3C(=O)c4ccccc4C3=O)cc2s1,1,10971
9567331.0,COc1ccccc1/C=C/C=N/N1CCN(Cc2ccc(Cl)cc2)CC1.Cl,1,10972
2892895.0,COC(=O)c1cc(NS(=O)(=O)c2ccc(N3CCCCCC3)c([N+](=O)[O-])c2)cc(C(=O)OC)c1,1,10973
135411470.0,COc1cc(/C=N\NC(=O)C2C(=O)NCC2c2ccccc2)cc(OC)c1O,0,10974
2238677.0,CC(C)(C)c1ccc(COC(=O)CNC(=O)CNC(=O)Cc2ccccc2)cc1,1,10975
135501758.0,CCN(CC)c1ccc(/C=N/N2CCN(Cc3ccc(C)cc3)CC2)c(O)c1,1,10976
5343485.0,N/C(=N\OC(=O)Cc1ccc(Cl)cc1)c1cccnc1,1,10977
691378.0,O=C1N=C(N2CCOCC2)S/C1=C/c1cccs1,0,10979
1255567.0,Brc1ccc(-c2csc(N3CCc4ccccc4C3)n2)cc1,0,10980
6116253.0,C/C(=N\NC(=O)Cc1ccccc1)c1cccs1,0,10981
2983139.0,CCOC(=O)C1=C(COc2ccc(F)cc2Cl)NC(=O)NC1c1cc(C)ccc1C,1,10982
2983055.0,COc1cccc(CNCCc2c[nH]c3ccccc23)c1OCc1ccccc1F.Cl,1,10983
979802.0,NS(=O)(=O)c1ccc(NCc2ccccc2OCc2ccccc2F)cc1,1,10984
1550409.0,COc1ccc(/C=C(/NC(C)=O)C(=O)O)cc1,0,10985
2982948.0,Br.N=C1c2ccccc2CN1NC(=O)c1ccc(Cl)cc1,0,10986
873372.0,O=C(COc1cccc2ccccc12)NNC(=O)c1cccs1,1,10988
2870693.0,CCOC(=O)c1ccc(NC(=O)C(=O)NCC2CCCO2)cc1,0,10989
873352.0,Oc1ccccc1-c1cc(-c2ccccc2)no1,0,10990
5336362.0,COc1ccc(/C(C)=N/NC(=O)c2ccc(N(C)C)cc2)cc1,0,10991
781779.0,COc1cccc(C(=O)NNC2=CC(=O)CC(C)(C)C2)c1,0,10992
872713.0,O=C(NNc1nc2ccccc2s1)C1CC1,0,10993
3379732.0,Clc1ccc(OCc2cnc(Cl)s2)cc1,0,10994
3533224.0,COc1ccc(C(=O)c2c[nH]c(C(=O)NCc3cccs3)c2)cc1,0,10995
16413233.0,Cc1snc(SCC(=O)N/N=C(\N)COc2cccc(C(F)(F)F)c2)c1C#N,1,10996
5465093.0,C/C(=N\NC(N)=O)c1ccc(Cl)cc1,0,10997
5731085.0,CC(=O)c1cccc(NS(=O)(=O)c2ccc(N/C=C\C(=O)c3ccc(F)cc3)cc2)c1,1,10998
2198843.0,Cc1cccc(N2C(=O)NC(=O)/C(=C\c3cnn(-c4ccccc4)c3)C2=O)c1,0,10999
2904360.0,Cc1c(NC(=O)C(Sc2ccccc2)c2ccccc2)cccc1[N+](=O)[O-],0,11000
1488440.0,O=C(Nc1ccc(Cl)cc1)Nc1nc(-c2sccc2Br)cs1,0,11001
1485496.0,CN(C)S(=O)(=O)c1ccc(NC(=O)N2CCN(c3ccccc3)CC2)cc1,0,11002
2981764.0,Cc1c(Br)c([N+](=O)[O-])nn1C(C)C(=O)Nc1nccs1,1,11004
11958869.0,COc1ccc(NC(=O)COc2ccc(CNCCCN3CCOCC3)cc2OC)cc1.Cl,0,11005
5641046.0,Cn1cccc1CC(=O)N/N=C\c1cccs1,0,11006
2283286.0,COc1ccccc1OCCCOc1ccc([N+](=O)[O-])cc1Cl,1,11007
783054.0,CCN(Cc1ccccc1)Cc1cccc([N+](=O)[O-])c1,0,11008
1375643.0,c1ccc(C2CCC(N3CCC(N4CCCCC4)CC3)CC2)cc1,0,11009
5341081.0,O=C(N/N=C/c1ccco1)c1ccccn1,0,11010
2858180.0,Br.COc1ccc2c(c1)nc(SCC(=O)c1ccc(Br)s1)n2C,1,11011
3767066.0,CCCCCC1CCC(C(=O)NNC(=S)NCC)CC1,0,11012
2250420.0,O=C(OCc1ccccc1)/C(=C/c1ccc(Cl)cc1)NC(=O)c1ccccc1Cl,1,11013
5732304.0,CCCCOc1ccc(C(=O)N/C(=C\c2cccc([N+](=O)[O-])c2)C(=O)OCCC)cc1,1,11014
2908925.0,Cc1ccc(C(=O)NC(=S)NCC2CCCO2)cc1,0,11015
2908796.0,CC1CN(C(=S)NC(=O)c2ccc([N+](=O)[O-])cc2)CC(C)O1,0,11016
693383.0,O=C(Oc1ccccc1[N+](=O)[O-])c1cccnc1,0,11017
2983080.0,CC(c1ccc(F)cc1)n1c(-c2ccc3ccccc3n2)n[nH]c1=S,1,11018
2982742.0,COc1ccc(CCNC(=O)COc2ccc(S(=O)(=O)NC3CCCCC3)cc2Cl)cc1,1,11023
2982669.0,O=C(Nc1ccccc1)C(Cc1ccccc1)NC(=O)C12CC3CC(CC(C3)C1)C2,0,11024
2238272.0,CCOc1ccc(NC(=S)N(Cc2ccc(Cl)cc2)Cc2ccco2)cc1,1,11025
2982322.0,COc1cc(CNCCc2c[nH]c3ccccc23)ccc1OCc1ccccc1F.Cl,1,11026
1257248.0,CCc1cccc(-n2cc(C3CCN(C(=O)OC(C)(C)C)CC3)c(C(=O)Nc3ccc(F)cc3)n2)c1,1,11027
2981294.0,CCC(=O)c1ccc(OCC(O)CN(CCc2ccccc2)Cc2ccccc2)cc1.Cl,0,11028
3746305.0,COc1ccc(OC)c(C2C3=C(COC3=O)Nc3cc4c(cc32)OCO4)c1,1,11029
5732077.0,O=C(NC(Cc1ccccc1)C(=O)O)/C(=C\c1ccco1)NC(=O)c1ccc(Br)cc1,0,11030
135500932.0,N/C(=N\c1nc2c(c(=O)[nH]1)CCC2)Nc1ccccc1C(F)(F)F,0,11031
2283364.0,COc1cc(C)ccc1OCCCOc1ccccc1Br,0,11034
2983415.0,CCN(CC(=O)Nc1ccc([N+](=O)[O-])cc1OC)c1ccccc1,1,11037
3695752.0,COCc1cc(=O)[nH]c2cc(NC(=O)C(F)(F)F)c(C)cc12,0,11040
2295127.0,Cc1ccc(S(=O)(=O)Oc2ccc(C3C4=C(CCCC4=O)OC4=C3C(=O)CCC4)cc2)cc1,1,11041
1926154.0,COc1cc(/C=C/C(=O)O)cc(S(=O)(=O)NCCCO)c1OC,0,11042
2898275.0,Cc1ccc(C(=O)COC(=O)CNC(=O)Cc2ccccc2)cc1[N+](=O)[O-],0,11043
1322118.0,CCOC(=O)Cc1csc(NC(=S)NC(=O)c2ccc(Cl)cc2)n1,1,11044
979778.0,COc1ccc(C(=O)NCc2ccc(-c3nc4ccccc4s3)cc2)cc1,1,11045
1258491.0,Cc1cccc(C)c1NC(=S)NC(=O)CCc1ccccc1,1,11046
2238869.0,Cc1ccc(NS(=O)(=O)c2cc(C(=O)NCc3ccccn3)ccc2Cl)cc1C,1,11047
3789555.0,O=c1[nH][nH]cc1C=Nc1ccccc1O,0,11048
2866183.0,CS(=O)(=O)N1CCN(c2ccc([N+](=O)[O-])c(N3CCOCC3)c2)CC1,0,11049
2866330.0,Oc1[nH]c2ccccc2c1N=Nc1ccc(C(F)(F)F)cn1,0,11050
671755.0,Cc1ccc(-c2cc(N)n3nc(-c4ccc(C)cc4)cc3n2)cc1,0,11051
6897144.0,COc1ccc(-c2nn(-c3ccccc3)cc2/C=N/NC(=O)c2ccc3c(c2)OCO3)cc1,1,11052
867089.0,O=[N+]([O-])c1cccc(-c2nc(-c3ccncc3)no2)c1,1,11054
2869583.0,CCOC(=O)N1N=C(c2ccccc2)CC1(O)C(F)(F)F,0,11055
614439.0,CCN1CCc2c(sc(N)c2C(N)=O)C1,0,11056
2856656.0,CCC(C)C(NS(=O)(=O)c1ccc(C)cc1)C(=O)Oc1ccc2c3c(c(=O)oc2c1)CCC3,1,11058
870298.0,O=C(/C=C/c1cccc([N+](=O)[O-])c1)NCCN1CCOCC1,0,11060
5511356.0,Cc1ccc(S(=O)(=O)N/N=C\c2ccccc2OCc2ccccc2)cc1,1,11061
5335116.0,CCCCCCCCC(=O)N/N=C/c1cccc(Br)c1,0,11062
5340350.0,O=C(N/C(=C/c1ccc(Br)cc1)c1nc2ccccc2[nH]1)c1ccco1,1,11063
1376406.0,COc1ccc(CCN(C)Cc2ccc(OCc3ccccc3)c(OC)c2)cc1OC,1,11064
5721715.0,CC1CCCN(C/C=C/c2ccccc2[N+](=O)[O-])C1,0,11065
2845213.0,COc1ccc(CCC(C)NC2C3CC4CC(C3)CC2C4)cc1,0,11066
979812.0,Cc1nn(C(=O)c2ccco2)c(C)c1Sc1ccc(Br)cc1,0,11067
2869993.0,CCOc1cc(C2CC(=O)c3c(ccc4ccccc34)N2)ccc1O,1,11068
1485116.0,O=C(/C=C/c1cc2c(cc1Br)OCO2)NCc1ccc(Cl)cc1,1,11069
4362481.0,Cc1cc(C)c(C(N)=O)c(NC(=O)Nc2ccccc2)n1,0,11070
5524045.0,COC(/C=C/Nc1ccc(Br)cc1)=C(C#N)C#N,0,11072
2869867.0,CCOc1nc(N=C(N)N)nc2c(C)cccc12,0,11073
135501761.0,Cc1cc(O)c(/C=N/Nc2ccc(Cl)cc2)c(=O)o1,0,11074
5335845.0,CCCOc1ccc(N2C(=O)CC(S/C(N)=N/N=C(\C)c3cccs3)C2=O)cc1,0,11075
5334520.0,CC(C)NC(=O)CC(=O)N/N=C/c1ccc(Br)cc1,0,11076
5336158.0,COc1cc(/C=C(/NC(=O)c2ccccc2)C(=O)Nc2ccccc2)c([N+](=O)[O-])cc1OC,1,11077
2257335.0,COc1ccc(-c2nc(NC(=O)c3ccccc3)sc2-c2ccc([N+](=O)[O-])cc2)cc1,0,11079
5722799.0,Cc1nc2ccccn2c1C(=O)N/N=C/c1ccccc1[N+](=O)[O-],1,11080
5392442.0,Cc1ccc(NCC(=O)N/N=C\c2ccc([N+](=O)[O-])o2)cc1,1,11082
6896191.0,Cc1ccc(-c2nn(-c3ccccc3)cc2/C=N/NS(=O)(=O)c2ccccc2)cc1,0,11083
6896139.0,O=C(CN(Cc1ccccc1)S(=O)(=O)c1ccc2c(c1)OCCO2)N/N=C/c1ccc(F)cc1,0,11085
871385.0,COc1cccc(C(=O)Nc2cc(C(F)(F)F)ccc2Cl)c1,1,11086
2257324.0,O=C(/C=C/c1ccc2c(c1)OCO2)NCCSCc1cccc(Cl)c1,0,11087
867541.0,CCOc1ccc(C(=O)Cc2cc(OC)c(OC)cc2[N+](=O)[O-])cc1,1,11088
9566970.0,Clc1cccc(N/N=C/c2ccc(N3CCOCC3)cc2)c1,0,11089
579121.0,COc1ccc(NC2(c3ccc(Cl)cc3)C(=O)c3ccccc3C2=O)cc1,0,11091
6896196.0,COc1cccc(/C=N/NC(=O)C(=O)NCc2cccnc2)c1,0,11092
2851629.0,CCCN1CCC(=NNC(=O)c2ccc(Br)o2)CC1,0,11093
5340559.0,CCOc1ccc(NC(=S)NC(=O)/C=C/c2ccc(C)cc2)c([N+](=O)[O-])c1,0,11094
5340558.0,O=C(/C=C/c1ccc(-c2ccccc2[N+](=O)[O-])o1)c1ccc(F)cc1,1,11095
5508897.0,O=S(=O)(N/N=C\c1cn(-c2ccccc2)nc1-c1ccccc1)c1ccccc1,1,11096
872677.0,CC1(C)CC(=O)C=C(NCc2ccc(Cl)c(Cl)c2)C1,1,11098
2856609.0,CCNC(=S)NNC(=O)c1cccc(Br)c1,0,11099
732170.0,Cc1ccc([N+](=O)[O-])cc1NC(=S)NC(=O)C(C)(C)C,0,11101
2851880.0,Cc1ccc[n+](CC(=O)c2cc3ccccc3oc2=O)c1.[Br-],0,11102
728374.0,CC(=O)NN1C(=O)c2ccc(Oc3ccc([N+](=O)[O-])cc3)cc2C1=O,0,11103
732151.0,O=C(/C=C/c1ccccc1)NNC(=O)c1cccnc1,0,11104
135501764.0,Cc1c(NC(=S)N/N=C/c2ccc(O)cc2)c(=O)n(-c2ccccc2)n1C,0,11105
5334529.0,O=C(N/N=C/c1ccco1)c1ccc(Br)o1,0,11106
5340423.0,O=C(CO)N/N=C/c1ccccc1F,0,11107
1355735.0,O=C(Nc1ccccc1-c1nc2ccccc2[nH]1)c1ccc(S(=O)(=O)N2CCCCC2)cc1,0,11108
1266946.0,O=C(OCc1cccc(F)c1)c1ccc2c(c1)-c1ccccc1C2=O,0,11109
2288692.0,Cc1cccc(CSCCNC(=O)c2ccc(N(C)S(=O)(=O)c3ccccc3)cc2)c1,1,11112
2288767.0,O=S(=O)(NCCSCc1ccc(Cl)cc1Cl)c1ccc2c(c1)OCCO2,1,11113
900766.0,Cn1c(CN2CCOCC2)nnc1SCc1ccccc1,1,11114
2256079.0,O=C(CSc1nc2ccccc2s1)NNC(=S)Nc1ccc(Br)cc1,1,11115
704266.0,O=C(NCCc1ccccc1)N1c2ccccc2Sc2ccccc21,1,11118
2915827.0,O=C(NCCN1CCN(C(=O)C(c2ccccc2)c2ccccc2)CC1)C(=O)Nc1ccccc1,0,11119
1362004.0,COc1ccc(C2(CNC(=O)/C=C/c3ccco3)CCCC2)cc1OC,1,11121
5728143.0,O=C(/C=C\NCC(=O)c1ccccc1)c1ccc(F)cc1,1,11122
5345636.0,Cc1cc(C)nc(NN2C(=O)/C(=C/c3ccccc3)SC2=S)n1,0,11123
876358.0,CC(=O)N=c1sccn1CC(=O)c1ccc([N+](=O)[O-])cc1,1,11124
5512367.0,Cc1ccc(OCC(=O)N/N=C\c2c(C)n(C)c3ccccc23)c([N+](=O)[O-])c1,1,11125
973021.0,c1cnc(Nc2nc(-c3ccc4ccccc4c3)cs2)nc1,0,11126
2969107.0,CCOC(=O)NNC1CC(=O)N(c2ccc(OC)cc2)C1=O,0,11127
1266826.0,C=CCn1c(SCc2ccc(C(=O)Nc3ccccc3)cc2)nnc1-c1ccccc1,1,11128
1252084.0,O=C(Nc1ccc(-c2cc3ccccc3oc2=O)c(Cl)c1)c1cccnc1,0,11131
6898195.0,Cc1ccc(COc2ccc(Br)cc2/C=N/O)cc1,1,11133
678304.0,Cc1ccccc1/C=C1\OC(=O)c2ccccc21,0,11134
678302.0,Cc1ccc(/C=C2\OC(=O)c3ccccc32)cc1,1,11135
5339115.0,CCOC(=O)N/N=C/c1ccccc1F,0,11136
23712841.0,CCC(=S)/C=C1\Sc2ccc3ccccc3c2N1CCCS(=O)(=O)[O-].[Na+],0,11138
1452330.0,CCC(=O)Nc1ccc(NC(=O)CSc2nnnn2-c2cccnc2)cc1C,1,11140
1363311.0,COc1ccc(Br)cc1/C=C/C(=O)Nc1c(C)cccc1C,1,11141
1363467.0,COc1ccc(Br)cc1C(=O)Nc1ccc(Cc2ccncc2)cc1,1,11143
667824.0,CCNc1nc(NCC)nc(ON=C(C)C)n1,0,11144
9587065.0,COc1ccc(CC(=O)O/N=C(\N)Cc2ccc(OC)cc2)cc1,1,11145
1096310.0,O=C(Cn1cnc2ccccc2c1=O)Nc1nnc(SCc2ccccc2)s1,0,11147
1181849.0,O=C(CCN1C(=O)c2ccccc2C1=O)NC(=S)Nc1cccc(Cl)c1,1,11148
9592343.0,O=[N+]([O-])c1ccc(/C=N/Nc2cc(Cl)nc(-c3ccccc3)n2)cc1,0,11151
9594647.0,Cc1cc(C(=O)N/N=C/c2cccc(OC(=O)c3ccco3)c2)n[nH]1,0,11152
5334657.0,C=CCOc1cccc(/C=N/NC(=O)C(=O)NCc2ccco2)c1,0,11153
3129525.0,O=c1oc2c(Cl)cc(Cl)cc2cc1-c1nnc(Nc2ccccc2F)s1,0,11154
3168636.0,COc1ccccc1NC(=O)Cc1csc(NC(=S)Nc2ccc(C)cc2)n1,1,11155
5339218.0,CC(C)(C)NC(=O)C(=O)N/N=C/c1ccc(Br)cc1,0,11156
948551.0,O=C(Nc1ccc(F)cc1)Nc1nnc(-c2ccncc2)s1,1,11158
5395106.0,O=S(=O)(N/N=C\c1ccc2c(c1)OCO2)c1ccc(Cl)cc1,1,11160
5340952.0,CCCCCCCCC(=O)N/N=C/c1ccccn1,0,11161
6898388.0,O=S(=O)(N/N=C/c1ccc2c(c1)OCCO2)c1ccc(Cl)cc1,1,11163
707786.0,Cc1c(N=Cc2ccc(Br)s2)cccc1[N+](=O)[O-],0,11164
5339344.0,COc1ccccc1/C=C/C(=O)c1c2c(c(C)[nH]c1=O)CCCC2,1,11165
1886670.0,COc1ccc(CN(CCC#N)C(=S)NC(=O)c2ccccc2)cc1,1,11167
2220758.0,Cc1ccccc1-c1cc(C(=O)Nc2nc3c(s2)CCCC3)c2ccccc2n1,1,11168
1257041.0,Cc1ccc(C)c(-c2cc(C(=O)Nc3sc(C)c(C)c3C(N)=O)c3ccccc3n2)c1,1,11169
1326252.0,O=C(c1sc2ccccc2c1Cl)N1CCN(c2ccc(F)cc2)CC1,1,11170
1326279.0,Cc1ccc(S(=O)(=O)Nc2nc(C)c(NC(=O)Nc3ccc(Cl)cc3Cl)s2)cc1,1,11171
2920681.0,O=C(NC(=S)NC1CCSC1=O)c1ccccc1Cl,1,11172
720822.0,S=c1[nH]nc(CCc2ccccc2)n1Cc1ccccc1,1,11173
1326381.0,O=C(Nc1nc(-c2ccccc2)c(-c2ccccc2)o1)c1ccc(F)cc1,1,11174
2920708.0,O=C1c2ccccc2C(=O)N1CC1c2ccccc2CCN1S(=O)(=O)c1ccccc1,1,11175
1252842.0,CC(C)NS(=O)(=O)c1ccc(NC(=S)NC(=O)c2ccc(-c3ccccc3)cc2)cc1,0,11176
1463775.0,COc1ccccc1NC(=O)Cn1nnc(-c2ccccc2NC(=O)c2cc3ccccc3oc2=O)n1,1,11178
834228.0,Nc1nc(=S)[nH]c2c1C1(CCCC1)Cc1ccccc1-2,1,11179
3193321.0,CCCCC(=O)Nc1cc(OCC)c(NC(=O)c2ccccc2[N+](=O)[O-])cc1OCC,1,11180
3192795.0,Cc1ccccc1C(=O)Nc1ccccc1-c1nnn(CC(=O)Nc2ccc3c(c2)OCCO3)n1,1,11181
759425.0,O=c1c2ccc([N+](=O)[O-])c3cccc(c32)c2nc3ccccc3n12,1,11183
2228103.0,CCCOc1ccc(C(=O)CCNc2ccc(C)c(Cl)c2)cc1,0,11184
2969261.0,O=C(NNC(=O)C1COc2ccccc2O1)c1ccccc1,0,11185
5753381.0,Nc1nnc(CC(=O)N/N=C/c2cccc([N+](=O)[O-])c2)s1,1,11186
11958881.0,O=C(C[n+]1cccc(NC(=O)c2ccccc2)c1)c1ccc(NC(=O)c2ccccc2)cc1.[Br-],0,11187
1254616.0,COc1ccc(C(=O)NC(=S)Nc2cccc(Cl)c2N2CCOCC2)cc1[N+](=O)[O-],1,11188
3215427.0,COc1ccc(C(C(=O)NC2CCCCC2)N(C(=O)c2sc(C)nc2C)c2ccc(OC)cc2)cc1,1,11190
3215186.0,Cc1cccc2cc(CN(Cc3ccccc3)C(=O)c3cccc(F)c3)c(Cl)nc12,1,11191
2980658.0,CCc1ccccc1NC(=O)C(C)n1nc([N+](=O)[O-])c(Br)c1C,1,11192
11958883.0,CCOc1cc(CNCCCN2CCOCC2)cc(Br)c1OCC(=O)Nc1cccc(C(F)(F)F)c1.Cl,1,11193
2981167.0,O=C(CC1C(=O)N(c2ccc(Cl)cc2)C(=S)N1CCc1ccncc1)Nc1ccc(F)cc1,1,11194
847845.0,CN(Cc1n[nH]c(=S)n1C)S(=O)(=O)c1ccccc1,0,11195
2976034.0,O=C(C(Cc1ccccc1)N1C(=O)C2C3CCC(C3)C2C1=O)N1CCCCC1,1,11196
2976172.0,Cc1cc(=O)n2c3ccccc3n(CC(O)CN3CCCCC3)c2c1C#N,0,11197
2230092.0,CNC(=S)NNC(=O)COc1ccccc1C,0,11199
2230146.0,O=C(NC(=S)N(CCCCO)C1CCCCC1)c1sc2ccccc2c1Cl,1,11200
2979969.0,CCNCc1cc(OCC)c(OCC(=O)NCCc2ccccc2)cc1Cl.Cl,1,11202
2980117.0,Br.N=C1c2ccccc2CN1NC(=O)c1ccc(F)cc1,0,11203
2002430.0,COc1cc(C(=O)NC(=S)Nc2ccc3oc(=O)ccc3c2)cc(OC)c1OC,1,11205
2920401.0,CN1CCN(c2ccc([N+](=O)[O-])cc2S(=O)(=O)N2CCOCC2)CC1,0,11207
765832.0,NC(=S)Nc1ccc(Oc2ccc(NC(N)=S)cc2)cc1,1,11208
2965068.0,CC(=O)Nc1ccc(S(=O)(=O)NC2(C(F)(F)F)NC(=O)N(c3ccc(Cl)cc3)C2=O)cc1,0,11209
1511213.0,Cn1c(CCN2CCCCC2)nc2cc([N+](=O)[O-])ccc21,0,11210
1251205.0,CCOC(=O)c1c(-c2ccc(C)o2)csc1NC(=S)NC(=O)N(C)C,1,11211
2965242.0,CN1CCCCC1=NCCCn1cnc2c1c(=O)n(C)c(=O)n2C.Cl,0,11212
2965319.0,CC(C)Oc1ccc(CNC(=O)CC(c2ccccc2)c2cc(Cl)ccc2O)cc1,1,11213
2220529.0,COc1cc2c(cc1NC(=O)c1cc(-c3cccnc3)nc3ccc(C)cc13)oc1ccccc12,1,11214
2960667.0,CN(Cc1ccccc1)C(=O)CC(c1ccccc1)c1cc(Cl)ccc1O,1,11216
2920059.0,CN1CCN(c2ccc([N+](=O)[O-])cc2C(=O)N2CCOCC2)CC1,0,11217
5735193.0,CCN(CC)c1ccc(/C=C2/C(=O)NC(=O)N(CC3CCCO3)C2=O)cc1,0,11218
2920380.0,CN(C)S(=O)(=O)c1cc([N+](=O)[O-])ccc1N1CCCCCC1,1,11219
874021.0,N#C/C(=C\c1cc(Cl)cc(Cl)c1O)C(=O)NC1CCCCC1,1,11220
2871272.0,CCC(=O)Nc1ccc2c(c1)C(=O)c1ccccc1C2=O,1,11221
2288571.0,O=C(CN(c1ccccc1)S(=O)(=O)c1ccccc1)NCCSCc1ccco1,1,11222
2790677.0,COc1cc([N+](=O)[O-])ccc1NC(=O)CCCOc1cccc(C)c1,1,11223
1565305.0,Cc1cccc(OCCCC(=O)Nc2ccccc2C(F)(F)F)c1,1,11224
859016.0,S=C(NCc1ccco1)N1CCN(Cc2ccco2)CC1,0,11225
846335.0,O=C(NNC(=O)C1CCCCC1)c1cnccn1,0,11226
2230158.0,Cc1ccc(C(=O)Nc2cccc(-c3cnc4ccccc4n3)c2)cc1,1,11227
5340938.0,O=C(COc1ccc(Cl)cc1Cl)N/N=C/CCc1ccccc1,1,11229
1358597.0,CC(=O)NN1C(=O)/C(=C\c2ccc(C)cc2)SC1=S,0,11230
6898200.0,COc1cc(/C=N/O)cc(Br)c1OCc1cccc(Cl)c1,1,11231
6898171.0,CCOc1cc(/C=N/O)ccc1OS(=O)(=O)c1ccc(C)cc1,1,11232
6898169.0,COc1cc(/C=N/O)cc(Br)c1OCc1ccc(Cl)cc1,1,11233
2965349.0,COc1ccccc1C1(CC(=O)Nc2nccs2)CCOC(C(C)C)C1,1,11234
2231259.0,Cc1sc2nc(SCc3nc(-c4cccs4)no3)n(-c3ccccc3)c(=O)c2c1C,0,11235
2974705.0,COc1ccc(C(=O)NC(CO)c2nnc(SCc3ccc(Cl)c(Cl)c3)n2C)cc1,0,11236
1254644.0,O=C(NC(=S)Nc1cccc(Cl)c1N1CCCCC1)c1cccs1,0,11237
1266366.0,CCNC(=O)c1ccc(-n2nc(C(F)(F)F)c3c2CCCC3)cc1,0,11238
3134119.0,CCc1ccccc1NC(=O)CSc1nc(-c2ccccc2)nn1C(=O)c1cccc([N+](=O)[O-])c1,0,11239
6870964.0,COCc1cc(C)nc(OCC(=O)N/N=C/c2ccc(-c3cccc([N+](=O)[O-])c3)o2)c1C#N,1,11241
1723513.0,COc1ccccc1CCNCc1cc2c(cc1[N+](=O)[O-])OCO2,1,11242
1090024.0,O=C(Nc1cccc(-c2nc3ccccc3s2)c1)c1ccc2c(c1)OCO2,1,11243
2887603.0,OC(Cn1c2ccccc2c2ccccc21)C[n+]1ccccc1.[O-][Cl+3]([O-])([O-])[O-],0,11245
11958885.0,COc1cccc(CN2CCN(Cc3cc(OC)c(OC)cc3[N+](=O)[O-])CC2)c1.O=C(O)C(=O)O,0,11247
5339113.0,CCOC(=O)N/N=C/c1ccc(F)cc1,0,11248
1012487.0,COC(=O)c1sccc1NC(=O)c1cc(-c2cc(C)ccc2C)nc2ccccc12,1,11249
2220615.0,Cc1ccccc1-c1cc(C(=O)n2cccn2)c2cc(Cl)ccc2n1,0,11250
2012165.0,CCn1c(SCc2ccc(Cl)cc2Cl)nc2nc3c(cc2c1=O)CCCC3,1,11252
1254297.0,O=C(CSCc1ccccc1)Nc1cccc(C(=O)Nc2ccccc2C(=O)O)c1,1,11253
5346051.0,COc1cccc(C(=O)/C=C/c2ccc(SC)cc2)c1,1,11255
2830366.0,CCOc1ccc(OC(=O)NC(c2ccccc2)C(Cl)(Cl)Cl)cc1,1,11256
808178.0,O=C(NCc1ccc(Cl)cc1)c1ccc(Cl)cc1[N+](=O)[O-],1,11258
878105.0,O=C(/C=C/c1ccc(Cl)cc1)Nc1ccc(N2CCCCC2)cc1,0,11259
2294491.0,O=C(CSc1ccc(Cl)cc1)Nc1cccc(-c2nc3ncccc3o2)c1,1,11260
5346227.0,COc1ccccc1C/C(N)=N/OC(=O)c1ccc(C)c([N+](=O)[O-])c1,1,11261
2879195.0,Cc1cc(C)nc(SCC(=O)Nc2ccccc2[N+](=O)[O-])n1,0,11262
5728169.0,O=C(Cc1cccs1)N/N=C/C(Br)=C/c1ccccc1,0,11264
5345855.0,CCCn1c(/C=C/c2ccccc2)nc2ccccc21,1,11265
2976358.0,Cc1ccc(OCC(=O)N2CCN(c3ccc([N+](=O)[O-])c(N4CCOCC4)c3)CC2)cc1,1,11266
1940329.0,COC(=O)c1ccc(C(=O)OC)c(NC(=S)N2CCN(c3ccccc3)CC2)c1,1,11267
2230147.0,O=C(CSCc1ccccc1Cl)NNC(=S)Nc1ccccc1,1,11268
2974685.0,COc1ccc(N2CCN(S(=O)(=O)c3ccc4c(c3)CCCC4)CC2)c([N+](=O)[O-])c1,1,11270
2228761.0,CCn1c(CC(=O)Nc2ccc(C)c(Cl)c2)nnc1SCc1ccc(Cl)c(Cl)c1,1,11272
1250504.0,Cc1cc(C)c(Cn2cnc(-c3ccc([N+](=O)[O-])cc3)c2)c(C)c1,1,11273
2973578.0,COc1ccc(-n2nc([N+](=O)[O-])c(=NCCc3ccc(Cl)cc3)n2O)cc1,0,11274
2980023.0,CCn1c(SCc2ccc([N+](=O)[O-])cc2)nnc1C(C)NC(=O)c1ccccc1Br,1,11276
2878615.0,Br.CCOc1ccc2c(c1)nc(SCC(=O)c1ccc(Br)s1)n2C,1,11277
2236068.0,CCCCC(=O)Nc1ccc(C(=O)NNC(=O)CCc2ccccc2)cc1,0,11278
1266747.0,COc1ccc(C(=O)CN(C(=O)c2ccc(Cl)cc2)N2C(=O)c3ccccc3C2=O)cc1,1,11279
1187786.0,C=CCn1c(SCC(=O)Nc2ncc(Cc3ccc(Br)cc3)s2)nnc1-c1ccncc1,1,11280
1182987.0,Cc1cccc(Oc2coc3cc(OC(=O)c4cccs4)ccc3c2=O)c1,1,11282
1179914.0,CN(C1CCCCC1)S(=O)(=O)c1ccc(NC(=S)NC(=O)c2cccs2)cc1,1,11283
2230163.0,CC(=O)c1cccc(NC(=O)Cc2ccc3c(c2)CCCC3)c1,0,11284
2976100.0,Cc1cccc(-n2nc([N+](=O)[O-])c(=NCc3cccnc3)n2O)c1,1,11285
2220468.0,COc1cccc(NC(=O)c2cc(-c3cccnc3)nc3c(Cl)cccc23)c1,1,11286
1249995.0,CCn1c(Cc2ccccc2)nnc1SCC(=O)c1cccc([N+](=O)[O-])c1,0,11287
1250831.0,Fc1cc(Br)ccc1NC(=S)NCCc1ccccc1,1,11288
2973719.0,CC(C)CNc1cc(N2CCCC2)ccc1[N+](=O)[O-],0,11289
2974405.0,COc1ccc(N2CC(C(=O)Nc3cc(C)on3)CC2=O)cc1,0,11290
2973414.0,COc1ccc(CCN=c2c([N+](=O)[O-])nn(-c3ccccc3)n2O)cc1OC,1,11291
2973263.0,O=C(NCCOC12CC3CC(CC(C3)C1)C2)c1cccc(Br)c1,0,11292
2975162.0,Cc1cc(C)c2c(c1)C1C=CCC1C(c1ccc(S(=O)(=O)N3CCOCC3)cc1)N2,1,11293
1130311.0,COc1ccc(-n2c(CNc3ccc(C)cc3)nnc2SCC(=O)Nc2nc(-c3ccccc3)cs2)cc1,1,11294
5390201.0,C/C(=N\NC(=S)Nc1cccc(C)c1)c1ccccc1,1,11295
3107550.0,CCCNc1[nH]c(=O)n(C)c(=O)c1N=O,0,11297
3207506.0,Cc1ccc2nc(SCC(=O)NCc3cccs3)c(C#N)cc2c1,0,11298
2978939.0,Cc1ccc(N(C(C)C(=O)Nc2cc(Cl)ccc2Oc2ccccc2)S(C)(=O)=O)cc1,1,11299
2234665.0,COC(=O)c1ccc(C(=O)OC)c(NC(=O)CSCc2ccc(Br)cc2)c1,1,11300
2979065.0,CCOC(=O)C1=C(CSc2nc3ccccc3s2)NC(=O)NC1c1cc(C)ccc1C,1,11301
2061000.0,COC(=O)c1nnn(-c2nonc2N)c1CSc1nc2ccccc2o1,1,11303
5741695.0,COc1ccccc1N/C(=N/S(=O)(=O)c1ccc(C)cc1)c1ccc(Cl)cc1,1,11305
2979693.0,CCOC(=O)C1=C(CSc2nc3ccccc3s2)NC(=O)NC1c1cccc([N+](=O)[O-])c1,1,11306
2301800.0,O=C(Nc1cccc(Cl)c1N1CCCC1)c1cccc(-c2cc3ccccc3oc2=O)c1,1,11307
5740854.0,CC1CC2=C(NC(=S)NC2c2ccc(F)cc2)/C(=C/c2ccc(F)cc2)C1,1,11308
2968927.0,CCC(C(=O)c1ccccc1)N(C(=O)c1ccccc1Cl)N1C(=O)C2C3C=CC(C3)C2C1=O,1,11309
2224644.0,Cc1ccc(NS(=O)(=O)c2ccc(OCC(=O)Nc3cccc([N+](=O)[O-])c3)c(C)c2)cc1,1,11310
135501767.0,O=C(N/N=C/c1c[nH]c2ccccc12)c1cc(-c2ccc(-c3ccccc3)cc2)n[nH]1,0,11311
3115024.0,Cn1cc([N+](=O)[O-])c(C(=O)Nc2cc(Oc3cccnc3)cc([N+](=O)[O-])c2)n1,1,11312
947732.0,O=C(Nc1ncc(Cc2cccc(Cl)c2)s1)C1=NCCN1,0,11313
2853124.0,COCC(C)NCc1cccc([N+](=O)[O-])c1.O=C(O)C(=O)O,0,11314
5340935.0,CCOc1cc(/C=N/NC(=O)COc2cccc(C)c2)ccc1OC(=O)c1cccs1,1,11315
9566665.0,COc1cc(-c2nc3ccccn3c2/N=C/c2ccccc2)ccc1O,1,11316
1090028.0,O=C(Nc1cc(-c2nc3ccccc3s2)ccc1Cl)c1ccc2c(c1)OCO2,1,11317
1249631.0,Cc1ccc(OCC(=O)Nc2ccc(Cl)cc2)c(-n2nc3ccccc3n2)c1,0,11319
1249963.0,O=S(=O)(Nc1ccc(Cc2ccncc2)cc1)c1cccs1,1,11320
1250182.0,O=C(Cc1ccc2c(c1)CCCC2)Nc1ccccc1Br,0,11321
1250203.0,Cc1ccc(NC(=O)Cn2nc([N+](=O)[O-])c(Br)c2C)cc1C,0,11322
1254031.0,CCOc1cc(C)ccc1OCc1nnc(SCC(=O)c2cccc([N+](=O)[O-])c2)n1CC,1,11323
780975.0,O=C(NN=C1c2ccccc2-c2ccccc21)c1ccccn1,1,11326
742856.0,O=C(CNc1cccc(Cl)c1)c1ccc(Cl)cc1,0,11327
675845.0,Cc1c(NC(=O)/C=C/C(=O)O)cccc1[N+](=O)[O-],0,11328
2114626.0,Cc1c(NC(=O)CCCOc2ccccc2)cccc1[N+](=O)[O-],1,11329
2289680.0,Cc1cccc(CSCCNC(=O)CSCc2ccc([N+](=O)[O-])cc2)c1,1,11330
2915916.0,CN1CCN(c2cc(N3CCCC3)c([N+](=O)[O-])cc2F)CC1,0,11331
1505243.0,COc1cc(NC(=S)Nc2ccc(S(=O)(=O)N3CCOCC3)cc2)cc(OC)c1OC,1,11332
2228813.0,O=C(Cc1ccc(Br)cc1)Nc1ccccc1Sc1ccccc1,1,11333
2974110.0,CC(C)c1ccc(N=c2c([N+](=O)[O-])nn(-c3ccc4c(c3)OCCO4)n2O)cc1,0,11335
2228974.0,COc1ccc(NC(=O)c2ccccc2NC(=O)CSc2ccc(C)cc2)cc1,1,11336
714532.0,Fc1ccc(NC(=S)NCCc2ccccc2)c(F)c1F,0,11337
1251327.0,CCN(CC)C(=O)Cn1cnc([N+](=O)[O-])n1,0,11338
5721594.0,Cc1[nH]c(=O)c(C(=O)/C=C/c2ccccc2F)c2c1CCCC2,1,11340
1253830.0,CN(CC(=O)Nc1cccc2c1CCCC2)S(=O)(=O)c1ccc(Br)cc1,1,11342
2231754.0,O=C(CSCc1ccccc1Cl)NN1C(=O)c2ccccc2C1=O,1,11343
2231792.0,COc1ccc(C(=O)NCC(=O)OCc2cccc(Br)c2)cc1,1,11344
564005.0,CC1(C)C2([N+](=O)[O-])CN3CC1([N+](=O)[O-])CN(C2)C3c1ccccc1,0,11347
3193819.0,CCc1nnc(NC(=O)CSc2ncnc3c2cnn3-c2ccc(OC)cc2)s1,0,11348
9593115.0,O=C(N/N=C/C=C/c1ccc([N+](=O)[O-])cc1)c1cccs1,0,11349
2968126.0,CCCN(CCC)C(=S)NC(=O)c1ccc(Cl)cc1Cl,1,11351
2907787.0,CN(C)N1C(N)=C(C#N)C(c2cccnc2)C2=C1CC(C)(C)CC2=O,1,11353
1181429.0,COc1ccc(Oc2coc3cc(OC(=O)c4cccs4)ccc3c2=O)cc1,1,11354
1632519.0,COC(=O)c1c(-c2ccccc2)csc1NC(=O)CSc1ncnc2sc(C)c(C)c12,1,11355
1769017.0,CC(/C=C1\N=C(SCc2ccccc2Cl)SC1=O)=C\c1ccccc1,1,11356
1337626.0,COc1ccc([N+](=O)[O-])cc1COc1ccc2c(-c3ccccc3)cc(=O)oc2c1,0,11357
1299711.0,CC(=O)Nc1ccc(-c2nnc(SCC(=O)c3ccc4c(c3)Cc3ccccc3-4)n2C)cc1,1,11358
2185437.0,O=C1NN(c2ccccc2)C(=O)/C1=C\c1ccccc1OCC(=O)N1CCOCC1,0,11359
135470841.0,CCN(CC)c1ccc(/C=N/Nc2nc(C)cc(=O)[nH]2)cc1,1,11360
2907103.0,CCOC(=O)C1=C(c2ccccc2)NC(=S)NC1c1cc([N+](=O)[O-])ccc1OC,1,11361
2226612.0,Cc1ccc(NC(=O)c2cc(NC(=O)CCCC(=O)O)ccc2Cl)cc1Cl,0,11362
2954577.0,Cc1cc(C(=O)NNC(=S)NC(C)c2ccccc2)c2ccccc2n1,1,11363
6895717.0,COc1ccc(/C=N/N=C/c2ccc(OC)c(O)c2)cc1O,0,11364
962494.0,CCC(=O)Nc1ccccc1C(=O)OCC(=O)c1ccccc1,0,11365
2174309.0,Cc1cccc(C)c1NC(=O)C(=O)NCc1ccccn1,0,11367
1379319.0,Cc1c(C(=O)Nc2ccc(OCc3ccccc3)cc2)cccc1[N+](=O)[O-],0,11369
2204633.0,O=C(Cc1ccccc1[N+](=O)[O-])NCCSCc1c(F)cccc1Cl,1,11370
2852690.0,Cc1cc(Br)ccc1NCc1ccccn1.O=C(O)C(=O)O,1,11371
608203.0,Cc1cc(Nc2ccccc2)nc(N)n1,0,11372
1293548.0,Cc1ccc(SCC(=O)Nc2cccc(NC(=O)c3ccco3)c2)cc1,1,11373
5338859.0,Cc1cnn(-c2cc(N/N=C/c3ccccc3)ncn2)c1,0,11374
2736195.0,CON1C(=O)C(=O)N(OC)C2CCCCC21,0,11375
6896980.0,O=C(CSCc1cccc(Br)c1)N/N=C/c1ccc2c(c1)OCO2,1,11376
9585692.0,C/C(=N\Nc1nc(N)cc(Cl)n1)c1cccc([N+](=O)[O-])c1,1,11377
2906211.0,Cc1ccc(S(=O)(=O)N2CCC(CN3C(=O)c4cccc5cccc(c45)C3=O)CC2)cc1,1,11378
731641.0,C=C(C)c1cccc(C(C)(C)NC(=O)Nc2cc(C)ccc2OC)c1,1,11379
2184881.0,Cc1ccc(S(=O)(=O)c2nc(S(=O)(=O)c3ccc(C)cc3)c(NCc3ccco3)s2)cc1,1,11380
2936268.0,CCN1C(=O)C(CC(=O)Nc2ccc(OC)cc2)N(Cc2cccs2)C1=S,1,11382
2185057.0,CC(=O)NS(=O)(=O)c1ccc(NC(=S)NC(=O)C(C)(C)C)cc1,0,11383
2907601.0,CCOC(=O)c1c(NC(=O)c2ccc(N3CCOCC3)c([N+](=O)[O-])c2)sc(C)c1C,0,11384
980562.0,Cc1[nH]nc(-c2ccc(OCc3cnn(-c4ccccc4)c3)cc2O)c1Oc1ccc(F)cc1,1,11385
2244101.0,CCCNC(=S)Nc1ccc(Br)cc1,0,11386
886159.0,COc1cccc(NC(=S)NN2CCN(C)CC2)c1,0,11387
9587778.0,Cc1cccc(/C(N)=N/OC(=O)CCCN2C(=O)c3ccccc3C2=O)c1,1,11388
1217817.0,O=S(=O)(Nc1ccc(Cc2ccncc2)cc1)c1ccc(Br)cc1,1,11389
2936499.0,CS(=O)(=O)N1CCN(c2ccc(C(=O)NC3C4CC5CC(C4)CC3C5)cc2[N+](=O)[O-])CC1,0,11390
5650293.0,CC1=C(C)/C(=N\OC(=O)/C=C/c2ccccc2)C=CC1=O,0,11391
727857.0,O=C(NCCc1ccc(Cl)cc1)Nc1cccc(Cl)c1,1,11393
5351068.0,C/C(=N\N1CCN(C2c3ccccc3-c3ccccc32)CC1)c1cccnc1,1,11394
5334849.0,C=CCNC(=O)CC(=O)N/N=C/c1cccc(Br)c1,0,11395
221421.0,O=C(Nc1ccc(N=Nc2ccccc2)cc1)c1ccc(Cl)cc1Cl,0,11396
2907731.0,Cc1ccc(S(=O)(=O)N(C)c2cc(S(=O)(=O)N3CCC(C)CC3)c(C)cc2C)cc1,1,11397
82758.0,COc1ccc2[nH]cc(C=O)c2c1,0,11400
5540181.0,O=C(Cn1nnc2ccccc21)N/N=C\C=C\c1ccccc1,0,11401
2953983.0,CC1CCN(c2ccccc2NC(=S)NC(=O)c2cccs2)CC1,1,11402
9586787.0,Cc1ccc(S(=O)(=O)/N=C(\c2ccc(Cl)cc2)N2CCOCC2)cc1,1,11404
1261994.0,Cc1ccc(C)c(-c2cc(C(=O)NCc3cccs3)c3ccccc3n2)c1,1,11405
1299941.0,COc1ccccc1N1CCN(c2nc3c(C)cccn3c(=O)c2C=O)CC1,1,11408
5723267.0,O=C(CCCNC(=O)/C(=C\c1ccccc1F)NC(=O)c1ccccc1)OCc1ccccc1,1,11409
1569741.0,CCCCOc1ccc(/C=C/C(=O)NCCc2nc3ccccc3[nH]2)cc1,1,11410
3815521.0,Cc1cc(C)c(S(=O)(=O)NCC23C=CC(O2)C2C(=O)N(c4ccccc4)C(=O)C23)c(C)c1,1,11411
2936558.0,Cc1cc(C)cc(N2C(=O)CC(Sc3nnnn3-c3ccccc3)C2=O)c1,1,11412
135501772.0,N/C(=N\c1nc2c(c(=O)[nH]1)CCC2)Nc1cccc2ccccc12,0,11413
2937027.0,O=S(=O)(Nc1ccc(Cc2ccncc2)cc1)c1ccc(Cl)c(Cl)c1,1,11414
703751.0,O=c1cc(-c2ccccc2)[nH]n1-c1ccc([N+](=O)[O-])cc1,1,11416
2953923.0,O=C(COc1ccc(Br)cc1)Nc1ccc([N+](=O)[O-])cn1,0,11417
2204529.0,O=C(c1ccccc1)c1ccc2nc(-c3ccc(NC(=O)c4ccccc4F)cc3)[nH]c2c1,0,11418
11958892.0,Cl.OC(COCC1COc2ccccc2O1)CN1CCN(c2ccccc2F)CC1,0,11419
2926693.0,Brc1ccc(-c2csc(N3CCC(c4ccccc4)C3)n2)cc1,0,11420
5737412.0,CCOc1c(OC(C)=O)ccc(/C=C/c2ccc3cccc(OC(C)=O)c3n2)c1[N+](=O)[O-],1,11421
2926382.0,Cc1ccc(C(=O)C(OC(=O)CNC(=O)c2ccc(Cl)cc2)c2ccccc2)cc1,1,11422
1261829.0,CC(=O)Nc1cccc(NC(=O)c2cc(-c3cccnc3)nc3ccc(Br)cc23)c1,1,11424
2937126.0,Cc1cccc(OC(=O)CN2C(=O)C3C4CCC(C4)C3C2=O)c1C,1,11425
888773.0,COc1ccc(CCCC(=O)NC2CCCCC2)cc1,1,11426
2204385.0,O=C(CCC(=O)OCc1ccc(C(=O)Oc2ccccc2)cc1)Nc1cccc2ccccc12,0,11427
5504262.0,CCOc1cc(/C=C2/C(=O)N(c3ccccc3)N=C2C)ccc1OC(=O)c1cccs1,0,11428
5737463.0,COc1ccc(/C=C2\SC(=O)N(CCNC(=O)C3CC(=O)N(c4ccccc4)C3)C2=O)cc1,1,11429
2185771.0,CC(=O)Nc1ccccc1C(=O)C(=O)Nc1ccc(F)cc1,0,11432
2936988.0,CCN1C(=O)C(CC(=O)Nc2ccc(OC)cc2)N(Cc2cccnc2)C1=S,1,11433
2936924.0,O=[N+]([O-])c1cc(C(F)(F)F)ccc1NCCCCNS(=O)(=O)c1ccc2ccccc2c1,1,11434
2936804.0,Cc1ccc(C)c(-c2nn(-c3cc(N4CCN(CCO)CC4)ccc3[N+](=O)[O-])c(=O)c3ccccc23)c1,1,11435
707778.0,COc1ccc(-c2cc(=O)oc3cc4occ(C)c4cc23)cc1,1,11436
5737516.0,C=CCSc1nc2ccccc2n1C(=O)/C=C/c1cc(OC)c(OC)c(OC)c1,1,11437
888623.0,OCCN1CCN(C(=S)c2ccc(Br)cc2)CC1,0,11438
707758.0,COc1ccc(-c2coc3cc4oc(=O)cc(C)c4cc23)cc1F,0,11439
5469568.0,O=C(N/N=C/c1ccco1)c1ccncc1,0,11440
779593.0,O=C(NCc1ccccn1)c1cccc([N+](=O)[O-])c1,1,11441
779647.0,Cc1cccc(Cn2ncc(Cl)c(Cl)c2=O)c1,1,11442
2937687.0,CCc1ccccc1N1C(=O)c2cccc3c(N4CCOCC4)c([N+](=O)[O-])cc(c23)C1=O,0,11443
1341717.0,COc1ccc(N(C(=O)COc2ccccc2OC)S(=O)(=O)c2ccc(C)cc2)cc1,1,11446
5737626.0,Cc1ccc(C(=O)N/C(=C\c2ccc([N+](=O)[O-])cc2)C(=O)NCCc2ccccc2)cc1,1,11448
703851.0,CCn1c(=O)n(CC)c2cc([N+](=O)[O-])ccc21,0,11449
5351089.0,Cc1ccc(-c2n[nH]c(=S)n2/N=C/c2cccn2C)cc1,1,11450
5711148.0,CCOc1ccc(/C=C/C(=O)Nc2ccc(OC)cc2[N+](=O)[O-])cc1,0,11451
872016.0,Cc1cc(NCc2ccccn2)ccc1Br,1,11453
5334993.0,O=C(N/N=C/c1cccc(Oc2ccccc2)c1)c1cccc(Br)c1,0,11454
1301227.0,COc1ccc(CONS(=O)(=O)c2ccc(NC(C)=O)cc2)cc1Cl,1,11455
2244181.0,CCC(=O)c1ccc(OCc2ccc(C(=O)OC)cc2)c(OC)c1,1,11456
1303202.0,CCC(=O)NC(=S)Nc1ccc(NC(=O)COc2ccc(Cl)cc2Cl)cc1,1,11458
5350989.0,C/C(=N\N1CCN(C2c3ccccc3-c3ccccc32)CC1)c1ccncc1,1,11459
1261752.0,COc1ccc(NC(=O)c2cc(-c3cccnc3)nc3ccc(C)cc23)cc1OC,1,11460
1261317.0,Cc1ccc(C)c(-c2cc(C(=O)Nc3nccs3)c3ccccc3n2)c1,1,11461
5350998.0,O=[N+]([O-])c1cc(/C=N/N2CCN(C3c4ccccc4-c4ccccc43)CC2)ccc1Cl,0,11463
5351010.0,C(=N/N1CCN(C2c3ccccc3-c3ccccc32)CC1)\c1cccnc1,1,11464
2926195.0,Cc1ccc(C(=O)C(OC(=O)CN2C(=O)c3ccccc3C2=O)c2ccccc2)cc1,1,11465
2965974.0,CN1CCN(c2ccc([N+](=O)[O-])cc2NC(=O)c2ccccc2Cl)CC1,0,11466
1262106.0,O=C(N=NC(=O)c1ccc2c(O)n(C3CCCCC3)c(O)c2c1)c1cccnc1,1,11467
2906313.0,CCCSC1=C(C#N)C(c2cccnc2)C(C(=O)OCC)=C(c2ccccc2)N1,1,11468
1262135.0,O=C1Nc2ccc(F)cc2C12SCCS2,0,11469
2906865.0,COc1ccc(NC(=O)c2ccc(C)cc2Cl)c([N+](=O)[O-])c1,1,11471
9587235.0,COc1ccccc1CC(=O)O/N=C(\N)Cc1cccc2ccccc12,1,11474
2923756.0,C=CCNCCCCOc1c(Cl)cc(C)cc1Br.O=C(O)C(=O)O,1,11475
2926066.0,Cc1ccc(C(=O)C(OC(=O)CCC(=O)Nc2cccc(C)c2)c2ccccc2)cc1,1,11476
1288267.0,O=C(COc1cccc(NC(=O)c2cccc([N+](=O)[O-])c2)c1)c1ccc(Br)cc1,0,11477
2300528.0,Cc1ccc(C(=O)NCC(=O)NCC(=O)OCC(=O)c2ccc([N+](=O)[O-])cc2)cc1,0,11478
2926010.0,CN1CCN(c2ccc([N+](=O)[O-])cc2C(=O)c2ccc(Br)cc2)CC1,1,11479
2960803.0,COc1cc(CNCCO)cc(Br)c1OCc1ccccc1Cl.Cl,1,11480
1301976.0,CC(C)(C)NS(=O)(=O)c1ccc(NC(=O)c2cc(-c3ccccc3)nc3ccccc23)cc1,0,11481
2961024.0,CCOc1ccc(NC(=O)C(C)Oc2ccccc2C(=O)Nc2ccc(C)c(Cl)c2)cc1,1,11483
706617.0,S=c1[nH]nc(CSCc2ccccc2Cl)n1-c1ccccc1,1,11485
2176129.0,CCOc1ccc(CCNC(=O)CCCN2C(=O)c3ccccc3C2=O)cc1OCC,1,11487
2952840.0,Cc1cc(C)n(-c2cc(N3CCN(S(=O)(=O)c4ccc(C)c(C)c4)CC3)ccc2[N+](=O)[O-])n1,1,11488
5739533.0,CCN(CC)c1ccc(/C=C/c2nc3ccccc3s2)cc1,1,11489
2169930.0,COCCCNC(=O)/C=C/c1cccc(Cl)c1,0,11491
977387.0,Cc1nc(SCC(=O)c2ccc(F)cc2)c([N+](=O)[O-])[nH]1,0,11492
887220.0,O=C(Nc1ccccc1N1CCOCC1)c1ccc([N+](=O)[O-])cc1,0,11494
1288455.0,CCN(c1ccccc1)S(=O)(=O)c1ccc(NC(=S)NC(=O)c2ccc(Br)o2)cc1,0,11495
992371.0,Cc1ccc(Oc2coc3cc(OC(=O)c4cccs4)ccc3c2=O)cc1,1,11497
2928992.0,Cc1ccc(NC(=O)c2cc([N+](=O)[O-])ccc2NCc2cccnc2)cc1Cl,1,11499
2952577.0,CCOc1ccc(C(=O)NN2C(=O)C3C4C=CC(O4)C3C2=O)cc1,0,11500
977785.0,O=[N+]([O-])c1ccc(-c2cnc(SCc3ccccc3Cl)[nH]2)cc1,1,11502
914065.0,CCNC(=S)NS(=O)(=O)c1ccccc1,0,11503
1395233.0,O=C(COc1ccccc1)Nc1cc(C(F)(F)F)ccc1N1CCCC1,1,11505
6343586.0,Cc1ccc(S(=O)(=O)/N=C(/Nc2c(C)n(C)n(-c3ccccc3)c2=O)c2ccc(Cl)cc2)cc1,1,11506
2950679.0,Cc1ccccc1C(=O)NC(C)c1ccc2c(c1)CCCC2,0,11507
5503860.0,C/C(=C\C(=O)c1ccc(Br)cc1)NCc1ccc2c(c1)OCO2,1,11508
6343598.0,CCOC(=O)c1ccc(N/C(=N\S(=O)(=O)c2ccccc2C)c2ccccc2)cc1,1,11509
1292138.0,COc1ccc(Cc2nnc(NC(=O)CSc3ccc(C)cc3)s2)cc1OC,1,11510
844356.0,O=C(/C=C/c1ccc(Br)cc1)NC1CCCCCC1,0,11511
6858332.0,S=c1[nH]nc(C2CCCCC2)n1/N=C/c1cccs1,1,11512
2924944.0,O=C1c2cccc3c(Nc4ccccc4Cl)c([N+](=O)[O-])cc(c23)C(=O)N1CCO,1,11513
2175242.0,S=C(NCCSCc1c(Cl)cccc1Cl)Nc1ccccc1,1,11514
573971.0,O=C(CSc1nnc(-c2ccccc2)n1-c1ccccc1)c1cccs1,1,11515
2927891.0,CC1=NN(c2ccccc2)C(=O)/C1=C\N1CC(C)OC(C)C1,0,11516
2925896.0,Cc1cc(NC(=O)CCN2C(=O)C3C4CCC(C4)C3C2=O)c(C)cc1Br,1,11517
2176319.0,Cc1ccccc1CSCCNC(=O)CSCc1ccc([N+](=O)[O-])cc1,1,11518
887037.0,CN(C)CCNC(=S)Nc1cccc(Cl)c1,0,11519
5395960.0,COc1ccc(S(=O)(=O)/N=C2/C=CC(=O)C(C)=C2C)cc1,1,11520
2929292.0,COc1cccc2cc(C(=O)CC3(O)C(=O)N(Cc4ccccc4)c4ccccc43)c(=O)oc12,1,11521
565786.0,O=C(Nc1ccc(Cl)cc1C(=O)c1ccccc1Cl)c1ccco1,0,11522
6863571.0,Cc1n[nH]c(=S)n1/N=C/c1ccccc1OCc1ccc(Cl)cc1,1,11523
804518.0,COc1ccc(C(=O)c2ccccc2)cc1Br,0,11524
1310757.0,Cc1cc(/C=C2\SC(=S)N(Cc3ccco3)C2=O)c(C)n1-c1cccnc1,1,11525
9587702.0,Cc1ccc(S(=O)(=O)/N=C(\c2ccc(F)cc2)n2c(C)nc3ccccc32)cc1,0,11526
5510122.0,O=C(N/N=C\c1cn(-c2ccccc2)nc1-c1ccccc1)c1ccc(Br)o1,1,11527
1310764.0,O=C(NC(=S)N(Cc1ccccc1)Cc1ccccc1)c1ccccc1F,1,11529
2177491.0,O=S(=O)(NCCSCc1c(Cl)cccc1Cl)c1ccc2c(c1)OCCO2,1,11530
1290697.0,COc1ccc(-c2[nH]c(-c3ccc(C(=O)O)cc3)nc2-c2ccccc2)cc1,0,11531
2929631.0,O=C(c1ccc(N2CCCCC2)c([N+](=O)[O-])c1)N(Cc1ccccc1)c1ccccn1,1,11532
2866900.0,O=[N+]([O-])c1ccc(N2CCCC2)cc1NCc1ccccc1,1,11533
11958898.0,CC1CCC(C(C)C)C(OCC(O)CN2CCN(Cc3ccccc3)CC2)C1.Cl,0,11536
1328961.0,CSc1ccc(S(=O)(=O)Nc2ccc3c4c(cccc24)CC3)cc1,1,11537
2580712.0,O=C1c2ccccc2C(=O)N1CCCCN(C(=O)c1cccc([N+](=O)[O-])c1)c1ccc(Cl)cc1,1,11538
2951140.0,CCC1(C)CC(CCNS(=O)(=O)c2ccc(C)cc2)(c2ccc(C)cc2)CCO1,1,11539
887264.0,O=C(Nc1ccccc1N1CCOCC1)c1ccccc1[N+](=O)[O-],0,11540
2927347.0,Cc1ccc(NC(=S)N2CCN(CCN3C(=O)c4cccc5cccc(c45)C3=O)CC2)cc1,1,11541
2174530.0,CCc1ccc(OCCNC(=O)c2cc(SC)ccc2Cl)cc1,1,11542
2951293.0,CC(C)C(=O)NCCc1nc2ccccc2n1CCCOc1ccc(Cl)cc1,1,11543
2951212.0,CCCNc1c(F)c(F)c2c(C)c3ccccc3nc2c1F,1,11544
1308300.0,Cc1ccc(NC(=S)NC(=O)c2c(-c3ccccc3Cl)noc2C)cc1,1,11545
715746.0,CNC(=S)N1CCN(c2ccccc2OC)CC1,1,11546
2928544.0,CC(C)(C)NS(=O)(=O)c1ccc(NC(=O)C(Sc2ccccc2)c2ccccc2)cc1,1,11549
1288351.0,COC(=O)c1cc(OC)c(OC)cc1NC(=S)Nc1cccc(Cl)c1,1,11550
2951421.0,COc1ccc(C(CC(=O)Nc2ccc(F)cc2)c2ccccc2)cc1,1,11551
2951446.0,O=C(CCc1ccc(S(=O)(=O)NC2CCCCC2)cc1)N(Cc1ccccc1)Cc1ccccc1,1,11552
706316.0,Cc1cc(NC(=O)c2ccccc2Cl)c(C(C)C)cc1O,1,11554
1714907.0,CC(=O)Nc1ccccc1C(=O)C(=O)O,0,11557
2922778.0,CC(C)NCCOCCSc1ccc(Cl)cc1.O=C(O)C(=O)O,0,11558
1328539.0,COc1cc(OC)cc(C(=O)NC(=S)Nc2ccc(Cl)c(C(=O)O)c2)c1,0,11559
6886122.0,O=[N+]([O-])c1ccc(/C=N/n2c(COc3ccccc3)n[nH]c2=S)cc1,1,11561
2927468.0,CCNC(=S)N1CC(C)OC(C)C1,0,11562
2174683.0,O=C(/C=C/c1ccc(Cl)cc1)NCCSc1ccccc1,0,11563
2951670.0,CCn1c2ccccc2c2cc(NC(=O)C(C)Oc3ccc(OC)cc3)ccc21,1,11564
2951767.0,COc1ccc(C(NC(=O)c2ccc(-c3ccccc3)cc2)c2ccccc2)cc1,1,11565
1326597.0,COc1ccc(Cc2nnc(NC(=O)c3cccc([N+](=O)[O-])c3C)s2)cc1,1,11566
9587263.0,CC(/C=N/n1c(-c2cccnc2)n[nH]c1=S)=C\c1ccccc1,1,11567
2201369.0,COc1cc(NC(=S)NC(=O)c2c(OC)cccc2OC)ccc1NC(=O)c1cccs1,1,11568
2935169.0,Cc1cc(Br)cc(C)c1OCCCCN(C)C.O=C(O)C(=O)O,0,11569
683975.0,O=C(CCNc1cccc(Cl)c1)c1cccs1,1,11570
877385.0,Cc1ccc(NCCC(=O)c2ccc(Cl)c(Cl)c2)cc1,1,11571
2176759.0,O=C1CCCC2=C1C(c1ccc(OS(=O)(=O)c3ccc(Cl)cc3)cc1)C1=C(CCCC1=O)O2,1,11572
1312447.0,COc1ccc(/C=C(/C(=O)Nc2ccccc2C(=O)NC(C)C)c2ccccc2)cc1,1,11574
1365490.0,COC(=O)c1c(C)oc2ccc(N(C(=O)c3ccncc3)S(=O)(=O)c3ccccc3)cc12,1,11575
2952202.0,COc1cccc(OC)c1C(=O)NC(=S)N1CCN(c2ccc(C(F)(F)F)cc2[N+](=O)[O-])CC1,0,11577
6897245.0,COc1cccc(/C=N/NC(=O)c2nc(-c3ccccc3)cc(-c3ccccc3)n2)c1,0,11578
2876706.0,OC(COCc1ccccc1)Cn1cnc2ccccc21,1,11579
980277.0,Cn1nnnc1SCc1ccc(C(=O)Nc2ccc(Br)cc2)cc1,0,11580
767504.0,c1ccc(-c2nc(-c3cccs3)[nH]c2-c2ccccc2)cc1,1,11581
713740.0,Cc1ccc(-n2nnnc2Sc2nc([N+](=O)[O-])nn2C)cc1C,1,11584
2925984.0,O=C(c1ccc(Br)cc1)c1cc([N+](=O)[O-])ccc1N1CCCCC1,1,11585
898958.0,CCc1c(C)sc(NC(=O)OC)c1C(N)=O,0,11587
712879.0,O=C(/C=C/c1ccc(F)cc1)NCCC1=CCCCC1,0,11589
898897.0,O=C(/C=C/c1cccc(Cl)c1)Nc1ccncc1,1,11590
1293810.0,CCOc1ccc(CC(=O)Nc2sc(Cc3ccccc3)c(C)c2C(N)=O)cc1OCC,1,11591
803954.0,COc1cccc(=O)c2c(C)n(-c3cc(C)cc(C)c3)c(C)c12,1,11593
2924605.0,CCCc1nnc(NC(=O)C(CC)OC(=O)c2cc(C)nc3ccccc23)s1,1,11595
678271.0,O=C(Nc1nc(-c2ccccc2)cs1)c1cccc([N+](=O)[O-])c1,1,11596
2841163.0,O=[N+]([O-])c1ccc(N2CCCCC2)c(Cl)c1N1CCCCC1,0,11598
2901023.0,CCC(C)C1NC(=S)N(Cc2ccccc2)C1=O,1,11599
135461298.0,COc1ccc(CO/N=C/c2c(C)[nH]c(=O)[nH]c2=O)cc1,0,11600
2279440.0,O=C(Nc1ccc(S(=O)(=O)N2CCCCC2)cc1)c1ccc(CN2CCc3ccccc3C2)cc1,0,11601
2922589.0,CC(C)NCCCOc1ccc(Cl)cc1Br.O=C(O)C(=O)O,0,11602
1917557.0,CCCCc1nc2ccccc2c(=O)n1-c1ccccc1[N+](=O)[O-],1,11603
2896853.0,CCCN(C(=S)Nc1ccccc1)C1CCS(=O)(=O)C1,0,11604
6858892.0,Cc1ccc(/C=N/n2c(COc3ccccc3)n[nH]c2=S)s1,0,11605
873637.0,CC(C)CCNC(=O)Cc1ccccc1[N+](=O)[O-],0,11606
6898117.0,O/N=C/c1cc(Cl)ccc1OCc1cccc2ccccc12,1,11607
2914342.0,O=S(=O)(c1ccccc1)N1N=C(c2cccs2)CC1c1ccc(Br)cc1,1,11608
2898209.0,Cc1ccc(NC(CNS(=O)(=O)c2ccc(Cl)cc2)c2ccccc2)cc1,1,11609
1889861.0,Cc1ccc(C(=O)NC(=S)Nc2cc(C(F)(F)F)ccc2Cl)cc1,0,11610
752538.0,NC1=NC2(CCCCC2)N=C(Nc2ccc(F)cc2F)N1,0,11611
2370980.0,COc1cc2c(cc1NC(=O)Nc1ccccc1)oc1ccccc12,0,11612
2886127.0,CCCOc1ccc(C(=O)Nc2ccc(C)cc2[N+](=O)[O-])cc1,0,11613
5332655.0,C/C(=N\NC(=O)c1cccc(F)c1)c1ccc(Br)s1,0,11615
2132309.0,Cc1nn(S(=O)(=O)c2cccs2)c(C)c1Sc1ccc([N+](=O)[O-])cc1,1,11617
833166.0,O=C(NN1C(=O)c2ccccc2C1=O)C1CCCCC1,0,11618
1327610.0,O=[N+]([O-])c1cccc(-c2nc(-c3cccs3)c(-c3cccs3)[nH]2)c1,1,11619
802698.0,Cc1oc(C(C)(C)C)cc1C(=O)Nc1cccc(/C=C/C(=O)O)c1,0,11620
5332461.0,O=C(N/N=C/c1ccc(Cl)cc1Cl)Nc1ccccc1,0,11623
5399140.0,O=C(O)c1cc2c(o1)CCC/C2=N\O,0,11624
750489.0,COc1ccc(/C=C/C(=O)Nc2nc(C)cc(C)n2)cc1OC,0,11626
2922025.0,CN1CCN(S(=O)(=O)c2cc([N+](=O)[O-])ccc2N2CCCCCC2)CC1,1,11628
2059917.0,COc1ccc(OCCNS(=O)(=O)c2ccc3oc4ccccc4c3c2)cc1,1,11629
686187.0,c1ccc(-c2csc(N3CCc4ccccc4C3)n2)cc1,0,11630
5407607.0,O=C(Cc1ccccc1)N/N=C\c1ccc(Br)o1,0,11633
881682.0,O=C(NC(=S)Nc1ccc2c(c1)OCO2)c1ccccc1,1,11634
780021.0,CCOC(=S)NC(=O)c1sc2ccccc2c1Cl,0,11635
2841673.0,Cc1c(C(c2cccc([N+](=O)[O-])c2O)c2c(C)n(C)n(-c3ccccc3)c2=O)c(=O)n(-c2ccccc2)n1C,0,11637
5347385.0,CN1C(=O)/C(=N\OC(=O)c2cccc3ccccc23)c2ccccc21,1,11640
903387.0,Cc1ccc(NC(=O)c2sc3ccccc3c2Cl)nc1,0,11641
135426104.0,Cc1ccc2c(C)nc(Nc3nc(CSc4nc5ccccc5[nH]4)cc(=O)[nH]3)nc2c1,1,11642
2232477.0,O=[N+]([O-])c1ccccc1OCCCN1CCOCC1,0,11643
692360.0,COC(=O)c1cccc(NC(=O)/C=C/c2cccc([N+](=O)[O-])c2)c1,1,11644
2281861.0,O=[N+]([O-])c1ccc(S(=O)(=O)Nc2ccc(-c3csc(-c4ccccc4)n3)cc2)cc1,1,11645
881770.0,Cc1cccc(C(=O)Nc2cccc(OC(=O)c3cccc(C)c3)c2)c1,1,11646
1137830.0,O=C(CSCc1ccccc1)Nc1ccc(S(=O)(=O)N2CCOCC2)cc1,0,11647
493265.0,Cc1ccc2nc(SCc3ccc([N+](=O)[O-])cc3)[nH]c2c1,0,11648
1611336.0,CC(=C\C(=O)O)/C(=C/c1ccccc1)C(=O)O,0,11649
2055927.0,O=C(O)c1ccc(Sc2nnnn2-c2ccccc2)c([N+](=O)[O-])c1,0,11652
2921864.0,O=[N+]([O-])c1ccc(N2CCCCCC2)c(S(=O)(=O)N2CCCCC2)c1,1,11653
704173.0,CC(C)=C1C(=O)NN(c2ccc(F)c(Cl)c2)C1=O,0,11654
2206660.0,COc1ccc(NC(=S)N2CCN(C/C=C/c3ccccc3)CC2)cc1OC,1,11655
2281387.0,Cc1ccc(C(=O)NC(=S)Nc2ccccc2C(F)(F)F)cc1C,0,11656
2896205.0,C=CCSc1nnc2c(n1)OC(c1c(C)[nH]n(-c3ccccc3)c1=O)Nc1ccccc1-2,1,11657
2278506.0,O=C(O)CCCC(=O)Nc1ccc(Sc2ccc([N+](=O)[O-])cc2)cc1,0,11658
2867713.0,Cc1oc2ccc(NS(=O)(=O)c3ccc(C(C)(C)C)cc3)cc2c1C(=O)Nc1ccccc1,0,11660
1295977.0,O=C(c1ccc([N+](=O)[O-])cc1)n1nc(-c2ccccc2)nc1NCc1ccccc1,0,11661
710974.0,Cc1ccccc1Oc1ncnc2sccc12,0,11662
2278656.0,COc1cc(C(=O)NC(=S)Nc2cccc(-c3cc4ccccc4oc3=O)c2)cc(OC)c1OC,1,11665
1190699.0,COc1cc(/C=C/C(=O)Nc2cc(C(F)(F)F)ccc2Cl)cc(OC)c1OC,0,11666
1564986.0,CCc1ccc(OCCCC(=O)Nc2ccc(N3CCCCC3)cc2)cc1,0,11667
748196.0,CCc1ccccc1NC(=O)c1ccc(-n2c(C)ccc2C)cc1,1,11668
1068774.0,CCOC(=O)c1c(C)nc2c(c1-c1ccc(OC)cc1)C(=O)CC(C)(C)C2,1,11669
2171386.0,CCCCc1nc(SCC(=O)Nc2ncccn2)n[nH]1,0,11672
5722465.0,Cc1ccc(NCC(=O)N/N=C/c2ccc(OC(=O)c3ccco3)cc2)cc1,1,11673
5334183.0,Cn1c(/C=N/NC(=O)c2ccccc2Br)nc2ccccc21,1,11674
2206703.0,COc1cc(OC)c(NC(=S)Nc2cccc(C(C)=O)c2)cc1Cl,1,11675
970143.0,O=C(Cc1cccs1)NNC(=S)NCc1ccc(Cl)cc1,1,11677
881407.0,Cc1ccc(NC(=O)CCC(=O)c2ccc(F)cc2)cc1Cl,1,11679
9586650.0,COc1ccc(C/C(N)=N/OC(=O)Cc2ccccc2)cc1OC,1,11680
5711461.0,CCCOc1ccc(/C=C/C(=O)Nc2ccc([N+](=O)[O-])cc2C)cc1,0,11681
2921946.0,Clc1ccc(-c2csc(N3CCC(c4ccccc4)C3)n2)cc1,0,11684
1566144.0,CN(Cc1ccccc1)c1nc(-c2ccc([N+](=O)[O-])cc2)nc2ccccc12,1,11685
2914449.0,CC(CCc1ccccc1)NS(=O)(=O)c1ccccc1,0,11686
2954976.0,Cc1cccc(NC(=S)NNC(=O)CC(C)O)c1C,0,11687
1311656.0,O=C(COc1ccc(Cl)cc1)N(Cc1ccccc1)c1ccccn1,1,11688
2287720.0,S=C(NCCSCc1ccc(Cl)cc1Cl)Nc1ccccc1,1,11689
2914864.0,Cc1ccc(OCC(O)CNC(=O)c2ccccc2C(=O)O)cc1,1,11690
2914353.0,CCN(CC)S(=O)(=O)c1ccc(OC)c(NC(=O)c2cc([N+](=O)[O-])ccc2Cl)c1,1,11692
2294893.0,Cc1ccccc1OCCNC(=O)c1ccccc1Sc1ccccc1C#N,1,11693
2830094.0,COc1ccc(C(=O)NC(NC(=S)Nc2ccc(S(N)(=O)=O)cc2)C(Cl)(Cl)Cl)cc1,1,11694
2888561.0,CC(C)c1ccc(CNc2cc(N3CCCC3)ccc2[N+](=O)[O-])cc1,0,11695
23701559.0,CCC(=S)/C=C1\Sc2ccccc2N1CCCS(=O)(=O)[O-].[Na+],0,11696
879872.0,O=[N+]([O-])c1cccc(-c2nc(-c3ccccc3)c(-c3cccs3)[nH]2)c1,0,11697
2848238.0,COc1ccc(CCC(C)Nc2cccc(F)c2)cc1,0,11699
9586576.0,N/C(=N\OC(=O)c1cccc(Br)c1)c1ccc(Br)cc1,0,11700
5339623.0,C/C(=N\Nc1nc(-c2ccc(C)cc2)nc2ccccc12)c1ccc([N+](=O)[O-])cc1,1,11701
2915560.0,COc1ccc(C(=O)Nc2ccc(C(=O)OCC(=O)c3ccccc3)cc2)cc1,0,11703
5717737.0,O=C(/C=C/c1ccccc1)NC(NC(=S)Nc1ccc(Cl)cc1)C(Cl)(Cl)Cl,1,11705
6898403.0,COC(=O)c1ccc(COc2ccccc2/C=N/NS(=O)(=O)c2ccc(C)cc2)cc1,1,11706
1022424.0,Cc1ccc(SCC(=O)N2c3ccccc3Sc3ccccc32)cc1,1,11708
1348667.0,CC(=O)Nc1c(S(=O)(=O)c2ccccc2)c2nc3ccccc3nc2n1Cc1ccccc1,1,11709
1347073.0,O=C(NC(=S)Nc1ccc(Oc2ccc(Cl)cc2)cc1)c1ccccc1,0,11710
2788605.0,CCOC(=O)c1cc(-c2ccccc2)sc1NC(=O)c1ccc(OC)cc1,0,11711
2013595.0,O=C(Nc1cccc(-c2nc3ncccc3o2)c1)c1sc2cc(Cl)ccc2c1Cl,0,11712
5337656.0,CCOc1ccc(NC(=S)NC(=O)/C=C/c2ccc(OC)c(OC)c2)c([N+](=O)[O-])c1,0,11713
875821.0,O=C(/C=C/c1ccccc1Cl)Nc1ccncc1,1,11714
1010988.0,Cc1ccc(S(=O)(=O)Nc2ccccc2-c2ccccc2NS(=O)(=O)c2ccc(C)cc2)cc1,0,11715
2285721.0,C=CCc1ccc(OCCOCCOc2ccc(C)cc2[N+](=O)[O-])c(OC)c1,1,11716
1916593.0,Cc1cc2nc(SCCOC(=O)Nc3ccc(Cl)cc3)nc(C)c2cc1C,0,11718
1338135.0,Cc1ccccc1C(=O)Nc1cccc(NC(=S)NC(=O)c2cccs2)c1,1,11719
2900686.0,CC1=C(C(=O)Nc2ccccc2F)C(c2ccsc2)C2=C(CC(c3ccccc3)CC2=O)N1,1,11720
706072.0,Cc1cccc(NC(=S)NCc2ccccn2)c1,1,11722
2900292.0,CCCCn1c(NCc2ccccc2NS(=O)(=O)c2ccc(C)cc2)nc2ccccc21,1,11723
9586669.0,O=C1C2C3C=CC(C3)C2C(=O)N1/N=C/c1cn(Cc2ccccc2)c2ccccc12,0,11725
5740390.0,C=CCNc1oc(/C=C/c2ccccc2)nc1C#N,1,11726
1242402.0,CCOc1ccc(C(=O)NC(=S)N(Cc2ccccc2)Cc2ccccc2)cc1,1,11727
1242397.0,COc1cc(OC)cc(C(=O)NC(=S)NCCc2ccccc2)c1,1,11728
2963473.0,Cc1cccc(NC(=O)CC2Nc3cccc4cccc(c34)NC2=O)c1,1,11730
2292073.0,COc1cc(C=O)ccc1OCCCOc1ccccc1C(=O)O,0,11731
2900050.0,Cc1ccc(C(=O)c2cc([N+](=O)[O-])ccc2N2CCOCC2)c(C)c1,1,11732
1339742.0,Cn1c(SCC(=O)c2ccc3c(c2)Cc2ccccc2-3)nnc1-c1ccccc1,1,11733
880426.0,Cc1ccc(C(=O)NC(=S)Nc2cccc3nsnc23)cc1,0,11735
1263325.0,Cc1ccc(C(=O)CN(C(=O)c2ccc(Cl)cc2)N2C(=O)c3ccccc3C2=O)cc1,1,11736
2847560.0,COc1ccc(C2C(=O)c3ccccc3C2=Nc2ccc(Br)cc2)cc1,0,11737
1368631.0,CCOC(=O)c1c(NC(=O)/C=C/c2ccc3c(c2)OCO3)sc(C)c1C,0,11738
2273874.0,O=C(Nc1cccc2nsnc12)c1ccc(-c2cccc(Cl)c2)o1,0,11739
1368716.0,Clc1ccccc1C(=Nc1cccc(Br)c1)N1CCOCC1,0,11740
2963391.0,CCS(=O)(=O)Nc1ccc(C2=NN(C(=O)c3ccco3)C(c3ccc(C)cc3)C2)cc1,1,11741
2963750.0,COc1ccc2oc(-c3ccc(C)c(NC(=O)c4ccc(N5CCOCC5)c([N+](=O)[O-])c4)c3)nc2c1,1,11742
2885461.0,COc1cccc(C(c2c(C)[nH]n(-c3ccccc3)c2=O)c2c(C)[nH]n(-c3ccccc3)c2=O)c1O,0,11743
5348055.0,CCOC(=O)C1=C(c2ccccc2)N=c2s/c(=C\c3ccc(O)cc3)c(=O)n2C1c1cccs1,1,11745
2963091.0,CCC(CC)C(=O)Nc1cccc(C(=O)Nc2ccc(OC)cc2[N+](=O)[O-])c1,0,11747
1289514.0,COC(=O)c1ccc(NC(=O)c2ccccc2NS(=O)(=O)c2ccccc2)cc1,1,11748
2291980.0,COC(=O)c1ccccc1OCCCOc1ccc(C=O)cc1OC,0,11749
2294902.0,O=C(CCCC(=O)OCC(=O)c1ccc(Cl)cc1Cl)Nc1cc(C(F)(F)F)ccc1Cl,1,11750
11958906.0,COc1c(Cl)cc(Cl)cc1CNCCNCC(C)O.Cl,0,11754
2884521.0,Cc1ccccc1OCC(O)Cn1c2ccccc2c2ccccc21,1,11755
9567370.0,CN(CC(=O)O/N=C(\N)c1ccccn1)S(=O)(=O)c1ccccc1,0,11756
2215403.0,CCCCc1nc2ccccc2c(=O)n1-c1ccc(Cl)cc1[N+](=O)[O-],0,11757
952259.0,COc1ccccc1C(=O)NC(=S)N1CCCc2ccccc21,0,11758
2960253.0,Cc1nc2sc3c(c2c(=N)n1N)CC(C)(C)OC3,0,11759
2267597.0,CCOC(=O)C(=CNc1cccc(C)c1C)C(=O)OCC,1,11760
5348009.0,CCOC(=O)C1=C(c2ccccc2)N=c2s/c(=C\c3cccc(O)c3)c(=O)n2C1c1cccs1,1,11761
5348001.0,C/C(=C\C(=O)c1ccccc1)Nc1ccc(Br)c(Cl)c1,1,11762
2267427.0,CC(=O)Nc1cc(-c2ccccc2)nn1Cc1ccc(Cl)cc1,0,11763
5730589.0,Cc1ccc2occ(/C=C/C(=O)c3ccccc3O)c(=O)c2c1,1,11764
1302929.0,CCOc1ccc(OCC)c(-c2c(=O)n(OCc3ccccc3C(=O)OC)c3ccccc3[n+]2[O-])c1,1,11766
2884523.0,Cc1ccc(OCC(O)Cn2c3ccccc3c3ccccc32)cc1,1,11767
2885743.0,Cc1ccc(-n2nnnc2C(=Cc2ccc(N(C)C)cc2)c2nnnn2-c2ccc(C)cc2)cc1,1,11768
6895596.0,Brc1ccc(/C=C/C=N/Nc2nc3ccccc3s2)cc1,0,11770
5349970.0,CC(=O)N/N=C/c1cc([N+](=O)[O-])ccc1OCCOc1ccccc1,0,11772
2275069.0,O=C(Nc1ccc(Cl)cc1Cl)c1cccc(N2C(=O)C=CC2=O)c1,1,11773
1068280.0,O=c1c2cnn(-c3ccccc3)c2nc(-c2cccs2)n1-c1ccc(Br)cc1,0,11774
2892684.0,COC(=O)c1cc(NS(=O)(=O)c2ccc(N3CCCCC3)c([N+](=O)[O-])c2)cc(C(=O)OC)c1,1,11775
2892377.0,COC(=O)CN1C(=S)N(c2ccc(Cl)cc2)C(=O)C1CC(=O)Nc1ccc(Cl)cc1,0,11777
886589.0,S=C(Nc1ccc(Cl)cc1Cl)NC1CCCCC1,0,11778
6897829.0,Cc1ccc(S(=O)(=O)N/N=C/c2cccn2-c2ccc(Cl)cc2)cc1,1,11779
2274268.0,O=c1oc2cc(Oc3ccc(C(F)(F)F)cc3[N+](=O)[O-])ccc2c2c1CCCC2,0,11781
879698.0,COc1cc(C(=O)NCCC(C)C)c([N+](=O)[O-])cc1OC,1,11782
2892417.0,Cc1cc(C=O)c(C)n1-c1ccc(N2CCCCC2)c([N+](=O)[O-])c1,0,11783
5349746.0,C=CCNC(=S)N/N=C/c1ccc(OCc2ccccc2)cc1,0,11784
2892691.0,Cc1cc(C=O)c(C)n1-c1ccc(NC2CCCC2)c([N+](=O)[O-])c1,1,11785
5349918.0,Cc1oc(/C=N/NC(=O)CN(c2ccccc2Br)S(C)(=O)=O)cc1Br,1,11786
2893146.0,CC1CCN(c2ccc(S(=O)(=O)Nc3cc(C(=O)O)cc(C(=O)O)c3)cc2[N+](=O)[O-])CC1,1,11787
1913126.0,CCOC(=O)C(CC)(CC)C(=O)/C=C/c1ccc(Br)cc1,0,11788
2218619.0,Cc1cccc2sc(NC(=O)C3c4ccccc4Oc4ccccc43)nc12,1,11790
2270409.0,CC(C)(C)OC(=O)COc1cc(OCC(=O)OC(C)(C)C)c2c(=O)cc(-c3ccccc3)oc2c1,0,11792
1187421.0,Brc1ccc2ncnc(Nc3cccc4ccccc34)c2c1,0,11793
204385.0,Cl.OC(c1ccccc1)(c1ccccc1)C1CCCN1,0,11794
2771400.0,O=[N+]([O-])c1ccc(N2CCNCC2)cc1NC1CC1,0,11795
2891964.0,O=C(c1ccc(S(=O)(=O)N2CCCCCC2)cc1)N1CCC(CN2C(=O)c3cccc4cccc(c34)C2=O)CC1,0,11796
720635.0,Clc1cccc(Nc2ncnc3ccc(Br)cc23)c1,1,11797
2830067.0,O=C(Cc1ccccc1)NC(NC(=S)Nc1cc(Cl)ccc1Cl)C(Cl)(Cl)Cl,1,11798
2888420.0,CS(=O)(=O)N1CCN(c2c(Cl)cccc2[N+](=O)[O-])CC1,0,11799
2270495.0,COc1ccccc1C(=O)N/C(=C/c1ccc(Br)cc1)C(=O)NCC(=O)O,1,11800
3699216.0,Cc1ccc(NC(=O)NNC(=O)C2CC(c3cccnc3)=NO2)cc1,0,11801
5729239.0,COc1ccccc1C(=O)N/C(=C/c1ccccc1)C(=O)NC(CCSC)C(=O)O,0,11802
2888275.0,COc1ccccc1NC(=S)NC(=O)c1ccc(-c2ccc(Cl)cc2)o1,0,11806
1205039.0,NC1=NC(=O)/C(=C/c2cccs2)S1,0,11807
974699.0,Cc1ccc(SCC(=O)NNC(=O)C2CCCCC2)cc1,1,11808
1378026.0,COc1ccc(NC(=O)c2ccc(C(=O)c3cc(OC)ccc3OC)cc2)cc1,0,11809
5339813.0,CCOC(=O)N/N=C/c1ccc(C)o1,0,11810
5333962.0,CC(/C=N/NC(=O)c1cccc([N+](=O)[O-])c1)=C\c1ccccc1,0,11811
2222341.0,CC(C)C(=O)Nc1ccc(C(=O)NNC(=O)CCCOc2ccc(Cl)cc2Cl)cc1,0,11812
2967412.0,Cl.Fc1ccc(COc2ccc(Br)cc2CNCc2ccncc2)cc1,1,11813
879338.0,Cc1ccc(OCC(=O)Nc2ccccc2-c2ccccc2)cc1,1,11815
2884704.0,CC12c3ccccc3C(c3ccccc31)C1C(=O)N(Cc3cccnc3)C(=O)C12,1,11816
6897858.0,CCOc1cc(/C=N/n2cnnc2)ccc1OC(=O)c1cccc([N+](=O)[O-])c1,1,11817
2831091.0,COc1cc(C2C(C#N)=C(N)OC3=C2C(=O)CCC3)c([N+](=O)[O-])cc1OC,1,11818
729367.0,CCOC(=O)c1cc(-c2ccccc2)sc1NC(=O)C(C)(C)C,0,11819
2894008.0,Cc1c(NC(=O)CSc2nnc3c4ccccc4n(CCc4ccccc4)c3n2)c(=O)n(-c2ccccc2)n1C,1,11820
2892638.0,CCN1C(=O)C(CC(=O)Nc2ccc(Br)cc2)N(CCCc2ccccc2)C1=S,1,11821
5349704.0,COC(=O)N/N=C\C=C\c1ccc2c(c1)OCO2,0,11822
2883112.0,NC(=O)C1CCN(c2ccc(C(F)(F)F)cc2[N+](=O)[O-])CC1,1,11823
2289107.0,COc1cc(C)ccc1OCCOc1cc(C)ccc1Cl,0,11824
1339800.0,CCn1c(NCc2cc(Br)ccc2NS(=O)(=O)c2ccc(C)cc2)nc2ccccc21,1,11825
1512090.0,COc1ccc(C(=O)Nc2n[nH]c(-c3ccncc3)n2)cc1,1,11826
875918.0,CCC(=O)Nc1cccc(NC(=O)c2cccc([N+](=O)[O-])c2)c1,1,11828
2960075.0,Cc1ccccc1OC1C(=O)N(Cc2ccc3c(c2)OCO3)C1c1sccc1C,1,11829
2962512.0,CCOc1cc(CNCCO)c(Cl)cc1OCC(=O)NCCc1ccccc1,1,11830
875563.0,Cc1cc(/C=C(/C#N)C(=O)Nc2ccccc2)c(C)n1-c1cccnc1,0,11831
2889688.0,COc1ccc(CCNc2cc(N3CCN(C(=O)c4ccccc4F)CC3)ccc2[N+](=O)[O-])cc1OC,1,11832
2215226.0,C=CCOc1c(Br)cc(CNc2ccc(NC(=O)C(C)C)c(OC)c2)cc1OC,1,11833
2964786.0,CS(=O)(=O)N1N=C(c2ccc(Br)cc2)CC1c1ccc2c(c1)OCO2,1,11834
2840784.0,CCCCC(=O)Nc1sc2c(c1C(=O)OCC)CCC(C=O)=C2Cl,1,11835
2884390.0,COc1ccc([N+](=O)[O-])cc1N(CC(O)CN(CC(C)C)CC(C)C)S(=O)(=O)c1ccccc1,1,11836
1368253.0,S=C(NCCC(c1ccccc1)c1ccccc1)Nc1ccc(Cl)cc1,1,11837
1367993.0,Cc1ccc(S(=O)(=O)N(Cc2ccccc2)c2ccccc2C(=O)NCc2ccco2)cc1,1,11838
2962131.0,Cc1cccnc1NC1(C(F)(F)F)N=C(c2ccccc2)NC1=O,1,11839
2962121.0,O=C1NC(c2ccccc2)=NC1(NS(=O)(=O)c1ccccc1)C(F)(F)F,0,11840
2962085.0,Cc1ccc(-n2c3c(c(=O)[nH]c2=O)C(NS(=O)(=O)c2ccc(C)cc2)(C(F)(F)F)C(=O)N3)cc1,0,11841
5710160.0,CCOC(=O)Cc1csc(N/N=C/c2ccc(C(F)(F)F)cc2)n1,0,11842
2962400.0,COc1cc(CNC2CCCC2)cc(Cl)c1OCc1ccccc1Cl.Cl,1,11843
2270563.0,O=C(Nc1ccc(-c2csc(-c3ccccc3)n2)cc1)c1ccccc1Cl,0,11845
2216871.0,CCOC(=O)CC(=O)CSc1nc(-c2ccccc2)cc(-c2ccc(Cl)cc2)c1C#N,1,11846
1242706.0,O=C(CSc1nnc(SCc2cccc3ccccc23)s1)c1ccc2c(c1)OCO2,1,11847
2961812.0,CCOC(=O)C1=C(C)N=C2SC(C(=O)OC)=CC(=O)N2C1c1cccc(OC)c1,0,11848
2215404.0,COc1ccc(NC(=O)C2(c3ccc(NC(=O)c4ccc(C)cc4)cc3)CCCC2)cc1,0,11849
5729338.0,C=CCNC(=O)/C(=C\c1ccc2c(c1)OCO2)NC(=O)c1ccc(Br)cc1,1,11851
16758241.0,CC(=O)OC[C@@H]1O[C@H](CCON=C(C)C)C=C[C@@H]1OC(C)=O,0,11852
6518389.0,CC(C)=NO[C@@H](C)CN1CCCc2nc(C)c(C)cc21,0,11853
16758243.0,CC(C)=NOC[C@@H](O)[C@@H]1O[C@@H]2OC(C)(C)O[C@@H]2[C@H]1O,0,11854
16758244.0,C=CC[C@@H]1C=C[C@H](ON=C(C)C)[C@H](CO)O1,0,11855
6518392.0,CC(C)=NOC[C@@H](O)COCc1ccco1,0,11856
16758245.0,CC(C)=NO[C@@H](C)c1cn([C@@H]2COC[C@@H]2O)nn1,0,11857
6518396.0,CC(C)=NOC[C@@H](C)[C@H](OCc1ccccc1)C(C)C,0,11858
16758246.0,CC(=O)OC[C@H]1O[C@@H](ON=C(C)C)[C@H](OC(C)=O)[C@@H](OC(C)=O)[C@H]1OC(C)=O,0,11859
16758248.0,CO[C@@H]1COC(=O)[C@H]2CCCN2C(=O)C/C=C\[C@H](C)[C@@H](OC)COC(=O)C/C=C\[C@H]1C,0,11860
16758249.0,CO[C@@H]1COC(=O)C/C=C\[C@@H](C)[C@H](OC)COC(=O)[C@@H](C)COC(=O)C/C=C\[C@H]1C,0,11861
16758252.0,CO[C@@H]1COC(=O)C/C=C\[C@@H](C)[C@@H]2C=C[C@@H](O)[C@@H](COC(=O)C/C=C\[C@H]1C)O2,0,11862
6419589.0,C[C@H]1COC(=O)[C@H](C)NC(=O)[C@@H](C)COC(=O)[C@H](C)NC1=O,0,11863
16758261.0,Cc1ccc(S(=O)(=O)N[C@@H]2COC(=O)[C@H](C)NC(=O)C/C=C\[C@@H](C)[C@@H](NS(=O)(=O)c3ccc(C)cc3)COC(=O)C/C=C\[C@H]2C)cc1,0,11865
16758263.0,CO[C@H]1COC(=O)C/C=C\[C@@H](C)COC(=O)[C@H]2CCCN2C(=O)C/C=C\[C@H]1C,0,11866
16758268.0,CO[C@H]1COC(=O)[C@@H](C)COC(=O)[C@H](C)NC(=O)C/C=C\[C@H]1C,0,11867
16758269.0,CO[C@H]1COC(=O)[C@H](C)COC(=O)[C@H](C)NC(=O)C/C=C\[C@H]1C,0,11868
16758274.0,CO[C@@H]1COC(=O)[C@H](C)NC(=O)C/C=C\[C@@H](C)[C@H](OC)COC(=O)C/C=C\[C@@H]1C,0,11871
16758277.0,CO[C@@H]1/C=C\CC(=O)N2CCC[C@@H]2C(=O)OC[C@H](C)C(=O)OC[C@H]1C,0,11873
16758278.0,CO[C@@H]1/C=C\CC(=O)N2CCC[C@@H]2C(=O)OC[C@@H](C)C(=O)OC[C@H]1C,0,11874
16758281.0,CO[C@@H]1COC(=O)[C@H]2CCCN2C(=O)C/C=C\[C@@H](C)[C@H](OC)COC(=O)C/C=C\[C@@H]1C,0,11875
16758282.0,CO[C@@H]1COC(=O)[C@H](CCSC)NC(=O)C/C=C\[C@@H](C)COC(=O)[C@@H]2CCCN2C(=O)C/C=C\[C@H]1C,0,11876
16758284.0,CO[C@H]1COC(=O)[C@@H](C)COC(=O)[C@@H](OCc2ccccc2)/C=C\[C@@H]1C,0,11877
16758285.0,C[C@H]1COC(=O)CC=C[C@@H](C)[C@@H]2C=C[C@H](O)[C@@H](COC1=O)O2,0,11878
16758291.0,CO[C@H]1COC(=O)[C@H](C)COC(=O)[C@@H](OCc2ccccc2)/C=C\[C@@H]1C,0,11880
16758293.0,CSCC[C@@H]1NC(=O)C/C=C\[C@@H](C)COC(=O)[C@H](C)COC1=O,0,11881
16758296.0,CO[C@H]1COC(=O)[C@H](C)NC(=O)C/C=C\[C@@H](C)[C@@H](NS(=O)(=O)c2ccc(C)cc2)COC(=O)C/C=C\[C@@H]1C,1,11883
16758297.0,CO[C@H]1COC(=O)[C@H](C)NC(=O)C/C=C\[C@@H](C)[C@@H](NS(=O)(=O)c2ccc(C)cc2)COC(=O)[C@H](OCc2ccccc2)/C=C\[C@@H]1C,1,11884
16758299.0,C[C@H]1COC(=O)[C@H]2CCCN2C(=O)[C@@H](C)COC(=O)[C@H]2CCCN2C1=O,0,11885
16758301.0,CO[C@@H]1COC(=O)[C@H](C)NC(=O)C/C=C\[C@@H](C)[C@@H](NS(=O)(=O)c2ccc(C)cc2)COC(=O)C/C=C\[C@@H]1C,0,11886
16758304.0,CO[C@@H]1COC(=O)[C@H](C)NC(=O)C/C=C\[C@@H](C)[C@H](OC)COC(=O)[C@H](C)NC(=O)C/C=C\[C@H]1C,0,11888
16758305.0,CO[C@@H]1COC(=O)[C@H]2CCCN2C(=O)C/C=C\[C@@H](C)[C@H](OC)COC(=O)[C@H]2CCCN2C(=O)C/C=C\[C@H]1C,0,11889
16758306.0,CO[C@H]1COC(=O)C/C=C\[C@H](C)[C@@H](OC)COC(=O)C/C=C\[C@@H]1C,0,11890
16758307.0,CO[C@H]1COC(=O)[C@@H](OCc2ccccc2)/C=C\[C@H](C)[C@@H](OC)COC(=O)[C@H](OCc2ccccc2)/C=C\[C@@H]1C,0,11891
16758308.0,C[C@@H]1/C=C\CC(=O)OC[C@H]2O[C@@H](C=C[C@@H]2O)[C@H](C)/C=C\CC(=O)OC[C@H]2O[C@H]1C=C[C@@H]2O,0,11892
16758310.0,CSCC[C@@H]1NC(=O)C/C=C\[C@@H](C)COC(=O)[C@@H](CCSC)NC(=O)C/C=C\[C@@H](C)COC1=O,0,11894
16758312.0,CO[C@H]1COC(=O)C/C=C\[C@H](C)[C@@H](OC)COC(=O)[C@H](Cc2ccccc2)NC(=O)C/C=C\[C@@H]1C,1,11896
16758320.0,CO[C@H]1COC(=O)C/C=C\[C@@H](C)COC(=O)[C@@H](C)NC(=O)C/C=C\[C@@H]1C,0,11898
16758321.0,CO[C@@H]1COC(=O)[C@@H](C)COC(=O)[C@@H](C)NC(=O)C/C=C\[C@@H]1C,0,11899
16758322.0,CO[C@H]1COC(=O)C/C=C\[C@H](C)COC(=O)[C@@H](C)NC(=O)C/C=C\[C@@H]1C,0,11900
16758324.0,CO[C@@H]1COC(=O)C/C=C\[C@@H](C)[C@@H]2C=C[C@H](O)[C@@H](COC(=O)[C@H](C)NC(=O)C/C=C\[C@H]1C)O2,0,11902
16758325.0,CO[C@@H]1COC(=O)[C@@H](C)NC(=O)C/C=C\[C@H](C)[C@@H](OC)COC(=O)C/C=C\[C@@H]1C,0,11903
16758327.0,CO[C@H]1COC(=O)C/C=C\[C@H](C)[C@@H](NS(=O)(=O)c2ccc(C)cc2)COC(=O)CCC[C@@H]1C,1,11904
16758330.0,CO[C@H]1COC(=O)CCC[C@H](C)[C@@H](OC)COC(=O)C/C=C\[C@@H]1C,0,11905
6636937.0,CO[C@H]1COC(=O)[C@@H](Cc2ccccc2)NC(=O)[C@@H](C)COC(=O)CCC[C@@H]1C,1,11906
16758332.0,CO[C@@H]1COC(=O)C/C=C\[C@H](C)[C@@H](OC)COC(=O)CCC[C@@H]1C,0,11907
16758334.0,CO[C@@H]1COC(=O)[C@@H](OCc2ccccc2)/C=C\[C@H](C)[C@@H](OC)COC(=O)[C@@H](CCSC)NC(=O)C/C=C\[C@H]1C,0,11908
16758335.0,CO[C@@H]1COC(=O)[C@H]2CCCN2C(=O)[C@@H](C)COC(=O)C/C=C\[C@H]1C,0,11909
16758336.0,C[C@H]1COC(=O)C/C=C\[C@@H](C)COC(=O)[C@H]2CCCN2C1=O,0,11910
16758338.0,CO[C@H]1COC(=O)[C@H]2CCCN2C(=O)[C@@H](C)COC(=O)C/C=C\[C@@H]1C,0,11912
16758341.0,C[C@H]1COC(=O)C/C=C\[C@@H](C)COC(=O)[C@H](C)NC1=O,0,11914
16758342.0,CO[C@H]1COC(=O)[C@H](C)NC(=O)[C@@H](C)COC(=O)[C@H]2CCCN2C(=O)C/C=C\[C@H]1C,0,11915
16758343.0,CO[C@H]1COC(=O)[C@H](C)NC(=O)[C@@H](C)COC(=O)C/C=C\[C@@H]1C,0,11916
16758344.0,CO[C@@H]1COC(=O)[C@H]2CCCN2C(=O)[C@@H](C)COC(=O)CCC[C@H]1C,0,11917
16758347.0,CO[C@@H]1COC(=O)[C@H](C)NC(=O)[C@@H](C)COC(=O)[C@H](C)NC(=O)C/C=C\[C@H]1C,0,11920
6419696.0,CO[C@@H]1COC(=O)[C@H](C)NC(=O)[C@@H](C)COC(=O)CCC[C@H]1C,0,11921
16758349.0,Cc1ccc(S(=O)(=O)N[C@H]2COC(=O)C/C=C\[C@H](C)[C@@H](NS(=O)(=O)c3ccc(C)cc3)COC(=O)C/C=C\[C@@H]2C)cc1,1,11923
16758352.0,COC(=O)[C@H](C)NC(=O)C/C=C\[C@@H](C)CO,0,11925
16758353.0,COC(=O)C/C=C\[C@@H](C)[C@H]1C=C[C@H](O)[C@@H](CO)O1,0,11926
16758354.0,COC(=O)C/C=C\[C@@H](C)[C@@H]1C=C[C@H](OC(C)=O)[C@H](COC(C)=O)O1,0,11927
6636171.0,COC(=O)[C@H](Cc1ccccc1)NC(=O)[C@@H](C)CO,0,11928
16758355.0,COC(=O)[C@H](CCSC)NC(=O)C/C=C\[C@@H](C)CO,0,11929
16758358.0,COC(=O)[C@H](CCSC)NC(=O)C/C=C\[C@@H](C)[C@@H](CO)OC,0,11931
6636174.0,COC(=O)[C@@H]1CCCN1C(=O)[C@@H](C)CO,0,11932
6636192.0,COC(=O)[C@H](C)NC(=O)[C@@H](C)CO,0,11933
16758359.0,COC(=O)[C@H](C)NC(=O)C/C=C\[C@@H](C)[C@H]1C=C[C@H](O)[C@@H](CO)O1,0,11934
6636316.0,C=CC(=O)N1C(=O)c2ccccc2S1(=O)=O,0,11935
16758360.0,C=CC[C@@H]1C=C[C@H](Oc2ccc(C)cc2)[C@H](COC(=O)NCc2cccc3ccccc23)O1,1,11936
16758361.0,COc1ccc(O[C@H]2C=C[C@@H](c3ccccc3)O[C@H]2COC(=O)NCc2cccc3ccccc23)cc1,0,11937
16758362.0,CCCNC(=O)OC[C@@H]1O[C@H](c2ccccc2)C=C[C@@H]1Oc1ccc(OC)cc1,1,11938
16758363.0,COc1ccc(O[C@H]2C=C[C@@H](c3ccccc3)O[C@H]2COC(=O)N2CCCCC2)cc1,0,11939
16758364.0,CO/N=C(/C)CCC(=O)OC[C@@H]1O[C@H](c2ccccc2)C=C[C@@H]1Oc1ccc(OC)cc1,1,11940
16758366.0,CCCNC(=O)OC[C@@H]1O[C@H](CCO/N=C(\C)CCC(=O)OC[C@@H]2O[C@H](c3ccccc3)C=C[C@@H]2Oc2ccc(OC)cc2)C=C[C@@H]1Oc1ccc(OC)cc1,1,11942
16758368.0,COc1ccc(O[C@H]2C=C[C@@H](c3ccccc3)O[C@H]2COC(=O)CC/C(C)=N\O[C@@H](C)CN2CCCCc3nc(C)c(C)cc32)cc1,1,11944
16758369.0,COc1ccc(O[C@H]2C=C[C@@H](c3ccccc3)O[C@H]2COC(=O)CC/C(C)=N\O[C@@H](C)CN2CCCc3nc(C)c(C)cc32)cc1,1,11945
16758370.0,COc1ccc(O[C@H]2C=C[C@@H](c3ccccc3)O[C@H]2COC(=O)CC/C(C)=N\OC[C@@H](O)[C@H]2O[C@H]3OC(C)(C)O[C@H]3[C@@H]2O)cc1,1,11946
16758372.0,COc1ccc(O[C@H]2C=C[C@@H](c3ccccc3)O[C@H]2COC(=O)CC/C(C)=N\OC[C@@H](O)COCc2ccco2)cc1,1,11948
16758373.0,COc1ccc(O[C@H]2C=C[C@@H](c3ccccc3)O[C@H]2COC(=O)CC/C(C)=N\O[C@@H](C)c2cn([C@H]3COC[C@H]3O)nn2)cc1,1,11949
16758376.0,COc1ccc(O[C@H]2C=C[C@@H](c3ccccc3)O[C@H]2COC(=O)CC/C(C)=N\OC[C@@H](C)[C@H](OCc2ccccc2)C(C)C)cc1,1,11951
16758377.0,COc1ccc(O[C@H]2C=C[C@@H](c3ccccc3)O[C@H]2COC(=O)CC/C(C)=N/O[C@@H]2O[C@H](COC(C)=O)[C@H](OC(C)=O)[C@H](OC(C)=O)[C@H]2OC(C)=O)cc1,1,11952
16758378.0,CO/N=C(/C)CCC(=O)OC[C@@H]1O[C@H](C#Cc2ccccc2)C=C[C@@H]1Oc1ccc(C)cc1,1,11953
16758380.0,CCCNC(=O)OC[C@@H]1O[C@H](CCO/N=C(\C)CCC(=O)OC[C@@H]2O[C@H](C#Cc3ccccc3)C=C[C@@H]2Oc2ccc(C)cc2)C=C[C@@H]1Oc1ccc(OC)cc1,1,11954
16758381.0,CC(=O)OC[C@@H]1O[C@H](CCO/N=C(\C)CCC(=O)OC[C@@H]2O[C@H](C#Cc3ccccc3)C=C[C@@H]2Oc2ccc(C)cc2)C=C[C@@H]1OC(C)=O,1,11955
16758382.0,C/C(CCC(=O)OC[C@@H]1O[C@H](C#Cc2ccccc2)C=C[C@@H]1Oc1ccc(C)cc1)=N/O[C@@H](C)CN1CCCCc2nc(C)c(C)cc21,1,11956
16758384.0,C/C(CCC(=O)OC[C@@H]1O[C@H](C#Cc2ccccc2)C=C[C@@H]1Oc1ccc(C)cc1)=N/OC[C@@H](O)[C@H]1O[C@H]2OC(C)(C)O[C@H]2[C@@H]1O,1,11958
16758385.0,C=CC[C@@H]1C=C[C@@H](O/N=C(/C)CCC(=O)OC[C@@H]2O[C@H](C#Cc3ccccc3)C=C[C@@H]2Oc2ccc(C)cc2)[C@@H](CO)O1,1,11959
16758386.0,C/C(CCC(=O)OC[C@@H]1O[C@H](C#Cc2ccccc2)C=C[C@@H]1Oc1ccc(C)cc1)=N/OC[C@@H](O)COCc1ccco1,1,11960
16758387.0,C/C(CCC(=O)OC[C@@H]1O[C@H](C#Cc2ccccc2)C=C[C@@H]1Oc1ccc(C)cc1)=N/O[C@@H](C)c1cn([C@H]2COC[C@H]2O)nn1,1,11961
16758389.0,C/C(CCC(=O)OC[C@@H]1O[C@H](C#Cc2ccccc2)C=C[C@@H]1Oc1ccc(C)cc1)=N/O[C@@H](C)c1cc(-c2c(C)cc(C)cc2C)no1,0,11962
16758393.0,COc1ccc(O[C@H]2C=C[C@@H](c3ccccc3)O[C@H]2CO/N=C\C[C@@H]2C=C[C@H](OC(C)=O)[C@H](COC(C)=O)O2)cc1,1,11965
16758394.0,CCCNC(=O)OC[C@@H]1O[C@H](CCO/N=C\C[C@H]2C=C[C@H](OC(C)=O)[C@@H](COC(C)=O)O2)C=C[C@@H]1Oc1ccc(OC)cc1,1,11966
16758398.0,CC(=O)OC[C@@H]1O[C@H](C/C=N\OC[C@@H](O)[C@H]2O[C@H]3OC(C)(C)O[C@H]3[C@@H]2O)C=C[C@@H]1OC(C)=O,0,11967
16758400.0,CC(=O)OC[C@@H]1O[C@H](C/C=N\OC[C@@H](O)COCc2ccco2)C=C[C@@H]1OC(C)=O,0,11968
16758401.0,CC(=O)OC[C@@H]1O[C@H](C/C=N\O[C@@H](C)c2cn([C@H]3COC[C@H]3O)nn2)C=C[C@@H]1OC(C)=O,0,11969
16758403.0,CC(=O)OC[C@@H]1O[C@H](C/C=N\O[C@@H](C)c2cc(-c3c(C)cc(C)cc3C)no2)C=C[C@@H]1OC(C)=O,1,11970
9555994.0,COc1ccc(O[C@H]2C=C[C@@H](c3ccccc3)O[C@@H]2CO/N=C(\C)CCN2CCCCc3nc(C)c(C)cc32)cc1,1,11973
16758406.0,CCCNC(=O)OC[C@@H]1O[C@H](CCO/N=C(\C)CCN2CCCCc3nc(C)c(C)cc32)C=C[C@@H]1Oc1ccc(OC)cc1,1,11974
16758407.0,CC(=O)OC[C@@H]1O[C@H](CCO/N=C(\C)CCN2CCCCc3nc(C)c(C)cc32)C=C[C@@H]1OC(C)=O,1,11975
9555997.0,C/C(CCN1CCCCc2nc(C)c(C)cc21)=N\O[C@@H](C)CN1CCCCc2nc(C)c(C)cc21,1,11976
16758409.0,C/C(CCN1CCCCc2nc(C)c(C)cc21)=N\OC[C@@H](O)[C@@H]1O[C@@H]2OC(C)(C)O[C@@H]2[C@H]1O,0,11978
16758410.0,C=CC[C@@H]1C=C[C@H](O/N=C(\C)CCN2CCCCc3nc(C)c(C)cc32)[C@H](CO)O1,1,11979
9556001.0,C/C(CCN1CCCCc2nc(C)c(C)cc21)=N\OC[C@@H](O)COCc1ccco1,1,11980
16758411.0,C/C(CCN1CCCCc2nc(C)c(C)cc21)=N\O[C@@H](C)c1cn([C@@H]2COC[C@@H]2O)nn1,0,11981
9556004.0,C/C(CCN1CCCCc2nc(C)c(C)cc21)=N\O[C@@H](C)c1cc(-c2c(C)cc(C)cc2C)no1,1,11982
9556152.0,CO/N=C(\C)CCN1CCCc2nc(C)c(C)cc21,0,11983
16758413.0,CCCNC(=O)OC[C@@H]1O[C@H](CCO/N=C(\C)CCN2CCCc3nc(C)c(C)cc32)C=C[C@@H]1Oc1ccc(OC)cc1,1,11985
16758416.0,C/C(CCN1CCCc2nc(C)c(C)cc21)=N\OC[C@@H](O)[C@@H]1O[C@@H]2OC(C)(C)O[C@@H]2[C@H]1O,0,11987
16758417.0,C=CC[C@@H]1C=C[C@H](O/N=C(\C)CCN2CCCc3nc(C)c(C)cc32)[C@H](CO)O1,1,11988
9556015.0,C/C(CCN1CCCc2nc(C)c(C)cc21)=N\OC[C@@H](O)COCc1ccco1,1,11989
9556017.0,C/C(CCN1CCCc2nc(C)c(C)cc21)=N\O[C@@H](C)c1cn([C@H](CO)Cc2ccccc2)nn1,1,11990
16758422.0,COC(=O)[C@@H]1CC[C@H](C)[C@@H](c2ccc(C)cc2)N1C(=O)c1ccc(/C=N\OCC[C@@H]2C=C[C@H](OC(C)=O)[C@H](COC(C)=O)O2)cc1,0,11992
6518270.0,COC(=O)[C@@H]1CC[C@H](C)[C@@H](c2ccc(C)cc2)N1C(=O)c1ccc(/C=N\O[C@@H](C)c2cc(-c3c(C)cc(C)cc3C)no2)cc1,0,11993
16758428.0,CO/N=C\[C@@H](NS(=O)(=O)c1ccc(C)cc1)[C@H](C)/C=C\CC(=O)OC,0,11996
16758429.0,COC(=O)C/C=C\[C@@H](C)[C@@H](/C=N\OC[C@@H]1O[C@H](c2ccccc2)C=C[C@@H]1Oc1ccc(OC)cc1)NS(=O)(=O)c1ccc(C)cc1,1,11997
16758430.0,CCCNC(=O)OC[C@H]1O[C@@H](CCO/N=C\[C@@H](NS(=O)(=O)c2ccc(C)cc2)[C@H](C)/C=C\CC(=O)OC)C=C[C@@H]1Oc1ccc(OC)cc1,1,11998
16758431.0,COC(=O)C/C=C\[C@@H](C)[C@@H](/C=N\OCC[C@H]1C=C[C@H](OC(C)=O)[C@@H](COC(C)=O)O1)NS(=O)(=O)c1ccc(C)cc1,1,11999
16758432.0,COC(=O)C/C=C\[C@@H](C)[C@@H](/C=N\O[C@@H](C)CN1CCCCc2nc(C)c(C)cc21)NS(=O)(=O)c1ccc(C)cc1,1,12000
16758433.0,COC(=O)C/C=C\[C@@H](C)[C@@H](/C=N\O[C@@H](C)CN1CCCc2nc(C)c(C)cc21)NS(=O)(=O)c1ccc(C)cc1,0,12001
16758434.0,COC(=O)C/C=C\[C@@H](C)[C@@H](/C=N\OC[C@@H](O)[C@H]1O[C@H]2OC(C)(C)O[C@H]2[C@@H]1O)NS(=O)(=O)c1ccc(C)cc1,1,12002
16758435.0,C=CC[C@@H]1C=C[C@@H](O/N=C\[C@@H](NS(=O)(=O)c2ccc(C)cc2)[C@H](C)/C=C\CC(=O)OC)[C@@H](CO)O1,1,12003
16758436.0,COC(=O)C/C=C\[C@@H](C)[C@@H](/C=N\OC[C@@H](O)COCc1ccco1)NS(=O)(=O)c1ccc(C)cc1,1,12004
16758437.0,COC(=O)C/C=C\[C@@H](C)[C@@H](/C=N\O[C@@H](C)c1cn([C@H]2COC[C@H]2O)nn1)NS(=O)(=O)c1ccc(C)cc1,1,12005
16758439.0,COC(=O)C/C=C\[C@@H](C)[C@@H](/C=N\O[C@@H](C)c1cc(-c2c(C)cc(C)cc2C)no1)NS(=O)(=O)c1ccc(C)cc1,1,12006
16758440.0,COC(=O)C/C=C\[C@@H](C)[C@@H](/C=N\OC[C@@H](C)[C@H](OCc1ccccc1)C(C)C)NS(=O)(=O)c1ccc(C)cc1,1,12007
16758443.0,COc1ccc(O[C@H]2C=C[C@@H](c3ccccc3)O[C@H]2CO/N=C2/c3cc(OC)ccc3O[C@@H](c3cccc(OC)c3)[C@H]2O)cc1,1,12009
16758445.0,COc1cccc([C@H]2Oc3ccc(OC)cc3/C(=N\OCC[C@@H]3C=C[C@H](OC(C)=O)[C@H](COC(C)=O)O3)[C@@H]2O)c1,1,12011
16758446.0,COc1cccc([C@@H]2Oc3ccc(OC)cc3/C(=N/O[C@@H](C)CN3CCCCc4nc(C)c(C)cc43)[C@@H]2O)c1,1,12012
16758447.0,COc1cccc([C@@H]2Oc3ccc(OC)cc3/C(=N/O[C@@H](C)CN3CCCc4nc(C)c(C)cc43)[C@@H]2O)c1,1,12013
16758448.0,COc1cccc([C@H]2Oc3ccc(OC)cc3/C(=N\OC[C@@H](O)[C@@H]3O[C@@H]4OC(C)(C)O[C@@H]4[C@H]3O)[C@@H]2O)c1,1,12014
16758449.0,C=CC[C@@H]1C=C[C@H](O/N=C2\c3cc(OC)ccc3O[C@H](c3cccc(OC)c3)[C@H]2O)[C@H](CO)O1,0,12015
16758451.0,COc1cccc([C@@H]2Oc3ccc(OC)cc3/C(=N/O[C@@H](C)c3cn([C@H]4COC[C@H]4O)nn3)[C@@H]2O)c1,1,12017
16758452.0,COc1cccc([C@@H]2Oc3ccc(OC)cc3/C(=N/O[C@@H](C)c3cc(-c4c(C)cc(C)cc4C)no3)[C@@H]2O)c1,1,12018
16758453.0,COc1cccc([C@@H]2Oc3ccc(OC)cc3/C(=N/OC[C@@H](C)[C@H](OCc3ccccc3)C(C)C)[C@@H]2O)c1,1,12019
16758454.0,COc1cccc([C@H]2Oc3ccc(OC)cc3/C(=N\O[C@@H]3O[C@H](COC(C)=O)[C@H](OC(C)=O)[C@H](OC(C)=O)[C@H]3OC(C)=O)[C@@H]2O)c1,1,12020
16758455.0,CCN1C(=O)[C@H]2CC[C@H]3/C(=N\OC)C[C@@H](O)[C@@H](O)[C@@H]3[C@@H]2C1=O,0,12021
16758456.0,CCN1C(=O)[C@H]2CC[C@H]3/C(=N\OC[C@@H]4O[C@H](c5ccccc5)C=C[C@@H]4Oc4ccc(OC)cc4)C[C@@H](O)[C@@H](O)[C@@H]3[C@@H]2C1=O,0,12022
16758457.0,CCCNC(=O)OC[C@H]1O[C@@H](CCO/N=C2/C[C@@H](O)[C@@H](O)[C@@H]3[C@@H]4C(=O)N(CC)C(=O)[C@H]4CC[C@@H]23)C=C[C@@H]1Oc1ccc(OC)cc1,1,12023
16758461.0,CCN1C(=O)[C@H]2CC[C@H]3/C(=N\OC[C@@H](O)[C@H]4O[C@H]5OC(C)(C)O[C@H]5[C@@H]4O)C[C@@H](O)[C@@H](O)[C@@H]3[C@@H]2C1=O,0,12026
16758462.0,C=CC[C@@H]1C=C[C@@H](O/N=C2/C[C@@H](O)[C@@H](O)[C@@H]3[C@@H]4C(=O)N(CC)C(=O)[C@H]4CC[C@@H]23)[C@@H](CO)O1,0,12027
16758464.0,CCN1C(=O)[C@H]2CC[C@H]3/C(=N\O[C@@H](C)c4cn([C@H]5COC[C@H]5O)nn4)C[C@@H](O)[C@@H](O)[C@@H]3[C@@H]2C1=O,0,12028
16758466.0,CCN1C(=O)[C@H]2CC[C@H]3/C(=N\O[C@@H](C)c4cc(-c5c(C)cc(C)cc5C)no4)C[C@@H](O)[C@@H](O)[C@@H]3[C@@H]2C1=O,1,12029
16758468.0,CCN1C(=O)[C@H]2CC[C@H]3/C(=N\O[C@@H]4O[C@H](COC(C)=O)[C@@H](OC(C)=O)[C@H](OC(C)=O)[C@H]4OC(C)=O)C[C@@H](O)[C@@H](O)[C@@H]3[C@@H]2C1=O,0,12030
16758471.0,CCCNC(=O)OC[C@H]1O[C@@H](CCO/N=C2\[C@@H]3CCn4c(=O)n(-c5ccccc5)c(=O)n4[C@H]3[C@H](O)[C@H]3O[C@H]23)C=C[C@@H]1Oc1ccc(OC)cc1,1,12033
16758472.0,CC(=O)OC[C@H]1O[C@@H](CCO/N=C2\[C@@H]3CCn4c(=O)n(-c5ccccc5)c(=O)n4[C@H]3[C@H](O)[C@H]3O[C@H]23)C=C[C@@H]1OC(C)=O,0,12034
16758473.0,Cc1cc2c(nc1C)CCCCN2C[C@H](C)O/N=C1\[C@@H]2CCn3c(=O)n(-c4ccccc4)c(=O)n3[C@H]2[C@H](O)[C@H]2O[C@H]12,1,12035
16758475.0,CC1(C)O[C@@H]2O[C@H]([C@H](O)CO/N=C3\[C@@H]4CCn5c(=O)n(-c6ccccc6)c(=O)n5[C@H]4[C@H](O)[C@H]4O[C@H]34)[C@@H](O)[C@@H]2O1,0,12036
16758478.0,C[C@H](O/N=C1\[C@@H]2CCn3c(=O)n(-c4ccccc4)c(=O)n3[C@H]2[C@H](O)[C@H]2O[C@H]12)c1cn([C@H]2COC[C@H]2O)nn1,0,12037
16758480.0,Cc1cc(C)c(-c2cc([C@H](C)O/N=C3\[C@@H]4CCn5c(=O)n(-c6ccccc6)c(=O)n5[C@H]4[C@H](O)[C@H]4O[C@H]34)on2)c(C)c1,0,12038
16758482.0,CC(=O)OC[C@H]1O[C@@H](O/N=C2\[C@@H]3CCn4c(=O)n(-c5ccccc5)c(=O)n4[C@H]3[C@H](O)[C@H]3O[C@H]23)[C@H](OC(C)=O)[C@@H](OC(C)=O)[C@@H]1OC(C)=O,0,12040
6518409.0,CO/N=C\[C@@H](C)[C@H](OCc1ccccc1)C(C)C,0,12041
6518329.0,COc1ccc(O[C@H]2C=C[C@@H](c3ccccc3)O[C@@H]2CO/N=C\[C@@H](C)[C@H](OCc2ccccc2)C(C)C)cc1,1,12042
16758483.0,CCCNC(=O)OC[C@@H]1O[C@H](CCO/N=C\[C@@H](C)[C@H](OCc2ccccc2)C(C)C)C=C[C@@H]1Oc1ccc(OC)cc1,1,12043
16758484.0,CC(=O)OC[C@@H]1O[C@H](CCO/N=C\[C@@H](C)[C@H](OCc2ccccc2)C(C)C)C=C[C@@H]1OC(C)=O,0,12044
6518332.0,Cc1cc2c(nc1C)CCCCN2C[C@H](C)O/N=C\[C@@H](C)[C@H](OCc1ccccc1)C(C)C,1,12045
16758485.0,Cc1cc2c(nc1C)CCCN2C[C@H](C)O/N=C\[C@@H](C)[C@H](OCc1ccccc1)C(C)C,0,12046
16758486.0,CC(C)[C@@H](OCc1ccccc1)[C@H](C)/C=N\OC[C@@H](O)[C@@H]1O[C@@H]2OC(C)(C)O[C@@H]2[C@H]1O,0,12047
6518336.0,CC(C)[C@@H](OCc1ccccc1)[C@H](C)/C=N\OC[C@@H](O)COCc1ccco1,0,12049
16758488.0,CC(C)[C@@H](OCc1ccccc1)[C@H](C)/C=N\O[C@@H](C)c1cn([C@@H]2COC[C@@H]2O)nn1,0,12050
6518339.0,Cc1cc(C)c(-c2cc([C@H](C)O/N=C\[C@@H](C)[C@H](OCc3ccccc3)C(C)C)on2)c(C)c1,0,12051
6518340.0,CC(C)[C@@H](OCc1ccccc1)[C@H](C)/C=N\OC[C@@H](C)[C@H](OCc1ccccc1)C(C)C,0,12052
16758489.0,CC(=O)OC[C@H]1O[C@@H](O/N=C\[C@@H](C)[C@H](OCc2ccccc2)C(C)C)[C@H](OC(C)=O)[C@@H](OC(C)=O)[C@H]1OC(C)=O,0,12053
16758490.0,CCCNC(=O)OC[C@@H]1O[C@H](CCO/N=C(\C)CCN2CCc3nc(CC)c(CC)cc3C2)C=C[C@@H]1Oc1ccc(OC)cc1,1,12054
16758494.0,C=CC[C@@H]1C=C[C@H](O/N=C(\C)CCN2CCc3nc(CC)c(CC)cc3C2)[C@H](CO)O1,0,12055
16758495.0,CCc1cc2c(nc1CC)CCN(CC/C(C)=N/O[C@@H](C)c1cn([C@@H]3COC[C@@H]3O)nn1)C2,0,12056
9556160.0,CO/N=C(\C)CCN1CCc2nc(-c3ccccc3)c(-c3ccccc3)cc2C1,0,12059
16758497.0,CCCNC(=O)OC[C@@H]1O[C@H](CCO/N=C(\C)CCN2CCc3nc(-c4ccccc4)c(-c4ccccc4)cc3C2)C=C[C@@H]1Oc1ccc(OC)cc1,1,12061
16758499.0,C/C(CCN1CCc2nc(-c3ccccc3)c(-c3ccccc3)cc2C1)=N\O[C@@H](C)CN1CCCCc2nc(C)c(C)cc21,1,12062
16758501.0,C=CC[C@@H]1C=C[C@H](O/N=C(\C)CCN2CCc3nc(-c4ccccc4)c(-c4ccccc4)cc3C2)[C@H](CO)O1,1,12063
9556127.0,C/C(CCN1CCc2nc(-c3ccccc3)c(-c3ccccc3)cc2C1)=N\OC[C@@H](O)COCc1ccco1,1,12064
16758502.0,C/C(CCN1CCc2nc(-c3ccccc3)c(-c3ccccc3)cc2C1)=N\O[C@@H](C)c1cn([C@@H]2COC[C@@H]2O)nn1,0,12065
16758504.0,CO/N=C\[C@@H](OC)[C@H](C)/C=C\CC(=O)OC,0,12066
16758505.0,COC(=O)C/C=C\[C@@H](C)[C@@H](/C=N\OC[C@@H]1O[C@H](c2ccccc2)C=C[C@@H]1Oc1ccc(OC)cc1)OC,1,12067
16758507.0,COC(=O)C/C=C\[C@@H](C)[C@@H](/C=N\OCC[C@@H]1C=C[C@H](OC(C)=O)[C@H](COC(C)=O)O1)OC,0,12069
16758512.0,COC(=O)C/C=C\[C@@H](C)[C@@H](/C=N\OC[C@@H](O)COCc1ccco1)OC,0,12072
16758513.0,COC(=O)C/C=C\[C@@H](C)[C@@H](/C=N\O[C@@H](C)c1cn([C@H]2COC[C@H]2O)nn1)OC,0,12073
6636330.0,COC(=O)[C@H]1C(=O)c2ccccc2O[C@@](C(=O)OC)(c2ccccc2)[C@@H]1c1ccccc1,1,12076
16758520.0,COC(=O)[C@H]1[C@H](c2ccccc2)[C@@]2(c3ccccc3)Oc3ccccc3[C@@]2(O)[C@@H]1O,0,12077
23640522.0,C[C@@H]1OC=C2[C@@H](O)[C@H]3O[C@H]3C(=O)[C@]23[C@H]2O[C@H](C)[C@H](C4=C2[C@@H](O)[C@H]2O[C@@H]2C4=O)[C@@H]13,0,12078
16758523.0,Cc1cc2c(c(=O)o1)[C@@H](O)[C@H]1O[C@@H]1C2=O,0,12079
16758524.0,Cc1cc2c(c(=O)o1)[C@H](O)[C@H]1O[C@@H]1C2=O,0,12080
23640524.0,CC(=O)O[C@H]1C2=C(C(=O)[C@H]3O[C@@H]31)[C@H]1[C@H](C)O[C@@H]2[C@@]23C(=O)[C@H]4O[C@@H]4[C@@H](O)C2=CO[C@H](C)[C@@H]13,0,12081
16758529.0,C/C=C\C1=C(CO)[C@H](O)[C@H]2O[C@H]2[C@@H]1O,0,12083
16758530.0,COC(=O)C/C=C\[C@H](C)[C@@H](OC)c1ccccc1Br,0,12084
16758531.0,COC(=O)C/C=C1\c2ccccc2[C@H](OC)[C@H]1C,0,12085
16758532.0,COC(=O)C/C=C\[C@H](C)[C@@H](OCc1ccccc1Br)C(C)C,0,12086
6636440.0,COC(OC)[C@@H](C)[C@H](OC)[C@@H](C)[C@H](OC)c1ccccc1,0,12087
9548050.0,COC(=O)C[C@@H]1O[C@H]1[C@H](C)[C@@H](OC)C(C)C,1,12088
16758533.0,CO[C@@H](C(C)C)[C@@H](C)[C@@H]1OC(=O)C[C@@H]1O,0,12089
16758534.0,CCO[C@H](c1cc(OC)cc([N+](=O)[O-])c1OC)[C@H](C)/C=C\CC(=O)OC,1,12090
16758535.0,C[C@@H]1CN2[C@@H](CC[C@@H](C)[C@H]2c2ccc(Br)cc2)C(=O)O1,0,12091
16758541.0,CC(C)C(=O)N[C@H]1CCCN1C(=O)/C=C\c1ccccc1,0,12092
25240998.0,COc1ccc(-c2ccc3c(n2)CCCN3C[C@H](O)CN2CCCc3nc(-c4ccc(Br)cc4)ccc32)cc1,0,12093
16758542.0,Cc1cc2c(nc1C)CCCN2C[C@@H](O)CN1CCN(C)CC1,0,12094
135533977.0,Cc1ccc2nc3nc4ccc[nH]c4cc3c2c1,1,12095
6636401.0,Cc1ccc(S(=O)(=O)n2c3ccccc3c3nnc(C(=O)c4ccccc4)nc32)cc1,1,12096
6636295.0,CON(C)C(=O)c1nnc2c(n1)[nH]c1ccccc12,0,12097
6636212.0,COc1ccc(-c2cnnc(CCCn3ccnc3-c3ccccc3)n2)cc1,1,12098
16758545.0,Cc1cc2c(nc1C)CCCCN2C[C@H](O)CN1CCCc2nc(-c3ccc(Br)cc3)ccc21,0,12100
16758546.0,COc1ccc(-c2ccc3c(n2)CCCN3C[C@H](O)CN2CCCc3nc(C)c(C)cc32)cc1,0,12101
6636208.0,Cc1cc2c(nc1C)CCCN2CC(O)CN1CCCc2nc(C)c(C)cc21,0,12102
16758547.0,CCN(CC)C[C@@H](O)CN1CCCCc2nc(C)c(C)cc21,0,12103
9548030.0,COC(=O)/C=C\CCc1coc(/C=C\CNC(=O)OC)n1,0,12104
16758548.0,CO[C@H]1C[C@@H]2C[C@H](O)C[C@@H](CC(=O)O[C@@H](/C=C\CC(C)C)C[C@@H]3CC[C@H](C)[C@@H](C1)O3)O2,0,12105
16758549.0,COC(=O)NC/C=C\c1nc(CC/C=C\C(=O)O[C@H]2C[C@H]3CC(=O)O[C@@H](/C=C\CC(C)C)C[C@@H]4CC[C@H](C)[C@H](C[C@@H](OC)C[C@H](C2)O3)O4)co1,1,12106
6636349.0,COC(=O)C1=C(C)[C@@H](O)[C@@H](C)[C@H](c2c(OC)c(OC)c(C)c(OC)c2OC)O1,0,12107
16758550.0,COC(=O)[C@@H]1O[C@@H](c2c(OC)c(OC)c(C)c(OC)c2OC)[C@H](C)[C@@H](O)[C@@H]1C,0,12108
16758551.0,COCOc1ccc(Br)cc1C(=O)[C@H]1O[C@H]1c1cccc(OC)c1,1,12109
16758552.0,COc1cc(O)c(C(=O)/C=C\c2ccc3c(c2)OCO3)c(OC)c1,1,12110
6636334.0,COc1ccc(OC[C@@H](CO)OC)cc1,0,12112
16758554.0,O=C(/C=C\c1ccc2c(c1)OCO2)c1ccc(F)cc1,1,12113
16758555.0,C[C@]12CC[C@H]3c4ccc(OC[C@H]5CO5)cc4CC[C@H]3[C@H]1CC[C@@H]2O,0,12114
6636173.0,COc1cccc([C@@H]2Oc3ccc(OC)cc3C(=O)[C@H]2O)c1,1,12115
16758556.0,Nc1ccccc1C(=O)/C=C\c1ccc2c(c1)OCO2,1,12116
16758558.0,COc1ccc2c(c1)O[C@H](c1cccc(C(F)(F)F)c1)[C@@H](O)C2=O,0,12118
16758560.0,CC1(C)O[C@H]2O[C@@H]([C@H](O)CON3C(=O)c4ccccc4C3=O)[C@H](O)[C@H]2O1,0,12120
16758562.0,O=C1OCCC=C1[C@@H](O)CCc1ccccc1,0,12122
12120385.0,O=C1CCCC=C1[C@@H](O)C1CCCCC1,0,12123
6636169.0,CC(C)[C@H](O)C1=CCCCC1=O,0,12125
11447821.0,CC1(C)OCC([C@H](O)C2=CCCCC2=O)CO1,0,12126
12120383.0,O=C1CCCC=C1[C@@H](O)CCOCc1ccccc1,0,12127
16758567.0,O=C1CCC[C@H]2O[C@]12[C@@H](O)CCc1ccccc1,0,12128
16758568.0,CC(C)OC(=O)C[C@H](NC(=O)OC(C)(C)C)c1ccccc1,0,12130
16758569.0,CC/C=C\CC[C@H](O)C1=CCCCC1=O,0,12131
6917430.0,O=C1CCC=C1[C@@H](O)CCc1ccccc1,0,12132
10082482.0,COC(=O)C(C(=O)OC)[C@@H]1CCCC(=O)C1,0,12133
16758570.0,O=C1CCCC=C1[C@H](O)CCCCBr,0,12134
10707165.0,CCOC(=O)C[C@@H](C(=O)OCC)[C@@H]1CCCCC1=O,0,12135
16758571.0,O=C1CCC[C@@H](C2=CCCCC2=O)C1,0,12136
14947879.0,O=C1C[C@H](c2ccccc2)[C@@H](c2ccc(Br)cc2)O1,0,12138
16758573.0,C=Cc1ccc([C@H]2N[C@@H](C(=O)O)CC[C@@H]2C)cc1,0,12139
6636370.0,C[C@H]1CC[C@H]2C(=O)N[C@H](Cc3ccccc3)C(=O)N2[C@@H]1c1ccccc1,1,12140
16758574.0,C[C@H]1CC[C@H](C(=O)O)N[C@@H]1c1ccc(C#Cc2ccccc2)cc1,0,12141
16758576.0,C[C@@H]1CC[C@H]2C(=O)N3[C@H](CC[C@@H](C)[C@@H]3c3ccc(-c4ccco4)cc3)C(=O)N2[C@H]1c1ccc(-c2ccco2)cc1,0,12142
6636402.0,C=C1C=C(Br)C2(OCCCO2)[C@H]2O[C@@H]12,0,12144
6636366.0,CCOC(=O)C1=NO[C@@]2(C=C(Br)C3(OCCCO3)[C@H]3O[C@H]32)C1,0,12145
16758578.0,C/C=C\C1=C(CO)C(=O)[C@@H]2O[C@@H]2C1=O,0,12146
16758579.0,CC(C)=NOCc1ccc(-c2cn([C@@H]3COC[C@@H]3O)nn2)cc1,0,12147
6636347.0,COc1cccc([C@H](O)Cn2cc(-c3ccc(CON=C(C)C)cc3)nn2)c1,0,12149
6636193.0,CC(C)[C@H](NC(=O)OC(C)(C)C)[C@@H](O)CC(=O)OC(C)(C)C,0,12150
6636172.0,CC(=O)C[C@H](O)[C@@H](NC(=O)OC(C)(C)C)C(C)C,0,12152
6636441.0,Cc1ccc(C(C)C)n1C(=O)OC(C)(C)C,0,12153
16758581.0,Cc1ccc(S(=O)(=O)N[C@@H](CCc2ccccc2)CC(=O)C(C)(C)C)cc1,1,12154
16758585.0,C#CCCCO/N=C1/C[C@@H](O)[C@@H](O)[C@H]2[C@@H]1CC[C@@H]1C(=O)N(Cc3ccccc3)C(=O)[C@H]12,1,12155
16758587.0,CCOC(=O)N/N=C1/C[C@@H](O)[C@@H](O)[C@H]2[C@@H]1CC[C@@H]1C(=O)N(Cc3ccccc3)C(=O)[C@H]12,0,12156
16758589.0,O=C(N/N=C1/C[C@@H](O)[C@@H](O)[C@H]2[C@@H]1CC[C@@H]1C(=O)N(Cc3ccccc3)C(=O)[C@H]12)OCc1ccccc1,0,12157
16758590.0,CC(=O)OC[C@@H]1O[C@@H](O/N=C2/C[C@@H](O)[C@@H](O)[C@H]3[C@@H]2CC[C@@H]2C(=O)N(Cc4ccccc4)C(=O)[C@H]23)[C@H](OC(C)=O)[C@H](OC(C)=O)[C@@H]1OC(C)=O,0,12158
16758592.0,CC(C)CO/N=C1/C[C@@H](O)[C@@H](O)[C@H]2[C@@H]1CC[C@H]1C(=O)N(c3ccc(F)cc3F)C(=O)[C@H]21,0,12159
16758596.0,CCOC(=O)N/N=C1/C[C@@H](O)[C@@H](O)[C@H]2[C@@H]1CC[C@H]1C(=O)N(c3ccc(F)cc3F)C(=O)[C@H]21,0,12161
16758599.0,CC(=O)OC[C@@H]1O[C@@H](O/N=C2/C[C@@H](O)[C@@H](O)[C@H]3[C@@H]2CC[C@H]2C(=O)N(c4ccc(F)cc4F)C(=O)[C@H]32)[C@H](OC(C)=O)[C@H](OC(C)=O)[C@@H]1OC(C)=O,0,12162
16758600.0,O=C1[C@H]2CC[C@H]3/C(=N\OCc4ccccc4)C[C@@H](O)[C@@H](O)[C@@H]3[C@@H]2C(=O)N1Cc1ccccc1,0,12163
16758601.0,CC(C)CO/N=C1/C[C@@H](O)[C@@H](O)[C@@H]2[C@@H]3C(=O)N(Cc4ccccc4)C(=O)[C@H]3CC[C@@H]12,0,12164
16758602.0,CC(C)=CCC/C(C)=C/CO/N=C1/C[C@@H](O)[C@@H](O)[C@@H]2[C@@H]3C(=O)N(Cc4ccccc4)C(=O)[C@H]3CC[C@@H]12,0,12165
16758603.0,C#CCCCO/N=C1/C[C@@H](O)[C@@H](O)[C@@H]2[C@@H]3C(=O)N(Cc4ccccc4)C(=O)[C@H]3CC[C@@H]12,0,12166
16758604.0,O=C1[C@H]2CC[C@H]3/C(=N\OC[C@@H](O)COCc4ccco4)C[C@@H](O)[C@@H](O)[C@@H]3[C@@H]2C(=O)N1Cc1ccccc1,1,12167
16758605.0,CCOC(=O)N/N=C1/C[C@@H](O)[C@@H](O)[C@@H]2[C@@H]3C(=O)N(Cc4ccccc4)C(=O)[C@H]3CC[C@@H]12,0,12168
16758606.0,COc1ccc(COC(=O)N/N=C2/C[C@@H](O)[C@@H](O)[C@@H]3[C@@H]4C(=O)N(Cc5ccccc5)C(=O)[C@H]4CC[C@@H]23)cc1,0,12169
16758608.0,CC(=O)OC[C@@H]1O[C@@H](O/N=C2/C[C@@H](O)[C@@H](O)[C@@H]3[C@@H]4C(=O)N(Cc5ccccc5)C(=O)[C@H]4CC[C@@H]23)[C@H](OC(C)=O)[C@H](OC(C)=O)[C@@H]1OC(C)=O,0,12171
16758610.0,CC(C)CO/N=C1/C[C@@H](O)[C@@H](O)[C@H]2[C@H]1CC[C@H]1C(=O)N(c3ccc(F)cc3F)C(=O)[C@H]21,0,12173
16758614.0,CCOC(=O)N/N=C1/C[C@@H](O)[C@@H](O)[C@H]2[C@H]1CC[C@H]1C(=O)N(c3ccc(F)cc3F)C(=O)[C@H]21,0,12175
16758617.0,CC(=O)OC[C@@H]1O[C@@H](O/N=C2/C[C@@H](O)[C@@H](O)[C@H]3[C@H]2CC[C@H]2C(=O)N(c4ccc(F)cc4F)C(=O)[C@H]32)[C@H](OC(C)=O)[C@H](OC(C)=O)[C@@H]1OC(C)=O,0,12176
16758618.0,O=C1[C@H]2CC[C@@H]3/C(=N\OCc4ccccc4)C[C@@H](O)[C@@H](O)[C@@H]3[C@@H]2C(=O)N1c1cccc(Oc2ccccc2)c1,0,12177
16758621.0,C#CCCCO/N=C1/C[C@@H](O)[C@@H](O)[C@H]2[C@@H]1CC[C@@H]1C(=O)N(c3cccc(Oc4ccccc4)c3)C(=O)[C@H]12,1,12178
16758623.0,CCOC(=O)N/N=C1/C[C@@H](O)[C@@H](O)[C@H]2[C@@H]1CC[C@@H]1C(=O)N(c3cccc(Oc4ccccc4)c3)C(=O)[C@H]12,0,12179
16758624.0,COc1ccc(COC(=O)N/N=C2/C[C@@H](O)[C@@H](O)[C@H]3[C@@H]2CC[C@@H]2C(=O)N(c4cccc(Oc5ccccc5)c4)C(=O)[C@H]23)cc1,1,12180
16758627.0,O=C1[C@H]2CC[C@@H]3/C(=N\OCc4ccccc4)C[C@@H](O)[C@@H](O)[C@@H]3[C@@H]2C(=O)N1Cc1ccc2c(c1)OCO2,1,12181
16758628.0,CC(C)CO/N=C1/C[C@@H](O)[C@@H](O)[C@H]2[C@@H]1CC[C@@H]1C(=O)N(Cc3ccc4c(c3)OCO4)C(=O)[C@H]12,1,12182
16758629.0,CC(C)=CCC/C(C)=C/CO/N=C1/C[C@@H](O)[C@@H](O)[C@H]2[C@@H]1CC[C@@H]1C(=O)N(Cc3ccc4c(c3)OCO4)C(=O)[C@H]12,1,12183
16758630.0,C#CCCCO/N=C1/C[C@@H](O)[C@@H](O)[C@H]2[C@@H]1CC[C@@H]1C(=O)N(Cc3ccc4c(c3)OCO4)C(=O)[C@H]12,1,12184
16758631.0,O=C1[C@H]2CC[C@@H]3/C(=N\OC[C@@H](O)COCc4ccco4)C[C@@H](O)[C@@H](O)[C@@H]3[C@@H]2C(=O)N1Cc1ccc2c(c1)OCO2,1,12185
16758633.0,COc1ccc(COC(=O)N/N=C2/C[C@@H](O)[C@@H](O)[C@H]3[C@@H]2CC[C@@H]2C(=O)N(Cc4ccc5c(c4)OCO5)C(=O)[C@H]23)cc1,1,12186
16758634.0,O=C(N/N=C1/C[C@@H](O)[C@@H](O)[C@H]2[C@@H]1CC[C@@H]1C(=O)N(Cc3ccc4c(c3)OCO4)C(=O)[C@H]12)OCc1ccccc1,1,12187
16758635.0,CC(=O)OC[C@@H]1O[C@@H](O/N=C2/C[C@@H](O)[C@@H](O)[C@H]3[C@@H]2CC[C@@H]2C(=O)N(Cc4ccc5c(c4)OCO5)C(=O)[C@H]23)[C@H](OC(C)=O)[C@H](OC(C)=O)[C@@H]1OC(C)=O,1,12188
16758636.0,O=C1[C@H]2CC[C@H]3/C(=N\OCc4ccccc4)C[C@@H](O)[C@@H](O)[C@@H]3[C@@H]2C(=O)N1c1cccc(Oc2ccccc2)c1,0,12189
16758637.0,CC(C)CO/N=C1/C[C@@H](O)[C@@H](O)[C@@H]2[C@@H]3C(=O)N(c4cccc(Oc5ccccc5)c4)C(=O)[C@H]3CC[C@@H]12,0,12190
16758638.0,CC(C)=CCC/C(C)=C/CO/N=C1/C[C@@H](O)[C@@H](O)[C@@H]2[C@@H]3C(=O)N(c4cccc(Oc5ccccc5)c4)C(=O)[C@H]3CC[C@@H]12,0,12191
16758639.0,C#CCCCO/N=C1/C[C@@H](O)[C@@H](O)[C@@H]2[C@@H]3C(=O)N(c4cccc(Oc5ccccc5)c4)C(=O)[C@H]3CC[C@@H]12,1,12192
16758641.0,CCOC(=O)N/N=C1/C[C@@H](O)[C@@H](O)[C@@H]2[C@@H]3C(=O)N(c4cccc(Oc5ccccc5)c4)C(=O)[C@H]3CC[C@@H]12,0,12193
16758644.0,CC(=O)OC[C@@H]1O[C@@H](O/N=C2/C[C@@H](O)[C@@H](O)[C@@H]3[C@@H]4C(=O)N(c5cccc(Oc6ccccc6)c5)C(=O)[C@H]4CC[C@@H]23)[C@H](OC(C)=O)[C@H](OC(C)=O)[C@@H]1OC(C)=O,0,12195
16758645.0,O=C1[C@H]2CC[C@H]3/C(=N\OCc4ccccc4)C[C@@H](O)[C@@H](O)[C@@H]3[C@@H]2C(=O)N1Cc1ccc2c(c1)OCO2,1,12196
16758647.0,CC(C)=CCC/C(C)=C/CO/N=C1/C[C@@H](O)[C@@H](O)[C@@H]2[C@@H]3C(=O)N(Cc4ccc5c(c4)OCO5)C(=O)[C@H]3CC[C@@H]12,1,12197
16758648.0,C#CCCCO/N=C1/C[C@@H](O)[C@@H](O)[C@@H]2[C@@H]3C(=O)N(Cc4ccc5c(c4)OCO5)C(=O)[C@H]3CC[C@@H]12,1,12198
16758649.0,O=C1[C@H]2CC[C@H]3/C(=N\OC[C@@H](O)COCc4ccco4)C[C@@H](O)[C@@H](O)[C@@H]3[C@@H]2C(=O)N1Cc1ccc2c(c1)OCO2,1,12199
16758651.0,COc1ccc(COC(=O)N/N=C2/C[C@@H](O)[C@@H](O)[C@@H]3[C@@H]4C(=O)N(Cc5ccc6c(c5)OCO6)C(=O)[C@H]4CC[C@@H]23)cc1,1,12201
16758652.0,O=C(N/N=C1/C[C@@H](O)[C@@H](O)[C@@H]2[C@@H]3C(=O)N(Cc4ccc5c(c4)OCO5)C(=O)[C@H]3CC[C@@H]12)OCc1ccccc1,1,12202
16758654.0,O=C1[C@H]2CC[C@@H]3/C(=N\OCc4ccccc4)C[C@@H](O)[C@@H](O)[C@@H]3[C@@H]2C(=O)N1C[C@@H]1CCCO1,0,12203
16758658.0,O=C1[C@H]2CC[C@@H]3/C(=N\OC[C@@H](O)COCc4ccco4)C[C@@H](O)[C@@H](O)[C@@H]3[C@@H]2C(=O)N1C[C@@H]1CCCO1,0,12205
16758659.0,CCOC(=O)N/N=C1/C[C@@H](O)[C@@H](O)[C@H]2[C@@H]1CC[C@@H]1C(=O)N(C[C@@H]3CCCO3)C(=O)[C@H]12,0,12206
16758660.0,COc1ccc(COC(=O)N/N=C2/C[C@@H](O)[C@@H](O)[C@H]3[C@@H]2CC[C@@H]2C(=O)N(C[C@@H]4CCCO4)C(=O)[C@H]23)cc1,0,12207
16758661.0,O=C(N/N=C1/C[C@@H](O)[C@@H](O)[C@H]2[C@@H]1CC[C@@H]1C(=O)N(C[C@@H]3CCCO3)C(=O)[C@H]12)OCc1ccccc1,0,12208
16758662.0,CC(=O)OC[C@@H]1O[C@@H](O/N=C2/C[C@@H](O)[C@@H](O)[C@H]3[C@@H]2CC[C@@H]2C(=O)N(C[C@@H]4CCCO4)C(=O)[C@H]23)[C@H](OC(C)=O)[C@H](OC(C)=O)[C@@H]1OC(C)=O,0,12209
16758665.0,CC(C)=CCC/C(C)=C/CO/N=C1/C[C@@H](O)[C@@H](O)[C@H]2[C@@H]1CC[C@@H]1C(=O)N([C@@H](C)c3ccccc3)C(=O)[C@H]12,1,12210
16758666.0,C#CCCCO/N=C1/C[C@@H](O)[C@@H](O)[C@H]2[C@@H]1CC[C@@H]1C(=O)N([C@@H](C)c3ccccc3)C(=O)[C@H]12,1,12211
16758667.0,C[C@@H](c1ccccc1)N1C(=O)[C@H]2CC[C@@H]3/C(=N\OC[C@@H](O)COCc4ccco4)C[C@@H](O)[C@@H](O)[C@@H]3[C@@H]2C1=O,1,12212
16758668.0,CCOC(=O)N/N=C1/C[C@@H](O)[C@@H](O)[C@H]2[C@@H]1CC[C@@H]1C(=O)N([C@@H](C)c3ccccc3)C(=O)[C@H]12,0,12213
16758672.0,O=C1[C@H]2CC[C@H]3/C(=N\OCc4ccccc4)C[C@@H](O)[C@@H](O)[C@@H]3[C@@H]2C(=O)N1C[C@@H]1CCCO1,0,12215
16758676.0,O=C1[C@H]2CC[C@H]3/C(=N\OC[C@@H](O)COCc4ccco4)C[C@@H](O)[C@@H](O)[C@@H]3[C@@H]2C(=O)N1C[C@@H]1CCCO1,0,12218
16758677.0,CCOC(=O)N/N=C1/C[C@@H](O)[C@@H](O)[C@@H]2[C@@H]3C(=O)N(C[C@@H]4CCCO4)C(=O)[C@H]3CC[C@@H]12,0,12219
16758678.0,COc1ccc(COC(=O)N/N=C2/C[C@@H](O)[C@@H](O)[C@@H]3[C@@H]4C(=O)N(C[C@@H]5CCCO5)C(=O)[C@H]4CC[C@@H]23)cc1,0,12220
16758679.0,O=C(N/N=C1/C[C@@H](O)[C@@H](O)[C@@H]2[C@@H]3C(=O)N(C[C@@H]4CCCO4)C(=O)[C@H]3CC[C@@H]12)OCc1ccccc1,0,12221
16758680.0,CC(=O)OC[C@@H]1O[C@@H](O/N=C2/C[C@@H](O)[C@@H](O)[C@@H]3[C@@H]4C(=O)N(C[C@@H]5CCCO5)C(=O)[C@H]4CC[C@@H]23)[C@H](OC(C)=O)[C@H](OC(C)=O)[C@@H]1OC(C)=O,0,12222
16758682.0,CC(C)CO/N=C1/C[C@@H](O)[C@@H](O)[C@@H]2[C@@H]3C(=O)N([C@@H](C)c4ccccc4)C(=O)[C@H]3CC[C@@H]12,0,12223
16758684.0,C#CCCCO/N=C1/C[C@@H](O)[C@@H](O)[C@@H]2[C@@H]3C(=O)N([C@@H](C)c4ccccc4)C(=O)[C@H]3CC[C@@H]12,1,12224
16758686.0,CCOC(=O)N/N=C1/C[C@@H](O)[C@@H](O)[C@@H]2[C@@H]3C(=O)N([C@@H](C)c4ccccc4)C(=O)[C@H]3CC[C@@H]12,0,12226
16758689.0,CC(=O)OC[C@@H]1O[C@@H](O/N=C2/C[C@@H](O)[C@@H](O)[C@@H]3[C@@H]4C(=O)N([C@@H](C)c5ccccc5)C(=O)[C@H]4CC[C@@H]23)[C@H](OC(C)=O)[C@H](OC(C)=O)[C@@H]1OC(C)=O,0,12227
16758691.0,CCOC(=O)CCN1C(=O)[C@H]2CC[C@@H]3/C(=N\OCC(C)C)C[C@@H](O)[C@@H](O)[C@@H]3[C@@H]2C1=O,0,12229
16758694.0,CCOC(=O)CCN1C(=O)[C@H]2CC[C@@H]3/C(=N\OC[C@@H](O)COCc4ccco4)C[C@@H](O)[C@@H](O)[C@@H]3[C@@H]2C1=O,0,12231
16758695.0,CCOC(=O)CCN1C(=O)[C@H]2CC[C@@H]3/C(=N\NC(=O)OCC)C[C@@H](O)[C@@H](O)[C@@H]3[C@@H]2C1=O,0,12232
16758697.0,CCOC(=O)CCN1C(=O)[C@H]2CC[C@@H]3/C(=N\NC(=O)OCc4ccccc4)C[C@@H](O)[C@@H](O)[C@@H]3[C@@H]2C1=O,0,12233
16758699.0,CC(C)(C)N1C(=O)[C@H]2CC[C@@H]3/C(=N\OCc4ccccc4)C[C@@H](O)[C@@H](O)[C@@H]3[C@@H]2C1=O,0,12235
16758700.0,CC(C)CO/N=C1/C[C@@H](O)[C@@H](O)[C@H]2[C@@H]1CC[C@@H]1C(=O)N(C(C)(C)C)C(=O)[C@H]12,0,12236
16758701.0,CC(C)=CCC/C(C)=C/CO/N=C1/C[C@@H](O)[C@@H](O)[C@H]2[C@@H]1CC[C@@H]1C(=O)N(C(C)(C)C)C(=O)[C@H]12,0,12237
16758704.0,CCOC(=O)N/N=C1/C[C@@H](O)[C@@H](O)[C@H]2[C@@H]1CC[C@@H]1C(=O)N(C(C)(C)C)C(=O)[C@H]12,0,12238
16758707.0,CC(=O)OC[C@@H]1O[C@@H](O/N=C2/C[C@@H](O)[C@@H](O)[C@H]3[C@@H]2CC[C@@H]2C(=O)N(C(C)(C)C)C(=O)[C@H]23)[C@H](OC(C)=O)[C@H](OC(C)=O)[C@@H]1OC(C)=O,0,12240
16758708.0,CCOC(=O)CCN1C(=O)[C@H]2CC[C@H]3/C(=N\OCc4ccccc4)C[C@@H](O)[C@@H](O)[C@@H]3[C@@H]2C1=O,0,12241
16758709.0,CCOC(=O)CCN1C(=O)[C@H]2CC[C@H]3/C(=N\OCC(C)C)C[C@@H](O)[C@@H](O)[C@@H]3[C@@H]2C1=O,0,12242
16758712.0,CCOC(=O)CCN1C(=O)[C@H]2CC[C@H]3/C(=N\OC[C@@H](O)COCc4ccco4)C[C@@H](O)[C@@H](O)[C@@H]3[C@@H]2C1=O,0,12244
16758713.0,CCOC(=O)CCN1C(=O)[C@H]2CC[C@H]3/C(=N\NC(=O)OCC)C[C@@H](O)[C@@H](O)[C@@H]3[C@@H]2C1=O,0,12245
16758714.0,CCOC(=O)CCN1C(=O)[C@H]2CC[C@H]3/C(=N\NC(=O)OCc4ccc(OC)cc4)C[C@@H](O)[C@@H](O)[C@@H]3[C@@H]2C1=O,0,12246
16758715.0,CCOC(=O)CCN1C(=O)[C@H]2CC[C@H]3/C(=N\NC(=O)OCc4ccccc4)C[C@@H](O)[C@@H](O)[C@@H]3[C@@H]2C1=O,0,12247
16758716.0,CCOC(=O)CCN1C(=O)[C@H]2CC[C@H]3/C(=N\O[C@@H]4O[C@@H](COC(C)=O)[C@@H](OC(C)=O)[C@@H](OC(C)=O)[C@H]4OC(C)=O)C[C@@H](O)[C@@H](O)[C@@H]3[C@@H]2C1=O,0,12248
16758717.0,CC(C)(C)N1C(=O)[C@H]2CC[C@H]3/C(=N\OCc4ccccc4)C[C@@H](O)[C@@H](O)[C@@H]3[C@@H]2C1=O,0,12249
16758718.0,CC(C)CO/N=C1/C[C@@H](O)[C@@H](O)[C@@H]2[C@@H]3C(=O)N(C(C)(C)C)C(=O)[C@H]3CC[C@@H]12,0,12250
16758721.0,CC(C)(C)N1C(=O)[C@H]2CC[C@H]3/C(=N\OC[C@@H](O)COCc4ccco4)C[C@@H](O)[C@@H](O)[C@@H]3[C@@H]2C1=O,1,12252
16758722.0,CCOC(=O)N/N=C1/C[C@@H](O)[C@@H](O)[C@@H]2[C@@H]3C(=O)N(C(C)(C)C)C(=O)[C@H]3CC[C@@H]12,0,12253
16758724.0,CC(C)(C)N1C(=O)[C@H]2CC[C@H]3/C(=N\NC(=O)OCc4ccccc4)C[C@@H](O)[C@@H](O)[C@@H]3[C@@H]2C1=O,0,12255
16758726.0,O=C1[C@H]2CC[C@@H]3/C(=N\OCc4ccccc4)C[C@@H](O)[C@@H](O)[C@@H]3[C@@H]2C(=O)N1C1CCCCC1,0,12257
16758731.0,CCOC(=O)N/N=C1/C[C@@H](O)[C@@H](O)[C@H]2[C@@H]1CC[C@@H]1C(=O)N(C3CCCCC3)C(=O)[C@H]12,0,12259
16758734.0,CC(=O)OC[C@@H]1O[C@@H](O/N=C2/C[C@@H](O)[C@@H](O)[C@H]3[C@@H]2CC[C@@H]2C(=O)N(C4CCCCC4)C(=O)[C@H]23)[C@H](OC(C)=O)[C@H](OC(C)=O)[C@@H]1OC(C)=O,0,12260
16758735.0,CCN1C(=O)[C@H]2CC[C@@H]3/C(=N\OCc4ccccc4)C[C@@H](O)[C@@H](O)[C@@H]3[C@@H]2C1=O,0,12261
16758736.0,CCN1C(=O)[C@H]2CC[C@@H]3/C(=N\OCC(C)C)C[C@@H](O)[C@@H](O)[C@@H]3[C@@H]2C1=O,0,12262
16758737.0,CCN1C(=O)[C@H]2CC[C@@H]3/C(=N\OC/C=C(\C)CCC=C(C)C)C[C@@H](O)[C@@H](O)[C@@H]3[C@@H]2C1=O,0,12263
16758738.0,C#CCCCO/N=C1/C[C@@H](O)[C@@H](O)[C@H]2[C@@H]1CC[C@@H]1C(=O)N(CC)C(=O)[C@H]12,0,12264
16758739.0,CCN1C(=O)[C@H]2CC[C@@H]3/C(=N\OC[C@@H](O)COCc4ccco4)C[C@@H](O)[C@@H](O)[C@@H]3[C@@H]2C1=O,0,12265
16758741.0,CCN1C(=O)[C@H]2CC[C@@H]3/C(=N\NC(=O)OCc4ccc(OC)cc4)C[C@@H](O)[C@@H](O)[C@@H]3[C@@H]2C1=O,0,12267
16758742.0,CCN1C(=O)[C@H]2CC[C@@H]3/C(=N\NC(=O)OCc4ccccc4)C[C@@H](O)[C@@H](O)[C@@H]3[C@@H]2C1=O,0,12268
16758743.0,CCN1C(=O)[C@H]2CC[C@@H]3/C(=N\O[C@@H]4O[C@@H](COC(C)=O)[C@@H](OC(C)=O)[C@@H](OC(C)=O)[C@H]4OC(C)=O)C[C@@H](O)[C@@H](O)[C@@H]3[C@@H]2C1=O,0,12269
16758744.0,O=C1[C@H]2CC[C@H]3/C(=N\OCc4ccccc4)C[C@@H](O)[C@@H](O)[C@@H]3[C@@H]2C(=O)N1C1CCCCC1,0,12270
16758745.0,CC(C)CO/N=C1/C[C@@H](O)[C@@H](O)[C@@H]2[C@@H]3C(=O)N(C4CCCCC4)C(=O)[C@H]3CC[C@@H]12,0,12271
16758746.0,CC(C)=CCC/C(C)=C/CO/N=C1/C[C@@H](O)[C@@H](O)[C@@H]2[C@@H]3C(=O)N(C4CCCCC4)C(=O)[C@H]3CC[C@@H]12,0,12272
16758749.0,CCOC(=O)N/N=C1/C[C@@H](O)[C@@H](O)[C@@H]2[C@@H]3C(=O)N(C4CCCCC4)C(=O)[C@H]3CC[C@@H]12,0,12274
16758751.0,O=C(N/N=C1/C[C@@H](O)[C@@H](O)[C@@H]2[C@@H]3C(=O)N(C4CCCCC4)C(=O)[C@H]3CC[C@@H]12)OCc1ccccc1,0,12275
16758752.0,CC(=O)OC[C@@H]1O[C@@H](O/N=C2/C[C@@H](O)[C@@H](O)[C@@H]3[C@@H]4C(=O)N(C5CCCCC5)C(=O)[C@H]4CC[C@@H]23)[C@H](OC(C)=O)[C@H](OC(C)=O)[C@@H]1OC(C)=O,0,12276
16758753.0,CCN1C(=O)[C@H]2CC[C@H]3/C(=N\OCc4ccccc4)C[C@@H](O)[C@@H](O)[C@@H]3[C@@H]2C1=O,0,12277
16758754.0,CCN1C(=O)[C@H]2CC[C@H]3/C(=N\OCC(C)C)C[C@@H](O)[C@@H](O)[C@@H]3[C@@H]2C1=O,0,12278
16758755.0,CCN1C(=O)[C@H]2CC[C@H]3/C(=N\OC/C=C(\C)CCC=C(C)C)C[C@@H](O)[C@@H](O)[C@@H]3[C@@H]2C1=O,0,12279
16758756.0,C#CCCCO/N=C1/C[C@@H](O)[C@@H](O)[C@@H]2[C@@H]3C(=O)N(CC)C(=O)[C@H]3CC[C@@H]12,0,12280
16758757.0,CCOC(=O)N/N=C1/C[C@@H](O)[C@@H](O)[C@@H]2[C@@H]3C(=O)N(CC)C(=O)[C@H]3CC[C@@H]12,0,12281
16758758.0,CCN1C(=O)[C@H]2CC[C@H]3/C(=N\NC(=O)OCc4ccc(OC)cc4)C[C@@H](O)[C@@H](O)[C@@H]3[C@@H]2C1=O,0,12282
16758759.0,CCN1C(=O)[C@H]2CC[C@H]3/C(=N\NC(=O)OCc4ccccc4)C[C@@H](O)[C@@H](O)[C@@H]3[C@@H]2C1=O,0,12283
16758761.0,O=c1n(-c2ccccc2)c(=O)n2n1CC[C@H]1/C(=N\OCc3ccccc3)[C@H]3O[C@@H]3[C@@H](O)[C@@H]12,0,12285
16758762.0,CC(C)CO/N=C1\[C@@H]2CCn3c(=O)n(-c4ccccc4)c(=O)n3[C@H]2[C@H](O)[C@H]2O[C@H]12,0,12286
16758763.0,CC(C)=CCC/C(C)=C/CO/N=C1\[C@@H]2CCn3c(=O)n(-c4ccccc4)c(=O)n3[C@H]2[C@H](O)[C@H]2O[C@H]12,0,12287
16758764.0,C#CCCCO/N=C1\[C@@H]2CCn3c(=O)n(-c4ccccc4)c(=O)n3[C@H]2[C@H](O)[C@H]2O[C@H]12,0,12288
16758766.0,CC[C@@H](c1ccccc1)n1c(=O)n2n(c1=O)[C@H]1[C@H](O)[C@H]3O[C@@H]3/C(=N/OCC(C)C)[C@@H]1CC2,0,12289
16758769.0,CC[C@@H](c1ccccc1)n1c(=O)n2n(c1=O)[C@H]1[C@H](O)[C@H]3O[C@@H]3/C(=N/OC[C@@H](O)COCc3ccco3)[C@@H]1CC2,1,12290
16758770.0,Cn1c(=O)n2n(c1=O)[C@H]1[C@H](O)[C@H]3O[C@@H]3/C(=N/OCc3ccccc3)[C@@H]1CC2,0,12291
16758773.0,C#CCCCO/N=C1\[C@@H]2CCn3c(=O)n(C)c(=O)n3[C@H]2[C@H](O)[C@H]2O[C@H]12,0,12294
16758774.0,Cn1c(=O)n2n(c1=O)[C@H]1[C@H](O)[C@H]3O[C@@H]3/C(=N/OC[C@@H](O)COCc3ccco3)[C@@H]1CC2,0,12295
16758775.0,O=c1n(Cc2cc3c(cc2Cl)OCO3)c(=O)n2n1CC[C@H]1/C(=N\OCc3ccccc3)[C@H]3O[C@@H]3[C@@H](O)[C@@H]12,1,12296
16758778.0,C#CCCCO/N=C1\[C@@H]2CCn3c(=O)n(Cc4cc5c(cc4Cl)OCO5)c(=O)n3[C@H]2[C@H](O)[C@H]2O[C@H]12,0,12298
16758780.0,O=C1C2=CC[C@H]3C(=O)N(Cc4ccccc4)C(=O)[C@@H]3[C@@H]2[C@H](O)[C@@H]2O[C@H]12,0,12300
16758781.0,O=C1C2=CC[C@@H]3C(=O)N(c4ccc(F)cc4F)C(=O)[C@H]3[C@H]2[C@H](O)[C@H]2O[C@H]12,0,12301
16758782.0,O=C1C2=CC[C@H]3C(=O)N(c4cccc(Oc5ccccc5)c4)C(=O)[C@@H]3[C@@H]2[C@H](O)[C@@H]2O[C@H]12,0,12302
16758783.0,O=C1C2=CC[C@H]3C(=O)N(Cc4ccc5c(c4)OCO5)C(=O)[C@@H]3[C@@H]2[C@H](O)[C@@H]2O[C@H]12,1,12303
16758784.0,O=C1C2=CC[C@H]3C(=O)N(C[C@@H]4CCCO4)C(=O)[C@@H]3[C@@H]2[C@H](O)[C@@H]2O[C@H]12,0,12304
16758786.0,CCOC(=O)CCN1C(=O)[C@@H]2CC=C3C(=O)[C@H]4O[C@H]4[C@@H](O)[C@H]3[C@H]2C1=O,0,12306
16758787.0,CC(C)(C)N1C(=O)[C@@H]2CC=C3C(=O)[C@H]4O[C@H]4[C@@H](O)[C@H]3[C@H]2C1=O,0,12307
16758788.0,O=C1C2=CC[C@H]3C(=O)N(C4CCCCC4)C(=O)[C@@H]3[C@@H]2[C@H](O)[C@@H]2O[C@H]12,0,12308
16758789.0,CCN1C(=O)[C@@H]2CC=C3C(=O)[C@H]4O[C@H]4[C@@H](O)[C@H]3[C@H]2C1=O,0,12309
16758791.0,O=C1C[C@@H](O)[C@@H](O)[C@H]2[C@@H]1CC[C@H]1C(=O)N(c3ccc(F)cc3F)C(=O)[C@H]21,0,12310
16758792.0,O=C1C[C@@H](O)[C@@H](O)[C@H]2[C@H]1CC[C@H]1C(=O)N(c3ccc(F)cc3F)C(=O)[C@H]21,0,12311
16758801.0,O=C1[C@H]2CCn3c(=O)n(-c4ccccc4)c(=O)n3[C@H]2[C@H](O)[C@H]2O[C@@H]12,0,12312
16758802.0,CC[C@@H](c1ccccc1)n1c(=O)n2n(c1=O)[C@@H]1[C@H](CC2)C(=O)[C@@H]2O[C@@H]2[C@H]1O,0,12313
16758803.0,Cn1c(=O)n2n(c1=O)[C@@H]1[C@H](CC2)C(=O)[C@@H]2O[C@@H]2[C@H]1O,0,12314
16758805.0,O=C1C=C[C@@H](O)[C@@H]2[C@@H]1CC[C@H]1C(=O)N(Cc3ccccc3)C(=O)[C@H]12,0,12315
16758807.0,O=C1C=C[C@@H](O)[C@@H]2[C@@H]1CC[C@H]1C(=O)N(c3cccc(Oc4ccccc4)c3)C(=O)[C@H]12,0,12316
16758809.0,O=C1C=C[C@@H](O)[C@@H]2[C@@H]1CC[C@H]1C(=O)N(C[C@@H]3CCCO3)C(=O)[C@H]12,0,12317
16758811.0,CCOC(=O)CCN1C(=O)[C@@H]2[C@@H](CC[C@@H]3C(=O)C=C[C@@H](O)[C@H]32)C1=O,0,12319
16758812.0,CC(C)(C)N1C(=O)[C@@H]2[C@@H](CC[C@@H]3C(=O)C=C[C@@H](O)[C@H]32)C1=O,0,12320
16758813.0,O=C1C=C[C@@H](O)[C@@H]2[C@@H]1CC[C@H]1C(=O)N(C3CCCCC3)C(=O)[C@H]12,0,12321
16758814.0,CCN1C(=O)[C@@H]2[C@@H](CC[C@@H]3C(=O)C=C[C@@H](O)[C@H]32)C1=O,0,12322
16758815.0,C=CC1=C[C@@H](O)[C@@H]2O[C@@H]2C12OCCCO2,0,12323
16758816.0,O=C1[C@H]2CC=C3[C@@H]([C@H](O)[C@H]4O[C@@H]4C34OCCCO4)[C@H]2C(=O)N1Cc1ccccc1,0,12324
16758817.0,CCN1C(=O)[C@H]2CC=C3[C@@H]([C@H](O)[C@H]4O[C@@H]4C34OCCCO4)[C@H]2C1=O,0,12325
16758818.0,C[C@H](c1ccccc1)N1C(=O)[C@@H]2[C@@H](CC[C@@H]3C(=O)C[C@@H](O)[C@@H](O)[C@H]32)C1=O,0,12326
10847630.0,COC(=O)NC/C=C\c1nc(CCCO)co1,0,12327
