SMILES,LOG HLM_CLint (mL/min/kg),uidx
NS(=O)(=O)C#Cc1ccccc1,1.023705043,157
CN(Cc1c(F)cccc1Cl)C(=O)c1ccc(-n2ccnc2)nc1,1.419294722,793
CCCc1nnc(N2CCC3(CCCC3)C2)s1,1.938094228,2670
Cc1nc(CC(=O)NCc2ccccc2)cs1,0.675686709,639
CN(Cc1cnccn1)Cc1nc(N)c2ccccc2n1,1.1766121,2761
N#CCSCC(=O)NC1CCCCCC1,0.675686709,1169
CC(C)N(C)S(=O)(=O)N1CCC(CNC(=O)CCCn2cccn2)CC1,1.212400703,2093
Cc1ccc2nc(C)c(C(=O)NOCc3ccccc3)cc2c1,1.284453294,674
CCc1noc(-c2ccc(CCN)cc2)n1,2.595662633,1321
CC(C)(C)NC(=O)c1cnc(-c2ccc(Cl)s2)s1,1.619166403,1568
O=c1c2cccnc2ncn1[C@H]1CCN(Cc2ccccc2)C1,0.675686709,2253
CC(C)(O)C(=O)N1CCC(c2ccc3c(NCc4ccccc4F)n[nH]c3n2)CC1,0.921842481,791
COC(=O)N[C@H](C)CNc1nccc(-c2cn(C(C)C)nc2-c2cc(Cl)cc(NS(C)(=O)=O)c2F)n1,1.168644777,2135
CC1(c2nnc(-c3cc(-c4ccccc4)n[nH]3)o2)CCOCC1,1.129883155,820
O=C(Nc1cccnc1)c1ccccc1Cc1ccccc1,1.53058386,1517
N#Cc1cccc(CN2CCOC[C@H](O)C2)c1,0.897791982,1827
Cc1noc(C)c1-c1cc(-c2ccccc2Cl)nc(C2CC2)n1,1.338536173,2084
CCOc1ccc(CNC(=O)Cn2ccc3cc(S(=O)(=O)N4CCCC4)ccc32)cc1,2.626439946,2425
Cn1cc(NC(=O)c2ccccc2C(F)(F)F)cn1,0.675686709,402
N#Cc1cc(CN2CCC(Nc3ncnc4sc(Cl)cc34)CC2)ccc1F,2.089389301,2353
CCc1oc2c(-n3cnnc3)cccc2c1C,2.046417117,1454
c1ccc2c(c1)CCN(Cc1nnc3n1CCC3)C2,0.675686709,1537
Cc1nc(C(=O)NCC(=O)O)c(O)c2ccc(Oc3ccccc3)cc12,0.675686709,139
Cc1cc(NC(=O)CN(C)CCOc2ccccc2)on1,2.220748592,2194
O=C(NCCCn1ccnc1)N1CC2(CCCC2)c2ccccc21,1.838042695,1644
CN(C(=O)C1CCN(c2ncccn2)CC1)C1CCCCCCC1,2.715346394,869
CSc1nccc(N2Cc3cnn(Cc4ccc(F)cc4)c3C2)n1,2.149625496,2532
C=CCn1c(=O)c2cnc(Nc3ccc(N4CCN(C)CC4)cc3)nc2n1-c1cccc(C(C)(C)O)n1,1.515038878,2296
CC(C)(C)c1cc(C(=O)CSc2nncn2-c2ccccc2)cc(C(C)(C)C)c1O,1.200689847,2908
CSc1ccc(C)c(C(=O)NCCN2CCC(C)CC2)c1,1.597168449,2034
CC1(C)CCCN1C(=O)c1c(F)cc(C#N)cc1F,0.675686709,2499
O=c1[nH]c2ccccc2n1C1CCN(c2ncnc3sccc23)CC1,1.543943942,1701
CN1CCN(C(=O)c2cc(Br)cnc2Cl)c2cnccc21,0.958611658,1271
O=C(c1cccnc1)N1CCCC(c2cccc(-c3cccc(Cl)c3)n2)C1,2.5987369,249
CCc1c(C)nn(CCNC(=O)CCc2cnccn2)c1C,1.80988279,2111
Clc1ccc(C2(c3ccc(-c4cn[nH]c4)cc3)CCNCC2)cc1,0.675686709,1295
CCN1CCC(Nc2nc(C)cc(C)c2C#N)CC1,0.827821428,648
CCCCc1nc2cc(/C=C/C(=O)NO)ccc2n1CCN(CC)CC,0.675686709,437
COCCNc1ncnc2ccsc12,0.675686709,1175
Cc1cc(C)c2[nH]c(C(=O)N3CC[C@@](O)(CC(C)C)[C@@H](Oc4ccc(F)cc4)C3)c(C)c2c1,2.144642693,2624
NCCOc1cccc(CC(=O)N2CCC(F)(F)CC2)c1,0.675686709,2542
COc1ccc(Cl)cc1-c1cccc(C(=O)NCCN2CCCC2=O)c1,2.024777015,2593
c1ccc(-c2nc(CSc3ccc(-n4cccn4)nn3)cs2)cc1,1.875755579,1968
CC(C)(C)c1nccc(NCc2ccncc2)n1,1.148787684,1586
Fc1ccc(CN2CCCN(c3ccc4nnnn4n3)CC2)cc1,1.504457269,1955
COc1ccc2c(c1)CC[C@@H]1[C@@H]2CC[C@]2(C)[C@@H](NCCCCCCN3C(=O)C=CC3=O)CC[C@@H]12,0.784331948,3043
O=C(NC1CCNCC1)c1ccc2[nH]ncc2c1,1.41385276,3051
N#Cc1c(F)cccc1Oc1cccnc1,0.675686709,2136
COc1ccccc1-n1ncc2c(=O)[nH]c(SC(C)c3ccccc3)nc21,2.350095969,2924
Cc1cnn(Cc2nnc(-c3ccccc3)s2)c1,1.643383579,817
Cc1ccccc1-n1c(CC2CCN(C(=O)C3CC3)CC2)n[nH]c1=O,0.675686709,703
O=C(Nc1cccc(N2CCNC2=O)c1)C1NCC12CCCC2,0.675686709,3061
CC(C)c1cc(C(=O)N2Cc3ccc(CN4CCN(C)CC4)cc3C2)c(O)cc1O,0.675686709,890
O=C1Nc2ccccc2O[C@H]2C[C@@H]1N(Cc1cccnc1)C2,1.105135338,1597
Cc1cc(C(=O)N2CCOC(C)(C)C2)cc(C)c1OCc1cccnc1,2.430729553,875
CC(=O)N1CCC(C(=O)Nc2nccs2)(c2ccccc2)CC1,0.758230408,978
N#CCCCN1CCN(c2cc(C#N)ccn2)CC1,0.675686709,568
Fc1cccc2c1CN(Cc1c[nH]nc1-c1cccnc1)CC2,1.968226032,3023
Cc1ccc(C(=O)C(=O)NC2CCCC2)cc1,2.016958166,675
Cc1nc(C2CCN(c3ccc(F)cc3C#N)CC2)no1,0.98583049,2792
OCC1CCCCN1Cc1ccc(-c2ccccc2)cc1,1.314330783,71
CCN1C(=O)C(C)(C)COc2cc(NS(=O)(=O)c3cc(C)c(C)cc3OC)ccc21,2.648072874,2950
COc1ccc2cc(-c3[nH]c(-c4ccc(S(C)=O)cc4)nc3-c3ccncc3)ccc2c1,0.695569227,1460
O=C(CC[C@@H]1CCCN2CCCC[C@H]12)NCc1ncc(Cl)cn1,0.675686709,1929
Cc1ncc(-c2ccccn2)c(CCNC(=O)C2CCCC2)n1,0.864392405,1903
NCCn1cc(NC(=O)c2ccccc2)cn1,0.675686709,1651
Cc1nn(-c2ccc(F)cc2)c2ncc(C(=O)Nc3nc(C4CC4)cs3)cc12,0.754424789,1646
N#Cc1ccc(N2CCc3c(ncn3C3CC3)C2)nc1,1.126358727,619
COc1cn(-c2ccc(-n3cccn3)cc2F)nc(-c2ccnn2-c2ccccc2)c1=O,0.675686709,2362
Cc1cc(NC(=O)c2cccs2)no1,1.597804842,594
CCc1ccc(-c2nccn2CC(=O)Nc2ccc(C)cc2F)nc1,1.513270884,879
CC(C)Cc1ccc(-c2nc(-c3ccc(CN4CC(C(=O)O)C4)cc3)no2)cc1,0.880813592,2947
O=C(c1cc(F)ccc1O)N1CCN(C2CCOCC2)CC1,0.675686709,2851
Cc1ccc(-c2ccnc(O)c2C#N)cc1,0.675686709,1509
COc1cccc2c1OC(C)(C)[C@@H]1C[C@H]3CNCC[C@H]3O[C@@H]21,0.675686709,314
O=c1[nH]c2ccccc2n1C1CCN(Cc2nc(Cc3ccccc3)no2)CC1,1.843151769,2868
NS(=O)(=O)N1CCN(Cc2c(F)cccc2N2CCCC2)CC1,1.383582005,2530
COc1cc(CN2C[C@H]3CCc4c(nc(C)[nH]c4=O)[C@H]3C2)cc(OC)c1OC,0.675686709,1942
Cc1ccc2nc(CN(C)Cc3cccc(Cl)c3Cl)cc(=O)n2c1,2.801293236,2252
c1ccc(-n2cc(CNc3ncccn3)cn2)cc1,1.48814161,370
COc1cc2c(cc1OC)[C@@H]1CC(=O)[C@@H](CC(C)C)CN1CC2,1.761950379,2645
Cc1cccc(NC(=O)CN(C)c2ncccc2F)n1,1.208414481,927
c1ccc(-c2ncc(CNc3ncccn3)s2)nc1,1.607111741,2446
Cn1cc(CN2CCN(c3ccccc3O)CC2)c(-c2ccncc2)n1,1.436623741,1257
O=C(NC1CCCCCC1)c1ccc(CSc2nc3ccccc3[nH]2)cc1,2.20751319,1504
NC(=O)CCCSc1nc(N)nc(-c2c(Cl)cc3c4c(cccc24)COC3)n1,1.615466064,2487
O=C(Cn1cc(NCc2cccc(Cl)c2)cn1)N1CCOCC1,0.770999205,2060
Cc1ccc(-n2nc(C(=O)N3CC(O)C3)c3c2CCCC3)cc1,1.726824975,385
Cc1c(CN2CCC(Nc3ncnc4sc(CC(F)(F)F)cc34)CC2)ccc2c1cc(C#N)n2Cc1cn[nH]c1,2.13205146,1006
CC(C)CN1CC[C@H](c2nc3ccc(C#N)cc3[nH]2)C1,0.825361196,1447
COc1cccc(N(C)CCC(=O)N2CCC(c3ccc(-c4ccc(N)nc4)cn3)CC2)c1,2.914450527,986
C[C@H]1O[C@@H](Oc2c(-c3cc(O)c(O)c(O)c3)oc3cc(O)cc(O)c3c2=O)[C@@H](O)[C@H](O)[C@H]1O,0.675686709,2777
Cc1nc(CN(C)C(=O)C2c3ccccc3-c3ccccc32)no1,1.176264942,1595
COc1ccc2nc(C)nc(N3CC(CO)C3)c2c1,0.720985744,1371
CCn1c(CO)nn(-c2cc(O[C@@H](C)C(F)(F)F)c(C(=O)Nc3c(F)cccc3Cl)cc2F)c1=O,0.857242009,82
O=c1cc2c(n[nH]1)-c1cnc(N3CCCC3)nc1CC2,0.823669813,1869
Cc1ccc(OCC2(O)CCN(CC3(O)CCN(c4ccccc4C)CC3)CC2)cc1,2.602153355,3059
CC(C)C(=O)Nc1ccc2cnn(C(C)C)c2c1,1.145910834,690
Cc1sc(-c2ccccn2)nc1-c1ccc(NC(=O)C(C)C)cc1,1.188168859,975
NC[C@@](O)(c1ccc(Cl)cc1)c1ccc(-c2cn[nH]c2)cc1,0.675686709,2053
O=S1(=O)CCN(C2CCN(CC(F)(F)F)CC2)CC1,0.675686709,1884
O=C(NCCNc1ncccc1C(F)(F)F)c1cnc2ccccn2c1=O,1.444372736,797
Cc1cn(CCN2CCN(c3ccccc3-c3cc(C#N)cc(C(=O)NCCCN4CCCC4)c3)CC2)c2ccccc12,2.079322369,1051
O=C(C1CCCCC1)N1CCC[C@H]1Cn1nnc(-c2cccs2)n1,2.11231001,3041
CCc1ccccc1S(=O)(=O)NCCc1cn[nH]c1,1.541891125,1954
CN(Cc1cccnc1)Cc1ccc(C#N)o1,0.990116766,626
CO[C@@H](C(=O)Nc1cc2c(C)cc(=O)oc2cc1C)c1ccccc1,1.10761693,748
Cc1nccn1CCNC(=O)C(C)(C)C,0.675686709,442
CCc1nccn1Cc1nc(N)nc(N(C)C)n1,0.675686709,2002
CN(C)C1CN(c2nc(-c3cnccn3)nc3sc4c(c23)CCCC4)C1,1.966118257,1308
Cc1csc(NC(=O)c2cccc(C)c2C)n1,2.238856198,1714
CN(C)Cc1ccc(-c2ccccc2C(=O)O)cc1,0.675686709,1672
O=C(Nc1ccc(CN2CCCCC2)cc1)c1ccnc2[nH]cnc12,0.888010912,3077
Fc1cc(-c2noc(C3CCN(C4CC4)CC3)n2)cc(F)c1F,1.87478902,3022
Cc1c(C(=O)NC2CCN(CC3CCCCC3)CC2)cnn1C,0.675686709,976
CN1CCN(c2oc(-c3cccc4ccccc34)nc2C#N)CC1,1.974396541,2681
CCCc1nn(CCCN2CCCCC2)c(=O)o1,1.133858125,2127
COc1cc(C)nc(N2CCN(c3ccc4ccccc4n3)CC2)n1,1.558612583,2729
O=S(=O)(c1cn[nH]c1)N1CCCC(c2cccc(-c3cccc(Cl)c3)n2)C1,1.721192109,828
Cc1ccc(-c2ccc(N(C)CCO)nn2)c(-n2cccn2)c1,0.675686709,1927
O=S(=O)(c1cccnc1)N1CCC2(Cc3ccccc3C2)C1,1.960090068,2235
CC(C)NC(=O)N1CC[C@H](NC2=Nc3cc(F)ccc3N(CC(F)F)c3ccc(Cl)cc32)C1,2.255940322,762
CC(=O)Nc1ccccc1CN1CCC(c2nnc3ccccn23)CC1,1.000390689,1865
O=C(Cc1csc(-c2ccccn2)n1)NC1CCCCCC1,1.939499285,578
Cn1c(SCOCc2ccccc2)nnc1C1CC1,1.433625845,2405
CN(C(=O)CSC(C)(C)C)c1ccccc1C#N,1.674833595,2520
Cc1ccc(F)cc1C(=O)N1CCc2c(nc(-c3ccccn3)nc2N(C)C)C1,0.94156112,1852
O=C(c1ccc(NS(=O)(=O)c2cccc3cccnc23)cc1)N1CCN(CC2CC2)CC1,1.880424839,2720
NC1CC(NC(=O)c2ccc(-c3cn[nH]c3)cn2)C12CCC2,0.929827481,3071
COc1cc(-c2ccc(C)s2)cc2c1OCCN(c1noc(C)n1)C2,1.759176625,1635
Cc1nnc(NCC(=O)N2CCc3sccc3C2)c(C#N)c1C,1.237367773,224
NC(=O)C1(CCCc2ccccn2)CCNCC1,0.675686709,1678
Cc1cccc2ncn(CCc3ncc[nH]3)c(=O)c12,0.675686709,2218
CN1CCC(CNc2ccc3ncc(-c4cccc(OC(F)(F)F)c4)n3n2)CC1,1.958442761,2988
CC(C)CN(Cc1cnn(C)c1)C(=O)c1cccc(-c2cnccn2)c1,2.651701439,2366
CN(Cc1cnc2ccccc2n1)S(=O)(=O)N1CCCC1,1.124112792,1986
COCC(=O)NC1(C#Cc2ccc(NC(=O)C3CC3)nc2)CCCCC1,1.223158342,2806
CCNc1ccnc(-c2cccc(C(=O)NCCCc3cnn(C)c3)c2)n1,1.416474079,2219
O=C(Nc1nc2c(s1)COc1ccccc1-2)c1cnc(Cl)c(Cl)c1,1.528543921,142
CCc1c[nH]c2ncnc(N3CCC(CN4CCN(C)CC4)CC3)c12,0.675686709,3078
O=C(O)CNc1nc(-c2ccccc2)nc2ccccc12,0.675686709,815
COc1ncccc1C(=O)Nc1nc(C)nn1C,0.675686709,2162
CC#C[C@@H](CC(=O)O)c1ccc(OCc2cccc(-c3ccc(C(F)(F)F)cc3)c2)cc1,0.869173027,3012
Cc1cc(CN2CCN(c3ncccn3)CC2)on1,0.675686709,1159
CCc1nnsc1C(=O)Nc1cccc(-c2nnc3n2CCCCC3)c1,1.174699288,779
O=C(O)c1cc2cc(O)c(O)cc2c(C(=O)c2ccc(O)c(O)c2)n1,1.550680762,1629
O=S(=O)(Cc1csc(C2CCCC2)n1)C1CCCC1,1.967187475,620
COc1cc(OC)c(OC)cc1CNC(C)(C)C,0.675686709,2189
CCCN1CCn2nc(-c3nc4cc(OC)ccc4[nH]3)cc2C1,0.675686709,1456
Cc1ccc(C)c(OCCC(=O)N2CCC(n3c(=O)[nH]c4ccccc43)CC2)c1,2.623930185,2704
O=C(NCCN1CCC(n2c(=O)[nH]c3cc(Cl)ccc32)CC1)c1ccc(F)cc1,1.784759895,2990
COc1cc2nc(CN3CCC(CO)CC3)[nH]c(=O)c2cc1OC,0.675686709,2371
Cn1cc(-c2ccc(-c3cncc(Cl)c3N3CCC4(CCNC4=O)CC3)cc2)cn1,1.817796667,271
CCCCCCNc1ncnc2[nH]ccc12,1.850480817,1313
O=C(Cn1nc(Cc2ccccc2)c2ccccc2c1=O)NCc1ncc[nH]1,1.706700717,2387
N#Cc1ccc2nc([C@H]3CCN(C4CCC4)C3)[nH]c2c1,0.860697274,1449
COc1ccc(-c2nnc(-c3ccccc3)o2)cc1OC,1.693946678,1136
Cc1cc(N(C)Cc2ccc(N)nc2)nc(-c2ccncc2)n1,1.645746395,818
Cc1cc(C)c2c(c1)CCCN2C(=O)c1ccc(-c2nnc(C)o2)cc1,2.174365132,1195
CC(C)NC(=O)c1cc(-c2ccccc2)n(-c2ccccn2)n1,0.909181476,736
O[C@@H]1CO[C@H]2C[C@@H]1Nc1c(Cc3ccccc3)cccc12,1.524746532,1124
COc1ccccc1-c1nn(-c2ccccc2)cc1CO,1.624261464,992
COc1cc2nc(-c3ccc(N4CCN(C)CC4)cc3)nc(NCCN3CCOCC3)c2cc1OC,0.939443869,2702
Cc1c(C)n(Cc2ccccc2)c2ncnc(N)c12,1.203875623,1016
Cc1ccc(F)cc1S(=O)(=O)Nc1ccc(C(=O)N2CCCC2)cc1,2.10504328,2330
COc1cc(N2CCN(C)CC2)ccc1Nc1ncc2c(n1)N(C)c1ccccc1C(=O)N2,1.151001908,1559
CS(=O)(=O)NC1CCCN(c2nc3ccccc3o2)C1,0.675686709,2172
CN1CCN(C(=O)C2(NC(=O)c3ccc(C(F)(F)F)cc3)CCCC2)CC1,0.675686709,921
CC(C)(C=C(C#N)C(=O)N1CCC[C@@H](n2nc(-c3ccc(Oc4ccccc4)cc3F)c3c(N)ncnc32)C1)N1CCN(C2COC2)CC1,2.728516916,34
Cc1[nH]c2ccc(Cl)cc2c1CC(=O)N1CCC(Cc2ncncc2C(N)=O)CC1,2.552589136,712
Cc1noc(C2CCN(C(=O)C3(c4cccc(F)c4)CCC3)CC2)n1,1.733165153,935
Cc1ccccc1S(=O)(=O)Nc1c(C)ccnc1Cl,0.675686709,2229
Cn1cc(-c2nnc(NCc3ccc4ccccc4c3)o2)cn1,0.853637382,572
CCN(Cc1cccs1)C(=O)CN1CCC(n2c(=O)[nH]c3ccccc32)CC1,2.17829189,2865
CCN1CCOC(C(=O)N2CCC(c3cn[nH]c3)CC2)C1,0.675686709,3083
COCCc1noc(CN(C)C(=O)c2ccc3c(c2)CCC3)n1,1.018742096,2632
O=C(c1cccc(Nc2ncccn2)c1)N1CCOCC(Cc2cccc3ccncc23)C1,2.448098501,2145
CN1CCCN(c2nc(C(F)(F)F)nc3cc4c(cc23)OCO4)CC1,1.347661709,741
C=CC(=O)N1CCC[C@@H](n2nc(-c3ccc(Oc4ccccc4)cc3)c3c(N)ncnc32)C1,2.7565,8
O=C(c1cccc(CNc2ccc3nccnc3n2)c1)N1CCCCC1,1.14213908,459
Cc1cc(OCCCS(C)(=O)=O)cc(C)c1-c1cccc(COc2ccc3c(c2)OC[C@@H]3CC(=O)O)c1,0.753812784,2209
CCCN(CC)c1ccc(C(=O)N2CCCN(C(C)=O)CC2)cc1,1.40940895,1180
COc1ccc(Cc2nnn[nH]2)cc1F,0.675686709,2913
O=C(c1cc(F)ccc1F)N1CCN(C(=O)C2CC2)CC1,0.675686709,1962
Cc1cccc2sc(NC(=O)C(C)(C)C)nc12,1.562590225,972
CCc1nc2ccccc2n1CC(=O)N1CCNC(=O)C1,0.675686709,207
Cc1cnc(CNCc2cccc3c2OCO3)s1,1.518105775,1478
CC(C)c1noc(CN(C)C2CCCC2)n1,1.201397124,1671
CCc1nnc(CN2CCC(n3c(=O)[nH]c4ccccc43)CC2)o1,0.675686709,1699
CCCN1CCCN(c2ncccc2C#N)CC1,1.468893548,1103
CC(C)(C(=O)c1ccccc1)/[N+]([O-])=C/c1ccc(F)cc1,0.882809041,2147
Clc1snnc1CN1CCCN(c2nc3ccccc3[nH]2)CC1,2.021615112,366
O=c1[nH]c2ccccc2n1C1CCN(CCc2ccccn2)CC1,1.093771782,900
N#Cc1c(O)nc2scc(-c3ccc(-c4ccccc4O)cc3)c2c1O,1.047508506,1130
COc1cc2c(cc1NC(C)=O)oc1ccccc12,2.067691896,1334
COc1ccc(NC(=O)c2snnc2C)c(OC)c1,1.534495703,825
CCCS(=O)(=O)N1CCCC(C(=O)N2CCc3ccccc3C2)C1,1.792433716,864
O=C(Cc1ccc(Cl)cc1)NCc1ccncc1,0.675686709,425
Cc1ccccc1NC(=O)CN1C(=O)CCC1=O,0.675686709,1691
FC(F)(F)c1nc(Nc2ccc(-n3cnnn3)cc2)c2ccccc2n1,0.675686709,388
CN(C)C(=O)C1(Cc2ccccc2-c2ccccc2)CCN(C(=O)C2CCCO2)CC1,2.596224212,53
N#Cc1cc(F)c(N2CCN(CCO)CC2)c(F)c1,0.675686709,621
CCCc1cc(N2CCc3c(nc(C(C)C)n3C)C2)n2ncnc2n1,1.155244917,792
O=C(O)c1ccccc1COc1cccc2cccnc12,0.675686709,2388
O=C1NC2(CCCCC2)C(=O)N1Cc1csc(-c2ccccc2)n1,1.375407533,2456
N#CCN1CCCN(Cc2ccc(C#N)cc2)CC1,1.81624793,1647
Cc1nn(-c2ccccn2)c2nc(C3CC3)cc(C(=O)O)c12,0.689220037,635
Cc1cccc(OCC(=O)Nc2ccn(C)n2)c1,1.3238294,1661
Cc1cccnc1NC(=O)CCc1ccc(F)cc1,0.837651558,1840
COCC(=O)Nc1ccc(C)c(NC(=O)[C@H](OC)c2ccccc2)c1,1.930623061,2300
COc1ccc(C)cc1S(=O)(=O)NCCC(=O)Nc1ccccc1C,1.96363202,2290
O=C(NCc1ccc(O)cc1)Nc1ccncc1F,0.675686709,1826
CS(=O)(=O)NCCN1CCc2c(Cl)cc(Cl)cc2C1,1.155062619,2332
Cc1ccnc(NC(=O)c2ccnc(C)n2)c1,2.136247975,2734
Clc1ccc(CSc2nc(-c3ccccc3)c[nH]2)cn1,2.360279033,1953
Clc1ccc2[nH]c(COc3ccccc3)nc2c1,1.444934344,1634
c1ccc(-c2cn(C3CNC3)nn2)cc1,0.675686709,2701
Cc1cc(C)n(-c2cc(Nc3ccccc3C)ncn2)n1,1.775828814,1548
CC(C)c1c(-c2ccccc2)[n+]([O-])c2c([n+]1[O-])CCC2,0.675686709,2935
Cc1cccc(N2CCN(CCCCNC(=O)c3c(F)cccc3F)CC2)c1,1.882638362,2596
CN1CCC(N(Cc2cccnc2)C(=O)NCCCc2ccccc2)CC1,0.797890483,2324
O=C(CCn1nnc2ccccc2c1=O)Nc1ccncc1,0.965342836,1380
Cc1sc2ncn(Cc3c(F)cccc3Cl)c(=O)c2c1C,1.902948818,2805
Cn1ccnc1CN(C(=O)c1[nH]c2ccccc2c1Cl)C1CC1,1.956437379,1355
c1ccc(-c2n[nH]c(C3CCN(c4ccccn4)CC3)n2)cc1,1.197638876,220
Cc1c(O)cccc1OCCN1CCOCC1,0.675686709,2776
CC(=O)Nc1cccc(OCC(=O)N2CCCCC2)c1,0.675686709,1573
Cc1cncc(C2CCN(Cc3cnccn3)CC2)n1,0.675686709,1606
O=C(COc1ccc2ccc(=O)oc2c1)Nc1cccc(COCc2ccco2)c1,1.889144768,1735
Cc1cccc(/C=N/Nc2cc(N3CCOCC3)n3nc(-c4ccncc4)cc3n2)c1,1.507059385,3086
Cc1ccc(Nc2ccnc(Nc3ccc(C)cc3)n2)cc1,1.930658726,1873
CC(/C=C/C(=O)NO)=C\[C@@H](C)C(=O)c1ccc(N(C)C)cc1,1.36660971,1186
CCN(C(=O)CO)[C@H]1CN(/C(=N\C#N)Nc2cccc(OC(F)F)c2)N=C1c1ccc(Cl)c(Cl)c1,1.652874598,1808
Cc1noc(C)c1CS(=O)(=O)Cc1cccc2c1OCCO2,1.600243016,1072
Cn1c(CNC(=O)Cc2ccccc2)nc2ccccc21,0.877486528,1396
CCc1cc(N(C)Cc2ccc(N)nc2)nc(C)n1,0.675686709,1064
Cc1nccn1-c1cncc(N2CCN(CC3CCCC3)C(=O)C2)n1,1.293428854,1129
OCCCCCn1cc(-c2ccccc2-c2ccco2)nn1,1.531504463,1145
O=C(Nc1nccs1)[C@@H]1C[C@@H]2CCCC[C@@H]2N1C(=O)c1ccccc1,1.564879018,2225
O=C(Nc1cccnc1)c1ccnc(NC(=O)C2CC2)c1,0.675686709,27
CCNc1nc(-c2cccnc2)nc(C)c1C,1.69634765,2393
Cc1cc(C)nc(CNC(=O)CC2CCNCC2)n1,0.675686709,1721
Cn1ncc2c(NOCc3ccccc3)ncnc21,1.181872159,2876
CCN(C(=O)c1cccc(-n2cccn2)c1)c1ccc(C#N)c(Cl)c1,1.897385138,2753
Cc1cccc2cnc(C3CCN(C(=O)CCc4ccno4)CC3)cc12,1.494224187,3035
CCc1nnc(N2CC(N(C)C)C2)c(C#N)c1CC,0.961468555,2338
CC1CCC(O)(CSc2nnnn2C2CC2)CC1,1.105476121,2470
O=C(Cc1cccs1)NCc1ccccc1F,1.319647288,1488
O=C(Nc1nncs1)c1cccnc1,0.675686709,798
COc1ccc(CCCNc2nnc(C)o2)cc1,0.675686709,1853
CCCc1cc(N2CCc3c(nc(C4CC4)n3C)C2)n2ncnc2n1,0.983626287,17
Cc1noc(-c2ccccc2C(=O)O)n1,0.675686709,1738
CS(=O)(=O)N1CCN(Cc2cc3c(cc2O)OCO3)CC1,1.456684804,2945
CN1CCC(CNC(=O)c2ncoc2-c2ccc(F)cc2)CC1,0.675686709,2414
OC1CCN(c2nccc(-c3cccs3)n2)CC1,1.720969231,2255
Cn1nc(CNC(=O)C2CCC2)c2ccccc21,1.097847077,1993
COC(=O)N1CC(NCc2c(C)nn(C(C)(C)C)c2C)C1,0.675686709,2266
CCOc1cc(-c2nnc(NC(=O)c3cccc(C(F)(F)F)c3)o2)cc(OCC)c1OCC,0.881384657,2933
Cn1nc(C2CCNCC2)c2cccnc21,0.675686709,1499
CO[C@H]1[C@H](C2(C)O[C@@H]2CC=C(C)C)[C@]2(CC[C@H]1OC(=O)/C=C/c1ccc(OCCN(C)C)cc1)CO2,2.321213048,2714
CCc1cnc(CCNc2cncc(Cl)n2)s1,2.263505879,1733
N#CCCn1ncnc1-c1cccc(C#N)c1,0.675686709,3006
CC(C)(C)NC(=O)NCCn1nc2c(cc1=O)CCCC2,1.084540532,1592
O=C(NCc1cccnc1)c1sccc1-c1ccccc1,1.655032731,1473
Cc1nc(O)c2c(n1)CN(Cc1ccccc1)CC2,0.675686709,1470
COc1cccc(Cn2cnc3c(c2=O)COCC3)c1Cl,0.756940236,1985
O=C(NCC1CCC2(CC1)OCCO2)c1[nH]nc2c1CCCC2,0.837651558,2176
CNc1ncc2cc(-c3ccc(-c4cccc(C)n4)cc3Cl)c(=O)n(C[C@H]3OC[C@H](N)CO3)c2n1,0.675686709,3010
O=C(CSC1CCCC1)NCCn1nc2c(cc1=O)CCCC2,1.851105401,1192
COc1cc(Br)c(Nc2nc(-c3c(C)nc4ncccn34)cs2)c(Br)c1,1.880035738,489
CCCn1cc(CNC(=O)CN2CCCC2)cn1,0.675686709,2907
O=C(O)Cc1ccc(Oc2ccncc2)cc1,0.675686709,2483
C=CC[C@]1(O)CC[C@H]2[C@@H]3CCC4=CC(=O)CCC4=C3C=C[C@@]21C,1.764728927,2561
Cc1nccn1CCCN1C(=O)SC(C)(C)C1=O,0.675686709,943
CN(Cc1ccc(OC(F)(F)F)cc1)Cc1cn(C)nn1,1.177276711,2180
Cc1nc(C)n(-c2ccccc2NC(=O)c2cc(C#N)cn2C)n1,1.063145637,2762
COc1ccc2cc(C(=O)NCc3nnc4n3CCCCC4)ccc2c1,1.140696553,2415
CCCCCCCC/C(=C\CCCCCCCC(=O)O)[N+](=O)[O-],1.631960961,1823
O=c1n(CCc2ccncc2)nnn1-c1ccccc1,0.763802224,307
Cn1cc(-c2ccc3nnc(C(F)(F)c4ccc5ncccc5c4)n3n2)cn1,0.675686709,1570
CN(CCc1ccncc1)c1ncccc1C#N,1.646403726,2105
Cc1nn(C)c(C)c1-c1cc(C(C)(C)C)nc(N(C)C)n1,1.712683367,1981
N#Cc1cc(N2CC(CO)C2)nc2ccc(Cl)cc12,1.838364173,2788
O=C(Nc1cccc2c(=O)cc(-c3nnn[nH]3)oc12)c1ccc(OCCCCc2ccccc2)cc1,1.323478988,3055
COc1ccc(C(=O)N2CCCC2)cc1NC(C)C,0.893428842,1424
C#Cc1cccc(N(CC(=O)NC(N)=O)Cc2cccs2)c1,1.585990584,2651
COc1ccc(Cl)cc1N(CC(=O)Nc1ccccc1C(=O)NCc1ccccc1)S(C)(=O)=O,2.773559017,2800
COCC1(c2nc(-c3ccncc3)nn2Cc2cccc(Cl)c2)CC1,2.532381056,1581
CC(C)c1ccc(-c2cc3c(=O)n(CCC(=O)NCCN(C)C)ccn3n2)cc1,2.259189974,1151
Cc1ccc(-c2noc(CCC(=O)N3CCCC3(C)C)n2)cc1F,2.357904369,1385
O=C(CCc1ccc2c(c1)OCO2)Nc1nc2c(s1)CCC2,1.988487609,1373
Cn1nc(-c2cc(F)cc(F)c2)cc1N,1.641493941,2377
CSC1(CNC(=O)N2CCC=C(c3ccccc3)C2)CCOCC1,2.077575009,2103
COCC(C)(C)CNC(=O)C1(Cn2cccn2)CC1,1.112403893,2902
CN(Cc1cscn1)c1nc2c(cc1C#N)CCC2,1.977385181,1168
Cc1ccc(F)cc1CNc1cc(C(=O)N(C)C)ccn1,1.046104787,630
CCOC1CCN(c2ccnc(C(=O)NCc3ccccc3)c2)CC1,1.261405627,2544
CCOc1ccccc1C(=O)N1CCC(c2nc(-c3ccc(OC)cc3)c(C(N)=O)[nH]2)CC1,2.017467417,1315
CCC(Nc1cnn(C)c1)c1ccc2c(c1)OCCO2,1.058577849,1171
c1cc(Nc2cc(C3CC3)[nH]n2)nc(Nc2ccc3nc[nH]c3c2)n1,1.178026788,2455
COc1cc(C=C2C(=O)NN(c3ccccc3)C2=O)ccc1OCC(N)=O,2.197440459,1623
Cc1cc(C(=O)N(C)c2nc3ccccc3s2)cc(O)n1,0.675686709,2336
Cc1ccc(NC(=O)c2cc(F)cc(F)c2)nc1,2.440759571,1785
Cc1cccc(NC(=O)c2cccnc2N2CCCCC2)n1,2.077709392,365
CS(=O)(=O)c1cccc(CNc2nc(Nc3ccc4c(c3)CCC(=O)N4)ncc2C(F)(F)F)c1,1.152746864,1713
NC1CCC(C(=O)N2CCC(c3c[nH]c4ncccc34)CC2)C1,0.675686709,3072
O=c1c2cccc(C(F)(F)F)c2ncn1C1CCCC1,2.059067122,1880
CCOC(=O)c1c(C)[nH]c(CN(Cc2ccccc2)C(=O)c2ccccc2Cl)c1C,2.492268562,346
Cc1cc(Nc2nnc(C)s2)cc(C2CN(C(=O)Cc3csc(C)n3)CCO2)n1,1.270795253,2653
Cc1nccc(NC(=O)CCc2ccncc2)c1Cl,0.675686709,2349
Cc1nccc(N(C)Cc2nc(-c3cccnc3)no2)n1,0.935255282,2666
CCc1nnnn1Cc1noc2c1CCCC2,0.675686709,394
COC(=O)c1cccc2c1CCCN2C(=O)c1ccccc1,2.892047273,2671
Cc1nn(C)c(C)c1CCC(=O)N1CCN(C)Cc2ccccc21,1.870626263,1417
Cc1cc(Cl)c(OCCCN2CCNCC2)c(Br)c1,0.675686709,1711
Cn1ccnc1CNc1cc(Br)ccc1-n1cccn1,1.49931585,795
Cc1nc(Cl)cc(Nc2ccc3c(c2)N(C)C(=O)CO3)n1,1.538598866,580
CCN(CC)CCCNc1ncc(-c2cc(C)no2)c(-c2ccco2)n1,0.710202015,1294
Cn1nc(C2CC2)c2[nH]c(-c3cccc(CN4CCOCC4)c3)nc21,1.273834318,1281
CC(=O)N(CC(N)=O)c1ccc(C)cc1,0.702516697,2965
CCN1CCCN(C(=O)Nc2ccc(COC3CCCC3)cc2)CC1,0.800854492,2263
C[C@@H](/C=C\C(F)(F)F)Oc1cc(-c2cc(-c3cc(CN(C)C)cs3)cnc2N)ccc1C(N)=O,1.311160273,1266
COCC(=O)Nc1cc(C#N)cn1C(C)(C)C,0.675686709,1992
O=C(NC1CC1)c1cccnc1Oc1ccccc1,0.675686709,809
CCCN(C(=O)c1ccccc1N)C(C)C,0.675686709,3000
Cc1nc2ccccc2n1CCNc1ncccn1,0.675686709,2927
c1ccc(-c2noc(Cn3ccnc3)n2)nc1,0.675686709,2224
O=C(O)c1cccc(N2CCC(Oc3ccc(Cl)cc3)CC2)n1,0.688686724,1285
NC(=O)c1ccccc1NC(=O)CN1CCCC(c2nc3ccccc3o2)C1,2.098650647,861
O=C(NCCN1CCc2ccccc2C1=O)c1ccon1,0.675686709,2058
CSCC(=O)N1CCN(C(=O)CSC)C2(CCCCC2)C1,1.762205758,197
Cc1nc(C)c(C(=O)NCc2ncoc2C)s1,0.675686709,2781
O=C(NC[C@]1(O)CCN(Cc2cscn2)C[C@H]1O)c1c[nH]cn1,0.675686709,2997
CCOC(=O)c1cc2ccccc2n1CC(=O)c1ccc(F)cc1,2.878301145,1348
CSCCc1nc(-c2cc(C)nc3cc(F)ccc23)n(CCO)n1,1.229015943,395
CCCNS(=O)(=O)Nc1ncnc(OCCOc2ncc(Br)cn2)c1-c1ccc(Br)cc1,2.003348497,144
Cc1ncc(-c2ccc(C)c(S(=O)(=O)NCc3cnn(C)c3C)c2)o1,2.247226718,2083
Cc1cc(C(=O)Nc2cccc(-c3cnco3)c2)c2c(C)nn(C)c2n1,1.46265251,1293
Cc1nc(-c2ccccc2)nc(O)c1C,1.286209386,2174
O=C(NCc1nnc2n1-c1ccccc1CC2)c1ccc2ccccc2c1,1.456487497,1538
COc1cccc(-c2ccc(C(=O)N(C)Cc3c(C)nn(C(C)C)c3C)o2)c1,2.421791423,1331
COc1cc(CCNC(=O)c2nc3cccc(C)n3c2F)cc(OC)c1,1.911674192,1666
CC(C)n1c(=O)cc(N[C@@H](C)c2ccccc2)[nH]c1=O,0.675686709,2157
O=C(c1ccccc1N1CCOCC1)N(Cc1ccccn1)C1CCCCC1,2.995822033,2186
CN(C)C(=O)COC(=O)Cc1ccc(OC(=O)c2ccc(NC(=N)N)cc2)cc1,2.008306285,1588
N#Cc1ccc(CNc2cnc3ccccc3c2)o1,2.270690479,2672
CCc1nc(CC)n(Cc2nc(C)cs2)n1,0.675686709,636
Cc1nsc(NCc2cncs2)n1,0.675686709,2019
Cc1cc(-c2cccc3ccnn23)nc(N2CCCC2)n1,2.087430008,2994
Cc1cnc(Nc2ccc(OCCN3CCCC3)cc2)nc1Nc1cccc(S(=O)(=O)NC(C)(C)C)c1,1.532397627,2964
O=C([C@@H]1CCCN1C(=O)NC(c1ccccc1)c1ccccc1)N1CCCCC1,2.311514403,2642
CCCn1ncc(CN2CCC(c3cc4cccnc4[nH]3)CC2)c1C,1.621280168,1868
CC(C)(C(=O)NCc1ccccn1)c1ccccc1,0.675686709,905
O=C(Nc1ccccn1)c1ccc2c(c1)C(=O)N(C1CCCCC1)C2=O,1.070222633,2003
CC(C)(C)C[C@@H]1COCc2nc(OCc3ccccn3)cc(=O)n21,0.849726444,1053
COc1cccc(C(=O)N(C)CC(F)(F)F)c1OCCCN,0.675686709,2288
Cc1nnc(CN(C)Cc2cnn(C)c2C)s1,0.675686709,2682
O=C1NC2(CCC2)C(=O)N1Cc1ccon1,0.675686709,2963
O=C(NCCc1csc(N2CCCC2)n1)N1CCSCC1,1.792013268,1359
O=C(Nc1ncccc1OC(F)F)C1CCCCC1,1.789355046,2692
CSC1(CNc2cncc(Cl)n2)CCOCC1,1.006893708,2971
Cc1nn(C)c(C)c1CCC(=O)N1CCCc2ncccc21,1.902481549,455
N#Cc1ccnc(Nc2ccc(F)cc2)c1,2.214263518,2320
Cn1cnnc1-c1cccc(NS(=O)(=O)c2cc3c(cc2Cl)OCCO3)c1,1.203576775,2652
CC(=O)Nc1ccc(CNCCOc2ccc(F)cc2F)cc1,1.097500252,1922
c1cc2cc[nH]c2c(CC2CN(C3CCCC3)C2)n1,0.675686709,1008
Cc1nc2c(c(N(C)Cc3ccccc3)n1)CCN(Cc1ccccc1)C2,2.817525045,765
OC1(c2cccnc2F)CCN(Cc2ccc(-c3ccc(F)cc3)o2)CC1,1.275334393,2579
C/C(=C/COc1c2occc2cc2ccc(=O)oc12)CO,1.261286665,1935
CC(C)Cn1cnc2c1c(=O)[nH]c(=O)n2CC(C)C,0.675686709,570
COCC(=O)Nc1ccc(NC(=O)Cc2cc(C)ccc2C)cc1,1.563836919,2440
O=C1NCC2(C/C=C/CCOc3ccccc31)CCN(C(=O)c1ccc3[nH]nnc3c1)CC2,1.6318596,1206
CC(=O)N1CCN(Cc2nc(O)cc(C(F)(F)F)n2)C(C)(C)C1,0.675686709,2026
CCn1nc(CNC(=O)C2CCOCC2)c2ccccc21,0.675686709,2382
Cc1nc(COc2ccc(F)cc2)sc1C(=O)N1CCC(C)CC1,1.955408712,1272
CCOc1ccc2c(c1)cc(CN1CCSCC1)c1nn(C)c(=O)n12,1.944832928,2719
Cc1cnc(-n2cnnc2)c(-c2cccc(Cl)c2Cl)c1,0.838786145,1614
Cc1cc(C)c2c(C(=O)N3CC4(CNC(=O)N4)C3)cc(C)nc2c1,0.675686709,2610
O=C(CN1CCOC(c2ccc(F)cc2)C1)Nc1ccccc1OC(F)F,1.971210885,999
CC(C)NC(=O)C1(Cc2ccccc2-c2ccncc2)CCOCC1,2.429718375,2541
CN1CCN(c2ncncc2-c2nc(-c3ccccc3)no2)CC1,1.449324093,912
CCc1cnccc1C(=O)Nc1cnccn1,0.675686709,1937
Cn1ccnc1C1CCN(C(=O)COCc2nc3cc(F)ccc3[nH]2)CC1,0.675686709,3042
Brc1nnc(N2CCC(OC3CCCC3)CC2)s1,1.888409783,1861
Cc1cc(C(=O)N2CCC(C(=O)c3ccnn3C)CC2)sc1C,1.564677898,2115
O=C(c1cccc2ccccc12)N1CCCC(C(=O)N2CCc3ccccc3C2)C1,2.842470693,863
CN1CCC(NC(=O)COc2ccc(C#N)cc2)CC1,0.675686709,1019
Cc1ccc(-n2ccnc2-c2ccoc2)c2cccnc12,1.741009701,1111
CCC(=O)NCCNC(=O)c1cc(-c2ccccc2)nc2ccccc12,1.122903649,1587
Cc1ccnc(N2CCC(OCC3CCCC3)CC2)n1,2.033697114,1963
Cc1nc2cc(-c3nccn3C)nn2c(NCc2cccnc2)c1C,1.167524092,1327
Cc1cnc(NCC2(CO)CCCC2)nc1N(C)C,1.472258992,2247
CN1C(=O)c2ccc(C(=O)N(CC3CCCCC3)C3CC3)cc2C1=O,2.089809768,2985
N#CC1(NC(=O)Cc2cc3c(ccc4ccccc43)o2)CCOCC1,1.94107891,2839
Cc1cc(C)n2nc(C)c(C(=O)NCC3CC3)c2n1,1.669707291,1913
CCN(CC)C(=O)N1CCCN(C(=O)N(CC)CC)CC1,1.835956773,1361
Cc1cc(C)n2nc(C)c(C(=O)NCCc3nnc(C)s3)c2n1,0.675686709,2617
CCc1nc(CN2CCC(=O)Nc3cc(F)ccc32)n[nH]1,0.675686709,2048
COc1ccnc(N2CC(O)(C3CC3)C2)n1,0.675686709,2659
CCN(CC)Cc1cnc(NC(=O)c2ccccc2)s1,0.675686709,2726
CC(=O)N1CC[C@H]2O[C@H]3c4ccc(O[C@@H]5O[C@H](CO)[C@@H](O[C@@H]6O[C@H](CO)[C@H](O)[C@H](O)[C@H]6O)[C@H](O)[C@H]5O)cc4OC(C)(C)[C@@H]3C[C@H]2C1,0.675686709,2511
C[C@@H]1CC(=O)Nc2cccc(-c3ccc4c(c3)c(-c3cnn(C)c3)nn4C)c2N1,0.946157395,2522
COCC1(CNS(=O)(=O)c2ccc3[nH]cnc3c2)CCC1,1.21031852,1952
O=C(C1CCCN(C(=O)N2CCCC2)C1)N1CCc2ccccc2C1,1.940097926,1766
O=C(CN1CCC(c2ccccc2)CC1)N1CCNC1=O,0.675686709,1208
CC(C)(C)c1csc(CCNC(=O)N2CCSCC2)n1,2.105251234,444
O=c1c2ccccc2cnn1Cc1cccc(OCC(F)(F)F)c1,0.675686709,2012
CC(C)CC(=O)NCC(=O)N1CCCC1,0.675686709,408
CCOC(=S)SCC(=O)Nc1nc(-c2ccc(C3CCCCC3)cc2)cs1,2.426057211,1342
N#CC1(CN2CCc3cc(-c4ccccc4)oc3C2)CC1,1.861456745,1341
Cc1ccsc1C(=O)NCc1ccc2c(c1)OCCCO2,1.724922732,1582
O=C(O)c1csc(Cc2ccc(Cl)cc2)n1,0.675686709,1960
O=c1c2cccn2c2ccccc2n1CCCN1CCC(c2ccc(Cl)cc2)CC1,2.262477194,1109
Cn1cc(Br)cc1C(=O)N1CCc2nn[nH]c2C1,0.675686709,2745
CN(CCSc1ccc2nnnn2n1)Cc1ccccc1,1.810575247,1965
O=C(CCC1CCOCC1)Nc1ccc(C(=O)O)cc1,0.675686709,2888
N#Cc1cccnc1Nc1cnn(Cc2ccccc2)c1,1.388225573,1837
Cc1cccc(C)c1OCC(=O)N(C)C1(C#N)CCC1,1.122576275,1258
O=C(c1ccc(-c2ccncc2)cc1)N1CCC(O)(CN2CCCC2)CC1,0.675686709,1870
N#Cc1ccc(-c2cccc(CN)c2)s1,2.550984956,2829
CN(C)CCN(Cc1ccccc1)C(=O)CCC(=O)Nc1ncc(-c2ccccc2)n1C,1.964019075,1412
O=C(Nc1nccs1)C1CCN(C(=O)CN2CCc3ccccc32)CC1,1.52170021,1596
O=C(NC1CCCC1)C(=O)c1ccc2c(c1)CCC2,2.212131649,653
O=C(CSc1ccc(F)cc1)N1CCCC1,0.970579306,1608
O=C(NCc1cc(F)cc(F)c1)c1ccccn1,0.675686709,603
Cc1nc(Cn2ncc3ccccc3c2=O)cs1,0.675686709,486
CN(C)c1ccnc(NCc2ccc(F)cc2)n1,1.73254654,2838
Cc1ccc(CCC(=O)Nc2nccc3sccc23)o1,1.821080984,2458
CN(Cc1n[nH]c2c1CCCC2)c1nccnc1C#N,1.597409949,403
O=C(Cn1nc(Cc2ccccc2)c2ccccc2c1=O)NCCc1c[nH]cn1,1.562946788,2389
Cc1cnc(Cl)nc1-c1ccc(N(Cc2ccc(CNC(=O)C(F)F)cc2)C(=O)c2ccc(O)cc2O)cc1,1.616454508,1250
O=C(Nc1cnccc1-c1ccc(Cl)cc1)c1ccnc(NC(=O)C2CC2)c1,1.47950333,117
COc1ccc2nc(C)c(C(=O)Nc3ccccc3N3CCCC3)cc2c1,2.258905342,821
CCCc1nc2nc(C)c(NS(=O)(=O)c3ccc(C4CCCCC4)cc3)c(O)n2n1,2.227421323,3050
O=C(C1CC1c1ccccc1F)N1CCC(n2c(=O)[nH]c3ccccc32)CC1,1.673767142,1757
CCN1CCC(CNC(=O)c2cc(C)nc3cc(F)ccc23)CC1,0.675686709,187
CC1(C)[C@H]2C[C@H]3Oc4c(ccc(O)c4C(=O)NCCc4ccccn4)[C@H](O)[C@@]3(O)[C@@H]1C2,2.744454933,2898
CCc1nnc(NC(=O)Cc2cccc(F)c2)s1,0.870462432,256
CCCn1ncc2[nH]c(C3CCCCC3)nc21,1.2999429,1384
Cc1csc(Nc2ccc(C#N)cc2)n1,2.303548104,1484
CCOC(=O)CNC(=O)c1ccc(O)cc1O,1.535686454,467
CC(C(=O)N1CCc2sccc2C1)N1CCCN(c2ccccc2C#N)CC1,3.328241341,908
OC1(Cc2nc(-c3ccsc3)no2)CCCCC1,1.312008008,2493
O=C(CCc1ccc2c(c1)OCO2)Nc1cccc2cnccc12,1.621996303,1123
Cc1cccc2cc(C(=O)NCCCn3nnc4ccccc43)n(C)c12,2.512300084,2657
Fc1cccc(Cl)c1CNCCc1c[nH]c2ccccc12,2.474006353,1088
CCN(CCO)Cc1nc2cc(OC)c(OC)cc2c(=O)[nH]1,0.675686709,2663
O=c1c2c(nc3ccccn13)CCN(S(=O)(=O)C1CCCCC1)C2,1.299136694,1018
CCOC(=O)N1CCc2cc(NC(=O)c3oc(C)cc3C)ccc21,1.060017543,2709
O=C(Cc1ccccc1F)N1CCN(c2nccn3nc4c(c23)CCCC4)CC1,2.121999497,747
Cc1ccc(C(=O)O)cc1NS(=O)(=O)c1csc(C(=O)Nc2ccccc2)c1,0.675686709,1066
CCc1c2c(nc3ccc(OC(=O)N4CCC(N5CCCCC5)CC4)cc13)-c1cc3c(c(=O)n1C2)COC(=O)[C@]3(O)CC,1.10503305,2327
Cc1nn(CCNS(=O)(=O)N2CCOCC2)c(C)c1C,0.818555779,2325
Cc1ccc(CC(=O)Nc2nc(C)no2)cn1,0.675686709,1143
O=C(NCc1ncc(-c2ccccc2)o1)C1CCCCC1,1.621747346,967
Clc1ccc(Cc2nc(-c3ccccc3)n[nH]2)cn1,1.611500263,1383
Cc1nc(NCc2sccc2C)n(C)n1,0.675686709,2453
CCc1cc(=O)[nH]c(SCCN2CCCCC2)n1,0.675686709,1867
O=C(c1cccc(N2CCNC2=O)c1)N1CCc2ccccc2C1,1.108192805,1410
NS(=O)(=O)OC[C@@H]1C[C@@H](n2ccc3c(N[C@H]4CCc5ccccc54)ncnc32)C[C@@H]1O,1.612222088,238
Cc1cc(Nc2ccc(F)cn2)cc(C2CCN(C(=O)CCc3cccc(Cl)c3)C2)n1,2.749824402,1899
O=C(NC1(c2ccccc2)CCC1)c1cc(C2CC2)on1,0.911743378,803
O=C(O)c1ccc(CN2CC[C@H](c3nc4cc(Cl)ccc4o3)C2)cc1,0.675686709,1448
c1cnc(NCCc2cccc3cccnc23)nc1,2.021338175,1639
Cc1ccc2c(c1)c(Cn1ccnc1-c1cccc(C)n1)nn2C,2.085358376,1556
N#CC1(C(=O)NCC2(C3CC3)CC2)CCCCC1,1.27567983,2460
O=C(NCc1nc(-c2cnccn2)n[nH]1)C1Cc2ccccc2C1,0.675686709,2071
CS(=O)(=O)NC[C@H]1CC[C@H](Nc2nc3c(s2)CCSc2ccccc2-3)CC1,1.332155571,2380
COc1nccnc1N1CCC(C(=O)Nc2cccc(F)c2)CC1,2.259651208,2539
Cc1ccc(-n2nc(NCc3cnn(C)c3)cc2C)cc1,0.675686709,2120
Cc1cc(C(=O)N(C)C2CCC2)n2nccc2n1,0.675686709,398
Cc1cccc(NC(=O)CN2C(=O)N(C)C3(CCCCC3)C2=O)c1C,2.704014027,1847
Cc1nc(NCCN2C(=O)CCC2=O)c2c(C)csc2n1,0.907411361,2195
CCC(C)(C)N1CCN(C(=O)Nc2cnn(CC(C)C)c2C(F)F)CC1,0.675686709,1892
O=C(C1CC1)N1CCCC(C(=O)N2CCc3ccccc3C2Cc2ccccc2)C1,2.808403425,1764
Cc1cccc(C)c1NCc1noc(C2CC2)n1,2.308321055,2980
CC(C)c1nnc(CN(C(C)C)C2CCOCC2)o1,0.829175074,1956
Cc1nn(Cc2csc(-c3cccs3)n2)c(N)c1C#N,1.28316549,1459
Nc1ccc2c(c1)ncn2CCc1ccccc1,0.675686709,1443
COc1ccc(CCNCc2ccc(-c3ccccc3)o2)cc1OC,1.805113286,196
CC(C)c1cc(N(C)Cc2nc(C3CC3)n[nH]2)n[nH]1,0.675686709,2018
O=c1[nH]c2ccccc2n1C1CCN(Cc2csc(COc3ccc(F)cc3)n2)CC1,2.320241862,2866
CCc1nc(N2CC(CO)C2)c2ccsc2n1,1.030963842,2062
Cc1nn(C)c2ncc(CNc3ccon3)cc12,0.675686709,2604
CN(C)C(=O)c1cncc(N(C)CCN(C)C2CCCC2)n1,0.813180533,2480
COc1ccc(C2(NCc3cccc4ncccc34)CC2)cc1,2.416617211,1037
COC(=O)[C@@H]1Cc2ncn(Cc3ccccc3)c2CN1C(C)=O,0.796851749,1282
COc1ccccc1CNC(=O)c1cnc(C2CCN(C(=O)C(C)(C)C)CC2)nc1C,2.339254623,382
Cc1ccc(F)cc1NC(=O)c1cnc2onc(C(C)C)c2c1,1.467474911,733
CCc1csc(NC(=O)c2ccc3c(c2)nc(C)n3C)n1,1.530212509,1670
COC(=O)N1CCCN(C(=O)c2ccc(-c3ccccc3Cl)o2)CC1,2.241150355,436
CCC(CC)N1CC[C@H](O)[C@@](O)(COc2cc(C)ccc2Cl)C1,2.569262688,2033
O=C(CCc1ccco1)Nc1ccccc1OC(F)F,2.063836054,1100
Cc1cc(CNc2cc(C(=O)N(C)C)ccn2)sc1Br,1.559308011,1170
Cc1ncc(CN2CCC(Nc3ccc4nnnn4n3)C(C)C2)s1,1.208387604,89
CCc1cnc(CNC(=O)N2CCC(n3cncn3)CC2)s1,0.675686709,1197
COC(=O)c1c(C)[nH]c(C(=O)OCC(=O)N(C)Cc2cccs2)c1C,1.733526273,1364
C[C@]1(O)CN(C(=O)Cn2cnc3ccccc3c2=O)CC[C@@H]1Oc1ccccc1,0.853576544,2500
Cc1cc(C)c(CC(=O)N2CC(CO)C2)c(C)c1,0.698448538,849
CC(C)c1nccn1Cc1nc2ccccc2[nH]1,0.675686709,2152
COc1cccc(Oc2ccc(NC(=O)CN3CCCCC3=O)cn2)c1,0.675686709,2636
Nc1ccc(CC(=O)Nc2ccccc2F)cc1,0.675686709,1148
CC(C)(C)c1cc(C(=O)CSc2nnnn2-c2ccccc2)cc(C(C)(C)C)c1O,1.41703964,3044
CN1CCc2nc(NC(=O)c3cncn3-c3ccccc3)sc2C1,0.707995746,1074
O=C(CCc1cn[nH]c1)NCCCn1cc(Cl)cn1,0.675686709,1980
CN1C(=O)[C@H](Cc2ccccc2)N[C@@H]1C(C)(C)C,1.731274412,1563
CC(C(=O)Nc1ccc(C(N)=O)cc1)N1CCCC(c2nc3ccccc3o2)C1,2.262629043,866
COC(=O)CCCNC(=O)CN1CCC(C(=O)c2ccc(C)cc2C)CC1,2.809258634,2023
Cc1cc(C(=O)NCC2CCN(c3ccc4ccccc4n3)CC2)cnc1C,1.764213506,2508
Cc1nsc(Nc2ccccc2)c1C#N,2.477524961,2436
O=C(Nc1ccccc1)Nc1ccc(-c2ccc(C(=O)[C@H]3CCC[C@@H]3C(=O)O)cc2)cc1,1.0548045,2197
Cc1nc(-c2ccccc2)c(C(=O)Nc2ccc(Cl)c(Cl)c2)s1,1.950506026,2564
CN(C)c1ccc2c(c1)OCCN2C(=O)NCc1cccnc1,1.372838388,192
CCN1CCc2nc(NC(=O)Cc3ccc(Cl)cc3)sc2C1,1.064570292,1353
NCC1CCCC1NC(=O)c1cc(N2CCNC2=O)ccc1F,0.675686709,3062
CC(C)c1csc(NC(=O)C2CCN(c3ncccn3)CC2)n1,1.649490631,920
CCCCCCCCc1ccc(CC[C@](N)(CO)COP(=O)(O)O)cc1,0.881384657,3085
CN(CCc1ccccn1)C(=O)Nc1nncs1,0.675686709,922
N#Cc1ccc(CCC(=O)Nc2ccncc2)cc1,0.675686709,1225
COc1cc(Br)c2c(=O)[nH]c(C)nc2c1,1.142702246,2024
Cc1ncsc1CNc1nnc(-c2ccncc2)o1,0.949438801,1967
COCCN(C)c1ccc(CN2CCOC3(CCCC3)C2)cn1,1.585031864,2427
O=C(O)c1ccc(N2CCCC2)c(F)c1,0.675686709,287
O=C1CCCc2c1[nH]c1cc(-n3ccnc3-c3ccncc3)ccc21,1.426576319,1358
Cn1c(=O)n(C2CCCC2)c(=O)c2c(F)cccc21,1.366665721,1070
CCCNC(=O)C1(NCc2cncnc2)CCCCC1,1.635182049,2545
O=C(CN1CCSC1=O)Nc1ccccc1F,0.675686709,723
Cc1cc(C)c(NC(=O)CN(C)c2ccc(C#N)nc2)c(C)c1,1.158573556,2173
CC(=O)Nc1cc(CCC2CCNCC2)ccn1,0.675686709,1057
O=C(NCc1cccc2c1OCCCO2)c1cscn1,0.884625463,2874
Cc1ccc2[nH]c(C3CCN(C)CC3)nc2c1,1.945872163,1436
CN(CCNC(=O)NC1CCOCC1)C1CCCC1,0.675686709,1895
Cn1cc(CN2CCc3nc4ccccc4c(=O)n3CC2)cn1,0.675686709,1997
Cc1ncc(CCN2C(=O)NC3(CCCC3)C2=O)s1,0.675686709,2315
Cc1cccc(NC(=O)C(=O)c2c(C)nn(C)c2C)n1,1.286748297,2848
CCc1cc(CNC(=O)Nc2ccc(N3CCSCC3)cc2)on1,1.554755591,1933
CNC(=O)[C@H]1O[C@@H](n2cnc3c(NCc4cccc(I)c4)ncnc32)[C@H](O)[C@@H]1O,2.289894278,2779
Cc1ccc2oc([C@H]3CCN(Cc4ccc(C#N)cc4)C3)nc2c1,1.617535012,1782
Cc1ccc(C(=O)NC[C@H]2Cn3ccnc3CO2)cc1,0.675686709,1367
O=c1cc(-c2cc(F)c(Cl)nc2Cl)[nH]c2c(-c3ccccc3)c(C(F)(F)F)nn12,0.675686709,2424
O=C(Cn1ccnc1)NCc1ccccc1F,0.675686709,1775
O=C1CSc2ccc(C(=O)Nc3cc(C4CC4)n[nH]3)cc2N1,0.915241497,1726
CC(C)(C)C(=O)N1CCC(CN2C(=O)C(=O)N(C3CCCC3)C2=O)CC1,1.345059906,1368
N#Cc1cccc(NCc2ccc(-c3cccnc3)o2)c1,1.961340398,3031
CCc1noc(CN2CCCN(C(C)=O)c3ccccc32)n1,1.707289071,484
CCc1cc(=O)[nH]c(SCCCCC2CCOCC2)n1,1.533606848,2434
Cc1cccc(O[C@H]2CN(Cc3ccc(OCCCO)cc3)C[C@@H]2O)c1,1.851252232,1414
COc1cc(CN2CCCNCC2)cc2c1OCO2,0.713742478,2599
CCn1c(SC)nnc1C1CCN(C)CC1,0.675686709,760
O=C(CN1CCCC(c2nc3ccccc3o2)C1)Nc1ccc(OC(F)(F)F)cc1,2.126232092,865
CCN(Cc1ccccc1)C(=O)c1cccnc1N,0.675686709,883
O=C(O)c1cnn(-c2nc3cc(Cl)c(OC(F)(F)F)cc3[nH]2)c1,0.675686709,2143
CN1CCC(C(=O)N2CCC(c3cc(C(F)(F)F)c4c(n3)CCNC4=O)CC2)CC1,0.675686709,1590
COc1ncccc1NC(=O)c1cccc(C)n1,2.175897231,1825
Cc1ncsc1C(=O)N1CCCCC1c1nc(N)ncc1-c1cccc(C(F)(F)F)c1,2.572128951,75
Cc1ccc(F)c(N(C#N)Cc2nccn2C(F)F)c1,1.299005816,826
Fc1cccc(CN2CCN(c3ncccn3)CC2)c1,2.045369927,881
Cc1ncc2c(n1)CN(CCCc1nc3ccccc3o1)CC2,1.926902963,488
CN1C(=O)N[C@H](Cc2c[nH]c3c(Cl)cccc23)C1=O,0.933639113,2697
CC(C)Oc1cccc(C(C)NC(=O)c2ccnc(-n3cncn3)c2)c1,1.850155922,2467
Cc1ccc(CNC(=O)c2cccs2)cn1,0.675686709,1463
CCn1cc(NC(=O)c2ccccc2C)cn1,0.856184927,989
O=C(CSc1ccc2c(c1)OCCO2)NC1CCCC1,1.923197374,2461
Cc1cc(NCc2ccnc(N3CCCC3)c2)c2ccccc2n1,1.375864714,1300
Cc1noc(NCc2c(C)nn(C)c2C)n1,0.675686709,1898
O=C(CCCc1cc(Cl)sc1Cl)N1CCC(O)CC1,1.718983049,753
CCc1nnc(Oc2cccnc2)c(C#N)c1CC,0.693902741,1044
CCCn1cc(CN2CCC(c3nc(N(C)C)no3)CC2)cn1,1.321494867,2317
O=C1OCCN1CCN1CCC(c2cc3ccccc3[nH]2)CC1,1.045635871,2737
CC(C)c1nnc(-c2ccc(-c3ccccc3)nc2)n1-c1cccc2nonc12,0.917610526,772
Cn1c(=O)n(C)c2cc(CN3CCC(c4ccc(Cc5ccccc5F)cn4)CC3)ccc21,1.928616017,808
Cc1cc(C(=O)NC2CCN(c3ncnc4sc(C)c(C)c34)CC2)on1,1.636888907,1667
COc1ccc(N)cc1N1CCOC1=O,0.675686709,1822
CC(=O)NC[C@H]1C[C@]2(C)[C@@H](CCCC[C@]2(C)O)N1CC1(O)CCCC1,0.675686709,2574
Cc1nc(C(C)C)sc1C(=O)Nc1nc(C(C)(C)C)cs1,1.444481995,345
CCn1c(COC(=O)c2ccc(C)s2)nc2cc(S(=O)(=O)N3CCCCC3)ccc21,2.547455942,1707
CCn1cnnc1CN(C)C1CCN(c2ccccc2F)CC1,0.675686709,2137
CCC(CC)NC(=O)c1ccc(C#N)c(C)n1,0.790144365,1730
O=C(NCc1cccc(O)c1)Nc1nc(-c2ccncc2)cs1,1.989605531,2845
CCN1CCN(Cc2ccc(Nc3ncc(F)c(-c4cc(F)c5nc(C)n(C(C)C)c5c4)n3)nc2)CC1.CS(=O)(=O)O,2.111810079,1052
COc1ccc(CNc2c(-c3ccc(OC)c(OC)c3)nc3cnccn23)cc1,2.829621496,955
O=C(Nc1nc2ccccc2[nH]1)c1ccncc1,0.675686709,1388
CS(=O)(=O)Nc1ccccc1-c1ccncc1,0.675686709,2222
COc1cc2c(cc1OC)CN(C(=O)C1CCCN(C(=O)Nc3ccccc3)C1)CC2,0.675686709,860
Cc1ccnc(-n2nccc2NC(=O)NC2(C)CCC2)c1,1.862137345,2010
Cc1ccc(O)c(CN2CCC(c3nc4ccccc4o3)CC2)n1,1.346704962,2347
Cn1cnnc1CNc1ccccc1C#N,0.675686709,823
O=C(Nc1ccc(C(F)(F)F)cc1)c1ccccn1,1.503136707,2705
O=C(c1ccc(Cn2nnc(-c3cccc(F)c3)n2)cc1)N1CCCC1,1.084039781,673
Cc1cc(-c2nc(N(C)C)no2)cc(O)n1,0.675686709,1936
COc1cncc(-c2ccnc3[nH]ccc23)c1,1.826541257,1510
CC(C)(C)c1nc(O)c2nnn(C3CCNCC3)c2n1,0.675686709,2691
Cn1cc(Nc2nccc(N3CC4CCC(C3)N4C(=O)[C@@H]3CC3(F)F)n2)cn1,0.860996437,21
N#Cc1cc(F)ccc1Cn1ccnc1-c1ccccn1,1.312706146,2769
CCn1ncnc1-c1[nH]cnc1-c1ccccc1,0.675686709,175
COc1ccccc1-c1nnc([C@H]2CCN(Cc3ccccc3C)C2)o1,2.19966469,1047
Cn1cc(NC(=O)c2csc(Cc3ccccc3)n2)cn1,1.375590463,1706
CCc1ccccc1NC(=O)CCn1ccnc1-c1ccc2c(c1)OCO2,2.100329182,569
Cn1ncnc1NCc1cc(F)cc(F)c1,0.675686709,2571
Fc1c(CN2CCC(c3nnc4ccccn34)CC2)cccc1OC1CC1,1.176756667,2192
COCC1(CNC(=O)c2cc(Cl)cnc2O)CCC1,1.212453961,1948
O=C(Nc1ccccc1)N1CCCc2cnc(N3CCOCC3)nc21,0.675686709,1618
Cc1cc(N(C)CC(C)(C)O)ncc1Br,1.556953454,2856
Cc1cc(C)nc(NS(=O)(=O)c2ccc(NC(=O)/C=C/c3ccc([N+](=O)[O-])s3)cc2)n1,1.146159056,2877
CC(=O)N1CCCN(Cc2ccc(C(=O)N3CCCC3)cc2)c2ccccc21,2.35636436,2974
O=c1c2ccccc2nc2n1CCN(Cc1ccc(F)cc1)CC2,1.56944414,2679
CCOCCNC(=O)c1cccc(-c2cc(F)ccc2OC)c1,2.115364175,2107
COc1cccc(CC(=O)N2CCOC(c3cc(Nc4nnc(C)s4)cc(C)n3)C2)c1,1.83653931,2202
N#Cc1ccccc1-c1ccc(-c2nccn2-c2cccnc2)o1,1.943993816,774
O=C(O)c1ccc(CCC(=O)N2CCc3c(F)cc(F)cc3C2)cc1,0.675686709,2378
COc1cc2nc(/C=C/c3cocn3)sc2cc1OC,1.056447458,1593
Cc1ccc(C#N)c(NCc2ccccc2-n2ccnc2)n1,1.659688064,2506
Cc1cnn(Cc2nc(Cn3cccn3)no2)c1,0.675686709,1178
COc1ccccc1CC(=O)Nc1ncc(C)s1,1.247997802,1179
O=c1[nH]c2ccccc2n1C1CCN(Cc2nnsc2Cl)CC1,1.841709768,708
CNC(=O)CCc1nc(-c2ccccn2)no1,0.675686709,1338
O=C1Oc2nc3cc4c(cc3cc2CN1CCN1CCOCC1)OCO4,0.71432976,491
Cc1nc(-c2ccc(S(=O)(=O)N(C)C)cc2)cc(C(C)C)n1,1.539176502,2616
COc1cccc(C(=O)Nc2nccs2)c1,2.03616961,2032
CN(C)c1nc(N)nc(Sc2ccccc2)n1,2.03213908,1229
COC[C@@H](O)Cn1c(C)nc2ccccc21,0.675686709,1910
N#Cc1cccc(-c2ccc3[nH]ccc3c2)n1,2.475201781,915
O=C(c1ccccc1-n1cccn1)N1CCN(Cc2cccnc2)CC1,1.748141493,691
CC(C)(O)Cn1nc(-c2ccccc2)c2c(Cl)c(-c3ccccc3)nnc21,0.675686709,2488
Cc1noc(C2CCN(CC(N)=O)CC2)n1,0.999478534,1751
Nc1ccc(Cl)c(NC2=NN(c3c(Cl)cc(Cl)cc3Cl)C(=O)C2)c1,1.966113561,1640
O=C(/C=C\n1cnc(-c2cc(C(F)(F)F)cc(C(F)(F)F)c2)n1)NNc1ccccn1,1.14245204,2217
Cc1nccc(-c2cccc(NCC(=O)N3CCCCCCC3)c2)n1,2.479295959,1302
CC1=CCN(C(=O)c2cc(C)nc3cc(C)cc(C)c23)CC1,1.990023455,2044
Cc1cc(N(C)C)nc(-n2cnc(C#N)n2)n1,1.526261718,1340
Cc1cc(CN(C)C(=O)C(=O)Nc2ccc(F)c(C)c2)no1,1.137923512,2925
COc1ccccc1C(=O)CSc1nncn1C1CC1,1.390846827,2515
Cc1ccc(NC(=O)CN2CCCC(c3nc4ccccc4o3)C2)cc1C,2.334206374,867
CCOC(=O)c1ccc(NC(=O)Cn2cnc3ccccc32)cc1,0.847202364,1363
CN(C)c1ccnc2sc3c(=O)n(N4CCCCCC4)cnc3c12,0.933942603,2613
CCCCNC(=O)c1ccc2c(c1)nnn2C,0.675686709,1636
Clc1ccc(NCc2ccoc2)nn1,0.675686709,480
CN(C(=O)c1cc(N2CCNC2=O)ccc1F)C1CCC(N)CC1,0.675686709,3068
CSc1ccccc1NC(=O)CN1CCCC(c2nc3ccccc3o2)C1,3.047450887,1770
CNC(=O)c1ccc(N2CCCc3cc(OC)ccc3C2)nn1,1.073168262,2075
Cc1ccc(OCCCC(=O)N2CCC(n3c(=O)[nH]c4ccccc43)CC2)cc1,2.088741906,2867
O=C(O)c1c2ccccc2nn1Cc1ccccc1,0.675686709,1326
O=C(NCc1ccc(O)c(O)c1)c1ccc2ccccc2n1,0.675686709,1850
Cc1ccc(C)c(S(=O)(=O)N2CCCN(CCn3cccn3)CC2)c1,2.316988798,930
Cc1sc(NC(=O)CN2CCOC(C3CCCO3)C2)c(C)c1C,1.10561236,794
Cc1cc(NC(=O)c2c(F)cccc2Cl)no1,0.675686709,2918
C=CC(=O)Nc1cccc(Nc2nc(Nc3ccc(Oc4ccnc(C(=O)NC)c4)cc3)ncc2F)c1,1.822599543,159
CCc1nc2ccccc2n1CC(=O)Nc1ncc(C)s1,0.931152639,1191
COc1cc2c(cc1OC)CN(C(=O)C1CCCN(C(C)=O)C1)CC2,0.675686709,1406
Cc1nc(-c2ccc(C)c(O)c2)n(C(C)(C)C)n1,0.675686709,1632
CC(C)c1noc2nc(C3CC3)cc(C(=O)N3CC[C@H](N)C3)c12,0.675686709,799
c1ccc(C(c2ccccc2)c2noc(Cn3cnc(C4CC4)n3)n2)cc1,1.579360525,1286
CN(C)CCOc1ccc(-c2nc(-c3ccncc3)c(-c3ccc4c(c3)CC/C4=N\O)[nH]2)cc1,1.105237601,342
O=C(O)c1ccc(=O)n(CCc2c[nH]c3ccccc23)c1,0.675686709,720
O=C1Oc2nc3cc4c(cc3cc2CN1CCN1CCOCC1)OCCO4,0.675686709,1012
O[C@@H]1C[C@@H](c2nc(-c3ccccc3)no2)N(Cc2ccccc2)C1,1.733935179,226
CNc1nc(C)cc(C(=O)Nc2ccc3[nH]ncc3c2)n1,1.328705712,3076
Cc1ccc(-c2nnc([C@H]3CCN(Cc4cc5ccccc5o4)C3)o2)cc1,1.692406235,1446
CN1CCCn2c1cc(OCc1cc(F)c(Oc3ccc(C(F)(F)F)nc3)c(F)c1)nc2=O,1.291146762,2114
CC(C(=O)Nc1ccccc1)N1CCCN(c2nccs2)CC1,2.662653022,431
CCC(C)(C)NC(=O)C1(Cc2ccc(-c3cc(F)ccc3OC)cc2)CCOCC1,2.845170003,1569
Cn1nccc1C(=O)NCCc1cc2nc(-c3cccs3)ccn2n1,1.829522473,2738
COc1ccccc1CC(=O)NC1CCN(C)CC1,0.675686709,1079
Cc1ncsc1C(=O)N1CCCCC1c1nc(N(C)C)ncc1-c1cccc(Cl)c1,2.372418541,64
Cc1nc(-c2ccccc2)c(C(=O)Nc2cc(Cl)cc(Cl)c2)s1,1.409730293,2921
Cc1cnn(CC2CC2)c1NC(=O)/C=C/c1ccccc1,1.140570889,941
O=C(Nc1nnc2n1CCCC2)c1cscn1,0.675686709,2435
Cc1cccc(-n2c(S)nnc2CNc2ccc(F)cc2)c1,1.235149536,1615
COc1ccc2ccccc2c1CNC(=O)c1cnc(C2CC2)nc1,1.52748812,1034
O=C(/C=C\n1cnc(-c2cc(C(F)(F)F)cc(C(F)(F)F)c2)n1)NNc1cnccn1,0.678154038,1542
CCN1CCN(c2ccc(Nc3ncnc4sccc34)cc2)CC1,0.675686709,2562
CCN(CC#N)C(=O)c1nn(-c2ccc(F)cc2)c2c1CCCC2,1.700894004,1599
Oc1cncc(/C=C/c2nc(-c3ccncc3)no2)c1,1.502481745,2811
CN(C)c1cc(CNC(=O)C2CCOCC2)ccn1,0.675686709,1273
O=C(c1cc(-c2cccc(Cl)c2)on1)N1CCC(n2cccc2)CC1,1.188759793,543
COc1ccc2c(c1)CN(C(=O)c1cc(C3CC3)[nH]n1)CC2,1.800201391,404
Cc1ccc(C)c(OCC(=O)N2CCC(C(=O)Nc3ccccc3)CC2)c1,2.48007884,1301
O=c1n(Cc2ccncc2)nc2n1-c1cc(Cl)ccc1C1=NCCN12,1.300704153,2750
CC(C)c1ccc(NC(=O)c2ccc3nccnc3c2)cc1,1.464638559,1778
Cc1nc(C)c(CNc2cnn(-c3ccccc3)c2)s1,1.152013,1512
Cc1cn2cc(C(=O)N(C)CCO)cc(N[C@@H]3CCOc4cccc(C)c43)c2n1,1.92224264,2297
CN(C)C(=O)OCCN1CCC(c2c[nH]c3ncccc23)CC1,1.471511737,1028
Cc1c(C(=O)NCC2CCSCC2)nnn1-c1cccc2cnccc12,2.246993158,2759
N#Cc1ccccc1CN1C(=O)CCC1=O,0.675686709,2763
Cc1noc([C@@H]2C[C@H](NC(=O)c3ccc(F)cc3)CN2C)n1,0.837714668,732
O=C(NCc1cnn(-c2ccccc2)c1)C1CCC1,0.675686709,233
COc1ccc(CNC(=O)CCCOc2ccc(C(C)=O)cc2)cc1,1.537214439,878
Cc1cc(C)n(-c2ccc(CNC(=O)c3ccc4c(c3)CCO4)cn2)n1,1.056981037,1539
CN(CC(=O)Nc1ccncc1)C1CCCC1,0.675686709,988
COc1cccc(Cc2cnc(N)s2)c1,1.250639534,2187
CCCn1ncc2[nH]c(-c3cc(Cn4cncn4)c(C)cc3C)nc21,1.713624927,778
Cc1cc(CSCc2ccc(C#N)cc2)no1,1.88295691,2982
COc1cccc(OCCCN)c1-c1cc(Nc2cnc(C#N)cn2)n[nH]1,0.675686709,1579
N#Cc1ccc2nc(NCCn3ccnc3)ccc2c1,0.803457116,2494
CC(=O)N1CCN(C(=O)CS(=O)(=O)C23CC4CC(CC(C4)C2)C3)CC1,0.675686709,2337
Cc1ccc(-c2nc(CN3CCOCC3)n(Cc3ccc(F)cc3)n2)o1,1.992496079,833
Cn1cc(CCNC(=O)N2CCCc3c(F)cccc32)cn1,1.400555257,1110
c1csc(Cc2nc(-c3cnccn3)no2)c1,1.031812271,2688
O=C(NCc1cccs1)c1cccnc1,0.675686709,2067
O=C(CSc1ccccn1)N1CCSc2ccccc21,2.629072023,2514
COc1ccc(-c2nc(C3CCN(C(=O)c4sc(C)nc4C)CC3)[nH]c2C(N)=O)cc1,0.675686709,759
Cc1nc(N2CCN(C)CC2)nc(C)c1NC(=O)C1CCCCC1,0.675686709,790
CCc1nnc2n1CCN(C(=O)c1ccccc1Oc1cccnc1)C2,0.684037037,1160
CNCc1cc(N(C)C)nc(C2CCCN2C(=O)COc2ccc(F)cc2)n1,0.675686709,2027
CCN(C(=O)CN1CCNC(=O)C1)c1ccc(F)cc1,0.675686709,297
O=S(=O)(NCc1n[nH]c2c1CCCCC2)c1ccc(OC(F)F)cc1,2.557246066,2680
O=C(O)c1nc(-c2ccccc2)oc1-c1ccccc1,0.844725628,917
O=c1c2c(Cl)ccc(Cl)c2ncn1Cc1cc(O)ncn1,0.675686709,2954
Cc1ccc(C(=O)NCCc2csc(C)n2)cn1,0.871864702,1026
Nc1c(-c2ccc(F)cc2)ncn1Cc1ccccc1,1.163936209,2875
Cc1noc(C)c1COc1ccc2ncccc2c1,1.938479696,3029
CCCCOc1nc(N)c2c(n1)N(Cc1cccc(CN3CCCC3)c1)CC(=O)N2,2.053527879,2549
Cc1nc(-c2ccncc2)cc(N2CCC(CO)CC2)n1,0.675686709,2976
Cc1noc(NCc2ccc(F)cc2C)n1,0.675686709,2181
c1nc(Nc2ccc3c(c2)OCCCO3)c2sccc2n1,1.964066253,1833
CC(C)(C)c1nnnn1CC(=O)NC12CC3CC(CC(C3)C1)C2,1.75869242,846
CN(C)[C@@H]1CN(C(=O)COc2ccccc2)C[C@H]1O,0.675686709,1819
Cc1oc(C)c(C(=O)NCC#Cc2ccccc2)c1C,2.028611915,1298
Cn1c(=O)cc(N2CCC[C@@H](N)C2)n(Cc2cc(F)ccc2C#N)c1=O,0.675686709,2784
CCN(CC)C(=O)c1ccc(NC(C)=O)cc1,0.675686709,928
Cc1ccsc1CN(C)C(=O)[C@@H]1CCCN1C(=O)NC(C)C,1.114644339,735
O=C(Nc1ccccc1-n1ccnc1)c1ccc(F)cc1,1.008216802,906
CC(C)n1cc(CN2CCC(c3nc(N(C)C)no3)CC2)cn1,0.675686709,2267
CC1(C)OCCn2c1nc1c(N3CCOCC3)nc(-c3cnc(N)nc3)nc12,0.788168371,535
O=C(Nc1ccc(Cl)nc1)NC1CCN(C2CCCC2)CC1,0.675686709,2153
O=C(NC[C@H]1CCN(c2ccccc2)C1)N1CCc2sccc2C1,2.354724853,979
Cc1ccccc1CC(=O)N1CCN(C(=O)c2ccccc2)CC1,0.786751422,763
CNC(=O)Cc1cccc(OCCN2CCCCC2)c1,0.675686709,2573
CCc1nc(C(N)=O)c(Nc2ccc(N3CCC(N4CCN(C)CC4)CC3)c(OC)c2)nc1NC1CCOCC1,1.176178109,1505
CC(=O)Nc1ccc(S(=O)(=O)NC2=NCN(Cc3ccccc3)CN2)cc1,0.675686709,1620
O=C(NCCc1ccccc1)c1ccc(NC(=O)N2CCCCc3ccccc32)cc1,2.408387533,3065
CNC(=O)Cc1noc(-c2ccc3ncccc3c2)n1,0.675686709,3032
CCOc1cccc(CNCCc2c[nH]c3ccccc23)c1,1.95800453,1466
CC(C)(C)N1CCCN(C(=O)CNc2ccc(C#N)cc2)CC1,0.675686709,1238
Cc1ccn(CCC(=O)N2CCc3nc4sccc4c(=O)n3CC2)n1,1.230244499,2722
NCc1nnc(CCc2ccccc2)o1,0.675686709,2938
CCc1c(C(=O)NCCc2ccc(N3CCCCC3)cc2)[nH]c2ccc(Cl)cc12,1.607186857,2063
O[C@@H]1CCCC[C@H]1N1CCC(c2ccccc2)CC1,0.675686709,1244
CCOC(=O)c1ccc(N2CCSCC2)nc1,2.613674835,2166
N=c1ccn2c(n1)O[C@@H]1[C@@H](O)[C@@H](CO)O[C@H]12,0.675686709,3045
CCc1cc(N2CCOCC2)nc(C2CCN(C(=O)C3CC3)CC2)n1,1.064532861,2158
CNc1ncnc2c1ncn2[C@H]1CC[C@H](NC(=O)CCCNC(=O)OC(C)(C)C)[C@H](O)[C@H]1O,0.705692697,2233
CC[C@@H]1C(=O)N(C)c2cnc(-n3ccnc3-c3ccc(F)cc3)nc2N1c1ccn(C)n1,1.640898636,2316
Cc1noc(-c2ccc(NC(=O)Cc3ccccc3)cc2)n1,0.893095666,1532
CSc1ccc(-c2ccc3n(c2=O)C[C@@H]2CNC[C@H]3C2)cc1,0.699490845,766
N#Cc1nc(-c2ccccc2)oc1NCc1ccc2c(c1)OCO2,2.318165633,3017
C#CCN1CCN(C(=O)CCS(C)(=O)=O)CC1,0.675686709,1776
O=C(c1ccc(Cl)cc1)N1CCC[C@@H](C(=O)N2CCc3ccccc3C2)C1,2.555778619,2282
Cc1ncc(C(=O)Nc2ncnc3oc(C)c(C)c23)s1,1.420137355,1555
Cc1nc2cc(C(=O)NC34CCCC3NCC4)ccc2c(=O)[nH]1,0.675686709,3075
Fc1ccc2[nH]c(CO[C@H]3CN(Cc4ccccc4)C[C@H]3F)nc2c1,1.94888222,523
Cc1cc(C(F)(F)F)nc(CCNC(=O)N(C)Cc2c(C)noc2C)n1,2.235629434,1920
Cc1c(-c2ccc(O)cc2)n(Cc2ccc(OCCN3CCCCCC3)cc2)c2ccc(O)cc12,1.694429691,694
C[C@@H](CN1CCC2(CC1)C(=O)NCN2c1cccc(F)c1)NC(=O)c1ccc(Br)cc1,1.948222186,1739
c1ccc(CCc2n[nH]c(-c3cccc4cnccc34)n2)cc1,2.027598287,962
O=C(Nc1cncc2ccccc12)c1ncccn1,1.575441879,2376
COc1ccc(OCc2n[nH]c(-c3ncoc3C(C)C)n2)cc1,1.25022477,2675
CCNC(=O)N1CCc2nc3ccc(F)cn3c(=O)c2C1,0.675686709,1550
NC1CCCC(C(=O)Nc2ccc3[nH]ncc3c2)C1,1.104862518,3070
C=CCn1cnc2c(Cl)cc(-c3ccc(C(=O)NC4CC4)o3)cc21,1.439837761,1076
Cc1cc(C)n2ncc(C(=O)NC3CCCCC3)c2n1,1.746634199,1394
N#CCCN(c1ncnc2sccc12)C1CC1,1.042339205,305
Clc1cnc(NCC2(c3ccncc3)CC2)nc1,1.415357362,2899
CC1CCN(CC(=O)Nc2nc(-c3c[nH]c4ccccc34)cs2)CC1,1.578146195,968
Cc1ccccc1CNC(=O)c1ccc(-n2ccnc2)nc1,0.675686709,232
COCC(=O)N1CCC(Cc2ccccc2-c2cccc(F)c2)(C(=O)NC(C)C)CC1,2.172170757,100
Cc1cccnc1CN1CCC(O)(c2ccccc2)CC1,0.692670699,2001
Cc1nc(Cc2ccccc2)sc1C(=O)Nc1cccc(-c2ccn[nH]2)c1,1.482273157,2231
O=C(NCC(=O)N1CCN(C2CC2)CC1)c1ccccc1,0.675686709,886
CCc1ccccc1-c1cn(CCc2cnccn2)nn1,1.393329472,681
COc1cc2c(NC3CCN(C(C)C)CC3)nc(N3CCC(F)(F)CC3)nc2cc1OCCCN1CCCC1,0.675686709,1718
COc1cccc(OC)c1-c1ccc(OCCN2CCCC2)cc1,0.675686709,2321
Cc1ccc2nc3c(c(C(=O)NCc4nnc5n4CCC5)c2c1)CCCC3,0.675686709,306
CCCc1nc(N2CCc3ccccc3C2)ncc1C(=O)O,0.675686709,352
Cc1cc(Nc2ncccn2)cc(C2CCCN(CC(=O)Nc3ccc(F)cc3)C2)n1,1.808879124,2459
CC(C)c1noc(CNC(=O)N2C[C@@H]3C[C@H](C2)Cn2c3cccc2=O)n1,0.866346423,2528
Cn1cnnc1CCn1ccnc1-c1cc2ccccc2s1,0.675686709,1090
CCn1c(-c2nonc2N)nc2cnc(Oc3cccc(NC(=O)c4ccc(OCCN5CCOCC5)cc4)c3)cc21,2.004110625,12
COc1ccccc1/C=C/CN1CCCC2(C1)OCCO2,1.248708736,2238
Fc1ccc(-c2nnc(CN3CCC(c4c[nH]c5ccccc45)CC3)o2)cc1,1.467045452,1795
O=C(CN1CCCc2ccc(F)cc21)N1CCNC1=O,0.675686709,1339
CCC(=O)NCc1ccnc(N(C)C)c1,0.675686709,1535
CC(C)(C)c1ccc(C2=NC3(CCNCC3)NC2=O)cc1,0.814247596,751
Cc1cc(NC(=O)C2CCOCC2)sn1,0.675686709,289
Cn1cncc1CCNC(=O)[C@H]1CC1(C)C,0.675686709,958
CCCn1cnnc1Cn1ccnc1-c1ccc2occc2c1,0.675686709,727
O=C(CCn1ccc2ccccc21)N1CCC(n2c(=O)[nH]c3ccccc32)CC1,2.429332313,3009
CC(C)(C)C(=O)N1CCC(CN(CC(N)=O)C2CCCC2)CC1,1.47444938,2328
O=S(=O)(NC[C@H]1CCCN1)c1ccc(OC(F)F)cc1,0.675686709,2560
NC1(c2ccc(-c3nc4ccn5c(=O)[nH]nc5c4cc3-c3ccccc3)cc2)CCC1,1.167919843,2881
c1ccc(Cc2n[nH]c(CSc3ccccc3)n2)cc1,1.950433012,1344
CCOc1cc(N2CCc3nc[nH]c3C2)ncn1,0.675686709,2760
O=C(CSCCc1ccccn1)Nc1ccccc1,1.624292412,2175
CCCC(=O)Nc1ccc(C(=O)N(C)C)cc1,1.346313847,2310
CC1CCC(N(Cc2nnc(C3CCC3)o2)C2CCC(O)CC2)CC1,2.362331652,2262
CSc1ccc(-c2ccc3n(c2=O)C[C@H]2C[C@@H]3CN(C(=O)c3ccncc3)C2)cc1,1.732482218,1035
COCc1nn(CCCN2CCCCC2)c(=O)o1,0.675686709,2128
Cc1nn(C)c2ncc(C(=O)Nc3ccc4c(c3)CCO4)cc12,0.909502541,478
O=C(NCCc1cnn(-c2ccccc2)c1)N1CCC1,0.675686709,1575
Cn1ccc(C(=O)NCCc2cc3nc(-c4ccncc4)ccn3n2)n1,0.945763923,2733
Cc1cc2c(C(N)=O)cccc2n1-c1nc2c(c(NCc3ccccc3)n1)COCC2,1.176236,1081
c1ccc(COc2ccc(CNCC3CCNCC3)cc2)cc1,0.675686709,1234
C/N=C(\NC#N)NCCSCc1nc[nH]c1C,0.675686709,1720
COc1nn(C)cc1C(=O)Nc1cccc(-c2cnc3n2CCC3)c1,1.021644036,47
CC(=O)Nc1ccccc1OCCOc1ccc(Cl)cc1,1.981184137,2190
c1ccc(OCCN2CCN(c3ncccn3)CC2)cc1,2.101265785,2214
CCOc1cc(CN2CCc3c(N)nc(N4CCCC4)nc3C2)ccc1OC,1.424669336,2399
O=C(NCc1ccc(F)cc1)C1(Cc2ccc(-c3cccnc3)cc2)CCOCC1,2.892379028,1605
Cc1cc(CSCc2c(C)noc2C)no1,2.113147531,2858
Cc1cc(C)n(CCNC(=O)NC2CCOCC2)n1,0.675686709,328
Cc1ncsc1C(=O)N1C[C@@H]2CCCN(C(=O)c3scnc3C)[C@@H]2C1,0.675686709,1201
CC(C)n1nnnc1-c1ccc(N)cc1F,0.675686709,1416
CN(C)CCOc1cc(-c2cn[nH]c2)ccc1NC(=O)C1COc2ccccc2O1,1.298743943,1932
COc1ccccc1CNC(=O)C(C)N1CCCN(c2ccccc2C#N)CC1,3.339893263,302
C#CCNC(=O)Cc1coc(-c2ccccc2)n1,1.430268606,2394
Fc1ccc(NCc2cccc(OCCN3CCOCC3)c2)nc1,1.008344629,936
Cc1ccc(NC(=O)[C@H]2COc3ccccc3O2)nc1,2.272252482,1665
COc1ccc(CN2CCC(c3cc[nH]n3)CC2)cn1,0.675686709,3036
Cc1ccc(NC(=O)c2cccc3cccnc23)cc1,2.313700639,1772
CC1CCN(C(=O)CCn2ccc3ccncc32)CC1,2.074893203,2193
COc1ccc([C@H]2CN(C(C)=O)[C@@H]3CCCN(Cc4cccc(F)c4)[C@H]23)cc1,2.24496946,69
O=C(COC(=O)c1cc(O)nc2ccccc12)c1ccc(Oc2c(Cl)cccc2[N+](=O)[O-])cc1,2.993983883,2799
Cc1cc(C(=O)NCCC2=CSC3=NCCCN23)c2cccc(C)c2n1,0.675686709,1233
COc1ccc(-c2cn3c4ccccc4nc3n2CCO)cc1,1.625168348,1025
Cc1c[nH]c(CNCc2ccccc2CC(C)C)n1,1.552022986,2587
CN(C)C1(CNC(=O)Cn2ccc(=O)cc2)CCCCC1,0.723947976,2397
CC(C)c1nc(S(=O)(=O)N2CC3(CC3)c3ccccc32)c[nH]1,2.897040673,1855
COC1CCN(C(=O)Nc2cc(C(F)(F)F)cc(C(F)(F)F)c2)CC1,1.777847138,842
O=C(NCc1ccc(CO)c(F)c1)Nc1ccccc1,0.675686709,193
N#CCNC(=O)c1ccc(C#N)c(Cl)c1,0.675686709,2998
Oc1cccc(CN2CCN(c3ncc(Br)cn3)CC2)c1,1.467193589,1689
Cc1ncccc1NC(=O)OC(C)(C)C,0.675686709,2445
CCCNC(=O)C1(NCc2csnn2)CCCCC1,0.870228279,2049
CCc1nnc(Nc2cccc(C3CCCN(CC(=O)N4CCCC4)C3)n2)s1,1.687493289,1547
COc1ccccc1OC1CCN(Cc2ccccc2C#N)CC1,2.341915049,1402
CCc1nc2c(C)cc(N3CCN(CC(=O)N4CC(O)C4)CC3)cn2c1N(C)c1nc(-c2ccc(F)cc2)c(C#N)s1,2.032792967,51
Cc1nc(-c2ccc(Cl)c(Cl)c2)n(CC(C)(C)O)n1,0.675686709,554
Cc1noc(C)c1CSC(=N)N1CCOCC1,0.675686709,2482
Nc1ncnc2ccc(-c3ccnc(F)c3)nc12,0.675686709,2140
COc1ccc(CN2CCN(c3cc(C)nc(N)n3)CC2)cc1OC,0.675686709,768
O=C(c1cccs1)N1C[C@@H]2CCCN(C(=O)c3cccs3)[C@@H]2C1,0.762002969,918
c1ccc(Nc2nc(N3CCNCC3)nc(N3CCOCC3)n2)cc1,0.675686709,2447
O=C(Nc1nc(-c2ccccn2)cs1)c1ccc(F)cc1Cl,1.915083102,1418
CC(C)Oc1ccc(C#N)cc1NC1CCN(C)CC1,0.675686709,1901
CN(C)C(=O)c1ccnc(NCc2cccc(C#N)c2)c1,0.675686709,2246
Cn1cc(C(=O)O)c(C2CCCCC2)n1,0.675686709,1471
CCc1cnc(CN2C(=O)NC3(CCC3)C2=O)o1,0.675686709,1165
Cc1cccc(OC[C@@]2(O)CN(C[C@]3(O)CC[C@@H](C(C)(C)C)CC3)CC[C@@H]2O)c1,2.369189873,2265
COc1ccc(CN2CCC(n3c(=O)[nH]c4ccccc43)CC2)cc1F,1.224351745,1621
CC(C)Cn1c(=O)[nH]c(=O)c2c1nc1n2CCCCC1,0.856003454,1376
O=C(NCc1ccc(CN2CCS(=O)(=O)CC2)cc1)c1ccon1,0.675686709,2862
C[C@H](C(=O)Nc1nc2ccccc2[nH]1)N1Cc2ccccc2C1=O,0.675686709,1844
OCC1CN(c2nc3cc(F)ccc3o2)C1,0.675686709,2537
N#Cc1cccc(CN2CCOC[C@H](Oc3ccccc3)C2)c1,2.10850752,1430
CCCc1cc(CNS(=O)(=O)c2cc(-c3cnc(C)o3)ccc2C)on1,2.593232885,2450
Cc1noc(C)c1N(C)CCn1cncn1,0.675686709,2914
O=C(Cc1ccc2c(c1)OCCO2)NC1CCCCCC1,2.288186604,1389
CCc1nc(C)cn2nc(-c3cc(=O)n4cc(C5CCN(C)CC5)cc(C)c4n3)cc12,0.675686709,43
O=C(NCCN1CCC(c2ccccc2)CC1)c1ccc2ncsc2c1,1.182072104,713
Cc1ncc(CN2CC[C@@H](Nc3cncc(Cl)n3)[C@@H](C)C2)s1,1.878648159,49
COc1ccccc1NC(=O)CN1CCCN(c2nc(C)cs2)CC1,2.554656304,260
O=C(CSc1nc2nc(O)cc(O)c2s1)c1ccc(-c2ccccc2)cc1,2.14248958,190
CS(=O)(=O)c1ccc(-c2cnc(NCc3ccco3)n3cnnc23)cc1,1.195124423,1554
CC(=O)NCC(=O)N1[C@H]2CC[C@@H]1c1cc(Nc3ncc(C(F)(F)F)c(NC4CCC4)n3)ccc12,1.317394675,140
Cc1nc(-c2cnn(C)c2-c2ccc(C(F)(F)F)cn2)c2c(N3CCC3)ncnn12,1.735023717,1426
Cc1nc(NC(c2nccn2C)C2CC2)c2sccc2n1,1.64086885,397
O=C(NCc1cccc(O)c1)Nc1ccccc1F,0.675686709,1787
Cc1cc(C)c2ccc(C(=O)N3CCN(c4nc[nH]n4)CC3)cc2n1,0.675686709,2126
CN(C)CC(C)(C)CNc1cn[nH]c(=O)c1Br,0.931254406,2383
Oc1ccc(-c2noc(-c3cccnc3)n2)cc1,1.399206301,1810
C1CCC(OCc2noc(C3CC3)n2)CC1,1.532053339,1496
CC(=O)n1c(/C=C2/N=C(c3ccc(F)cc3)OC2=O)cc2ccccc21,2.035437744,1792
N#Cc1ccc2ncnc(N[C@H]3CC[C@H](N4CCOCC4)CC3)c2c1,0.983851719,2502
CCc1cc(CN(C)c2nccc(-c3ccc(C)nc3C)n2)on1,1.951230632,1232
COc1ccc(OC)c(S(=O)(=O)Nc2cccc(CCc3ccccn3)c2)c1,2.765215401,1284
Cc1cc(C)nc(NC(=O)N(C)C2CCC2)c1,1.966592226,956
Cc1cc(F)ccc1NC(=O)Cn1cncn1,0.675686709,1797
Cc1ccc2cccc(OCC(=O)N(C)c3ccccc3)c2n1,2.099366372,1075
CC(C)COc1ccc(C(C)(C)NCc2nnc(C3CCC3)o2)cc1,2.102111124,2687
CC(=O)N1CCC(Cn2ccnc2-c2cc3ccccc3s2)CC1,1.66738757,1398
CC(C)c1nc(O)c2nnn(C[C@@H]3CCCN(C(=O)C(C)(C)C)C3)c2n1,1.467874372,1020
COc1cc(-c2cnc(NC3CC3)nc2-c2cccs2)nc(OC)n1,1.539740839,2766
COc1cccc(OCCCn2cncc2-c2cc3c(cc2OC)OCCCO3)c1,1.22172713,717
NC(=O)Cn1ccc(-c2ccccc2)n1,0.675686709,811
CN1CCC[C@@H]1CCO[C@](C)(c1ccccc1)c1ccc(Cl)cc1,1.395134107,1653
CSc1nnc(CCCNc2cc(C)ccn2)n1C1CCCC1,2.141380783,2025
N#CN1CCC[C@H](n2nc(-c3ccc(Oc4ccc(F)cc4F)cc3)c(C(N)=O)c2N)C1,0.675686709,162
Cc1ccccc1C(=O)N1CCC(O)(Cn2ccnc2C)CC1,0.692053365,2567
Cn1ccc(CN2CCC(c3cnccn3)CC2)n1,0.675686709,721
Cc1nccc(N(C)Cc2ccc(N)nc2)n1,0.675686709,2426
N#Cc1cccc(CN2CCN(CCO)CC2)c1,0.798097932,1643
COc1cccc(CNC(=O)C2(C#N)CCOCC2)c1,0.675686709,2809
O=c1c2cccnc2ncn1[C@H]1CCCc2ccccc21,0.675686709,2527
CN(C)c1ccncc1CN1CCN(c2ccc(C(N)=O)cc2)CC1,0.675686709,2101
CCOc1cc(CNc2ccc(N3CCOCC3)c(C(=O)O)c2)cc(Cl)c1OC,1.32407658,1774
COc1ccc(COc2ccc(Cc3cnc(N)nc3N)cc2OC)cc1,1.124764984,1949
O=C(NCCc1nnc2n1CCC2)c1ccc2c(c1)CCC2,0.675686709,1476
Fc1ccc(-c2cc(C3CCNCC3)ccn2)cc1,0.675686709,1729
Cc1cnn(CCNC(=O)C2(Cn3cccn3)CC2)c1,1.008046306,2035
O=C1NCCSc2c1sc1ccc(O)cc21,1.688642252,136
O=C(CSc1nnc(-c2cccs2)[nH]1)N1CCCCCC1,1.595231596,1045
CN(CC(=O)Nc1cc(F)cc(F)c1)c1ccnc(C(N)=O)c1,0.675686709,781
CC(=O)N1CCc2cc(Nc3nccc(C(F)(F)F)n3)ccc21,2.115007739,1669
CC(C)CCn1ccc(NC2CCN(C(C)C)CC2)n1,0.675686709,2124
Cn1cnc2ncn(Cc3nc(CCc4ccc(Cl)cc4)no3)c(=O)c21,1.254403046,2244
O=C(O)CCC(=O)Nc1ccccc1-c1nc2ccccc2[nH]c1=O,0.675686709,1322
CC1CC(N)CCN1C(=O)c1cc(N2CCNC2=O)c(F)cc1F,0.675686709,3081
Cc1cc(C(=O)Nc2ccc(C)c(C)c2)n(-c2ccccc2)n1,1.986883651,1572
CCn1nc(CNC(=O)c2nc(C)c[nH]2)c2ccccc21,1.049334336,2423
O=C(CN1CCSC1=O)N1CCN(Cc2sc3ccccc3c2Cl)CC1,1.861659842,1803
Cc1cnc(N2CCSCC2)nc1N1CCSCC1,2.285411019,2269
Nc1ncnc2c1c(-c1ccc(Oc3ccccc3)cc1)nn2[C@@H]1CCCNC1,1.543708051,45
COc1ccccc1-c1ccc(CC2(C(=O)NC3CC3)CCOCC2)cc1,1.910592392,1525
Cc1ccc(NC(=O)OCC(F)(F)F)cn1,0.675686709,2161
CS(=O)(=O)N1CCC(Nc2ccc3ccc(F)cc3n2)CC1,0.771146349,1744
CCc1cc2c(OCC(=O)N3CCCC3)ncnc2s1,1.411383978,2956
CCCNC(=O)CSc1nc2cc(C)ccc2[nH]1,2.027512692,2122
COc1ccc(C)cc1-n1ccc(C(=O)Nc2c3c(nn2C)CCC3)n1,1.667069858,1276
O=C(NCc1ccccc1)c1ccc(NS(=O)(=O)c2ccc(C3CCCCC3)cc2)cc1,1.908683355,725
Cc1ccc(C(=O)NCCc2ccc(F)cc2)o1,1.342343711,2141
CN(C)CC(=O)N1CCC(c2ccc(NC(=O)c3nc(C#N)c[nH]3)c(C3=CCCCC3)c2)CC1,1.094051656,2485
Clc1ccc2c(c1)CCc1cccnc1C2=C1CCNCC1,0.675686709,2301
N#CCCCN1CCC(c2c[nH]c3ccccc23)CC1,1.376668186,697
c1ccc(Cc2cccc3cc4c(nc23)OCCNC4)cc1,1.389041983,1716
O=C(CC[C@@H]1CCCN2CCCC[C@H]12)NCc1cnc2c(c1)CCC2,0.675686709,2341
c1ccc(-c2noc(NCC3CCC3)n2)cc1,2.075900822,714
O=C1N=C2C=CC=CN2C12Cc1ccccc1C2,0.675686709,1007
Cc1cccc(NC(=O)CSc2nncs2)c1,1.354223723,2416
CCN(C/C=C/c1ccc(F)cc1)Cc1nc(COC)no1,1.413500935,209
COc1cccc(Cc2nc3sc4c(c3c(=O)[nH]2)CCSC4)c1,2.05330514,2644
CN1CCNc2nc3ccccc3nc21,1.869255194,2498
O=C(COCc1nc2ccccc2s1)N1CCC(n2c(=O)[nH]c3ccccc32)CC1,1.8360328,3008
CC(C)n1cnnc1SCOCc1ccccc1,0.675686709,1885
CS(=O)(=O)CCc1nc(C2(c3ccccc3)CC2)nn1-c1ccccc1,0.7513561,705
O=C1CC(N2CCCN(c3ccc(C(F)(F)F)cn3)CC2)C(=O)N1c1ccccc1,2.431194839,1859
CC(=O)Nc1cnn(CC2CCN(C)CC2)c1,0.675686709,1251
O=C(c1ccc(Cl)cc1)N1CCC(c2nnc3n2CCCC3)CC1,0.675686709,2464
Cc1nc(C)c(C(=O)Nc2cccc(-c3ccn[nH]3)c2)s1,1.139060079,2444
NC(CO)(CO)CCc1ccc(Sc2cccc(OCc3ccccc3)c2)cc1Cl,0.80140371,2816
Cn1ncc2c(Oc3cccc(C(C)(C)C)c3)ncnc21,1.564121376,947
Cc1cccc2cc(C(=O)NCCSc3nccn3C)n(C)c12,2.255783707,1627
COc1ccc(CN2CC(c3ccncc3)C2)cc1Cn1cccn1,1.034989216,2683
CN(C)Cc1cccc(N/C(=C2\C(=O)Nc3cc(C(=O)N(C)C)ccc32)c2ccccc2)c1,1.881681314,284
CN(Cc1ccc(-c2ccc(Br)cc2)o1)C(=O)c1cnn(C)c1,1.02094106,1821
COc1cc(CNc2nc3ccccc3nc2C)ccn1,1.041984501,1352
CONC(=O)c1c2c(nc3ccccc13)CCC2,0.675686709,2826
CN(Cc1ccc(N)nc1)c1ncccn1,0.675686709,1482
CCCc1cc(CNC(=O)N2C[C@@H]3C[C@H](C2)Cn2c3cccc2=O)on1,1.219663101,2312
Cc1cc(-n2ccnc2)ccc1C(=O)O,0.675686709,1858
CN(C)c1ncn(-c2cccc(N)c2)n1,1.185797047,829
COc1ccc(CNC(=O)c2cc(-c3cncc(C)c3)ncc2-c2nccs2)nc1OC,1.247703282,1240
CC(C)c1nc(O)c2nnn(C[C@@H]3CCCN(Cc4cccs4)C3)c2n1,1.506505032,496
CCCc1cc(C(=O)Nc2ccc(-c3nnc(C)[nH]3)cc2)no1,2.117234827,2170
Fc1ccccc1-c1noc(-c2ccc(NCCc3cnccn3)nc2)n1,1.007064656,1401
Cc1ccc(-c2nnc(SCCn3cccn3)[nH]2)cc1,1.986337222,1798
Cc1ccnc(N2CC(O)(c3ccc(F)cc3)C2)c1C#N,1.995959697,2534
Cc1ccc(C)c(NC(=O)c2cccc(-c3ncon3)c2)c1,1.619886029,2744
CCN1CCN(S(=O)(=O)c2c[nH]c(C(C)C)n2)c2ccccc21,2.412445427,2569
CC(C)c1cc(C(=O)Nc2ncccc2Cl)no1,1.94610823,2813
CS(=O)(=O)N1CCN(Cc2cc3nc(-c4cccc5[nH]ncc45)nc(N4CCOCC4)c3s2)CC1,1.1700566,2880
CC(C)NC(=O)CN(C#N)c1ccccc1,0.675686709,3004
O=C1c2cccc3cccc(c23)C(=O)N1CCN1CCOCC1,1.081563321,1527
CCN1CCN(c2ccc(NC(=O)c3ncoc3-c3ccc4ccccc4c3)cc2)CC1,1.281056105,1732
CCN(C(=O)c1cc(NC(C)=O)ccc1F)C1CCCC1,1.799271608,888
CN(C)c1ccc(-c2ccc(C(=O)NCCN3CCCC3=O)cc2)nn1,0.675686709,2277
Cc1ccnc(NC(=O)CN(C)C(=O)c2ccc(Cl)cc2)c1,1.217194318,369
Cc1nc(NCC(C)(C)c2ccccc2)n(C)n1,1.030721129,1421
CCN(CC)C(=O)c1ccc(C2=CC3(CCNCC3)Oc3cccc(O)c32)cc1,0.954290762,2478
c1cnc(N2CC(c3nc4ccccc4[nH]3)C2)nc1,1.00548081,1521
Cc1ccc(OCC(=O)Nc2ccncc2)c(C)c1,1.720200663,1794
O=C(NCc1nncn1-c1ccccc1)C1CCCC1,0.675686709,942
O=C(NCC1CCC1)c1ccc(-n2ccnc2)nn1,0.920384242,819
Cc1cc(=O)oc2cc(NC(=O)[C@H](CCCCN)NC(=O)[C@H](CC3CCCCC3)NC(=O)OCC3c4ccccc4-c4ccccc43)ccc12,0.675686709,2639
O=C(c1ccccn1)N1CCCC(c2cccc(-c3cccc(Cl)c3)n2)C1,2.213581502,1176
COc1ncccc1CNc1c(C#N)cnc2c(C)cc(F)cc12,2.192057039,2995
Cc1ccccc1CS(=O)(=O)c1ncc(Cl)c(C(=O)Nc2sc3c(c2C#N)CCCC3)n1,2.754670155,2685
O=C(NCc1cnn2cccnc12)c1ccccc1-n1cnnc1,0.675686709,1860
CCn1nccc1-c1cc(CC2CCNCC2)ncn1,0.675686709,1378
Cn1ccc(NC(=O)[C@H]2CCCCN2C(=O)OC(C)(C)C)n1,0.675686709,894
Cc1cccnc1NC(=O)c1csc(-c2ccccc2)n1,1.731991449,1799
O=C(NCC1CC1)c1ccc(-n2ccnc2)nc1,0.675686709,1204
Cn1ncc2c(Oc3cccc(Oc4ccccn4)c3)ncnc21,1.005952287,1480
CN1CCc2ccc(C(=O)NCCC(=O)Nc3cccnc3)cc21,0.791409916,2169
COc1ccncc1NCc1ccc2c(c1)OCCO2,1.251492215,1108
c1sc(NCC2CCCO2)nc1C12CC3CC(CC(C3)C1)C2,1.65965003,3082
CN(Cc1ccc2c(c1)OCO2)Cc1ccccc1C#N,1.943261973,550
CCCc1nnc(NCc2cn3ccc(C)cc3n2)o1,0.675686709,1422
Cc1cc(NC2CCCC2)nc(C2CCNCC2)n1,0.675686709,419
O=c1c2cccnc2ncn1Cc1ccc2c(c1)CCCC2,1.411888952,2661
CCN1CCc2ncnc(N(C)Cc3ccc4c(c3)OCCO4)c2C1,2.057434063,1420
Cc1nccc(-c2cccc(-n3ccnc3C(C)C)c2)n1,1.549260818,363
Cc1[nH]nc(CCC(=O)NCCCOC2CCCCC2)c1C,1.80260271,2201
O=C(O)c1cnn(-c2ccncc2)c1C(F)F,0.675686709,1660
CCN1CCN(C(=O)CNc2ncnc3onc(C)c23)CC1,0.675686709,2077
CCOC(=O)c1cccnc1-c1ccc2[nH]ccc2c1,1.936523795,1455
Cc1cc(C(=O)Nc2ncccc2C)c2ccccc2n1,1.137164145,1648
COc1ccc(CN2CCc3nc(-c4cccnc4)nc(O)c3C2)c(C)c1C,1.283007076,1228
Cc1nc2ncccn2c1C(=O)N(CC#Cc1ccccc1)C1CCCC1,1.804405246,706
Cc1nccc(-c2ccc(-c3noc(CN4CCOCC4)n3)cc2)n1,0.675686709,373
Cc1ccc(N2CCN(C(=O)c3c(C)nc4sccn34)CC2=O)cc1,0.675686709,1395
O=C(CSc1ncn[nH]1)N(C1CCCCC1)C1CCCCC1,2.077872774,752
O=C(CCc1ccc(-c2ccccc2)o1)N1CCC(n2c(=O)[nH]c3ccccc32)CC1,2.405773101,2871
Fc1ccc(F)c2c(NCc3ccc(N4CCOCC4)nc3)ccnc12,1.608472546,1105
O=C(Nc1nnc(SCc2ccc(F)cc2)s1)C1CCC1,1.71590311,2318
Cn1cnnc1NC(=O)c1cnn2c1CCCC2,0.675686709,2395
Cc1ccc(C)c2c(O)cc(CN3CC(c4ccccn4)C3)nc12,1.562447517,945
Cc1ccnc(C2CCN(C3CCCC3)CC2)n1,0.675686709,1435
CC1CCC(CNC2(CCO)CCOCC2)CC1,0.675686709,2199
C[C@@H](CN1CCC(n2c(=O)[nH]c3cc(Cl)ccc32)CC1)NC(=O)c1ccc2ccccc2c1,2.018920918,1736
Cn1c(C(=O)N2CCN(CCc3ccccc3)C(=O)C2)cc(=O)n(C)c1=O,0.675686709,1531
COc1ccccc1-c1nc(C(=O)O)cs1,0.675686709,1142
CN(C)C(=O)C1(Cc2ccccc2-c2cccc(F)c2)CCN(C(=O)C2CC=CCC2)CC1,2.998834093,99
Cc1ccc(C)c(S(=O)(=O)N2CCCN(C3CCC3)CC2)c1,2.329505677,1134
Oc1cc(F)ccc1-c1nc(-c2ccncc2)no1,1.632771005,3038
COc1ccc(CCn2c(C)c3c(=O)n(-c4nc5ccccc5s4)[nH]c3cc2=O)cc1,1.730354228,1649
CC(C)(C)n1ncc(C(=O)N2CCCn3ncnc32)c1C(F)(F)F,1.445012288,1042
COc1cc(C)cc(OC)c1-c1ccc(OCC(N)=O)cc1,0.675686709,3026
Cc1nn(CCC#N)c(C)c1Oc1ccccc1O,0.675686709,853
CN1CCC(=C2c3ccccc3CCc3sccc32)CC1,1.179810223,2475
CC(C)c1nnc(NCc2cc(F)cc(F)c2)o1,0.675686709,2623
Cc1cc(C(F)(F)F)nc(CCNC(=O)N(C)Cc2ccncc2C)n1,2.296162609,2413
O=C(Nc1ccc(F)cc1)c1cc(C2CC2)nn1-c1ccccc1,1.315823458,1567
CN1CCN(S(=O)(=O)c2ccc(C(F)(F)F)nc2)C(C)(C)C1,1.625353614,2237
Cc1cc(N2CCCCC2)nc(CNC(=O)c2ccccc2Cl)n1,1.751756258,254
Cc1nonc1C(=O)Nc1cccnc1N(C)C,1.220918364,2931
C[C@H]1Oc2cc(cnc2N)-c2c(nn(C)c2C#N)CN(C)C(=O)c2ccc(F)cc21,0.675686709,2658
c1ccc(N2CCOCC2)c(CNc2cc(N3CCCC3)ncn2)c1,2.278454063,2042
O=C(NC1CCCC1)C1=CCN(C(=O)C2CC2)C1,0.675686709,2241
CN(C)Cc1ccnc(NC(=O)c2ccsc2)c1,0.82445127,3016
c1nc(NC2CCN(C3CC3)CC2)c2sccc2n1,1.24089854,940
C[C@@H](c1ccccc1)N(C)C(=O)NCCN(C)CCO,0.675686709,2329
CN1C(=O)CCc2cc(NC(=O)C(C)(C)c3ccccc3F)ccc21,1.466897264,1637
CN(Cc1ccccc1Br)C(=O)Nc1ccc(C(=O)N2CCCC2)cc1,1.165184952,1461
CC(c1ccccc1)N1CC(C(=O)N2CCC(n3c(=O)[nH]c4ccccc43)CC2)CC1=O,1.506816098,1800
CN(Cc1ccc(Br)o1)C(=O)CN1CCCC1=O,0.675686709,1029
CCCCNc1nc2c(cc1C#N)CCC2,2.354563633,2940
Cc1ncccc1CNc1ccc(CC#N)cc1,1.259522207,2270
CCc1cc(NCc2cccc(OCCOC)c2)ncn1,0.967641564,463
COc1cccc(CN(C)c2cc(N3CCCC3)ncn2)n1,2.106068448,2477
N#Cc1ccc(-c2csc(CCN3CCCC3=O)n2)cc1,0.764176132,291
Cc1noc(CC2CCN(Cc3cccnc3)CC2)n1,0.754883228,2814
Cc1nnnn1CCN(C)c1ccccc1,0.944482672,1534
Cn1cc(C(=O)NCCc2c[nH]c3ccccc23)c(-c2cccnc2)n1,1.558300478,1101
Cc1cccc([C@H]2CN(C(=O)C3CCCC3)[C@@H]3CCN(CC4CC4)C[C@H]23)c1,2.743977516,1896
NC(=O)c1cnc(N2CCc3[nH]nc(C(F)(F)F)c3C2)c(Cl)c1,0.675686709,3079
CC(C)Cc1ccccc1CNCc1ccc2[nH]cnc2c1,1.746400644,2509
CC(C)(C)n1cc(CNc2cccnc2)cn1,0.675686709,1392
Cc1ccsc1-c1nsc(NC(=O)CN(C)C)n1,0.675686709,2191
Cc1cnc(C(=O)NCCc2ccc(S(=O)(=O)NC(=O)NC3CCCCC3)cc2)cn1,0.675686709,104
CCNc1cc2c(nn1)CCN(C(=O)Cn1ccc3ccccc31)C2,0.675686709,2693
O=C(Nc1ccc2c3c(cccc13)CC2)c1ccnc(-n2cncn2)c1,2.092134408,1565
CNC(=O)c1sc2ncccc2c1[C@H]1CC[C@H](CNC(=O)COc2ccccc2)CC1,2.011138895,538
O=C(Nc1cn(CCOCC(F)(F)F)nc1-c1ccccn1)c1coc(-c2cn[nH]c2)n1,1.713767664,2294
Nc1ccc(C(=O)N2CCOCC2)c(Cl)c1,0.675686709,1372
CN1CCN(c2cccc(C#N)n2)CC1,0.675686709,2754
CCCN(CCC1=CCCCC1)C(=O)c1cc(C(F)F)n[nH]1,1.819023787,2031
Cc1nn(C)c2ncnc(N(C)Cc3cccc(Cl)c3)c12,1.451939869,1307
CN(CC(=O)Nc1cccc(S(=O)(=O)N2CCCC2)c1)C1CCCCC1,2.778966957,2548
CC(C)c1cnc(COc2ccc(Br)nc2)o1,1.863370451,1222
Cc1ccc(F)cc1NCc1csc(-c2cnn(C)c2)n1,1.604334073,2929
Cc1cc(F)ccc1-c1nc(CCn2c(C)nc3ccccc32)no1,2.600096893,2601
Cc1c(Cl)ccc2cc3n(c12)[C@@H](C)CNC3=O,1.034949147,44
O=C(Nc1ccccn1)c1cccc2ccccc12,2.118876211,1802
C=CCNc1ncc(-c2cnccn2)c(C2CC2)n1,1.113575717,2409
CC(C)c1noc(-c2ccc(N)cc2)n1,1.673030128,2883
Cc1cc(NC(=O)c2cc(F)cc(F)c2)sn1,2.114844413,2957
CCS(=O)(=O)CC(=O)Nc1cc(C)ccc1C,0.675686709,1805
C=CCNC1=C2C[C@@H](C)C[C@@H](OC)[C@@H](O)[C@@H](C)/C=C(\C)[C@@H](OC(N)=O)[C@@H](OC)/C=C\C=C(/C)C(=O)NC(=CC1=O)C2=O,2.688916129,2832
Cc1cc2occ(CC(=O)NC3CCN(C)CC3)c2cc1C(C)C,1.141857223,1310
O=C(Nc1ccccc1-c1cn2c(CN3CCNCC3)csc2n1)c1cnc2ccccc2n1,0.979548375,1659
C[n+]1cc2c3c(ccc2c2ccc4cc5c(cc4c21)OCO5)OCO3,0.915452602,929
C=CCN(Cc1cccnc1)c1nc(C)nc2sccc12,2.273702525,1211
COC(=O)Nc1ccc(Oc2nc3ccccc3o2)cc1,0.675686709,1288
Clc1ccc2c(Oc3cccnc3)ncnc2c1,1.222404291,273
Cc1ccc2occ(CN3C[C@H]4CCCN4C[C@H]3C)c(=O)c2c1,1.379686152,1890
O=C(CCc1cccs1)Nc1ccc(N2CCOCC2)cn1,1.335197045,688
CCc1nnc(NC(=O)Cc2c(C)noc2C)s1,0.675686709,740
CN(CC(=O)Nc1cccc(F)c1)C(=O)c1cccc(C#N)c1,1.422031431,417
C(=C/c1ccccc1)\CNCc1ccc2c(c1)OCO2,1.590016582,1469
Cc1noc(C(C)C)c1C(=O)Nc1ccccn1,1.453914321,1336
N#CCn1ncnc1-c1cccc(C#N)c1,0.675686709,2323
CCCC(=O)NCC(=O)Nc1cnc(N2CCN(C)CC2)nc1,0.675686709,1333
Cc1cc(C#N)cc(N2CCc3c(ncn3CCc3ccccc3)C2)n1,2.988805463,2309
CN(C)C(=O)C(C)(C)NC(=O)OC(C)(C)C,0.675686709,2304
COCc1ccc(SCC(=O)NC2CCCC2)cc1,1.521974472,2251
Cc1cccn(Cc2cccnc2)c1=O,0.675686709,939
Cn1c(-c2ccc(F)cc2)cnc1NC(=O)CCC(=O)N1CC(=O)Nc2ccccc21,1.606972206,857
COc1ccc(OCc2n[nH]c(-c3n[nH]c4c3CCC4)n2)cc1,1.706350738,2491
CC(C)CCN1CCC(CNC(=O)C2CC=CC2)CC1,1.098158983,2655
CCOc1cc2c(cc1CCC(=O)N1CCC(Cc3ncncc3C(N)=O)CC1)CCC2,2.751297584,1791
COc1ccc(N)c(OCc2ccccc2)c1,2.01301428,2118
Cc1cc(C)n(-c2ccc(CNC(=O)C3CCC3)cn2)n1,0.987934265,754
Cc1ccc(C)c(C(=O)Nc2cnc3c(c2)c(C)nn3C)c1,0.814380794,671
Cc1ccc(OC[C@@H](O)[C@H](C)NC(C)C)c2c1CCC2,2.092731169,2457
COc1ccc(=O)n(Cc2noc3c2CCCC3)n1,1.055836851,2433
Cc1cccc(/C=N/Nc2cc(N3CCOCC3)nc(OCCc3ccccn3)n2)c1,2.115533963,3052
CC(=O)N1CCCN(C(=O)Nc2ccc(N(C)C3CCCCC3)c(F)c2)CC1,2.01371757,827
Cc1nc2ccccc2n1Cc1ccc(C(=O)O)cc1,0.675686709,1255
Cc1nc(-c2ccccc2)ccc1C(=O)NC1CCCC1,0.675686709,1652
CC(=O)N1CCCN(Cc2c(C)nn(C)c2Cl)CC1,1.063971007,1369
COc1cccc([C@@H](C)n2cnc3cn(C)nc3c2=O)c1,0.675686709,2588
O=C(Nc1cccc2cnccc12)c1cccc(F)c1,1.543235884,1745
CN1C(=O)N(CC(=O)NCc2ccc(Cl)cc2)C(=O)C12CCCCC2,2.900687678,656
Cc1oc(C)c(C(=O)N2CCNC(=O)C2)c1Br,0.675686709,1474
O=C(c1ccc(Oc2ccccc2)cc1Cl)c1c[nH]c2ncnc(N[C@@H]3CC[C@@H](CO)OC3)c12,0.675686709,28
O=C1CCCN1CCCN1CCC(n2c(=O)[nH]c3ccccc32)CC1,0.675686709,1704
c1cnc(NCc2cccc(-c3cccnc3)c2)nc1,1.292056605,2248
CCCN(CCC1=CCCCC1)C(=O)Cc1n[nH]c(=O)[nH]1,0.675686709,1934
N#Cc1ccc(Cn2cncn2)c(F)c1,0.675686709,1087
CNCc1cc(NC)nc(C2CCCN2C(=O)COc2ccccc2OC)n1,0.675686709,2486
CN(Cc1cccc(C#N)c1)c1cnc2ccccc2n1,1.876950671,1508
Cc1ccc(C2(O)CCN(Cc3cn(C)c4ccc(F)cc34)CC2)cc1,1.814560548,1533
COc1ccc(-c2nc(NC(C)C)ncc2-c2ncc[nH]2)cc1,1.427518566,2352
Cc1ccc(C(=O)NCC#Cc2ccccc2)cn1,0.675686709,954
Nc1nc(N2CCN(CC3CCCC3)C(=O)C2)cc(-n2cccn2)n1,1.673665876,2975
Cc1ccc(C(=O)N2CCC(Cc3ccccc3-c3ccccc3)(C(=O)N(C)C)CC2)s1,2.885344821,50
O=c1oc2cccnc2n1Cc1cnn(-c2ccccc2)n1,0.675686709,3034
Cc1nccc(-c2cccc(NCC(=O)NCc3ccccc3)c2)n1,1.79805645,2718
Cc1cc(Nc2ccc(F)cn2)cc(C2CCN(C(=O)COc3ccccc3)C2)n1,2.02619812,1975
CN(C)CCSc1nnnn1-c1ccc(Br)cc1,1.456214155,1872
c1ccc(-n2cnc3cc(NCc4ccccn4)ccc32)cc1,1.355029856,1784
CCc1nnc(NC(=O)c2ccc3cc(OC)ccc3n2)s1,1.554864538,1545
Cc1cc(C)nc(NCc2cnc(C)c(C)c2)n1,1.09805504,1457
CC(C)CN(c1ncnc2c1cnn2C)C1CC1,1.703334375,460
Cc1nc(NCc2ccc(F)c(Cl)c2)n(C)n1,0.890253305,665
COc1c(C)cnc(Cn2cnc3c(Cl)nc(N)nc32)c1C,0.927195258,2850
Cc1nc2cc(NC(=O)Cc3c(C)nc4ccccc4c3C)ccc2o1,0.932270776,701
c1ccc(CN2CCn3nccc3C2)cc1,0.675686709,1514
O=[N+]([O-])c1ccc(S(=O)(=O)Nc2cccc(-c3nc4ccccc4s3)c2)cc1,2.426972962,2741
CC(C)(C)OC(=O)N1CCCC1C(=O)N1CCC(C(=O)N[C@@H](Cc2c[nH]c3ccccc23)C(=O)O)CC1,0.675686709,3054
CCOc1c2c(c(OCC)c3ccccc13)C(=O)N(c1ccc(CC(=O)NS(=O)(=O)c3ccccc3)cc1)C2,0.675686709,2215
CN(CCOc1ccccc1)CC(=O)NCCc1ccccc1,2.426867334,2531
N#Cc1cccc(CN2CCC=C(CNC(=O)c3cccs3)C2)c1,1.753621355,292
Cc1ccc(C#N)c(NC(=O)CCc2ccccc2)n1,1.046690221,3027
CO[C@H]1COCCN(C(=O)c2cccnc2)C1,0.675686709,892
CCN(Cc1nc2cc(Cl)ccc2c(=O)[nH]1)C(=O)COc1ccccc1Cc1ccccc1,2.352111095,1817
C#CCN1CCN(Cc2nc(O)cc(C(F)(F)F)n2)CC1,0.675686709,1695
N#Cc1ccccc1N1CCC(N)CC1,1.345099146,1086
Nc1c(C(=O)NCC2CCCO2)sc(=S)n1-c1ccc(Cl)cc1,1.548143692,3039
[2H]c1nc(C)nc([2H])c1-c1cc(NC[C@@H](C)c2cccc3c(C(=O)NC)ccnc23)ncn1,0.733357788,1864
COC(=O)c1cccc2c1CCCN2C(=O)c1ccc(F)cc1F,3.060029646,1972
O=C(c1cn(Cc2cncn2Cc2ccc(Br)cc2)cc1-c1cccc2ccccc12)N1CCOCC1,2.17634597,2065
CC(C)NC(=O)COc1cccc(-c2nc(Nc3ccc4[nH]ncc4c3)c3ccccc3n2)c1,1.630824356,9
C[C@@H](c1ccc2ccc(O[C@H]3CC[C@@H](C(F)(F)F)CC3)c(C(F)(F)F)c2c1)N1C2CCC1CC(C(=O)O)C2,0.879841056,702
CCCC1(CNC(=O)Cn2ccc(=O)cc2)CCC1,0.675686709,2412
CSc1ccc(CN(CCO)C(=O)CCc2cccc(F)c2)cc1,2.17858274,1619
Cc1cc(CN2CCC(N(C)c3ncc(Cl)cn3)CC2)on1,1.205312653,2563
Cc1ccnc(NCc2cccnc2)n1,0.675686709,1943
Cc1nc(CN2CCC(CNC(=O)COc3ccccc3Cl)CC2)c[nH]1,0.675686709,2271
Cc1cc(C(=O)Nc2nnc3n2CCCC3)n(C)n1,0.675686709,2343
Cc1cc2ncn(CC(=O)NC(C)(C)C)c2cc1C,0.675686709,1138
CN(CCN1CCCCC1)c1cncc(C(N)=O)n1,0.675686709,2354
CC(=O)N[C@H]1CC2(CCN(C(=O)COc3cc(C)c(Cl)c(C)c3)CC2)OC[C@]1(C)O,1.387425423,2216
Cc1ncsc1CCN1C(=O)NC2(CCCC2)C1=O,0.675686709,3014
O=C(CN1CCCC1=O)N1CCc2nc3sccc3c(=O)n2CC1,0.675686709,2732
O=c1c2ccncc2ncn1[C@H]1CCN(Cc2ccccc2)C1,1.353800865,2050
O=C(COCC1CC1)N1CCCc2ncccc21,1.139060079,650
C[C@@H](Oc1cc(-c2cnn(C3CCNCC3)c2)cnc1N)c1c(Cl)ccc(F)c1Cl,1.364794807,1642
CN(CC1CCC1)C(=O)C1CCN(c2ccc3nncn3n2)CC1,0.887561041,2505
Cc1cc(C)cc(C(=O)Nc2c(C#N)cnn2C)c1,1.435939875,1522
Cc1nc(CN2C(=O)CN(C3CCCC3)C2=O)nc2ccccc12,0.675686709,858
O=c1c(-n2ccnn2)c[nH]n1-c1cc(N2CCOCC2)ncn1,0.675686709,1059
O=C(C1CC1)N1CCC(CNS(=O)(=O)N2CCCCCC2)CC1,1.60686484,2430
C[C@H](c1nc(=O)c2cnn(C3CCOCC3)c2[nH]1)N1CC(Oc2ccccc2)C1,1.438194141,2076
CCOC(=O)c1ccc(-n2cc(Cc3cnc(OCC)nc3)c(=O)nc2SCc2ccc(F)cc2)cc1,1.963367491,2535
COc1cccc(NC(=O)[C@H]2CCCN(S(=O)(=O)c3ccc(C)cc3)C2)c1,1.580411726,876
O=c1ccc(-c2ccc(F)cc2)nn1Cc1ccncc1,0.888684847,1193
CN(C)c1cccc(C2CCN(c3ncccn3)CC2)n1,1.975017998,1658
CC(=O)N1CCC2(C=Cc3cc(C)c(C)cc3O2)CC1,1.092194121,1990
COc1ccc(NC(C)=O)cc1NC(=O)CN(Cc1ccccc1)C(C)C,3.128647043,2284
CSc1ncccc1C(=O)Nc1ccc(N2CCCCC2=O)cc1,0.675686709,782
Cc1cccc(NCCN2C(=O)CCC2=O)n1,0.675686709,1966
Cc1nc(-c2cc(C)on2)n(CCc2ccccc2)n1,1.964127577,884
CC(C)(C)c1ccc(C(=O)Nc2cn3cc(-n4ccnc4)ccc3n2)cc1,1.781252594,145
CCc1ccc(S(=O)(=O)NCc2ccnc(N3CCCC3)n2)cc1,2.49343156,934
Cc1cc(Cn2cnc(C#N)c2C#N)c2ccccc2n1,0.675686709,2311
COc1cccc(OCCCn2cncc2-c2cc3c(cc2C)n(C)c(=O)n3C)c1,1.584059705,199
CC(c1nnc(-c2cccs2)o1)N1CCC(n2c(=O)[nH]c3ccccc32)CC1,1.257318513,1439
N#CCN1CCC(CNC(=O)c2c(F)ccc(F)c2F)CC1,0.682415862,2529
Cc1ncc(C)n2nc([C@@H]3C[C@H]3c3nc4c5cccnc5ccn4c3C)nc12,1.207149453,2144
Cc1cc(N)n(-c2ncnc3sc(C)c(-c4ccc(Cl)cc4)c23)n1,1.974212235,498
COc1ccc(OC)c(Cn2cnc3cn(C)nc3c2=O)c1,0.675686709,2420
O=C(NCCc1ccc(F)cc1)n1ccnc1,1.598757687,3028
Cc1cc(C)nc(SCC(=O)N2c3ccccc3C(C)(c3ccccc3)CC2(C)C)n1,3.372714293,2783
CC(C)N1CCN(CCCSc2ccccn2)CC1,2.10818942,2171
c1nn(C2CCOCC2)cc1Nc1ncc2nnn(-c3ccc4cn[nH]c4c3)c2n1,1.985754205,1911
Cn1cnnc1-c1cccc(NS(=O)(=O)c2ccc(N3CCCC3=O)cc2)c1,0.675686709,1604
Cc1ccc(OCc2noc(-c3ccsc3)n2)cn1,1.748823493,1520
COc1cc(Nc2cc(-c3cccc(C#N)c3)ccn2)ccc1N1CCN(C)CC1,0.76930346,147
O=c1[nH]c2cnccc2n1Cc1ccccc1,0.675686709,1381
COCC1(CNC(=O)c2ccc(-n3cccn3)cc2)CCC1,1.260357642,2302
Cc1nc(N2CCc3c(ncn3C)C2)c2c(C)c(C)sc2n1,1.974221452,974
CN(C[C@@H]1COCCO1)S(=O)(=O)Nc1ccc2ccc3ncc(-c4cnn(C)c4)cc3c(=O)c2c1,1.646717325,1516
O=C(NC1CCN(c2ccc(OC(F)(F)F)cc2)CC1)N1CCC1,0.675686709,1021
O=C1NCCN(C(=O)c2ccncc2)C1c1ccccc1Cl,0.675686709,59
Cc1ccc(CN(C)c2ncnc3c2cnn3C)o1,1.283052343,1207
Cc1csc(NC(=O)c2ccc(-c3ccncc3)cc2)n1,1.552510041,1432
Cc1cc(C(=O)N2CCS(=O)(=O)CC2)c(C)o1,0.675686709,2873
Cc1cc(-c2nncc3c(C(C)(C)C)c(OCc4ncnn4C)nn23)no1,0.675686709,2510
COc1cc(C(=O)O)c(N)c(OC)c1OC,0.675686709,1237
Cc1cccc(OCCn2c(N)nc3ccccc32)c1,0.693287157,1734
CCCC(=O)Nc1cnc(N2CCN(C)CC2)nc1,0.675686709,1120
O=C(CCc1ccc(Cl)cc1)N1CCCC(c2n[nH]cc2-c2cccc(F)c2)C1,2.968260608,1465
CC(C)(C)Sc1c(CC(C)(C)C(=O)O)n(Cc2ccc(Cl)cc2)c2ccc(OCc3ccc4ccccc4n3)cc12,1.458411201,844
CC(C)c1nnc(CNc2ncc(Br)cn2)n1C,0.675686709,1996
CCCN(Cc1ccccc1)C(=O)CC1(N)CCC1,0.675686709,643
COc1cc2c(cc1OC)[C@@H]1Cc3ccc(OC)c(OC)c3CN1CC2,0.762078087,2612
CCc1cccc(C)c1NC(=O)c1ccc(C)o1,0.675686709,1889
O=C(NCCCn1ccnc1)N1CCC12CCC2,0.675686709,372
CN(Cc1ccc(Cl)cc1)C(=O)c1ccc(-n2ccnc2)nc1,0.675686709,1441
Nc1ncc(-c2cc(C3C4CN(C5COC5)CC43)n(CC3CC3)n2)cc1C(F)(F)F,1.11320777,156
Cc1oc2ccccc2c1CNc1nnc(-c2ccncc2)o1,1.523538372,113
O=C(c1ccc(NS(=O)(=O)c2cccc3cnccc23)cc1)N1CCCC1,1.427112676,2331
Cc1cncc(CN2CCC(=C3c4ccc(Cl)cc4CCc4cccnc43)CC2)c1,2.708153952,2664
CC(=O)NC1CCC(NCCSc2ccc(C)cc2)CC1,1.808946556,2183
c1ccc(-c2ccc(CN3CCCCCCC3)cc2)cc1,1.596179092,167
O=C(Nc1ccc2c(c1)OCCCO2)c1cnn(Cc2ccccc2)c1,0.781611782,640
Cc1ccc(-c2ccnc(N3C[C@@H](C)NC[C@@H]3C)n2)c(C)n1,0.675686709,1354
Cc1cccnc1NC(=O)CCn1cnc2ccccc21,0.675686709,429
CCn1nccc1CNc1ncccn1,0.675686709,1886
COCCc1nsc(Oc2ccc(C)cc2Br)n1,2.170475875,2402
O=C1CN(C(=O)c2ccc(Cl)cn2)CCN1CCc1ccccc1,0.860517677,2585
CCNc1ccnc(N(C)Cc2nc3ccccc3n2C)n1,1.469100046,1583
Cc1nn(C)c(C)c1C(=O)NCc1ccccc1,0.675686709,699
CC(C)Cc1nn(C)c(=O)c2c(SCCCO)n(Cc3cccc4ccccc34)cc12,2.436576064,2096
Cc1nc(O)cc(C2CN(C3CCCCC3)C2)n1,0.675686709,868
c1ccc(-c2n[nH]c(C3CCN(c4cnc5ccccc5n4)CC3)n2)cc1,1.02796086,715
O=C(O)c1ccccc1-n1cnc(CN2CCCC2)c1,0.675686709,847
CC(C)(C)NC(=O)Cn1nc(C(c2ccccc2)c2ccccc2)oc1=O,1.350616237,1060
CCNC(=O)c1cc(C2CC2)nc2c1c(C)nn2-c1ccccn1,1.412443747,329
Cc1nc2n(c1CN1CCN(c3ncccn3)CC1)CCCC2,1.463370327,2045
CC(C)c1nc(/C=C/c2cnn(C)c2)ncc1C(=O)O,0.675686709,2804
O=C(C(c1ccccc1)c1ccccc1)N1CCOCC(Cc2ccc3cnccc3c2)C1,2.60607381,591
O=C(O)c1cnc(/C=C/c2csc(-c3ccsc3)n2)s1,0.895864351,1450
Cc1ccc(CNc2ncnn2C)nc1,0.675686709,2379
CN(CCN(C)C1CCCC1)C(=O)c1ccc(-c2nc[nH]n2)cc1,0.675686709,1813
COc1cc2ncnc(Nc3ccc(F)c(Cl)c3)c2cc1OCCCN1CCOCC1,1.83466862,1202
Cc1nnc(-c2ccc(N3CCC(Oc4cc(F)ccc4Cl)CC3)nn2)o1,0.675686709,3056
O=C(Nc1ccn(Cc2ccc(O)cc2C(F)(F)F)n1)c1c(F)cccc1F,1.222690465,521
COc1ccc(C(=O)N2CCCC2)cc1NC(=O)c1cc(F)c(F)c(F)c1F,0.675686709,1832
CCc1nc2cc(-c3c(OC)cccc3OC)ccc2o1,1.695253962,173
c1cc(CNc2ncc(-c3cnccn3)c(C3CC3)n2)ccn1,1.397870516,2239
O=C(CC1c2ccccc2CCc2ccccc21)NCCN1CCOCC1,2.117606004,2149
Cc1ccc2c(c1)C(=O)CC1(CCN(C(=O)c3ccc4nc(C)cc(O)c4c3)CC1)O2,1.264274615,1524
O=C(Nc1ccc(C(=O)O)c(O)c1)c1ccc(NC(=O)c2cccs2)cc1,0.675686709,907
C=C(C)COc1cccc(C(=O)NCc2nncn2C2CCCCC2)c1,2.199618068,1249
O=C(Nc1cccc(-c2nncn2C2CC2)c1)c1cc(-n2cnc(C3CC3)c2)ccn1,0.909876818,40
Cc1cnc(-c2nc(NCc3ccccn3)ncc2-c2onc(C)c2C)cn1,2.066225262,1185
c1cncc(-c2nnc3n2[C@H]2CN(Cc4cccs4)C[C@H]2CC3)c1,0.858236335,2281
CC(C)Cc1sc(N)nc1-c1ccc(P(=O)(O)O)o1,0.675686709,1058
O=C(CN1CCCC1=O)NCC1(CO)CCCC1,0.675686709,2104
c1ccc2nc(NCCn3ccnc3)cnc2c1,0.941809473,2648
Cc1cc(C)c(S(=O)(=O)Nc2ccc(N(C)C)cc2)c(C)c1-n1cnnn1,2.07120796,1125
Cc1cccc(C)c1OCCn1nnnc1C,0.675686709,2634
O=C(Nc1ccn(CC(F)F)n1)NC1CCN(C2CCCC2)CC1,0.675686709,2046
COc1cc2cc3c(nc2cc1OC)OCCN(C1CCCCC1)C3,1.520588327,2228
Cc1nc([C@H]2CC[C@H](CNC(=O)CN3CCC(c4ccccc4)CC3)CC2)ccc1C(N)=O,1.57209289,802
CNC(=O)CN(C)c1cccc(F)c1C#N,0.675686709,577
O[C@@H]1C[C@@H](c2nc(-c3cccnc3)no2)N(CCCc2ccccc2)C1,2.031913164,1280
COc1ccc(-c2nc(CN3CCC[C@H](O)C3)no2)cc1,1.060055365,1094
Cc1ccc(-c2cnn3c(O)cc(Cn4cccn4)nc23)cc1,1.262759495,2583
Cc1cc(C)c2ccc(C(=O)N3CCN(c4ncc[nH]c4=O)CC3)cc2n1,0.675686709,2524
O=C(Nc1ccncc1)[C@H]1CCCN(S(=O)(=O)c2ccc(Cl)cc2)C1,1.346685415,2340
Cc1cc(C(=O)N(C)C2CCSCC2)c(=O)n(C)c1C,1.46386314,2151
O=C(C1CCCN(c2cnccn2)C1)N1CCc2ccccc2C1,2.43650295,1765
c1ccc(-c2noc(NC3CC3)n2)cc1,1.920138986,181
Cc1cc(C(=O)NCCc2ccccn2)c(C)s1,1.799850374,855
Cc1cc(C)cc(OCCN(C)C(=O)NCCS(=O)(=O)N(C)C)c1,1.572464987,2365
O=C(CN1CCCN(c2nccs2)CC1)Nc1cccc(Cl)c1,2.645352502,259
CC(C)(C)OC(=O)NCc1ccc(C(=N)NC(=O)OCc2ccccc2)cc1,1.9259718,1429
CC/C(=C(\c1ccccc1)c1ccc(OCCN(C)C)cc1)c1ccccc1,1.177074546,86
COc1ccc(-c2ccc(CNc3ccc(CN4CCC(C)CC4)cc3)cc2)cc1,2.092731169,1783
Cc1ccc(CNC(=O)CN2CCC(n3nnc4cc(C)ccc43)CC2)cc1,2.189582946,645
Cc1ccc(-c2nc(NCc3ccco3)ncc2-c2cc(C)no2)cn1,1.942241269,242
Nc1nccc2c1ncn2[C@H]1C=C(CO)[C@@H](O)[C@H]1O,0.675686709,2757
O=C(c1ccncc1)N1CCC(c2cnccn2)CC1,0.675686709,1610
Cc1nc2cc(NC(=O)CCc3c(C)noc3C)ccc2o1,0.675686709,1121
OC[C@H](Nc1cncc(-c2ccc3[nH]ncc3n2)c1)c1ccccc1,0.991226076,63
COc1ccc(-c2csc3ncnc(Oc4ccc(C)nc4)c23)cc1,1.895030067,1009
O=C(NCc1ccc(F)cc1)c1ccccn1,0.675686709,682
Cc1ccc(S(=O)(=O)N2CCC(c3nnc(-c4cccnc4)o3)C2)cc1,1.619958968,1915
CC(C)N1CCC(O)(c2ccccc2F)CC1,0.675686709,897
Cc1nnsc1CN(C)c1ccc2cc[nH]c2n1,1.594094078,822
C[C@H]1CC[C@H](n2c3cnccc3c3cnc(Nc4ccc5c(n4)CCN(C(=O)CO)C5)nc32)CC1,2.123531517,2361
CN(C)S(=O)(=O)Nc1ccc(-n2ncc3ccccc32)cc1,1.332761536,1089
CCn1ncc(CN(C)C(=O)c2ccc(-c3nc(C)cc(C)n3)cc2)c1C,1.285804764,1879
Cc1ccc(-c2ccc(F)cc2COc2ccc(CCC(=O)O)cc2)cc1,1.445993182,2842
Cc1cccc(C)c1OCC(=O)N(C)[C@@H]1CC[C@@H](N2CCOCC2)[C@@H]1O,0.808346036,2730
CNCc1cc(N(C)C)nc(C2CCCN2C(=O)c2ccccc2-c2ccccc2)n1,1.488790358,2038
CC#CCNc1ccc(-n2cnnn2)c(C)c1,1.323417121,251
C[C@@H]1NC(=O)N(CCC2Cc3ccccc3C2)C1=O,0.675686709,2052
c1ccc(Cc2nnc(NC3CCOCC3)s2)cc1,0.675686709,981
O=C(Cn1ncc2ccccc21)Nc1ccc2c(c1)CCO2,1.136815658,2905
Cc1nnc2ncc(-c3cccc(-c4ccnn4C)c3)cn12,0.675686709,2059
O=C(NCC1CC1)c1cncn1-c1ccc(F)cc1,0.675686709,1231
CCOc1cccc(C(=O)Nc2ccc3c(c2)CCC(=O)N3C)c1,1.087035665,1680
CONC(=O)c1cn(-c2ccc(Br)cc2)cn1,0.675686709,1811
CC(C)c1nnc(NCc2ccn(C)c2)o1,0.675686709,895
CNc1nc(C)nc(N[C@H]2CCC[C@@H](C(=O)NCc3ccc(C#N)cc3C(F)(F)F)C2)n1,1.265030198,2641
O=C(NCCc1ccccc1)c1cnccn1,1.129174103,1027
CNC(=O)N1CCc2nc3ccc(Cl)cn3c(=O)c2C1,0.675686709,1551
Cn1ncc2c1CCc1sc(NC(=O)c3cccnc3)nc1-2,1.221153322,1408
CN1CC[C@@H](c2c(O)cc(O)c3c(=O)cc(-c4ccccc4Cl)oc23)[C@@H]1CO,1.430671559,1437
CCS(=O)(=O)N(C)c1ccc(N(C)C)cc1,0.675686709,1969
CC(=O)c1c(C)c2cnc(Nc3ccc(N4CCNCC4)cn3)nc2n(C2CCCC2)c1=O,1.10561236,1571
CC(C)N(C(=O)Cn1cccc2cc(C(F)F)nc1-2)C(C)C,2.45448356,1877
COc1cc(F)ccc1-c1ncnc(Nc2cccc(C[S@@](C)(=N)=O)c2)n1,0.675686709,48
Cc1nc(-c2cccc(C(N)=O)c2)sc1-c1ccc(F)cc1,1.257846502,2790
CN1CCN(c2ccc3nc(-c4cc(C(C)(C)C)c(OCCCC(=O)NCCCN=[N+]=[N-])c(C(C)(C)C)c4)[nH]c3c2)CC1,2.248341157,2981
CN(Cc1cnc2ccccc2n1)S(=O)(=O)N1CCCCCC1,2.361629637,2110
Cc1cc(F)ccc1CC(=O)N[C@@H]1CCOC[C@H]1OCCO,0.675686709,1126
c1ccc2[nH]c(SCc3cn4ccccc4n3)nc2c1,1.935713784,1663
CCCS(=O)(=O)c1nc(NC2CC2)cc(-c2ccc3c(ccn3C3CC(C)(C)NC(C)(C)C3)c2)n1,1.708803183,2609
CC(O)(C#Cc1ccc2c(c1)N(c1nc(N)ncc1Cl)CC2)c1nccs1,1.860308054,110
CCOc1ccc(CC(=O)N2CCC3(CC2)Nc2cc(C)ccc2-n2cccc23)cc1OCC,2.270932586,2900
CCNC(=O)N1CCC(c2nc(-c3ccccc3)no2)CC1,0.675686709,451
CCONC(=O)c1sc(C)nc1C,0.675686709,1445
O=C(Nc1c(F)cccc1Oc1ccccc1)c1cnccn1,1.539402325,2820
CC(C)(C)OC(=O)NCCCC(=O)N[C@H]1C[C@@H](n2cnc3c(NCc4ccccc4)ncnc32)[C@@H](O)[C@H]1O,2.042843173,2536
CN(C)c1ncc(CN2CCC(Cc3ccc(F)cc3)CC2)s1,1.634698895,2803
CNc1ncc(CN(C)CCN2CCCCC2)cn1,0.823343791,1957
Cc1cc(-c2cn(C)nc2[C@H]2CC[C@H](CNC(=O)C(C)C)CC2)on1,0.675686709,1998
COc1ccc(CC2CN3CCN(C(=O)OCc4ccccc4)CC3CO2)cc1,1.521504202,2082
O=C(NC12CCCC1NCC2)c1ccc(-c2cn[nH]c2)cc1,0.675686709,3074
Cn1c(=O)c(C(=O)CSc2nc3ccccc3n2C)c(N)n(Cc2ccccc2)c1=O,2.92364496,2306
Cc1cc(CCCC(=O)NC[C@H]2CC[C@H](c3ccc(C(N)=O)c(C)n3)CC2)ccc1F,2.329509744,841
COCC1(CNS(=O)(=O)c2ccccc2)CCC1,1.486472985,1891
CN(C)c1ccc(C(=O)N2CCN3C(=O)N(Cc4ccccc4)C(=O)[C@H]3C2)cc1,1.477237051,1602
c1ccc(-c2noc(C3CCNCC3)n2)nc1,0.675686709,2778
OC1CCN(c2ncc(-c3cnccn3)c(-c3cccs3)n2)CC1,0.845903839,780
CCN(CC)S(=O)(=O)c1ccc2c(c1)CCN2CC(=O)NCc1ccccc1F,2.527626035,576
CC1(C)Oc2ccc(Cl)cc2[C@@H]2O[C@@H]3CCNC[C@@H]3C[C@H]21,0.675686709,315
O=C(COc1ncnc2ccccc12)NC12CC3CC(CC(C3)C1)C2,1.794104471,1472
CO[C@H]1CC[C@H](C(=O)NC[C@H]2CC[C@H](c3nnc(-c4nccc5ccccc45)o3)CC2)CC1,2.011430872,716
COc1cc(CNC(=O)NC2CCCCC2)cc(OC)c1O,0.675686709,654
COc1cc(CCNC2CCC3(CC2)OCCO3)ccc1F,1.782716219,2674
Fc1ccccc1CN1CCN(c2ncccn2)CC1,1.927878283,547
CNC(=O)C1(Cc2ccc(-c3cccnc3)cc2)CCN(Cc2cccc(F)c2)C1,2.447729993,106
O=C(C1CC1c1ccc(F)cc1)N1CCC(n2c(=O)[nH]c3ccccc32)CC1,1.168114287,1756
Cc1csc(CCNc2ncccc2C#N)n1,1.863310961,1638
Cc1ccc(C2=NC3(CCN(Cc4ccc(F)cc4)CC3)NC2=O)cc1,1.048208667,1146
Cc1ccc(OCC(=O)Nc2cc(C)on2)nc1,0.675686709,2756
CCCCC1=NC2(CCCC2)C(=O)N1Cc1ccc(-c2ccccc2-c2nnn[nH]2)cc1,0.962132469,1458
COC(=O)C1=NOC2(CCN(CCCCCF)CC2)C1,2.299204298,2449
C[C@H]1CN(C(=O)CC(c2ccccc2)c2ccccc2)C[C@@H](C)O1,1.561387637,60
COc1cc2nc(N)sc2cc1OC,0.675686709,581
Cn1c(CNC(=O)Cc2cccc3ccccc23)nc2ccccc21,2.272319764,704
Cc1nc(C)c(C(=O)Nc2ccc3ncccc3c2)o1,1.125871467,2771
O=C(CSCCc1ccncc1)Nc1ccccc1,1.291768324,2575
Cc1nc(CCNc2cnccc2C#N)cs1,1.745191942,2872
Cn1cccc(C(=O)NCc2nc(C(C)(C)C)no2)c1=O,0.675686709,2133
COc1ccc2c(c1)C(=O)N(c1ccc(C)cc1)C(=O)C2,1.47424541,3003
O=C(Nc1cccc(-c2cnco2)c1)C1(c2cccc(F)c2)CCOCC1,1.818252294,838
COc1ccc(F)cc1CN1CCC(n2c(=O)[nH]c3ccccc32)CC1,2.044112311,1055
O=c1ccc(C2CC2)nn1CC1CN(CC2(O)CCCC2)C1,0.675686709,1014
C[C@H](Cn1nc2c(cc1=O)CCCCC2)NC(=O)Cc1cccs1,2.185986704,2843
Cc1ccc(-c2cn(CC3CCN(Cc4c[nH]c(C)n4)CC3)nn2)cc1,0.675686709,272
CCN(CC)C(=O)CSCc1cncc(F)c1,1.493959675,1914
Cc1cccc(NC(=O)c2cccc3ncccc23)c1,1.345863629,813
CCCCN(C)C(=O)Nc1cc(C)ccn1,1.615918504,957
Cn1c(-c2n[nH]c3c2CCCC3)nnc1N1CCC2(CNC(=O)C2)C1,0.675686709,3063
COc1ccc(CC(=O)N2CCc3[nH]c4ccc(Cl)cc4c3C2)cc1OC,2.077560479,1552
Cc1nc(O)c(Cl)c(N(C)CC2CCN(C)CC2)n1,0.675686709,2578
O=C(OCC1CCSCC1)c1cccc(-n2cccn2)n1,2.831560733,2398
Cn1cc(NC(=O)c2ccc(OCC3CCOCC3)nc2)cn1,0.675686709,1591
N#Cc1ccccc1NC(=O)CCc1ccccc1,1.203141719,2167
Cc1nn(C)c(C)c1-c1cc(C(C)(C)C)nc(N2CCN(C)CC2)n1,1.244103863,2230
Nc1nccc2ccc(-c3cccc(F)c3)cc12,2.31936635,1781
COc1cccc(Oc2ccc(NC(=O)CN3CCOCC3)cn2)c1,0.675686709,1919
O=C(NCCN1C(=O)CSC1=O)c1cc(Cl)c2c(c1)OCO2,1.114210528,513
CC(C)n1cnnc1-c1cccc(N2Cc3ccc(Br)cc3C2=O)n1,0.778946728,2021
Cc1cccc(N(C)C(=O)COC2CCCC2)n1,1.651054993,1292
CN(CCc1ccccc1)C(=O)CC#N,0.675686709,1483
O=C(NC1CCCC1)c1cc(C2CC2)nc2ccccc12,1.791360769,1528
O=C1CCC(=O)N1CCSc1ncc(-c2ccc(F)cc2)[nH]1,1.551815822,2080
O=C(NCCc1cccc2cccnc12)C1CCCCC1,2.199173535,1816
NC(=O)CN1CCC(COc2ccccc2C(F)(F)F)CC1,1.110252917,1999
Cc1nc(C2CCN(Cc3ccc(C(F)(F)F)cc3)CC2)n[nH]1,0.778006461,2795
Cc1cc(C(F)(F)F)nc(N(C)Cc2c(C)noc2C)n1,1.9625398,2727
O[C@H]1CC[C@H](Nc2ncc3nc(Nc4c(F)cc(F)cc4F)n([C@H]4CCOC4)c3n2)CC1,0.675686709,2160
CC(C)c1noc2nc(C3CC3)cc(C(=O)N3CCN(C)C(=O)C3)c12,0.888235673,707
Cc1oc2ncnc(NCc3cc(F)cc4c3OCOC4)c2c1C,2.1041353,2109
Cc1ccc(OCc2nc3cc(N)ccc3[nH]2)cc1,0.675686709,1710
COc1ccc(-c2c(C)n[nH]c2C)cn1,0.675686709,495
CC(C)(C)C(=O)N1CCC(Cc2ccc(-c3cccs3)cc2)(C(=O)N2CCCC2)CC1,2.347780667,62
O=C(Nc1ccc(C2CCCCC2)cc1)c1ccc(S(=O)(=O)NCc2cccnc2)cc1,2.288037986,2798
CCOc1ccc(Nc2nc(-c3c(C)nc4ccccn34)cs2)cc1,2.202093076,933
CNc1nc(Nc2cnn([C@H]3CCN(C4COC4)C[C@@H]3F)c2Cl)ncc1C(F)(F)F,1.02596091,2638
Cc1cccc(NC(=O)N2CCC(N3CC=CC3)CC2)c1Cl,0.959613711,2146
N#Cc1cccc(-c2ccc(=O)n3c2[C@@H]2C[C@@H](CN(Cc4ccc(F)cc4)C2)C3)c1,2.338143609,1530
O=C(c1ccc(O)cc1)N1CCN(c2ncnc3c2CCC3)CC1,1.082928915,2226
CN(CC1(CO)CCC1)C(=O)CCN1CCCCC1=O,0.675686709,2364
Cc1nnc(COc2cccc(-n3ccnc3)c2)n1C1CC1,0.675686709,2649
CN(C)c1ccnc(NC(=O)c2cnsn2)c1,2.211774429,3037
Cc1nc(CS(C)(=O)=O)sc1C(=O)Nc1ccccc1,0.675686709,2889
COCCCNc1ncc(-c2cc(C)no2)c(C(C)C)n1,1.523226042,1925
O=C(NCCc1ccc2c(c1)OCO2)C1CCCC1,1.440121603,1540
CC(C)Cc1cc(CN2CCN(S(=O)(=O)N3CCOCC3)CC2)n[nH]1,1.331690426,2517
O=C(C1CCCN(Cc2cc3c(cc2O)OCO3)C1)N1CCOCC1,0.732071941,966
CN(C)c1ccnc(C(=O)Nc2ccnn2-c2ccc(C#N)cc2)c1,1.876240941,2789
O=C(NCCc1ccc2c(c1)OCCO2)c1ccc2ccccc2n1,2.090864442,443
O=C(NC1CCCCC1)C1CCN(c2ccncc2Cl)CC1,1.34964657,1305
O=C(O)c1cc(/C=C/c2csnn2)nc2ccccc12,0.675686709,1039
CC(=O)N(C)[C@@H]1CO[C@@H]2CCN(C[C@]3(O)CC[C@@H](C(C)(C)C)CC3)C[C@@H]2C[C@@]1(C)O,1.813207241,2401
N#Cc1ccccc1Cn1nnc(-c2ccccc2)n1,1.028286509,949
Cc1csc(NC(=O)CCc2ccncc2)n1,0.675686709,541
Fc1cc(-c2ccncc2)ccc1CNc1ncccn1,1.386659455,2212
CSc1ncccc1C(=O)Nc1ccc(-c2nnc(C)[nH]2)cc1,0.675686709,1983
CN1N=C(SCc2ccc(Cl)cc2Cl)Sc2c1cnn(C)c2=O,2.13664448,3020
COc1ccc(CNCc2cccc3ccccc23)cc1,2.286790932,724
Cc1c[nH]c(=O)n1-c1ccc(C(=O)Nc2ccc3ccccc3n2)cc1,0.948364056,164
O=C(CCCc1nc2ccccc2[nH]1)N1CCCC1,0.675686709,1210
CN(C)Cc1csc(-c2nccn2-c2ccc3c(c2)n(C)c(=O)n3C)c1,0.675686709,1578
COc1ccc(F)cc1-c1ccc(-c2nnco2)cc1,1.377470174,2817
CC(C)c1nccn1-c1cccc([C@@H]2CCCN2C(=O)CCc2ccccc2)n1,2.746029814,316
CCC(C)(C)c1ccc(Oc2ccc(NC3=NN(c4ccccc4)C(=O)C3)cc2)cc1,0.881384657,2944
CC(C)(C)C(=O)N1CCC(CN2CCCC[C@@H]2CO)CC1,0.675686709,1317
O[C@@H]1CO[C@H]2C[C@@H]1Nc1c(-c3ccccc3)cccc12,1.176987875,796
CN1CCC(OC(=O)Nc2ccc(Cl)c(Cl)c2)CC1,0.932930143,1261
O=C(NCc1ccc(F)cc1)c1ccc(-n2ccnc2)nc1,0.675686709,651
Cc1nnc(N2CC[C@H](O)C2)c(C#N)c1C,0.675686709,409
OC1(Cn2nnc(-c3cccnc3)n2)CCCCC1,0.675686709,854
CNCc1cc(N(C)C)nc(C2CCCN2C(=O)COC)n1,0.675686709,2085
CCCn1cc(NC(=O)Nc2ccc(N3CCSCC3)cc2)cn1,1.647431874,2055
CCOc1ccc(C(=O)Nc2cnn(C3CCOCC3)c2)cn1,0.675686709,493
Cc1cc(N2CCC(C(=O)NC3CCCCC3)CC2)nc(-c2ccncc2)n1,1.826204424,2694
COc1ccccc1N1CCN(CCNC(=O)c2ccc(F)cc2)CC1,1.341988169,2923
Cn1cnnc1-c1cccc(NS(=O)(=O)c2ccc3c(c2)OCCCO3)c1,1.752632239,2660
CNCc1cc(N(C)C)nc(C2CCCN2C(=O)CCc2c[nH]c3ccccc23)n1,1.704502273,2614
Cc1cc(-c2cnn(CCNC(=O)c3sc(C)nc3C)c2C2CC2)on1,1.376923524,189
Nc1ccccc1OCCn1ccnc1,0.849235091,1312
O=C(NCCc1cnn[nH]1)C1Cc2ccccc2C1,0.675686709,2098
CO[C@H]1/C=C\C=C(/C)C(=O)NC2=CC(=O)C(NCCN(C)C)=C(C[C@@H](C)C[C@@H](OC)[C@@H](O)[C@@H](C)/C=C(\C)[C@H]1OC(N)=O)C2=O,1.32255006,2056
C=CC(=O)Nc1cccc(Oc2nc(Nc3ccc(N4CCN(C)CC4)c(F)c3)nc3[nH]ccc23)c1,1.427680816,36
N#Cc1cc(F)c(C(=O)Nc2ccnc(NC(=O)[C@H]3C[C@H]3F)c2)c(Cl)c1,0.675686709,300
Cc1cc2ccccc2n1CC(=O)N1CCc2ccc(O)cc2C1,1.403566603,1564
N[C@H](Cc1c[nH]c2ccccc12)C(=O)N/N=C/c1ccc2nccnc2c1,1.235275877,1011
O=C(Nc1cncc(Cl)c1Cl)c1cccc(-n2cccn2)n1,1.995424577,2469
CC(C)c1nc2c(n1C)CCN(c1ncnc3ccccc13)C2,1.54333533,852
CC(=O)N1CCc2ccc(N(C(=O)/C=C/c3cccc(C#N)c3)C3CCN(CCC4CCCC4)CC3)cc21,2.273635458,1091
Cc1nnc(N2CCCSCC2)c(C#N)c1C,1.553118092,1411
C[C@@H](NC(=O)N1CCC2(CCOCC2)CC1)c1ccc(F)cc1,0.79190108,1982
Cc1ccc(CCNc2nc(C)cc(C)n2)cn1,1.103974669,2860
Cc1c(-c2ccccc2)oc2c(C(=O)NCCCN3CCCCC3)cccc2c1=O,1.122936373,1486
Cc1ccc(NS(C)(=O)=O)c(C(=O)N(C)c2ccc3ccccc3c2)c1,1.092720645,1024
CS(=O)(=O)N1CC(c2n[nH]c3ncccc23)C1,0.675686709,1002
COc1cc(OC)cc(C(=O)NCc2noc(-c3ccccc3)n2)c1,1.543074235,2178
Cc1ccc(S(=O)(=O)N2CCC[C@H](C(=O)NC3CCOCC3)C2)cc1,0.675686709,877
CC(C)c1nccn1Cc1nc(-c2cccs2)no1,1.132163596,2960
CN(CC(=O)NC1CC1)C(=O)C1C2CC3CC(C2)CC1C3,1.336679827,739
O=C(O)c1ccccc1-c1ccc(CN2CCCCC2)cc1,0.675686709,1098
O=C(c1ccc2oc(CCCc3ccccc3)nc2c1)N1CCC(Oc2cccnc2)CC1,2.831694486,1503
Cc1c(C(=O)Nc2ccc(N3CCC(N4CCOCC4)CC3)c(C#N)c2)cnn1-c1ccc(Cl)cc1,1.906663602,2669
CC(=O)Nc1ccc2nc(N3CCOCC3)sc2c1,0.675686709,330
O=c1c2c(C(F)(F)F)cccc2ncn1CCc1ncc[nH]1,1.02881517,2367
O=C1CCC(=O)N1CCN1CCCCc2ccccc21,2.08705699,744
Cc1occc1C(=O)NCC(=O)Nc1nc2cc(Cl)ccc2n1C,0.977449227,179
CCOC(=O)Nc1cc(-c2ccc(C)c(NS(C)(=O)=O)c2)nn2c(C)nnc12,0.845903839,1498
CN1CCN(S(=O)(=O)c2ccc(-c3cnc(N)c(C(=O)Nc4cccnc4)n3)cc2)CC1,2.095078646,125
COc1cccc(C)c1C(=O)N(C)CCCn1cccn1,1.579577829,2463
O=C(Nc1ccc(N2CCOCC2)nc1)N1CCc2sccc2C1,0.942603249,1050
Cc1ccccc1COC1CN(C(=O)Cn2c(=O)[nH]c3ccccc32)C1,1.183298321,1351
Cn1cc(CCNc2cncc(Br)c2)cn1,1.079868335,1529
Cc1nc(N(C)C)nc(C)c1NC(=O)C1CCCCC1,0.796088429,1046
CC(=O)c1ccc(OCCCCN2CCCC2)cc1,0.675686709,1038
O=C1CNC(=O)N1CCCN1CCc2sccc2C1,0.675686709,351
Cc1ccc(CNC(=O)CN2CCC(n3nnc4cc(C(F)(F)F)ccc43)CC2)cc1,1.616559529,1686
O=C(CCN1C(=O)CCC1=O)Nc1cccc2ncccc12,0.675686709,423
CN(Cc1c(F)cccc1Cl)C(=O)C1(C#N)CCCC1,2.045835222,1692
Fc1ccccc1CNc1nc(-c2ccccc2)no1,1.389236984,1082
O=C(Nc1nccs1)c1c2c(nc3ccccc13)CCC2,1.119816546,750
Cc1nn(C)c2nc(-c3ccncc3)cc(C(=O)O)c12,0.675686709,2853
COc1ccc(C(=O)Cn2c(=O)n(-c3ccccc3F)c3nc(C)nc(C(N)=O)c32)cc1,0.675686709,812
COc1cc(NC(=O)c2ccc(F)cc2C)ncn1,0.92251786,1576
Cc1ccc(CN(C)C(=O)c2cn(Cc3ccccc3F)nn2)cc1,1.811313546,1217
COc1ccc(C2(NCc3cnn(-c4ccccc4)c3)CCCC2)cc1,1.910981724,1693
CCN(Cc1ccncc1)[C@@H]1CN(C(=O)c2ccccc2)C[C@H]1O,1.654744316,814
CC(=O)N[C@H]1CCN(C(=O)N[C@H](C)C(c2ccccc2)c2ccccc2)C1,1.803341015,2654
O=C(Nn1cnc2ccccc21)c1c2c(nc3ccccc13)CCC2,0.675686709,1291
C[C@@H](C(=O)N1CCCC1)N1CCC(n2c(=O)[nH]c3ccccc32)CC1,0.675686709,270
CCc1ncnc(N(C)Cc2ccc(N)nc2)c1F,0.675686709,601
Cc1n[nH]c2c1[C@H](c1ccccc1)C1=C(CC(C)(C)CC1=O)N2,1.970035226,2374
CNC(=O)c1ccc(Nc2ncc(C(F)(F)F)c(NCc3nccnc3N(C)S(C)(=O)=O)n2)cc1,1.448226941,1801
CC(C)Nc1ccc(-c2cc3c(cc2CO)OCCO3)cn1,1.136815658,2159
CC(C)(O)CCn1cc2cc(NC(=O)c3ccn(C(F)F)n3)c(OCC3COC3)cc2n1,0.675686709,2074
O=C(NC[C@]1(O)CCN(Cc2cccs2)C[C@H]1O)c1c[nH]cn1,0.675686709,2894
CN1C(=O)COc2cc(NC(=O)C3CC=CC3)ccc21,0.675686709,2802
Cc1cc(N2CCOCC2)ccc1Nc1nc(NC2CCCCC2)c2nc[nH]c2n1,1.301767669,2097
O=S(=O)(NCCC(c1ccccc1)c1ccccc1)c1ccc(Cl)cc1,2.597598687,2801
O=C(C1CCC(O)CC1)N1CCCN(c2ccc(F)cc2)CC1,1.076312688,174
O=C(CNc1ccc(C(=O)N2CCCC2)cc1)N1CCCCC1,0.675686709,913
CCN1C(=O)CC[C@H](C(=O)N2CCc3cc(F)cc(C)c3C2)[C@H]1c1ccncc1,2.266933388,1077
CC1=C(C(=O)Nc2cc3cn[nH]c3cc2F)C(c2ccc(C(F)(F)F)cc2)CC(=O)N1,1.707493529,2095
Cc1ccnc(NC(=O)CN2CCCC2=O)c1,0.675686709,1397
O=C(Cc1csc(-c2ccc(F)cc2)n1)N1CCC(n2c(=O)[nH]c3ccccc32)CC1,2.539561584,2869
c1ccc(CC2=NCCN2)cc1,0.675686709,2600
N#CCN(C(=O)c1cn(-c2ccc(Br)cc2)cn1)C1CC1,0.675686709,1427
Cn1cc(C(=O)N2CCC(c3cc(C(F)(F)F)c4c(n3)CCNC4=O)CC2)ccc1=O,0.675686709,1349
CCc1nc(C)cc(N2CCCC3(CCNCC3)CC2)n1,0.675686709,2334
CCOc1ccc(NC(=O)c2ccc3c(c2)NC(=O)CO3)cc1,0.675686709,2986
Cc1cc(C)nc(-n2nc(C)c(CC(=O)NC3CCCCCC3)c2C)n1,1.64229631,1553
Cc1c(C(=O)Nc2cnccn2)cccc1-c1ccccn1,0.675686709,2978
O=c1[nH]c2ccccc2n1C1CCN(Cc2nnc(-c3cc4c(s3)CCCC4)o2)CC1,1.714237525,1829
Cc1noc(CCNc2ncnc3ccccc23)n1,0.675686709,1485
Cc1noc(C)c1CS(=O)(=O)C1CCCc2ccccc21,2.282839546,2129
Cc1ccc2c(c1)cc(C(=O)N1CCOC(C(=O)N3CCc4ccccc4C3)C1)n2C,2.291806033,2473
COc1ccc(CN2CCC(c3nc(C(C)C)no3)CC2)c(F)c1,1.544489726,223
Clc1ccc(Cc2nc(-c3cccnc3)no2)cc1,1.429461577,1356
COCCN(C)c1ccc(CN2CCc3nn(C)c(=O)cc3C2)cn1,0.675686709,2552
Cc1cccc(-c2nc(CN(Cc3cnn(C)c3)C(C)C)c(C)o2)c1,1.796865615,1114
Nc1nncc(-c2ccccc2OC(F)F)n1,0.675686709,964
COc1ccc(-c2ccc(CN(CCN(C)C)Cc3ccncc3)cc2)cc1,1.50370899,1475
CC(C)c1nsc(N2CCC(Nc3cccnc3)CC2)n1,1.419377405,1918
CN(C)c1ccc2c(c1)Sc1cc(N(C)C)ccc1N2,1.503041253,2236
O=C(CSCCCn1c(=O)[nH]c2ccccc21)N1CCCCC1,1.834535144,1702
Cc1n[nH]c(C2CCN(C(=O)NC3CCN(c4ccc(F)cc4)CC3)CC2)n1,0.675686709,2631
O=c1[nH]c2ccccc2n1C1CCN(S(=O)(=O)Cc2ccccc2)CC1,1.899962691,1698
c1ccc(-c2c(-c3ccc(OCCN4CCCC4)cc3)[nH]c3ncnc(NCC4SCCS4)c23)cc1,1.904109382,837
COc1ccc2nc(C)nc(N3CC(O)(c4ccc(F)cc4)C3)c2c1,1.429832996,709
NC(=O)COc1ccccc1C(=O)Nc1cccc(-c2ccc3ccccc3c2)n1,1.738439646,1856
CCC(=O)N1CCCC(C(=O)N2CCc3c(Cl)cc(Cl)cc3C2C)C1,2.618841659,1763
Cc1cc(Nc2cc(N)ncn2)c(=O)n2c1C(=O)NC21CCCCC1,0.675686709,2009
Cc1cc(C(=O)Nc2cccc3ncccc23)on1,0.675686709,236
O=C1CCCN1c1ccc(NCc2ccccn2)nc1,0.675686709,1139
CC(C)N(C)S(=O)(=O)NCCCc1nc2cc(Cl)ccc2[nH]1,2.12602745,2179
CCOc1ccc2[nH]c(C(=O)N3CC[C@@](O)(CC(C)C)[C@@H](Oc4ccc(F)cc4)C3)c(C)c2c1,2.036780553,2293
CN(c1ncccc1CNc1nc(Nc2ccc3c(c2)CC(=O)N3)ncc1C(F)(F)F)S(C)(=O)=O,1.507410559,1750
CCCn1cc(CNc2ncccn2)cn1,0.675686709,2970
COc1ccccc1Oc1c(NS(=O)(=O)c2ccc(C(C)(C)C)cc2)nc(-c2ncccn2)nc1OCCO,1.202869588,143
C#CCOc1ccc(C(=O)NN2CCCC2=O)cc1,0.675686709,1198
O=C(c1ccc(-n2cccn2)nc1)N1CCN(c2ccccc2O)CC1,0.764026608,195
Clc1cnc(NCC2(CN3CCCC3)CC2)nc1,0.675686709,2188
O=C(NCC1(Sc2ccccc2)CC1)c1ccc(=O)[nH]n1,0.896415976,2749
COCCNC(=O)CN1CCN(c2nccn2-c2cccc(Cl)c2)CC1,0.702344358,776
Cc1cc2cc(C(=O)N(Cc3ccc4c(c3)OCO4)C3CC3)ccc2o1,2.104353935,1314
C[C@]12C[C@H](O)[C@H]3[C@@H](CCC4=CC(=O)C=C[C@@]43C)[C@@H]1CC[C@]2(O)C(=O)CO,1.404337585,2177
N#Cc1ccc(CN2CC(n3cccn3)C2)cc1,0.675686709,810
CC(=O)N(C)[C@H]1CC2(CCN(C(=O)COc3ccc(F)cc3F)CC2)OC[C@]1(C)O,0.675686709,1979
COCCCNc1ncc(-c2ccsc2)c(-c2nc(C)c(C)s2)n1,1.373573981,2939
Cc1[nH]nc(CCC(=O)NCCCOC2CCCC2)c1C,1.526804344,2565
CN1CCc2nc(NC(=O)c3ccc(Cl)s3)sc2C1,1.301160264,1290
COC(=O)c1ccc(NC(=O)N(C)Cc2ccccc2CN2CCCC2)cc1,1.25947442,1199
CCOc1ccccc1CNCCc1c[nH]c2ccccc12,2.104196802,1106
Cn1ccnc1-c1noc(NCc2ccccc2)n1,0.702775078,2525
CCOc1ccnc(NCCCc2nc3cc(F)ccc3[nH]2)n1,2.374271643,2358
Cc1oc(C)c(C(=O)Nc2ccn(C)n2)c1C,1.877521077,785
COc1ccc2nc(CN3CCC(O)(c4ccc(C)cc4)CC3)ccc2c1,1.648516134,546
CN(Cc1ccccc1N1CCCC1)C(=O)c1cccc(Cn2ccnc2)c1,2.593406811,1032
CN(C)c1ccc(-c2ccc(COCc3cccs3)cc2)nn1,1.883553558,1502
Cc1nnc(-c2ccc(N3CCC(Oc4ccccc4C(F)(F)F)CC3)nn2)s1,1.158814647,3064
Nc1ccnc2ccc(Oc3ccccc3)cc12,1.129722109,1926
Cc1cc(N(C)C)nc(-n2ccnc2)n1,1.599162287,1332
CC(=O)Nc1ccc(C(=O)Nc2cc(-c3cccs3)ccc2N)cc1,0.978819387,2955
c1ccc(C2(c3ccccc3)CCCN(Cc3nnc(C4CC4)o3)C2)cc1,2.390396318,1306
Cc1ccc(S(=O)(=O)Nc2ccccc2-c2nc3ccccc3[nH]2)cc1,2.087260827,2728
O=C(NCCc1ccc(O)c(O)c1)Nc1ccccn1,0.675686709,1788
Cc1cc(C(=O)NCC2CCC3(CC2)OCCO3)[nH]n1,0.675686709,2249
CC(C)c1noc(CN2CCC(n3c(=O)[nH]c4ccccc43)CC2)n1,0.928703027,1062
CCn1c(C)nc2cc(NC(=O)c3ccc(=O)n(CC(=O)N4CCCCC4)c3)ccc21,0.675686709,698
Cc1ccc(F)c(-c2noc(N)c2C)c1,1.292743271,2586
Cc1ccccc1CSc1ccc(-c2ccccn2)nn1,1.980603238,1061
CC(C)(C)CCCNC(=O)N1CCN(Cc2ccon2)CC1,1.233046902,1946
c1ccc(-n2ncc3c(-n4ccnc4)ncnc32)cc1,1.204092838,1362
Cc1ccc(-c2cnc(N)cn2)c2cccnc12,1.36398783,1303
O=C(Nc1nnc[nH]1)c1ccc(C2SCCCS2)cc1,0.91481898,2821
O=C(NC1CCCC1)N1CCN(c2nccn3nc4c(c23)CCCC4)CC1,2.072062313,746
Cc1cccc(NC(=O)c2ccccc2-c2ccccc2)n1,1.807203431,973
O=C(c1ccc(F)cc1)N1CCN(CC(=O)N2CCCC2=O)CC1,0.675686709,1609
COC(C)(C)C(=O)Nc1ccnc(C(C)(C)C)n1,1.036229544,2030
c1ccc2nc(N3CCCC4(CCNCC4)CC3)cnc2c1,0.675686709,2566
O=C(c1ccc(O)nc1)N1CCN(c2ncccn2)CC1,0.675686709,824
Cc1nccc(NC(=O)c2ccncc2Cl)c1Cl,1.327318058,1971
Cc1cc(Nc2nc(N[C@@H](C)c3ncc(F)cn3)ncc2Cl)n[nH]1,0.927934682,2345
O=c1c2ccccc2nnn1CCOc1ccc(F)cc1,1.416840137,1906
O=C(C1CCCN(c2ccccn2)C1)N1CCc2ccccc2C1,2.236272674,1768
c1cc(-c2noc(CN3CCOCC3)n2)ccn1,0.675686709,2591
N#Cc1ccc2[nH]c(O)c(-c3ccc(CN4CCOCC4)cn3)c2c1,1.048286393,16
O=C(c1cccs1)N1CCCC(C(=O)N2Cc3ccccc3C(c3ccccc3)C2)C1,2.884894442,1723
CC(C)(CNc1cnn(CCO)c1)c1ccccc1,0.92417587,2906
CCC(=O)N1CCN(c2ccc(Cl)cc2NC(=O)COc2ccccc2)CC1,1.946432613,169
CN(CC(=O)NC1(C#N)CCCC1)c1ccccc1,1.307196421,1132
Cc1cc(C)nc(SCC(=O)N2c3ccccc3C(C)(c3ccc(Cl)cc3)CC2(C)C)n1,3.015502667,2818
OC(Cn1cncn1)(Cn1cncn1)c1ccc(F)cc1F,0.675686709,1213
COCc1ccc(-c2nc3c([nH]2)c(C)nn3C2CCCCC2)o1,1.714111719,1836
CCc1cc(CNC(=O)NC2CCN(CC3CCCCC3)CC2)on1,0.675686709,2007
CCC(C)(C)N1CCN(C(=O)NCCc2cc(C)no2)CC1,0.675686709,2411
N[C@@H]1CCCN(c2c(/C=C3\SC(=O)NC3=O)cccc2-c2ccccc2)C1,0.954628378,2637
CN(CCCC1CCCC1)Cc1cc(=O)[nH]c(=O)[nH]1,0.878808932,1875
CN(CC(=O)NC1(C#N)CCCCC1)c1cccc(C#N)c1,1.933284772,281
Cc1cc(-c2nccs2)nc(CC2CCNCC2)n1,0.675686709,1507
OCc1cnnn1-c1cncc(Cl)n1,0.675686709,2392
COc1ccc(C(=O)Nc2ccc3oc(C)nc3c2)c(OC)c1,1.403926565,1203
Cc1ccccc1NC(=O)Cn1nnc(C2CC2)n1,0.675686709,2211
CC(C)N(C[C@@H]1O[C@@H](n2cnc3c(N)ncnc32)[C@H](O)[C@H]1O)[C@H]1C[C@@H](CCc2nc3cc(C(C)(C)C)ccc3[nH]2)C1,2.163113648,2240
CC(=O)Nc1ncc(CN2CCCC[C@@H]2C)s1,0.675686709,107
Cc1ccc(NC(=O)OC(C)(C)C)c2c1N(C(=O)[C@H]1CCCO1)CCC2,1.526093625,800
Cc1ccsc1-c1nc(CN(C)CCc2cn[nH]c2)c(C)o1,2.26828538,1724
O=C(c1cc2ccccc2[nH]1)N1C[C@@H](O)[C@H](N2CCOCC2)C1,0.675686709,216
O=c1[nH]c2ccccc2n1C1CCN(Cc2nc(-c3ccsc3)no2)CC1,1.212400703,1438
CC(=O)N1c2ccc(S(=O)(=O)Nc3cccc(-c4cnco4)c3)cc2CC1C,1.830165073,2015
COc1ccccc1CNc1n[nH]c2nc([C@H]3CCCN(CC(=O)N4CCCC4)C3)ccc12,1.360233561,609
CC(C)(C)c1nc(Cn2nnc3ccccc3c2=O)no1,0.675686709,998
Cc1cc(C)n(-c2cccc(NC(=O)c3ccc(F)c(F)c3)c2)n1,1.4954472,1324
CSc1cnc(N2CCCN(c3ncc(SC)cn3)CC2)nc1,2.118813449,2518
CN1CCN(C(=O)c2ccc3cc(CCNc4ncnc5ccc(C#N)cc45)ccc3c2)CC1,1.912965621,2833
CCN(C(=O)N1CCC(CC(=O)N2CCN(C)CC2)CC1)C(C)C,1.377615831,1433
COc1ccc(-c2ccc(CN(CCN3CCOCC3)Cc3cccnc3)cc2)cc1,2.649960532,1036
Cc1ccc2[nH]c(CNC(=O)c3cc(C(F)F)nn3C)nc2c1C,1.299834041,2885
O=c1c2cnccc2ncn1Cc1ccc2c(c1)CCCO2,1.661651806,1894
O=C(OCc1cc(Cl)ccn1)c1ccc2[nH]c(C(F)F)nc2c1,2.711798796,1425
CCOc1cccc(NS(C)(=O)=O)n1,0.675686709,2355
O=C1CCC(=O)N1Cc1nc(Cc2ccccc2)cs1,0.675686709,3025
Cc1cc(C(=O)N(C)CC2CCN(CCO)CC2)cc(C)n1,0.898999271,2421
Cc1cccc(N(C)Cc2cnc(N(C)C)nc2)n1,1.761431648,2626
CNC(=O)CN1CCCN(C(=O)c2c(C)nn(-c3ccccc3)c2Cl)CC1,0.675686709,1390
COCCN(C)C(=O)c1ccc(-c2cccc(-c3noc(C)n3)c2)cc1,1.057399817,2200
COc1ccc(NC(=O)CN2CCC(c3cc(-c4cnc(N)nc4)cc(C)n3)CC2)cc1,1.196120893,1116
N#CC1(NC(=O)c2ccc3c(c2)OCO3)CCCC1,0.675686709,2755
CC(C)c1ccc(NC(=O)Cn2cnc3c2c(=O)n(C)c(=O)n3C)cc1,1.206556044,1834
Cc1ccc(-c2cnc3ccccc3n2)cc1N,2.408026158,3033
COc1c(C)cnc(CN(C)S(N)(=O)=O)c1C,0.675686709,596
Cc1ccc(C(=O)N(C)Cc2c(C)noc2C)cn1,0.675686709,1379
Cc1cn2nc(-c3cc(=O)n4cc(N5CCNC6(CC6)C5)ccc4n3)cc(C)c2n1,1.243236538,3058
Cc1c(C(=O)N2CCC(C(=O)Nc3ccc4c(c3)OCO4)CC2)oc2c(F)cccc12,1.765415205,1230
COCC(=O)Nc1cccc(-n2cccc2)c1,2.312775898,1183
CCONC(=O)c1cncn1-c1ccc(F)cc1,0.675686709,505
Cc1ccc(NC(=O)CN(C)C2CCCCC2)cc1S(=O)(=O)N(C)C,2.635314822,1900
CN1CCC[C@H]1C(=O)N[C@@H](CO)Cc1ccccc1,0.854973674,2570
Cc1ccc(NC(=O)Cc2c[nH]c3ccccc23)cc1,1.706248252,663
Cc1ccnc2[nH]c(CSCc3ccccc3)nc12,1.926254961,2999
Cn1ccc(NC(=O)c2cc(-c3ccncc3)nc3ccccc23)n1,1.330271691,1740
CC1(c2nnc(-c3ccc4c(c3)OCCO4)o2)CCOCC1,1.125416198,1598
O=c1oc2cccnc2n1Cc1ncc(-c2ccc(F)cc2)o1,0.675686709,2274
Cc1cc2c(s1)c1cnn(Cc3ccccc3F)c(=O)c1n2C,2.512695067,2711
Cc1ccc(CCNC(=O)c2ccncc2)o1,0.675686709,982
NC1CCCC(C(=O)N2CCC(c3c[nH]c4ncccc34)CC2)C1,0.675686709,3073
Cc1cnc(-c2nc(NCc3cccnc3)ncc2-c2cc(C)no2)cn1,1.232335277,2746
O=c1cc2c(n[nH]1)-c1cnc(N3CCCCC3)nc1CC2,0.68690427,2092
CC(=O)NC[C@H]1C[C@]2(C)[C@@H](CCCC[C@]2(C)O)N1CC1(O)CCOCC1,0.953276337,2006
CC(C)C[C@H](CO)Nc1nc(S[C@@H](C)c2ccccc2)nc2nc(N)sc12,1.604539237,2684
Cc1cc(Br)ccc1CN(C)C(=O)CO,0.675686709,2204
CCCn1c(=O)[nH]c2nc(-c3ccc(S(=O)(=O)O)cc3)[nH]c2c1=O,0.675686709,1755
Cc1cc(=O)n(C)c2cc(N3C(=O)CC[C@H](NS(=O)(=O)CC(C)C)[C@H]3c3ccc(Cl)cc3)ccc12,2.567713162,1252
COCc1ccccc1COC(=O)c1ccc(C)nc1,2.647509132,2533
CC(C)c1cc(CN(C)Cc2c[nH]nc2-c2ccc(F)cc2)no1,2.512513633,1519
Cc1cnc(C(=O)N[C@H]2CCOC[C@@H]2O)cc1Cc1ccc(-c2cscn2)cc1,0.675686709,789
NC(=O)c1csc(CN2CCc3cc(F)ccc3C2)c1,0.737272177,2448
Cc1ccc(=O)n(CC2(O)CCN(Cc3ccc4ccccc4n3)CC2)n1,0.675686709,2699
CCn1ncc(CN2CCC(c3nc(N(C)C)ncc3-c3ccc(OC)cc3)CC2)c1C,2.356002898,1612
CCn1ccc2cc(C(=O)N3CCN(c4ccc(C)cc4)C(=O)C3)ccc21,1.079904468,571
O=C(NO)c1cnc(NC2(c3cccc(F)c3)CCCCC2)nc1,1.15703345,2928
CC1(C)Cc2cc(CN3CCC4(CC3)NC(=O)N(Cc3ccccc3)C4=O)ccc2O1,1.746712023,960
COc1cc(F)c(NCC(=O)Nc2ccc(C)cc2)cc1OC,1.50134687,977
COc1ccc(-c2nc3cc(C)ccc3cc2CN(C)Cc2nccn2C)cc1,2.470672106,1263
COc1cc(C(C)C)c2c(c1)S(=O)(=O)N(COc1cc(=O)n3cccc(OCCN4CCCCC4)c3n1)C2=O,2.208962412,286
Cc1ccc(C(=O)C(=O)Nc2c(C)nn(C)c2C)cc1,1.300073495,686
Cc1cc(Nc2ccc(F)cn2)cc(C2CCN(C(=O)CCn3ncc4ccccc43)C2)n1,2.538235566,2203
Cc1cc(Nc2ccc(F)cn2)cc(C2CCN(C(=O)COc3ccccc3F)C2)n1,2.059949454,873
CN(C)c1nc(CN2CCOCC2)nc2scc(-c3cccs3)c12,2.216862327,1515
Cc1nc(O)cc(C2CCN(c3cnccn3)CC2)n1,0.675686709,494
CC(=O)NC1(C(=O)N2CCCN(c3cccnn3)CC2)CCCCC1,0.888123307,1083
O=C(NC1CCNCC1)c1ccc2cn[nH]c2c1,1.206637011,3053
Cc1ccccc1CCNC(=O)N(Cc1cccnc1)C1CCN(C)CC1,1.309012349,2438
COCCNc1cc(NC(=O)N2CCCc3cc(CN4CCN(C)CC4=O)c(C=O)nc32)ncc1C#N,1.158935142,904
CCCn1cnnc1CN(C)Cc1ccc(C(F)(F)F)nc1,0.675686709,2123
C=C1C[C@@H]2[C@H](CC[C@]3(C)C(=O)CC[C@@H]23)[C@@]2(C)C=CC(=O)C=C12,0.675686709,2386
Cn1c(=O)n(Cc2cccnc2)c(=O)c2ccc(C(F)(F)F)nc21,0.675686709,2551
CCC(CC)NC(=O)c1ccc2ncsc2c1,0.863501301,350
CNCCN1CCC(OCc2ccccc2)CC1,1.667537002,1662
Cc1ccc(S(=O)(=O)Nc2ccc3c(c2)CCCN3C(=O)c2cccs2)cc1C,2.56071162,2707
Cn1ccc2c(NC(=O)N3CCCN(C(=O)Oc4ccccc4)CC3)cccc21,1.620677284,1846
Cc1nn(C(C)C)c(C)c1S(=O)(=O)NCC1CCN(C(=O)C2CC2)CC1,1.964160594,2234
Cc1oc(C)c(C(=O)N(C)Cc2ccccc2N2CCOCC2)c1C,2.961988865,961
O=C(Cc1ccc2ccccc2c1)NCCc1nc2ccccc2[nH]1,2.265991663,1115
CCc1c(-c2ccccc2)[n+]([O-])c2c([n+]1[O-])CCCCC2,0.951677437,2403
COc1ccc2nc(C)nc(NCc3ncc(C)o3)c2c1,1.371751107,2017
Cn1cc(C2CCN(CC(=O)N3CCc4sccc4C3)CC2)cn1,0.675686709,422
Cc1csc(Cc2nc(-c3ccc(O)cc3)no2)n1,1.179637952,2289
Cn1c(=O)oc2cc(NC(C3CC3)C3CC3)ccc21,1.134049543,2712
O/N=C1/CCCc2c1cnc1ncnn21,0.675686709,1931
CN(C)C(=O)Cn1cc(C(=O)O)ccc1=O,0.675686709,1630
Cc1cc(C(=O)NC2CCN(C(=O)c3cc(C)sc3C)CC2)no1,0.990027899,1506
CCN1CCC(n2cc(CNc3cc(Cl)c4ncc(C#N)c(Nc5ccc(F)c(Cl)c5)c4c3)nn2)CC1,2.15518416,1223
Cc1ccccc1C(=O)Nc1nc(C)c(C)s1,1.954449956,889
CC(C)C(=O)N1CCn2nc(CNC3CCc4ccccc4CC3)cc2C1,0.675686709,2606
CCCn1cnnc1CN(C)Cc1cc(C(C)C)on1,0.675686709,2607
Cc1ccc(NC(=O)c2ccn(C(C)C)n2)cc1N1C(=O)CCC1=O,0.675686709,2859
COc1ccc(CNc2ncc(-c3ccc4c(c3)OCO4)n2C)c(OC)c1,2.304921162,924
Cc1ccccc1OCCn1c(N)nc2ccccc21,1.280305143,507
NCCN1CCN(C/C=C/C(=O)N2CCC[C@@H](n3nc(-c4ccc(Oc5ccccc5)cc4)c4c(N)ncnc43)C2)CC1,0.957559402,84
N#CCc1ccc(OCc2ccncc2)cc1,1.726572367,2723
O=C(NCC#CCN1CCc2ccccc2C1)NCc1ccc(F)cc1,1.901223946,953
O=C(NCCc1ccc2c(c1)OCO2)Nc1ccncc1,0.920175522,1239
Cc1nc(-c2cccc(-c3ccc(C(=O)NC[C@@H]4CCCN4)cc3)c2)no1,0.675686709,2051
CNC(=O)c1ccc2c(c1)CCO[C@H]2CCN1CCN(c2ccc(C(N)=O)cc2)CC1,0.675686709,1546
CN1C(=O)c2ccc(C(=O)N3CCN(C4CCCCC4)CC3)cc2C1=O,1.266607954,2724
CCC[C@@H]1C[C@@H](C(=O)N[C@H]([C@@H](C)O)[C@H]2O[C@H](SC)[C@H](O)[C@@H](O)[C@@H]2O)N(C)C1,1.123721006,2047
COc1cccc(CN(C)c2ncnc3c2CN(C)CC3)c1,1.269419538,1444
CN1CCC(O)(CNC(=O)C2CCCCCC2)CC1,0.675686709,1857
CCOc1ccc(-c2ccccc2NC(=O)COC)cc1,2.59989944,384
O=C(Nc1nc2ccccc2[nH]1)C1CCCCC1,1.190135521,1387
CCCc1cnc(C)nc1N(C)CCC(C)(C)O,0.910571048,2716
CC1(C)[C@H]2C[C@H]3Oc4c(ccc(O)c4C(=O)NCCNc4ccccn4)[C@H](O)[C@@]3(O)[C@@H]1C2,2.507289031,1921
Fc1cccc(CCNCc2cc(-c3ccccc3)cn3nnnc23)c1,2.27956657,1283
COc1ccc(OC)c(S(=O)(=O)NCCC(=O)Nc2ccccc2C)c1,1.711630102,2629
CC(C)N1CC[C@H](c2nnc(-c3cncn3C)o2)C1,0.675686709,1694
O=C(CC(=O)N1CCCC1)N1CCCC1,0.675686709,1549
Cc1ccc(C(=O)N(C)C)cc1NS(C)(=O)=O,0.675686709,1001
O=C(COc1ccc2oc3c(c2c1)CCCC3)N1CCOCC1,1.490969251,1741
O=C(Cc1cccnc1)Nc1ncccc1Cl,0.675686709,2069
CCS(=O)(=O)Nc1ccc(Oc2ccc(F)cc2F)c(-c2cn(C)c(=O)c3[nH]ccc23)c1,0.675686709,482
CC(=O)NCCCOc1ccc(CN2C[C@H](O)[C@@H](Oc3cccc(C)c3)C2)cc1,1.083395108,995
COc1ccc(CCn2c(C3CC3)n[nH]c2=O)cc1,0.745387121,807
C=CC(=O)N1CCC[C@H](n2c(=O)n(-c3ccc(Oc4ccccc4)cc3)c3c(N)ncnc32)C1,2.219660482,33
CC(=O)N1CCC(CCNc2ccc3ccc(F)cc3n2)CC1,1.332458659,1365
CCCc1cc(-c2nn3c(C4CCCC4)nnc3s2)n(C)n1,1.997189728,1719
Cn1cncc1-c1ncccc1C(=O)N1CCCC1,0.675686709,1335
Cc1nccc(NC(=O)c2ccc(Cl)nc2Cl)n1,0.71941416,1905
Cc1cc(CNC(=O)N(C)Cc2c(C)nn(C)c2C)cnc1C,0.675686709,2390
CCS(=O)(=O)N1CC(CC#N)(n2cc(-c3ncnc4[nH]ccc34)cn2)C1,0.675686709,10
CC1(C)COCCN1Cc1cnn(-c2ccccc2)n1,1.028652574,987
CC(COc1ccccc1Cc1ccccc1)N1CCCCC1,1.095901279,2275
CNCc1cc(N(C)C)nc(C2CCCN2C(=O)C2CCCC2)n1,0.675686709,2037
CC1(C)CN(C(=O)C2(C(=O)N3CC(C)(C)C3(C)C)CCC2)C1(C)C,2.48279929,1413
CC(C)CC(=O)Nc1cccnc1N(C)C,0.675686709,362
CSCC(=O)N1CCc2[nH]nc(-c3cccc(F)c3)c2C1,1.755813898,1761
O=C(c1ccc(F)cc1)N1Cc2nc[nH]c2C[C@H]1c1nc(-c2ccc(Cl)cc2)no1,1.328032845,1747
O=C(CSC1CCCC1)N1CCC(n2ccnn2)CC1,1.121231455,1366
Cc1nc(N)c2c(C(F)(F)F)cc(C3CCN(C(=O)Cc4ccc(F)cc4)CC3)nc2n1,1.701930465,1119
Cc1cc(C(=O)N2CCN(C(=O)C3CCC3)CC2)c(O)cn1,0.675686709,2299
Cc1nc(CNC2CCN(C(=O)C3CC3)CC2)cs1,0.675686709,1500
CNC(=O)c1cccc(Oc2ncnc3c2CN(C)CC3)c1,0.675686709,1084
Cc1cc(-c2ccc(N)nc2)cc(C2CCN(C(=O)CCCc3ccc(F)c(C)c3)CC2)n1,2.983717827,1345
Cc1ccccc1-c1cc(N)n(Cc2ccccc2)n1,1.52167408,2937
c1cc(CN2CCC(c3ccn[nH]3)CC2)ccn1,0.771587481,711
CCc1[nH]nc(NC2CCN(C(C)C)CC2)c1C,0.675686709,2677
NC(=O)c1cnc(NC2CC2)nc1CCNC(=O)C1(c2cccc(F)c2)CCOCC1,1.575834185,1278
Clc1ccc2c(NCCN3CCOCC3)ncnc2c1,1.066661302,2066
Cc1n[nH]c(C)c1CCCN(C)c1cncc(C(=O)N(C)C)n1,1.941302683,2268
COc1ccc(Nc2nc(Cl)cc(Cl)n2)cc1,2.275092424,2912
Cc1cc(NC(=O)c2ccc(NC3CC3)nc2)[nH]n1,0.807467376,2854
O=C(c1n[nH]c2c1COCC2)N1CCC2(C=Cc3ccccc32)CC1,0.685831275,2308
Cc1nnc2ccc(NCCOC3CCCCCC3)nn12,1.698213674,2130
O=C(NCCNC(=O)c1cc(-c2ccccc2)nc2ccccc12)c1ccco1,1.767608484,652
Cc1noc2ncnc(N3CCCN(C(=O)C4CC4)CC3)c12,0.808210973,1878
COc1cccc(NC(=O)C2CNC2)c1,0.675686709,1684
Cc1cc(C)c(-n2cccn2)c(-c2cn(C[C@@H]3CCCO3)nn2)c1,1.832221417,1577
CN(Cc1ccccc1)C(=O)c1ccc(-n2cccn2)nc1,0.675686709,470
CSC[C@H]1CN(Cc2c[nH]c3c(N)ncnc23)C[C@@H]1O,0.675686709,2768
COc1cc2c(cc1OC)-c1cc3ccc(OC)c(OC)c3c[n+]1CC2,0.675686709,454
C[C@H]1CN2C[C@H](O)C[C@@H]2CN1Cc1cccc2ccccc12,1.38309693,2132
O=C(CCCc1ccc(F)cc1)N1CCN(c2ccccc2)C(=O)C1,0.675686709,734
CN(C)C(=O)COc1ccc(N)c(F)c1,0.675686709,376
Nc1ccc(Nc2ncc3cnn(C4CCCCCC4)c3n2)cn1,1.914642427,2837
CCCCN1CCN(C(=O)c2cccc(-c3ccc(CO)cc3)c2)CC1,1.425469006,2368
Cc1cc(N(C)C)nc(N(C)Cc2csc(C)n2)n1,1.486047734,1163
Cc1cc(CNc2ncc(C(F)(F)F)cc2Cl)no1,1.810326627,775
Nc1ccccc1-c1nc(C2CCCCCC2)no1,1.678336247,2968
CN(C)c1cc(CNc2ccc(C#N)cn2)ccn1,1.018034403,1041
O=c1oc2cccnc2n1Cc1ccccn1,0.675686709,1974
COCCNC(=O)c1nnc2n(c1=O)CCN2c1ccccc1,0.675686709,2410
CC#CC(=O)N1CC[C@@H](n2cc(-c3ccc(Oc4c(F)cccc4F)cc3)c3c(N)n[nH]c(=O)c32)C1,1.620136055,35
CN(CCOCCOc1ccccc1-c1ccccc1)Cc1ccccc1.O=C(O)C(=O)O,2.334294883,1247
Cc1c(C(=O)NCCc2cc3nc(-c4ccco4)ccn3n2)cnn1C,1.46169357,3015
Clc1cccc(CNc2nc(C3CC3)no2)c1,1.342442421,241
Cc1cccc(NC2CCN(Cc3ccncc3)CC2)n1,1.269676358,1513
CC(=O)c1ccc2c(c1)CCN(CC1CCC3(CC1)OCCO3)CC2,0.675686709,2295
C/C=C/CC(=O)N1CCC(c2cc(Cc3ccccc3)n[nH]2)CC1,1.715736003,1157
COc1ccc(Cc2noc(-c3cccc4c3OCC(=O)N4)n2)cc1,1.269746373,2819
CCc1ccc(CNc2nncs2)o1,0.890309217,2481
O=C(CCCc1cc(Cl)sc1Cl)N1CC[C@H](O)C1,1.268648165,871
O=C(CCc1cnn(-c2ccccc2)c1)N1CCC(n2c(=O)[nH]c3ccccc32)CC1,2.753451295,2787
c1ccc(-c2nsc(N3CCCN(c4nccs4)CC3)n2)cc1,2.160546559,1118
COc1cc(CN(C)C(=O)Nc2cccc(C)c2C)ccc1O,1.188984699,1760
CCCCn1nc(-c2ccc(C)o2)nc1CNC,1.156185573,994
Cc1c(C(=O)Nc2ccc(CO)cc2)nnn1Cc1ccc(Cl)c(Cl)c1,0.709524356,2429
O=c1[nH]c2ccccc2n1C1CCN(CCc2ccncc2)CC1,1.482401889,1650
Cc1nc(C)c2c(C)c(C(=O)N(C)CCN3CCCC3)sc2n1,0.675686709,608
Cc1nc(NCc2cn(C)nc2-c2cccs2)n(C)n1,0.675686709,2005
CC(=O)Nc1ccnn1C1CCN(Cc2ccccc2C#Cc2ccccc2)CC1,1.916343387,1267
COc1ccc2c(c1)CCCN(C(=O)NCCc1ccccn1)C2,2.241608732,2984
Fc1ccc(-n2nc(C3CCOCC3)nc2-c2cn[nH]c2)c(F)c1,0.675686709,997
CC(C)N(C(=O)Cn1cccc2cc(-c3ccco3)nc1-2)C(C)C,2.57133026,2441
CSC1(CNc2cc(C)nc(C)n2)CCOCC1,0.675686709,2313
CN(C/C=C/C(=O)N1CCC[C@@H](n2nc(-c3ccc(Oc4ccccc4)cc3)c3c(N)ncnc32)C1)CCCCNC(=O)CCCC(=O)NCCCOCCOCCOCCCNC(=O)CCCC[C@@H]1SC[C@@H]2NC(=O)N[C@H]12,2.104937561,2941
C1CN(c2nc3c(c(N4CCSCC4)n2)SCC3)CCS1,2.099414736,1912
COc1ccc(NC(=O)CN2CCCC2)cc1,0.675686709,2835
N#CC1(NC(=O)CN2CCOCC2)CCCCCC1,0.675686709,1209
CCN1CCN(S(=O)(=O)Cc2ccc(Cl)c(Cl)c2)CC1,1.917836225,80
CC1(COc2ccc3c(c2)ncn3-c2ccc3cccc(N4CCC(N)CC4)c3n2)COC1,1.75665132,1674
O=C(Nc1ccc(F)cc1F)N1CCn2c1nc1ccccc12,1.894703653,560
Cc1ncn(Cc2noc(-c3ccccc3O)n2)c1C,1.299093072,2280
O=C(CSc1nccn1C1CC1)Nc1c(Cl)cc(Cl)cc1C(=O)O,1.618654639,186
COCCOc1ccc2c(c1)ncn2-c1ccc2cccc(N3CCC(N)CC3)c2n1,1.16790781,1824
O=C(NCCN1CCC(O)(c2cccc(F)c2)CC1)c1cccc(F)c1,0.95927995,1274
Cc1cccc(N2CCN(C(=O)c3cncnc3C(C)C)CC2)c1,2.159064637,1164
O=C(NCC1=CCCN(Cc2cc(F)ccc2Cl)C1)c1ccco1,2.300049556,980
CCc1nnc(Nc2cc(C)nc(C3CN(C(=O)C(C)C)CCO3)c2)s1,1.137607271,2339
C[C@@H]1CN(Cc2ccccc2)C[C@H]1c1nc2c(cnn2C2CCOCC2)c(=O)[nH]1,1.559798935,2036
Cc1ccc2c(CC(=O)N(C)Cc3nnc4n3CCC4)coc2c1C,1.562138157,845
CCOC(=O)c1cccnc1-c1cccc2ccnn12,0.675686709,859
CCN(C(=O)N1CCC(OC2CCOCC2)CC1)C(C)C,1.334534169,1467
N#Cc1cccc(-c2ccc(=O)n3c2[C@@H]2C[C@@H](CN(Cc4cccs4)C2)C3)c1,2.598019689,1031
COCCS(=O)(=O)N1CCC2(Cc3ccccc3C2)C1,1.282576801,816
CN(C)c1ncncc1NC(=O)c1ccc(C(F)(F)F)nc1,0.675686709,2849
COc1ccc(C(=O)C2CCN(CC(=O)N(Cc3nc4c(c(=O)[nH]3)COCC4)CC3CC3)CC2)cc1,1.035509785,531
Cc1ccc(CCNC(=O)N2CC(C)(C)OC(C)(C)C2)cn1,0.818357878,628
Cn1c(CNc2ccc(C(=N)N)cc2)nc2cc(C(=O)N(CCC(=O)O)c3ccccn3)ccc21,0.675686709,1173
COCC(=O)Nc1nc(C)c(C)s1,1.277288245,662
Cc1nnc(NCc2cccnc2)c2ccccc12,0.717171027,1015
O=c1[nH]c2ccccc2n1C1CCN(Cc2nc(-c3cccs3)no2)CC1,1.056828653,3007
CN(C)CCNc1c2c(c(C#N)c3nc4ccccc4n13)CCCC2,1.380102655,1523
CCc1ccccc1NC(=O)Cn1nc(C)cc1C,1.401934464,424
NC(=O)c1noc([C@@H](CCCC2CCCCC2)CC(=O)NO)n1,0.863798539,3084
Cc1cccc(NC(=O)c2noc3c2CCCC3)n1,2.293786696,1657
Nc1cnc(Cc2ccc(F)cc2)nc1,0.675686709,731
O=C(c1ccc(F)c(F)c1)N1CCN(C(=O)c2nc(Cl)ccc2Cl)CC1,0.675686709,1054
Cc1cccc(COc2cccc(/C=C3\C(=O)NN(c4ccccc4)C3=O)c2)c1,1.821827836,1758
Cc1ccc(-c2nc(CC(=O)NCCC(C)C)cs2)cc1,2.666785588,1566
COCCNc1c(C)c(C)nc2cc(-c3nccn3C)nn12,1.323685147,2319
CO[C@@H]1CC[C@@H](N(C)C(=O)COc2c(C)cccc2C)[C@H]1O,1.083395108,2504
Cc1ccc(Cl)c(OC[C@@]2(O)CN(C3CCC3)CC[C@@H]2O)c1,2.219133758,2676
CC(C(O)c1ccc(O)cc1)N1CCC(Cc2ccccc2)CC1,2.174678956,1391
Cc1ccc(CNC(=O)c2cccnc2)n1C,0.675686709,1073
COc1c(N)ncnc1N1CCCC(C)(C)CC1,1.5704145,1135
O=C(Cc1ccc(Cl)c(Cl)c1)N1CC(n2ccnn2)C1,0.675686709,784
Cc1cccc(NC(=O)c2cncn2-c2ccccc2)n1,1.654898161,3048
CN(Cc1ccn(-c2ccccc2)n1)C(=O)c1ccc(O)nc1,0.675686709,548
CC(=O)Nc1ccc(C(=O)N2CCc3ncncc3C2)cc1,0.675686709,893
CCCc1cc(O)nc(SCC(=O)N2CCN(C)CC2)n1,0.675686709,1923
CC(C)c1noc(-c2ccc(N(C)Cc3cccnc3)nc2)n1,1.65891722,1093
Cc1nc(CN2C[C@@H](c3ccc4c(c3)OCO4)[C@@H]3[C@H]2C2CCN3CC2)co1,1.985201858,1399
CN(CC1(O)CCCC1)c1ncccn1,0.675686709,475
Cc1ccc(-c2ccc(=O)n(Cc3ccncc3)n2)cc1,1.620500418,1346
c1ccc(C2(CNc3nc4ccccc4o3)CCOCC2)cc1,2.111622036,3047
Brc1cnc(N2CCCN(c3ccccc3)CC2)nc1,2.081606511,2740
CN(CC1(CO)CCCC1)C(=O)CCN1CCCCC1=O,0.675686709,2276
Cc1cccc(NC(=O)c2ccc3ccccc3c2)n1,1.962748053,836
c1cnc(NCc2cnc3ccsc3c2)nc1,1.096249383,2603
Cc1ccccc1S(=O)(=O)N[C@@H]1CC[C@@H](O)[C@@H]1O,0.675686709,2882
Fc1cccc(N2CCCC2)c1CN1CCN(Cc2ccon2)CC1,1.782164352,1883
Cc1nccc(-c2cccc(NCc3cc(C)on3)c2)n1,1.775428392,1154
NC(=O)C1CCN(C(=O)CCc2ccc(Cl)cc2)CC1,0.675686709,984
CC#CC(=O)N1CC[C@@H](n2c(=O)n(-c3ccc(Oc4ccccc4)cc3)c3c(N)ncnc32)C1,1.329092647,31
CCCc1noc2nc(-c3ccncc3)cc(C(=O)O)c12,0.675686709,2020
CC(C)CC(=O)N1CCC(Cc2cccc(-c3cncnc3)c2)(C(=O)NC(C)C)CC1,2.299814443,522
Cc1cc2nc(CCC(=O)N3CCc4n[nH]cc4C3)[nH]c2cc1C,1.240923479,2462
CCc1c(C(=O)N2CC[C@@](O)(CC(C)C)[C@@H](Oc3ccc(F)cc3)C2)[nH]c2ccc(C)cc12,2.014948742,1984
CN1C(=O)[C@@H]2CN(CC3=CC[C@H]4C[C@@H]3C4(C)C)C[C@@H]2C1=O,2.31529425,2559
O=C1C(N2CCC(n3c(=O)[nH]c4ccccc43)CC2)CCN1c1ccccc1,0.686993566,1815
Cc1cc(NC(=O)CCc2c(C)nn(C)c2C)no1,0.675686709,777
CCNC(=O)c1noc(-c2cc(C(C)C)c(O)cc2O)c1-c1ccc(CN2CCOCC2)cc1,1.588831726,2861
CCC1(CC)NC(=O)N(CC(=O)N2CCOCC3(CCCC3)C2)C1=O,1.486246237,783
CC(C)c1nc2c(n1C)CCN(C(=O)c1cccc(C(F)(F)F)c1F)C2,1.51506541,616
Cc1ccc(S(=O)(=O)N2CCOc3ccncc32)cc1,2.02750454,2351
CNc1nc(C2CCNCC2)nc2c1CN(C)CC2,0.978134847,1664
O=C(Nc1ccc(N2CCCC2)cn1)c1ccc(-c2cnco2)cc1,1.434185534,2400
CCCn1c(=O)n(Cc2ccc(C#N)cc2F)c2ccccc21,1.730903345,1144
CCOc1cc(N2CCOC3(CCCC3)C2)ncn1,1.572999317,2184
CN(c1nc2ccccc2o1)C1CCN(C2CCOCC2)CC1,2.641865592,2977
Cc1nn(C)c(C)c1CNc1ccc(N2CCN(C)CC2)nc1,0.675686709,3019
Fc1ccccc1-c1c[nH]nc1C1CCCN1Cc1ccc2ncccc2c1,2.601584178,41
O=C1NCCCCC1NC(=O)N1CCc2sccc2C1,0.685204134,719
Cc1noc(C)c1CCC(=O)Nc1cccnc1,0.675686709,1102
CCc1nc(NC(=O)c2ccccc2F)sc1C,1.414455226,1095
O=C(Nc1ccccc1)c1scnc1-c1ccccc1,2.040103683,2822
CCn1c(CN2CCCCCC2)nc2ccccc2c1=O,1.409696478,1887
C[C@@H](Cn1nc2c(cc1=O)CCCCC2)NC(=O)CCc1ccccc1,2.345463913,2742
Cn1ccc(CSc2n[nH]c(-c3cc(F)cc(F)c3)n2)n1,1.111464152,2489
CON(C)C(=O)c1cc(C)ccc1NS(C)(=O)=O,0.675686709,293
O=C(c1cnc(-c2ccccc2)s1)N1CCOC2(CCCC2)C1,1.330494942,1112
COc1ccc(-n2c(Cn3cnc(C#N)n3)nc3ccccc32)cc1,0.698535493,321
Cc1cc(NC(=O)C2CCN(c3ccncc3Cl)CC2)no1,1.104657791,880
Cc1cc(C)nc(N2Cc3ccccc3C2=N)n1,1.391552567,1959
CCc1cnc(C)nc1-c1ccc(-c2ccn[nH]2)cc1,0.675686709,1049
CCC(=O)NCC[C@@H]1CCc2ccc3c(c21)CCO3,1.422130026,2286
N#Cc1ccccc1OCc1csc(-c2ncccn2)n1,1.493234921,1442
CCCNC(=O)NS(=O)(=O)c1ccc(Cl)cc1,0.675686709,128
Cc1nnc(-c2ccccc2-c2ccc(O)cc2)s1,1.165184952,1268
Cc1cnn(CC(=O)NCCCn2cc(Cl)cn2)c1,0.675686709,1874
Fc1ccc(CNc2nnc(-c3ccc4c(c3)OCO4)o2)cc1,1.978769224,1297
CCOc1ccc(C(=O)Nc2cc(C(=O)OC)ccc2N2CCN(C(C)=O)CC2)cc1,1.337559088,1329
C#Cc1cccc(N(CCC(=O)NC(N)=O)Cc2cccs2)c1,1.710633471,2121
O=c1c(CO)cc2cc3c(cc2n1Cc1ccccn1)CCC3,1.100611753,2635
CCN1CCC(CCNc2ncc(C)c(N(C)C)n2)CC1,0.675686709,1988
O=C(Nc1ccc(S(=O)(=O)Nc2ccnn2-c2ccccc2)cc1)c1ccco1,0.908699432,659
Cc1c(C(=O)Nc2ccc(N3C[C@@H](C)O[C@H](C)C3)nc2)cccc1-c1ccc(OC(F)(F)F)cc1,1.380428335,2081
Cc1ccc2c(c1)cc(CNCCc1ccccc1)c1nnnn12,2.619907912,1264
Cc1ccc(Cn2nc(C(=O)N[C@@H]3C(C)(C)[C@@H]4CC[C@@]3(C)C4)cc2-c2ccc(Cl)c(C)c2)cc1,2.256580655,410
COCC1CCN(c2noc(-c3cccs3)n2)CC1,1.597552591,266
CN(c1ccccc1N)S(C)(=O)=O,1.008088936,2773
Cc1cc(NC(=O)CCc2cnn(C)c2)c2ccccc2n1,0.675686709,434
CCCOc1c2c(nc3cc(C4CCOCC4)nn13)CCC2,0.675686709,2678
Cc1ccc(NC(=O)CN2C(=O)CN(C)C2=O)cc1C,0.675686709,2422
CC(=O)N1CCN(c2c(Cl)cccc2NC(=O)COc2ccc(C(C)C)cc2)CC1,2.128396037,1279
CCOc1ncccc1-c1nc(C)cc(NC)n1,0.675686709,1594
Cc1cnc(C(C)(C)NCC(=O)N(C)C)s1,0.675686709,2348
Nc1nc(CN2CCN(c3ccc(F)cc3)CC2)cs1,0.675686709,1287
CC(C)c1nnc(CN2CCN(c3nccs3)CC2)o1,0.675686709,622
CN(C)[C@@H]1CN(C(=O)c2cc3ccc(F)cc3[nH]2)C[C@H]1O,0.675686709,479
Cc1n[nH]c(C)c1Cc1ccc(NCCC(C)C)cc1,0.675686709,1010
Cc1ccc2oc(C(=O)N3CC[C@H](O)[C@@H](N4CCOCC4)CC3)cc2c1,1.221231613,2602
COC(=O)c1cc(F)c(C)c(NC(=O)CCCc2ccccn2)c1,2.900555555,1275
Cc1cccc(OC2CN(C(=O)Cn3c(C)nn(-c4ccccc4)c3=O)C2)c1,1.13001195,1501
Clc1cccc(Cl)c1Cc1n[nH]c(CCCn2cccn2)n1,1.999748036,2558
Cc1nc(NC2(c3cccc(Cl)c3)CC2)c2c(C)noc2n1,0.964306782,1453
Oc1ccc2nc(/C=C/c3csnn3)ccc2c1Cl,1.997316472,2094
O=C(Nc1ccccc1)Nc1ccccc1,1.204391332,1737
Cc1nc(NCc2ccc(F)cc2)n(C)n1,0.675686709,2342
CCc1noc(-c2ccc(C)c(N)c2)n1,2.319774171,2895
CC(C)(C)c1csc(Cn2ccnc2-c2ccccn2)n1,2.084754963,2891
NCCCc1nc(-c2ccncc2)cs1,1.466763852,2864
CCCCCCCCc1ccc(CCC(N)(CO)CO)cc1,0.880813592,2847
Cc1noc(CCNc2cccc(F)c2C#N)n1,1.6098291,2747
Fc1ccc(F)c(-c2nc(C3CCOCC3)nn2-c2cccnc2)c1,0.675686709,801
CCc1c2c(nc3ccc(O)cc13)-c1cc3c(c(=O)n1C2)COC(=O)[C@]3(O)CC,1.26131046,2314
CC(=O)N1CCCN(C(=O)Cc2csc(C(C)C)n2)CC1,0.675686709,1607
O=C(c1ccccc1-c1ncc(-c2ccccc2F)o1)N1CCC1,1.545059585,1600
Cc1ccc(CNc2cncc(-n3nc(C)cc3C)n2)cn1,1.370142847,2764
c1ccc(-c2nccc(NCc3nnc4n3CCCCC4)n2)cc1,1.896845758,2911
CCNC(=O)c1cc(N2CCC(N3CCCC3=O)CC2)ccn1,0.675686709,2893
CCN1CCC(Oc2ncnc3c2c(C)c(C)n3C2CCCCC2)CC1,1.500785173,2983
CCc1cc2c(cc1N1CCC(N3CCOCC3)CC1)C(C)(C)c1[nH]c3cc(C#N)ccc3c1C2=O,1.553276046,887
O=C(N[C@H](CO)CC1CCCCC1)c1cccc(-c2cnccn2)c1,2.296781425,2973
COc1ccc(OCC(=O)Nc2cccc(Cl)c2N2CCN(C(C)=O)CC2)cc1,2.257044666,166
Cn1nccc1C(=O)C1CCN(C(=O)c2cccs2)CC1,1.087994255,2917
COCc1noc(CNC(=O)N(C)[C@@H](C)c2ccccc2)n1,0.675686709,2372
CCNC(=O)c1ccc(CS(C)(=O)=O)cc1,0.675686709,180
O=C(Nc1cnn(-c2ncccn2)c1)C1CCCCC1,0.675686709,2991
CC(C)CCNC(=O)CSc1nc2ccccc2[nH]1,2.056447458,2513
CC(C)C[C@H](C(=O)N[C@H](C(=O)OC1CCCC1)c1ccccc1)[C@@H](O)C(=O)NO,1.742921423,2752
O=C(Nc1cc[nH]n1)c1ccc2c(c1)[nH]c(=O)n2C1CCCC1,1.257414559,2775
CC(C)c1ccc2c(c1)[C@H](NC(=O)Cn1ccnn1)CCC2,1.94849121,1350
O=C1CC2(CCN(C(=O)NCc3ccccc3)CC2)Oc2ccccc21,1.336619813,745
c1ccc(NCc2ccc3c(c2)OCCCO3)nc1,1.823089323,2040
CN1CCc2ncnc(N3CCCN(c4nccs4)CC3)c2C1,1.367765791,1162
O=C(CN1CCc2ccccc21)N1CCNC1=O,0.675686709,1325
Fc1cccc(OC2CCN(Cc3nc4ccccc4[nH]3)CC2)c1,1.970039879,1205
CC1CCC(O)(CSc2nncn2C(C)C)CC1,0.807196661,2099
C=CC(=O)N(C)CCOc1c(N)ncnc1-c1cc(F)cc(NC(=O)c2ccc(C3CC3)cc2F)c1C,1.89741814,160
CCn1nccc1CNc1nnc(-c2ccc(OC)cc2)o1,0.821120324,742
CCCc1noc(CN2CCN(c3ccccc3OC)CC2)n1,1.432151214,2106
CN1CCN(S(=O)(=O)Cc2ccc(Cl)c(Cl)c2)CC1,1.530250939,2279
Cc1cccc(NCC2CCN(C(=O)c3ccccc3)CC2)n1,1.120178938,1491
CCCN(C(=O)c1c(CC)noc1C)C1Cc2ccccc2C1,2.259849412,511
CN(Cc1nc2c(s1)CCCC2)c1cnccn1,2.118420158,2554
Cn1cc(CNc2ncccn2)c(C(C)(C)C)n1,0.675686709,1863
Clc1cnc(Oc2ccc3cn[nH]c3c2)nc1,1.111564935,2922
Cc1cc(Nc2nnc(C)s2)cc(C2CN(C(=O)c3c(C(C)C)noc3C)CCO2)n1,1.352876834,2016
c1ccn2cc(CSc3ccc(-n4cccn4)nn3)nc2c1,1.269723036,2673
NC[C@H]1CC[C@@H](C(=O)Nc2ccc3[nH]ncc3c2)O1,1.247555947,3067
COc1cc([C@@H]2c3cc4c(cc3[C@H](O)[C@H]3COC(=O)[C@@H]23)OCO4)cc(OC)c1OC,1.64823312,2139
CCC(=O)N(C)c1ccccc1C(=O)O,1.37386787,1196
N#Cc1ccc(C(=O)N2CCCO2)nc1,1.575291786,2396
O=C(Cc1cn2ccccc2n1)N1CCC(n2c(=O)[nH]c3ccccc32)CC1,1.529468854,2577
Cn1cc(CN2CCCC(c3ccnc(Nc4cnccn4)c3)C2)cn1,0.888516461,2250
CC1=C(Br)CN(CCc2nc3ccccc3c(=O)[nH]2)CC1,2.123841845,2113
CC(C)[C@H](Nc1ncc(Cl)cn1)C(=O)N1CCCC1,1.18619325,990
Cc1nc(C#N)c(C#N)n1Cc1csc(-c2cccs2)n1,1.94826622,1725
CC(=O)NC1CCC(NCCc2c(C)cccc2C)CC1,0.675686709,1939
O=C(Nc1ccc2[nH]ncc2c1)[C@H]1CCCNC1,1.162026432,1866
Nc1nn(C(=O)Cc2ccc(F)cc2)c2cccc(F)c12,1.222091886,2962
Cn1c2cc(S(C)=O)sc2c2cnn(Cc3cccc(N)c3)c(=O)c21,0.691788524,3040
FC(F)(F)COc1ccc(CN2CCc3c(cnn3-c3ccccc3)C2)nn1,1.354953146,1078
Cc1ncsc1-c1nc(CNc2cc(F)cc(F)c2)no1,1.817671121,2831
Nc1cnn(CC(=O)N2CCCCC2)c1,0.675686709,1748
Nc1ccc2c(ccn2CC(=O)N2CCOCC2)c1,0.675686709,1708
CC1(CNC(=O)N2CCN(Cc3ccon3)CC2)CCCC1,0.870462432,2608
O=C(Nc1ccc(COC2CCCC2)cc1)N1CCC(CO)CC1,0.675686709,1909
CCc1cc2c(Nc3cnn(CC)c3)ncnc2s1,1.609871757,1696
COc1ccccc1C(=O)NCc1nc(C)cc(N2CCCCC2)n1,1.983662364,255
Cc1nc2cc(=O)[nH]n2c(C)c1CC(=O)OC1CCCCC1,1.021520064,2326
Cn1c(=O)n(Cc2cccc(OC(F)F)c2)c2cnccc21,1.017033339,465
CN(C)c1cccc(Cn2ccnc2-c2ccc(O)cc2)c1,1.890180609,1428
CN1CCC(Cc2cccc(-c3nccs3)n2)C1,1.633205779,2090
C[C@@]12CCCN1C(=O)[C@H](C1CCCCC1)NC2=O,0.675686709,2087
COc1ccccc1/C=C/CN1C[C@H]2CCCN2C[C@@H]1C,1.226161523,2102
Cn1cc(C(C)(C)NC(=O)C#Cc2ccc3c(c2)OCO3)cn1,0.675686709,2584
CN1CCC(NS(=O)(=O)C2CN(C(=O)c3cccc(Cl)c3)C2)CC1,0.69399061,755
CN1CC(=O)N(CCCC(=O)Nc2cccc(C#Cc3cccs3)c2)C1=O,1.29444418,1099
Fc1cccc(N[C@H]2CCCN[C@H]2Cc2ccccc2)c1,1.785557602,1790
Cc1noc(C2CCN(CCc3ccccc3)CC2)n1,1.255730685,1557
COc1cc(OC)cc(N(CCNC(C)C)c2ccc3ncc(-c4cnn(C)c4)nc3c2)c1,1.245438634,1907
CCc1noc(C2CCC(NCC3CCC(F)(F)CC3)CC2)n1,1.735774498,435
Cc1ccn(-c2ccc(NCC3CC3)nn2)n1,1.043244354,2904
CNc1cc(C)nc(-c2ccnc3c2ccn3C)n1,1.932843975,1743
C[C@H](NC(=O)CCC(F)(F)F)C(=O)N[C@@H]1C(=O)N(CCO)c2ncccc2-c2ccccc21,0.675686709,2640
CONC(=O)c1ccccc1Nc1cc(Nc2cc(C)nn2C(C)C)ncc1Cl,1.820700513,1715
CN(C(=O)[C@@H](N)Cc1ccccc1)c1ccccc1,0.675686709,2736
O=C(NCCN1CCc2ccccc2C1=O)c1ccncc1,1.13232374,2972
O=C(CCNC(=O)c1ccc(OC(F)(F)F)cc1)N[C@@H]1CCCc2ccccc21,2.186163547,77
Cc1cc(CN2CC(O)(CC#N)C2)ccc1F,1.1766121,2555
COCCCNc1nnc(-c2ccncc2)s1,1.123165371,2091
COc1c(C)cnc(Cn2cc(C#CCC(C)(C)O)c3c(Cl)nc(N)nc32)c1C,1.7648722,2987
COC(=O)CC1=NN(c2ccc(OC)cc2)C(=O)/C1=C(/C)NCc1ccc(OC)cc1,2.43432774,420
COc1ccc(CCC(=O)N2CCCNCC2)cc1,0.675686709,188
CCC(=O)N(C)CC(=O)Nc1cccc(F)c1,0.675686709,1357
COc1ccc(-c2noc([C@@H]3CCCN3Cc3ccccc3)n2)cn1,1.952298315,1194
Cc1nccc(C2CCN(Cc3ncc[nH]3)CC2)n1,0.675686709,1374
CC1CC1C(=O)N1CCC(n2c(=O)[nH]c3ccccc32)CC1,0.675686709,1700
C[C@@]1(c2ncncc2F)NC(=O)c2cc(-c3cn[nH]c3)ccc21,0.675686709,152
O=c1[nH]c2ccccc2n1C1CCN(Cc2coc(-c3cccs3)n2)CC1,1.468243915,2785
Clc1ccccc1CNCc1ccc2c(c1)OCCO2,2.680778648,1113
CN(CCSc1ccc2nnc(C(F)F)n2n1)Cc1ccccc1,2.39006211,2165
COC(=O)N1CCCN(C(=O)C(=O)Nc2cccc(C(C)C)c2)CC1,1.82087111,646
O=C(Nc1ccc2c(c1)N(CC(F)F)C(=O)CS2)C1CC=CC1,1.721060047,1904
O=C1NCN(c2ccccc2)C12CCN(CCCOc1ccc(F)cc1)CC2,1.871082326,1848
CCCn1cc(C(=O)N2CCC(c3n[nH]cc3C(=O)N3CCOCC3)CC2)cn1,0.675686709,336
CCCN(C(=O)c1ccc(COC)o1)c1nc2c(s1)CCc1c-2cnn1C,1.878663952,2689
CN1C(=O)[C@@H](NC(=O)c2nnc(Cc3ccccc3)[nH]2)COc2ccccc21,0.675686709,1675
C[C@]12CCC3=C4CCC(=O)C=C4CC[C@H]3[C@@H]1CC[C@@]2(O)CC#N,1.321432717,2285
Cc1cccc(CNC(=O)Cn2c(=O)oc3cccnc32)c1,0.675686709,3013
Cc1noc(OCC(=O)N2CCCCCC2)n1,0.675686709,1431
COc1ncnc2c1CN(Cc1c[nH]nc1-c1ccc(F)cc1)CC2,1.849271962,602
CCc1cnc(NCc2ccc(CN3CCCC3)cc2)nc1,0.675686709,1269
COc1ccc2nc(NCc3cnn(C)c3)ccc2c1,1.454600977,1409
C[C@H]1CN(C2COC2)CCN1c1ccc(Nc2cc(-c3ccnc(N4CCn5c(cc6c5CC(C)(C)C6)C4=O)c3CO)cn(C)c2=O)nc1,1.169292275,155
N#Cc1cc(Oc2ccc3c(c2)CCC3)ncn1,1.824197451,2468
COc1ccc(CNC(=O)CCSc2nc3c(=O)n(C)c(=O)n(C)c3n2C)cc1,1.71613664,2686
Cc1noc2ncc(C(=O)Nc3nc(C4CC4)cs3)cc12,1.953648568,1071
CNCc1cc(N(C)C)nc(C2CCCN2C(=O)C2CN(Cc3ccc(Cl)cc3)C2)n1,0.937517892,2207
COc1cccc(C)c1C(=O)N[C@H](CO)CCSC,1.512324113,1977
CCOC(=O)N1CCN(C(=O)Nc2cccc3c2CCCC3)CC1,1.575753445,971
CC(C)C[C@@H](CO)n1cc(-c2ccccc2Cn2cccn2)nn1,2.003417445,850
O=C(C1CCC1)N1CCC(c2ncc(-c3ccc(F)c(F)c3)[nH]2)CC1,1.635182049,539
CCc1nnc(N2CCCO2)c(C#N)c1CC,1.220787776,2454
CC(=O)N1CCCC(C(=O)N2CCc3c(cccc3C(C)C)C2)C1,1.662918302,1769
CCCn1ncnc1-c1ccccc1SC,1.916432891,687
CC(C)(C)c1cc(NC(=O)c2cccc3cn[nH]c23)[nH]n1,0.993259831,261
Cc1ccc(C)c(OCCN(C)C(=O)c2ccc3c(c2)nnn3C)c1,1.774458569,1188
NC1CCCC(C(=O)Nc2cccc(N3CCNC3=O)c2)C1,0.675686709,3080
COCC(=O)N(CC1CCCO1)c1nc2c(s1)CCc1c-2cnn1C,0.799340549,2690
Cc1n[nH]c(C)c1CCC(=O)N1CCOCC1,0.675686709,1246
O=C(CCCC(=O)N1CCN(c2nsc3ccccc23)CC1)Nc1nccs1,1.867673685,2079
CCOC(=O)Cc1c(C)[nH]c2c(-c3ccccc3)cnn2c1=O,0.7930916,1005
O=C(NC[C@]1(O)CCN(Cc2ccsc2)C[C@H]1O)c1c[nH]cn1,0.675686709,2196
Cc1cccnc1CNC(=O)c1ccc(Cl)s1,1.597881585,2892
Cc1ccc(NC(=O)C(C)(C)c2ccccc2)nc1,1.225438517,902
Cc1nn(CCNS(=O)(=O)N2CCCCC2)c(C)c1C,2.210973615,2278
Cc1cccc(-n2cnnc2CCCN2CCOCC2)c1,0.675686709,1434
COc1ccc(Cc2cccc(C3CCN(C(=O)C4CCCC4)CC3)n2)cc1,2.056054478,277
O=C1CC[C@H](O)[C@@H](c2cccc(Cl)c2)N1Cc1ccccc1,1.038620162,1067
CCCNC(=O)c1ccnc(N(C)C)c1,1.590942096,885
Cc1cc(C(=O)NCC2CC2)n2nccc2n1,1.409611931,1603
Cc1cc(Nc2ccccn2)cc(C2CCCN(CC(=O)Nc3ncc(C)s3)C2)n1,1.775464809,1464
Cc1nc(Cn2nnnc2C(C)(C)C)nc2ccccc12,0.870345371,2808
Cc1csc(N2CCN(Cc3ccc(OCC(F)(F)F)nc3)CC2)n1,1.356121506,1140
Cc1ccc(S(=O)(=O)Nc2ccc3c(c2)c2c(n3S(=O)(=O)c3ccc(C)cc3)CCC2)cc1,2.362198803,2836
CC(=O)N1CCN(c2c(Cl)cccc2NC(=O)COc2ccccc2Cl)CC1,2.633232054,168
O=C1CCCN1C(=O)COc1cccc(-c2nnco2)c1,0.675686709,1377
Oc1c(C(c2ccc(F)cc2)N2CCCCC2)ccc2cccnc12,1.545255324,2886
CC(C)Oc1ccc(C2(C(=O)NC3CCS(=O)(=O)CC3)CCCC2)cc1,1.195650622,2521
COC1(c2nc(Cc3ccccc3)no2)CCN(Cc2cnc(C)o2)CC1,1.256332818,2221
CCOc1ccc(Nc2ncccc2C#N)cc1,1.99830294,1625
Cc1cccnc1NC(=O)Cc1coc2c(C)c(C)ccc12,2.09405865,1256
Cc1nc(N2CCNCC2)c2cnn(C)c2n1,0.675686709,2260
CS(=O)(=O)CCNC(=O)N1CC2(CCCC2)c2ccccc21,0.984302232,649
Cc1noc(NCc2cccc(-c3cccnc3)c2)n1,1.311690301,726
Cc1nc(C2(NCc3cccc(C#N)c3)CCCC2)no1,1.122445256,282
CCn1c(C(=O)N(C2CC2)C2CC2)cc2c3c(ncn3C)c(Nc3cc(C)n(C)n3)nc21,1.05219358,2615
COc1cccc(F)c1NC(=O)N1CCC(N2CC=CC2)CC1,0.675686709,2057
Cc1c(CN2CCC(Nc3ncnc4sc(CC(F)(F)F)cc34)CC2)ccc2[nH]c(C#N)cc12,2.044755286,2008
COC1(c2nc(Cc3ccccc3)no2)CCN(Cc2ncccc2Cl)CC1,2.088671093,2418
CCc1nc(CN2C(=O)COc3ccc(F)cc32)cs1,1.813694384,993
c1cnc(-n2cccn2)c(CNC2CCCC2)c1,0.675686709,1043
O=C(CCN1CCN(C(=O)OCc2cc(Cl)cc(Cl)c2)CC1)c1ccc2[nH]c(=O)oc2c1,2.168724295,1820
N#Cc1nc(-c2ccccc2)oc1NCc1ccccc1,2.293431064,2703
O=C(CN1CCCC(c2cccc(Cc3cccc(F)c3)n2)C1)N1CCCC1,1.881806762,129
CCCN1CCCN(C(=O)c2nc3ccccc3[nH]2)CC1,1.283640389,1673
Cn1nccc1C(=O)C1CCN(C(=O)c2cc(C(C)(C)C)nn2C)CC1,0.675686709,2786
CCC(=O)Nc1sc2c(c1C#N)CCC2,2.19269566,2823
Cn1ncnc1COc1nn2c(-c3c(F)cccc3F)nnc2cc1C1CCC1,0.675686709,1337
O=c1c2oc3ccccc3c2ncn1Cc1ccc(F)c(F)c1,1.909775261,2643
O=C(NO)c1cnc(NC2(c3ccccc3)CC2)nc1,0.675686709,2915
O=C(c1nccc2ccccc12)N1CCC(COc2ccccn2)CC1,1.624776971,2713
Nc1nnc(-c2ccc3c(c2)OCCO3)o1,0.675686709,567
CC(C)NC(=O)CN(C)c1ccc(Cl)c(C#N)n1,0.675686709,2909
CC(C)CCN1CCn2c1nc1c2c(=O)n(C)c(=O)n1C,1.420764137,1645
c1cc(-c2nnc(NCc3cncs3)o2)ccn1,0.675686709,2043
CN(C(=O)c1cncc(F)c1)c1cccc2ncccc12,1.346450778,1023
CNC(=O)Cc1nc(-c2cncc(C)c2)cs1,0.767601068,1479
CCCc1ncncc1C(=O)NCc1noc(C2CC2)n1,0.675686709,2665
C#CCN1CCC(c2nc(Cc3noc(C)n3)no2)CC1,0.675686709,294
Cc1nnc(NC(=O)c2nn(-c3ccc(F)cc3)c3c2CCCC3)s1,1.623693698,1777
Cc1ccn(-c2ccc3[nH]c4c(c3c2)CCCC4=O)n1,2.136095621,1759
Cc1ccc(CCNc2ccc(C#N)nc2)cn1,0.675686709,1862
Nc1ncc(C(=O)NC2CN(C(=O)C3CC3)C2)c2ccc(-c3cccc(F)c3)nc12,0.675686709,72
Nc1ccccc1-c1nc(C2CC2)no1,2.507337646,2958
Nc1nc(-c2ccccc2)nc2nc(C3CCCN(CC(=O)N4CCCC4)C3)ccc12,0.764250875,1236
COC(=O)C1=NOC2(CCN(CCC(C)(C)C)CC2)C1,2.159209144,2598
Cn1nc(N)c2ccc(Br)cc21,1.380826057,2597
Cc1ccc(-c2nc(-c3ccncc3)n[nH]2)cc1,1.43025248,1780
Cc1cc(N(CCO)CCCO)ncc1Br,1.094296397,2582
Cc1cnccc1-c1cnc(N(C)C)nc1-c1ccco1,2.145867381,2243
COc1cccc(Nc2c(C(N)=O)cnc3c(C)cc(S(=O)(=O)c4cccc(C(=O)N(C)C)c4)cc23)c1,2.515428729,2168
Cc1sc2nc(CN3CCOCC3)nc(N3CCN(c4ccncc4)CC3)c2c1C,1.26218996,991
Fc1ccc(CCNc2ncnc3ncccc23)cc1,1.124634624,2547
Cc1nc(C)c2c(C)c(C(=O)N(C)Cc3ccc(C)o3)sc2n1,1.556037017,787
N=C(N)N/N=C/c1c(Cl)cccc1Cl,0.675686709,1004
CCOc1cc(N(C)CC2CCN(C)CC2)ncn1,1.303044784,1961
CCn1nccc1-c1cc(C)nc(N2CCCC2)n1,2.059608852,2039
Cc1cc(N2CCN(CC3CCN(C(=O)CC(C)C)CC3)CC2)n[nH]1,0.865932668,2407
COc1cccc(CN2CCN(C(=O)Cc3ccc(C)cc3)[C@@H](C)C2)c1,2.361973237,1214
CN(C)c1ccc(Cn2c(=O)[nH]c3ccccc3c2=O)cn1,0.960470778,786
Cc1cc(-c2nc(C(=O)Nc3cc4oc(N5CCOCC5)nc4nc3N3CC[C@@H](O)C3)co2)ccn1,0.675686709,2959
CNC(=O)c1sc2ncccc2c1[C@H]1CC[C@H](CNC(=O)CCc2ccccc2)CC1,2.313316625,1299
Cc1cc(SCc2ccc(Cl)nc2)nc2ccccc12,2.515025612,2780
CCc1nc(C)c(Cn2ccnc2-c2cnc(N3CCCC3)nc2)s1,1.504076488,1262
Cc1cc(-n2nc(C)cc2N)nc(C)n1,1.770380657,2993
NCCOc1cccc(CC(=O)N2CCCN(C(=O)C3CCC3)CC2)c1,0.675686709,2131
CNc1ccc(/C=C/c2ccc(OCCOCCOCCF)nc2)cc1,2.402383484,2590
NCc1ccc(-n2cnc3ccccc32)cc1Cl,1.11330815,2810
CN(C)c1cnn(CCC(C#N)(c2ccccc2)c2ccccc2)c(=O)c1,2.092874971,1235
CC#CCCNC(=O)c1cccnc1C,0.675686709,2375
NCc1cccc(C(=O)N2CCCC2)c1,0.675686709,230
O=c1[nH]c(=O)n([C@H]2C[C@H](O)[C@@H](CO)O2)cc1C(F)(F)F,1.621819973,2844
CCc1nsc(N2CCS(=O)(=O)CC2)n1,0.675686709,2791
Fc1cc(CCNc2ncnc3sccc23)c2c(c1)COCO2,2.339252634,2910
CC(C)c1nc(NCc2cccnc2)n(C)n1,0.675686709,1189
COc1cc(CN2CCC(C(=O)N3CCOCC3)CC2)ccc1C,0.97386645,2283
CN(Cc1nc2ccccc2n1C)c1ccnc(-c2ccccc2)n1,2.021040373,2717
Cc1noc(C)c1CC(=O)N1CCc2[nH]c3ccc(Br)cc3c2C1,2.220850463,1497
O=C1N[C@@H]2CCN(C(=O)c3ccc(-c4ccccc4)cc3)[C@@H]2C(=O)N1c1ccc(F)cc1,0.675686709,1316
CN(Cc1ccc(N)nc1)c1nc(C(F)(F)F)cs1,0.675686709,1995
N#Cc1cccnc1NCCc1ccc(F)cc1,2.251881455,696
O=C(CNc1cc(N2CCCC2=O)ccc1F)N1CCCCCC1,1.376704672,2242
COc1ccc(CNC(=O)c2nnn(-c3ccc(OC)cc3)c2N)cc1,0.874249823,1304
NC(=O)c1cccc(Cn2cnc3c(oc4ccccc43)c2=O)c1,0.675686709,2550
CCCc1ncncc1C(=O)NCc1nncn1CCC,0.675686709,2359
CCc1nc2ccc(C(=O)NCc3ccccc3)cc2nc1CC,2.005386453,1626
COc1ccnc(N2CCCN(Cc3ccccc3C)CC2)n1,2.878485603,2695
CCC(=O)Nc1cccc(Oc2nc(Nc3ccc(N4CCN(C)CC4)cc3OC)ncc2Cl)c1,1.201287854,2112
O=S(=O)(N1CCOCC1)N1CCN(Cc2ccccc2F)CC1,1.322880573,758
CN1[C@H]2CC[C@@H]1C[C@@H](OC(c1ccccc1)c1ccccc1)C2,0.993700695,61
COc1cc(Nc2ncc(F)c(Nc3ccc4c(n3)NC(=O)C(C)(C)O4)n2)cc(OC)c1OC,2.122406886,3011
CCOc1ccc2nc3c(cc2c1)CN(CCOC)C(=O)O3,1.080626487,2920
Cn1cc(NC(=O)c2cn(Cc3ccccc3)nn2)cn1,0.675686709,1320
O=c1ncn2nc(Sc3ccc(F)cc3F)ccc2c1-c1c(Cl)cccc1Cl,1.164293359,1216
CC(C)n1ccc(C(=O)N2CCS(=O)(=O)C(C)(C)C2)n1,0.675686709,700
CC(=O)Nc1cccc(OC(=O)N2CCOCC2)c1,0.877428941,556
Fc1ccc(F)c(CN2CCN(Cc3ccc4c(c3)OCO4)CC2)c1,2.020460728,710
Cc1cc2c(=O)n3c(nc2s1)CCNCC3,0.675686709,2772
CC(C)(C)C(=O)Nc1nnc(Cc2ccccc2)s1,0.675686709,1068
CNC(=O)c1cccc(Cn2nnc(-c3ccccc3Cl)n2)c1,1.216482597,1022
COCc1nc(C2CCN(CCO)CC2)no1,0.675686709,1838
c1cc(CC2CCNCC2)c2cccnc2c1,0.675686709,1679
CCCCOc1ccc(C(=O)NCc2cc(C)on2)cc1,1.071550639,308
Cc1ccc(OCN2CCCCC2=O)nc1,0.721398376,2261
Cc1ccc2[nH]c(CNC(=O)c3ncoc3C)nc2c1C,1.132803818,2592
O=C(Nc1cccc2ncccc12)[C@H]1CCCN(S(=O)(=O)c2cccs2)C1,1.553749564,2942
Cc1nc(CNC(=O)c2ccc(F)c(C)c2)no1,0.675686709,2936
CCN1CCc2c(sc(NC(=O)CS(=O)(=O)c3ccccc3)c2-c2nc3ccccc3s2)C1,1.854977534,2951
C[C@H](Cc1cc2c(c(C(N)=O)c1)N(CCCO)CC2)NCCOc1ccccc1OCC(F)(F)F,1.770623763,1876
COc1ccc(CN(C)c2ncncc2Br)cc1O,1.413718765,1849
CCc1[nH]nc(NC2CCC(C(=O)OC)CC2)c1C,2.718688487,2484
OCCC1(CNc2ncc(Br)cn2)CC1,0.936815231,2516
O=C(Nc1ccccc1-n1ccnc1)c1cccs1,1.042457375,764
CN(Cc1nnc(C2CC2)n1C)C(=O)C1C2CC3CC(C2)CC1C3,1.679164333,804
CNCc1cc(N(C)C)nc(C2CCCN2C(=O)c2oc3ccc(Cl)cc3c2C)n1,1.650773629,2206
Cc1ccc(CN(C)Cc2c(C)noc2C)o1,1.441396603,1668
CCCc1nnc2sc(-c3cc(C(C)C)nn3C)nn12,1.49497508,1809
C[C@@H](NC(=O)N1CCC2(CCN(C)CC2)C1)c1ccc(F)cc1,0.675686709,2156
COc1cc2c(cc1OC)CN(CN1C(=O)c3cccc4cccc1c34)CC2,2.118400319,1682
Cc1cc(C(=O)Nc2c(C)nn(C(C)C)c2C)c2ccc(F)cc2n1,0.831357785,606
NC1(c2nc(-c3ccsc3)no2)CCCCC1,0.675686709,2715
COc1ccc(CCC(=O)N2CCN(C(=O)c3cc4n(n3)CCCC4)CC2)cc1,1.211093831,1127
CC(C)[C@@H](C(=O)Nc1nc2ccccc2[nH]1)N1Cc2ccccc2C1=O,0.675686709,1712
CCN(c1cc(-c2ccc(CN3CCOCC3)cc2)cc(C(=O)NCc2c(C)cc(C)nc2O)c1C)C1CCOCC1,2.116381905,401
COc1cc2c(cc1OC)CN(C(=O)C1CCCN(S(=O)(=O)c3cccs3)C1)CC2,1.834516073,1405
c1ccc(Nc2nc(N3CCOCC3)nc(N3CCOCC3)n2)cc1,1.358011032,2503
Cc1ccc(-n2nc(C(C)(C)C)cc2NC(=O)Nc2ccc(OCCN3CCOCC3)c3ccccc23)cc1,2.572145236,830
Cn1cc(C(=O)N2CCC(CC(=O)O)CC2)cn1,0.675686709,1641
COc1cc(/C=C2\CCCN([C@@H](C)c3ccc(F)cc3)C2=O)ccc1-n1cnc(C)c1,1.646945139,896
CCCOc1ccn2c(C(C)=O)cc(-c3ccccc3S(C)(=O)=O)c2c1,1.749094446,2116
C#CCOc1ccc(OC)cc1C(N)=O,1.139942023,1958
Clc1ccc(COc2cccc(N3CCNCC3)c2)cc1,0.71858472,1624
N=C(N)NCCCCC(=O)Nc1ccc(C[C@H](NC(=O)[C@@H]2CCCN2S(=O)(=O)c2ccccc2)C(=O)O)cc1,0.675686709,2996
O=c1[nH]c2ccccc2n1C1CCN(CCOc2ccccc2)CC1,1.471144965,1056
Cc1nn(C)c(C)c1NC(=O)CN1CCC2(CCCCC2)CC1,1.091948191,1536
O=C(Cc1c(F)cccc1Cl)Nc1cccc2cnccc12,1.796761608,340
NC(=O)Cn1cc(-c2ccc(F)cc2)cn1,0.675686709,296
Cn1c(=O)c2c(ncn2C)n(C)c1=O,0.675686709,1854
Cc1cc(C)c2c(N(C)CCC(C)C)ncnc2n1,1.154180432,738
Cc1cc(C(=O)N(C)CCCC2CCCC2)cc(C)n1,1.8057998,1989
COc1ccc2c(c1)CN(c1nc(C)cc(C)n1)CC2,2.110606543,1851
Cc1nc2ccc(C(=O)NCCCc3ccc(F)cc3)cc2[nH]1,0.903632516,1831
Cc1cc(C)c(NC(=O)c2cc(Cl)ccc2F)c(C)n1,0.913548958,1544
CN1C(=O)COc2ccc(NC(=O)CCN3C(=O)COc4ccc(Cl)cc43)cc21,2.191260934,1003
Cc1ccc(-c2ccccc2-c2nc3c(cnn3C3CCN(C)CC3)[nH]2)o1,0.675686709,944
c1ccc(Oc2cccc(CN(CCN3CCOCC3)Cc3cccnc3)c2)cc1,3.096213889,68
Cc1cc(OCc2ccnc(Cl)c2)nnc1C,0.675686709,3021
Cc1ncsc1-c1cncc(CC2CCCN(C)C2)n1,1.504946355,2028
O=C(CCn1cncn1)N(CC#Cc1ccccc1)C1CCCC1,2.419345987,1265
CN(CC(=O)N(C)C)Cc1cc(C#N)ccc1F,0.675686709,1122
O=c1c2oc3ccccc3c2ncn1Cc1ccc(Cl)cc1,2.011049993,2013
O=c1n(CCn2ccnc2)nnn1-c1cccs1,0.675686709,2303
Cc1ccc(=O)n(CC2(O)CCN(Cc3cccs3)CC2)n1,0.675686709,2408
N#Cc1cc(F)c(NS(=O)(=O)c2c[nH]c3cc(Cl)ccc23)cc1F,0.675686709,3049
Cc1cc(C)n2ncc(C(=O)Nc3cccc(C(=O)O)c3)c2n1,0.675686709,347
CC(C)N(CCCNC(=O)Nc1ccc(C(C)(C)C)cc1)C[C@@H]1O[C@@H](n2ccc3c(N)ncnc32)[C@H](O)[C@H]1O,2.272465891,1987
c1ccc(-c2ccc(Cn3ccnc3-c3cc4n(n3)CCCNC4)cc2)cc1,1.167848799,1742
O=C(NCCCNC(=O)c1cc2ccccc2[nH]1)c1ccc2c(c1)OCCO2,1.284543523,1492
CC(=O)Nc1cccc(CN2CCCN(C(C)=O)c3ccccc32)c1,2.143629875,1253
CCCNC(=O)C1(Cc2ccccn2)CCOCC1,0.675686709,334
Cc1ccc2nc(-c3ccc(N(C)C)cc3)[nH]c2c1,2.079575551,348
C=CC(=O)Nc1cccc(Nc2nc(Nc3ccc(OCCOC)cc3)ncc2F)c1,1.506071875,158
O=C(O)c1cc(/N=N/c2ccc(S(=O)(=O)Nc3ccccn3)cc2)ccc1O,0.675686709,1574
CCCCc1c(C)[nH]c2nc(N(Cc3cccs3)C(C)=O)nn2c1=O,1.137733795,1017
c1ccc(-c2cc3c(N4CCC(c5ncc[nH]5)CC4)ncnc3s2)cc1,2.067625,831
Cn1cc(-c2cccc3c(C(N)=O)cccc23)cn1,0.675686709,1893
O=C(CCCCCCC(=O)Nc1ccccc1)NO,0.675686709,2706
Cc1ccc(-c2noc3nc(C)cc(C(=O)O)c23)cc1,0.675686709,916
O=C(NC1CCCCCC1)c1ccc(-c2cnco2)cc1,1.173739714,1477
COCC(=O)N1CC[C@H](c2nnc(-c3ccc(C)cc3)o2)C1,0.675686709,834
COc1ncc(C(=O)NCc2cnn3cccnc23)cn1,0.675686709,2381
O=C(Nc1ccc2sccc2c1)N1CCCN(C(=O)Oc2ccccc2)CC1,1.893900404,1558
Cc1cc(CN(C)Cc2cscn2)no1,0.675686709,178
Cc1cc(C)n(-c2ccc(C(=O)NCc3cccnc3)cc2)n1,0.675686709,684
CC(=O)N(C)[C@H]1CC2(CCN(C(=O)COc3cc(C)c(Cl)c(C)c3)CC2)OC[C@]1(C)O,1.892484179,2125
CC(C)N(CCCNC(=O)Nc1ccc(C(C)(C)C)cc1)C[C@@H]1O[C@@H](n2cc(Br)c3c(N)ncnc32)[C@H](O)[C@H]1O,2.548436101,2492
Cc1nn(-c2ccc(F)cc2)c(Cl)c1C(=O)N1CCC(S(=O)(=O)C(C)C)CC1,0.675686709,767
CNc1nc(-c2cc(OC)cc(OC)c2)ncc1F,1.568975721,1141
O=C(CC1CCCC1)NCc1nnc2n1CCC2,0.675686709,1580
COCCN(Cc1cccs1)Cc1cccc(C)c1O,2.093306091,1681
Cc1nnc(NC(=O)c2ccccc2-c2ccc(C(F)(F)F)cc2)s1,1.081671287,1218
COc1cccc(CC(=O)Nc2ccc3nc(C)sc3c2)c1,1.52748812,848
Cc1nc(N2CCOc3ccccc3C2)c2cnn(C)c2n1,1.797038905,1182
O=C(NCc1ccc2c(c1)OCCO2)c1sccc1C1CC1,2.167981563,756
COc1cc(-c2cn(C3CCc4c(F)cccc4N(CC(F)(F)F)C3=O)nn2)ccc1-n1cnc(C)c1,1.417069656,2739
Fc1ccc(-c2ccc3c(c2)[nH]c2ccncc23)cn1,1.226135722,18
CN(C)C(=O)C1(Cc2ccccc2-c2ccccc2)CCN(C(=O)c2cnn(C)c2)CC1,2.666523596,123
CC1(C)CN(C(=O)c2cncc(Br)c2)CCO1,0.675686709,1289
C=CC(=O)Nc1cccc(Oc2nc(Nc3ccc(N4CCN(C)CC4)cc3)nc3ccsc23)c1,0.990827051,30
N#Cc1ccc(NS(=O)(=O)c2c[nH]c3nc(Cl)ccc23)c(F)c1,0.675686709,3057
CC(=O)c1ccc2c(c1)CCN(CCC1OCCO1)CC2,0.919025765,2220
COCC1(C(=O)N(C)Cc2ccc3ccccc3n2)CCC1,1.777738475,2148
CNC(=O)C1(Cc2ccc(-c3cccnc3)cc2)CCN(Cc2ccccc2Cl)C1,2.649622021,126
O=C(CN1CCc2ccccc21)N1CCC(c2nc3ccccc3[nH]2)CC1,2.049624983,899
c1ccc2c(c1)CN(c1cnc3ccccc3n1)CCN2,1.972836686,695
CC(C)c1cccc(CN2C(=O)N(C)C3(CCCCC3)C2=O)n1,2.917223415,1172
CNCc1cc(NC)nc(C2CCCN2C(=O)C(C)(C)c2ccc(C)cc2)n1,1.208548842,2208
Cc1cccc(-c2ncc(CNCc3ccccc3-n3cccn3)cn2)c1,2.481132922,411
CN(Cc1nncn1C)C1CCN(c2ccccc2F)CC1,0.675686709,2451
Cc1cc(Oc2cnccn2)ccc1N,0.675686709,1731
Cc1cc(C(=O)NCC2(c3ccccc3)CC2)on1,0.675686709,1796
C[C@H]1NC(=O)N(CCc2nc(C(F)(F)F)cs2)C1=O,0.765519543,2576
CC(C)(C)NC(=O)c1cncn1C1CCN(c2ccc(-c3nnc(C(F)(F)F)o3)cn2)CC1,0.675686709,320
CN(c1ncc(F)cn1)[C@H]1CCCNC1,0.675686709,2
CN(C)C1(CNC(=O)N2CCC=C(c3ccccc3)C2)CCOCC1,1.542177858,2543
CN1CCCN(C(=O)Nc2cccc(OCC(F)F)n2)CC1,0.675686709,2735
Cc1cccc(-c2cccc(C(=O)NCCC3(O)CCCC3)c2)n1,1.334915948,2350
Cc1nc(CC2CCN(S(=O)(=O)c3c(C)noc3C)CC2)cc(NC2CCCC2)n1,2.395766581,1030
c1ccc(CCn2cnc3c2CCN(c2ncccn2)C3)cc1,2.314783332,1490
CC(C)C(=O)Nc1ncn(Cc2cccnc2)n1,0.675686709,540
COCC(=O)Nc1ccc(NC(=O)Cc2ccc(C(F)(F)F)cc2)cc1,1.515582451,2346
O=C(c1ccccc1)N1CCN2C(=O)N(Cc3ccccc3)C(=O)[C@H]2C1,0.830716949,1063
CNC(=O)c1cnc(/C=C/c2csc(-c3cccs3)n2)s1,1.535926741,386
CN(Cc1ccc(N)nc1)c1nc2cc(F)ccc2o1,0.675686709,2223
COc1ccccc1-n1cc(CNC(=O)N(C)Cc2c(C)nn(C)c2C)cn1,1.878084984,2150
NC(=O)COc1ccccc1-c1ccccc1,1.412611726,267
CCOc1ccc(Oc2ccc(OCc3cc(F)ccc3F)cc2)c(N)c1,0.943791199,2863
CCCN(CCc1cccs1)[C@H]1CCc2c(O)cccc2C1,1.991761966,2041
CCCc1cc(C)nc(O)c1CNC(=O)c1cc(-c2ccc(N3CCN(C(C)C)CC3)nc2)cc2c1cnn2C(C)C,2.08089333,2357
COc1cc(OC)c(OC)cc1CNc1ccc(N2CCOCC2)c(C(=O)O)c1,0.675686709,1328
O=C(NCC1(c2ccccc2)CC1)c1cccnc1,0.675686709,1403
CSCc1csc(NC(C)=O)n1,1.283210741,1040
CN1CCN(C(=O)C2(NC(=O)c3cc(Cl)c4c(c3)OCO4)CCCC2)CC1,0.675686709,1835
COc1ccc(N2CCCN(CC3CCN(C(=O)C4CC4)CC3)CC2)cc1,0.701654317,1190
Cc1c[nH]c2nccc(Oc3c(F)cc(Nc4cc(Cl)nc(N)n4)cc3F)c12,1.155882358,14
O=C(NC[C@H]1COCc2nc3ccccc3n21)c1ccncc1,1.275495631,680
CC(C)(C)c1[nH]cnc1/C=c1\[nH]c(=O)/c(=C/c2ccccc2)[nH]c1=O,0.675686709,2205
CCCc1ccc(-c2cccc(C(=O)N3CCN(CC(N)=O)CC3)c2)cc1,1.09961159,2086
CC(C)(C)c1ccc(C(O)CN2CCC(O)(c3ccc4c(c3)OCO4)CC2)cc1,1.661291977,3066
CC(C)CN1C(=O)C(=O)N(Cc2ccccn2)C1=O,0.675686709,910
Cc1cccc(NCCc2cc(F)cc3c2OCOC3)n1,2.598512557,1951
c1cc2c(N3CCNCC3)nc(-c3ccnc(NC4CCCCC4)c3)cc2cn1,1.837158981,1617
CC1(C)[C@H]2CC=C(CN3CCC4(CCC(=O)N4)CC3)[C@@H]1C2,0.675686709,1916
COc1cc(OC)cc(N2CCC(NCC3(C)CCOCC3)CC2)c1,0.675686709,2519
COc1cc2c(cc1OC)CN(C(=O)C1CCCN(C(=O)OC(C)(C)C)C1)CC2,2.024419985,1407
CC1CCN(Cc2ccc(NC(=O)c3ccccn3)cc2)CC1,0.675686709,923
COc1ncccc1CNc1ncnc2c1cnn2C,0.675686709,1584
O=C(N[C@@H](COc1ccc2[nH]c(=O)[nH]c2c1)c1ccccc1)c1cccn(Cc2ccc(F)c(F)c2)c1=O,1.725970509,2932
COc1ccc(Br)c(-c2nnc(N)o2)c1,1.215426048,377
CC(=O)NC1(c2ccc(F)cc2)CCN(Cc2ccc(OC3CCCC3)cc2)CC1,1.394609259,1842
CCn1cc(CN2CCC(c3nc(N(C)C)ncc3-c3ccc(OC)cc3)CC2)c(C)n1,2.197947343,670
Cn1cc(NC(=O)c2cnn3cccnc23)c(C2CCCCC2)n1,1.575845718,2404
CNC(=O)C1(Cc2ccc(-c3cccnc3)cc2)CCN(Cc2ccc(F)cc2)C1,2.35761091,105
CC(C)(C)c1ccc(=O)n(CC2CN(CC3(O)CCCC3)C2)n1,0.801472314,1013
O=C(Cc1cccc(I)c1)N1CC(CO)C1,0.675686709,1452
CC(=O)c1ccccc1-c1cccc(C(=O)NCCCN2CCCC2)c1,0.675686709,2089
Cc1nnc2ncc(-c3cccc4ccnn34)cn12,0.969741977,1940
CNc1nc(N2CCCCC2)nc(N2CCCCC2)n1,1.738312727,1727
N#Cc1cnc2cc(F)cc(F)c2c1NC1CCN(CC(N)=O)CC1,0.675686709,2650
CN(CCn1cnc(C#N)c1C#N)c1ccccc1,1.719588141,2185
CC(C)(C)c1cnc(CN2CCC(=O)Nc3cc(F)ccc32)o1,1.994031049,2472
COCCc1noc(CN2CC(c3ccccc3)(c3ccccc3)CCC2=O)n1,2.325244658,111
COc1cc(CNCCN2CCOCC2)cc(Cl)c1OCc1ccccc1,1.666059108,1107
O=C1c2ccccc2C(=O)N1CCNc1ccc(F)cc1,1.942677591,2333
Cn1cc(CCNC(=O)N2CCc3sccc3C2)cn1,1.177334456,840
NC1CCCC1C(=O)N1CCC(c2c[nH]c3ncccc23)CC1,0.675686709,3069
Cc1cnc(CNC2(c3nccs3)CCCC2)cn1,0.675686709,2743
Cc1nc2cc(-c3nccn3C)nn2c(NCCCN(C)C)c1C,0.675686709,1871
Cc1ccc2oc([C@H]3CCN(Cc4cccs4)C3)nc2c1,2.102371953,1048
Cc1cnc(NCc2ccccc2-n2ccnc2)nc1N(C)C,1.527977713,1033
Cc1ncccc1CNc1nnc(C(C)(C)C)s1,0.675686709,487
COc1cccc(CN2Cc3ccccc3OC3(CCOCC3)C2)c1,2.123371366,1242
CC(=O)N(c1ccc(C)cc1)c1nc(Cn2ccnc2)cs1,1.504362105,1080
CC(C)c1cc(C(C)C)c(CC(=O)NS(=O)(=O)Oc2c(C(C)C)cccc2C(C)C)c(C(C)C)c1,1.66225716,2466
COc1ccc(-c2nn(C)c3ccccc23)c(OC)c1OC,1.97966672,1947
CC(C)(C)OC(=O)N1CCCN1C(=O)c1cc2cc(Cl)ccc2[nH]1,1.673849977,3001
CN1CCCN(C(=O)NCCOc2ccc3c(c2)OCO3)CC1,0.675686709,1224
CCCn1ncc(CN2CCC(c3ncc[nH]3)CC2)c1C,0.865222456,2946
CCc1ncc2c(n1)CN(c1ccnc(-c3ccccc3)n1)CC2,1.557338745,770
CCc1cc2c(N(C)CCO)ncnc2s1,1.866860112,326
CC(C)Oc1ccc(CCNC(=O)N2CCC[C@H]2C(=O)N2CCCCC2)cc1,1.293958886,2452
CSc1ccccc1S(=O)(=O)NC1CCC(CN(C)C)CC1,0.675686709,2625
CC(=O)NC[C@H]1C[C@]2(C)[C@@H](CCCC[C@]2(C)O)N1CC1(O)CCCCCC1,1.709074824,2934
O=C1CN(C(=O)c2ccc(F)cc2)CCN1,0.675686709,1131
CCC(=O)Nc1ccc(F)c(NC(=O)N2CC=C(C)CC2)c1,0.963929422,2307
CC(C)[C@H]1C(=O)N[C@H](CO)Cc2cc(NC(=O)/C=C/C=C/c3ccc(C(F)(F)F)cc3)ccc2N1C,2.696159732,1908
C=CCn1cc(CNCc2csc3ccc(Cl)cc23)c(C)n1,2.540827314,1676
COc1cccc(-c2nc(-c3cccnc3)n[nH]2)c1,0.675686709,617
CCN1CCc2ncnc(N3CCNc4ccccc4C3)c2C1,0.675686709,1319
Cc1cc(C(=O)N(C)Cc2ccsc2)no1,1.042575512,598
Cc1noc(-c2ccc(-c3ccc(CC(=O)O)cc3)cc2)c1NC(=O)O[C@H](C)c1ccccc1Cl,0.675686709,1493
O=C(C1CC1)N1CC[C@@H](Cc2n[nH]c(=O)n2-c2ccc(-c3ccc4occc4c3)cc2)C1,1.309417226,773
CCc1c(O)cc(O)c(C(=O)c2ccc(OCCN3CCOCC3)c(OC)c2)c1CC(=O)N(CCOC)CCOC,1.449447542,2254
N#Cc1c(Cl)nc(N)n1-c1ccccc1,1.069853021,2812
CCN(CC)Cc1ccc2cc(COC(=O)Nc3ccc(C(=O)NO)cc3)ccc2c1,0.900913068,183
O=C1CN(C(=O)c2cccc(Oc3cccc(C(F)(F)F)c3)c2)CCN1,0.720407401,520
CN(c1ccc(NC(=O)Nc2ccc(OC(F)(F)F)cc2)cc1)c1ccnc(Nc2cccc(S(N)(=O)=O)c2)n1,0.675686709,1277
Cc1noc(COc2cccnc2C)n1,0.675686709,2507
CCS(=O)(=O)N1CCC(C(=O)N(C)C2CCCCCCC2)CC1,2.1225599,870
O=C(NC1=NS(=O)(=O)c2ccccc21)c1cc(-c2ccc(F)cc2)no1,1.955577119,1158
Cc1ccccc1N(CC(=O)N(C)C)S(C)(=O)=O,0.802910489,1200
Cc1nc(N2CCn3ccnc3C2)c2cnn(C)c2n1,1.021023822,177
CNC(=O)Cc1csc(-c2ccc(C)cc2)n1,2.033568496,301
CCC1(O)CN(c2ncnc3c2c(Br)nn3C)C1,0.675686709,835
CC1(C)CC(CC(=O)NCCn2ccnn2)CC(C)(C)N1,0.675686709,2004
O=C(CCNc1ncccn1)N1CCc2ccccc2C1,1.394083776,729
O=C(c1ccc(-c2ccncc2)cc1)N1CCC(F)(F)CC1,0.675686709,2992
Cc1sc2nc(CN3CCCC3)nc(N)c2c1C,0.675686709,851
Brc1cc2c(cc1Cn1cncn1)OCCCO2,0.886265059,1174
COc1ccnc(N2CC(n3nc(C)cc3C)C2)n1,0.675686709,872
COc1ccc(-n2cc3c(c2-c2ccccc2Br)c(=O)n(C)c(=O)n3C)cc1,1.574575243,221
CC(C)c1nnc(CNC(=O)C2(C)CCC2)n1C,0.675686709,633
NC1(c2noc(-c3cccnc3)n2)CCCCCC1,0.675686709,2765
O=C(NCc1nnc2c(O)nccn12)C1CCCC1,0.675686709,375
CCOC1CCN(C(=O)Cn2c(=O)[nH]c3ccccc32)CC1,0.675686709,1311
CC(C)(O)CNc1ncc(-c2ccnc(Nc3ccnc(Cl)c3)n2)c(CC2CC2)n1,1.372948806,983
CN(C(=O)c1cc(N2CCNC2=O)ccc1F)C1CCNC1,0.675686709,3060
Cc1ccc(CN2CC[C@H](c3nnc(-c4ccccc4F)o3)C2)o1,1.442401369,524
Cc1c[nH]c(C(=O)NCC2(N3CCCCC3)CCCC2)n1,0.882011962,2256
Clc1ccc(CSc2nc(-c3ccccc3)cs2)cn1,2.344101337,3018
C#CCN1CCC[C@H]1C(=O)Nc1cnn(-c2ncccn2)c1,0.675686709,1085
CCOC(=O)c1cccnc1SCc1cccnc1,2.46652954,2011
COc1cccc(-n2nc(C(=O)O)cc2-c2ccc(C3CCCCC3)c(Cl)c2)c1,0.891035415,1318
CC(=O)NCC1CCN(C(=O)c2cncn2-c2ccc(F)cc2)CC1,0.675686709,839
CCn1ncc(-c2cc(C(F)F)nc(NCCCOC)n2)c1C,1.639685661,1543
O=C1CCC(=O)N1Cc1nc(C23CC4CC(CC(C4)C2)C3)cs1,2.019872011,141
Cc1n[nH]c(-c2c(C)c3cc(F)ccc3n2C)n1,1.945350394,1419
Cc1c(Cl)cccc1NC(=O)C(C)N1CCCN(c2nccs2)CC1,2.967351376,1181
CN(CCC#N)Cc1cc(C#N)ccc1F,0.675686709,1839
COc1ccccc1CNc1cn[nH]c(=O)c1Cl,0.675686709,2540
C=CCNC(=O)C1(Cc2ccc(-c3ccccc3)cc2)CCN(C(=O)c2cccnc2)CC1,1.884631128,832
N#CC1(NC(=O)C2CCCCCC2)CC1,0.675686709,1789
Cc1nccc(-c2cccc(NCC(=O)NCC(=O)N3CCCC3)c2)n1,0.675686709,689
O=C(CC/C=C/c1ccccc1)Nc1ccccc1N1CCOC1=O,1.51263104,1941
CC1(C)[C@H]2C[C@H]3Oc4c(ccc(O)c4C(=O)NCCNS(C)(=O)=O)[C@H](O)[C@@]3(O)[C@@H]1C2,1.466823151,2568
O=C(Nc1cnc2ccccc2n1)c1ccncc1,0.82445127,2369
NC(=O)c1ccc(Oc2ccc(C(=O)N3CCCCCC3)cc2)cc1,1.05514889,1561
Cc1cccc(C)c1OCC(=O)N(C)[C@@H]1CCC[C@@H](O)[C@@H]1O,0.986278956,2227
OCCn1cc(-c2ccc3c(c2)CC/C3=N\O)c(-c2ccncc2)n1,0.964118143,1296
CCC(=O)N1CCCc2cc(C(O)CN3CCN(c4ccc(OC)cc4)CC3)ccc21,2.223900713,1386
Nc1ccc2c(c1)ncn2-c1ccccc1,0.880356199,2710
O=C(CCCOc1ccccc1)N1CCCC1,1.018284308,1562
Nc1ncccc1OCc1cccc(Cl)c1,2.196236999,2721
C[C@]1(O)CN(C(=O)Cn2cnc3ccccc32)CC[C@@H]1Oc1ccccc1,0.74390155,2100
CC(C)N1CCN(CCCSc2ncc[nH]2)CC1,0.675686709,2797
O=C(CN1CCCC(c2cccc(-c3cccc(Cl)c3)n2)C1)N1CCCC1,1.711284074,676
CCn1nc(C2CCCC2)nc1-c1ccncc1,1.39054654,317
NCc1cccnc1OCc1ccccc1,1.068185862,996
CN(Cc1cnn(C)c1)C(=O)c1ccccc1-c1ccccc1C#N,1.806383502,898
Cc1nccn1-c1ccc(F)cc1CNC(=O)C(C)C,0.92319219,722
COc1cccc(-c2nc(C(=O)O)cs2)c1OC,0.675686709,588
CN(Cc1cccc(Cl)c1Cl)Cc1cc(=O)n(C)c(=O)n1C,2.280539674,2495
O=C(NC1CC1)c1cccc2cccnc12,0.718335579,1494
O=C(CCCc1nnc(-c2ccccc2)o1)Nc1cccc2ccccc12,1.854919088,280
Cc1cnn(C2CN(CC3(O)CCCCC3)C2)c1,1.738312727,1166
CN1CCN(c2ccc(NC(=O)c3ccc(S(=O)(=O)N4CCCc5ccccc54)cc3)cc2)CC1,2.720869311,1177
COc1ccc(CN(C)C(=O)Nc2ccccc2)cc1F,1.261048643,1149
N#Cc1ccc(C(=O)Nn2cnnc2)cc1,0.675686709,1628
c1csc(-c2csc3nc(CN4CCOCC4)nc(N4CCc5[nH]ncc5C4)c23)c1,2.747507358,1415
c1ccc2nc(OC3CCNCC3)cnc2c1,0.675686709,2967
CN(NC(=O)c1ccn(-c2ccccc2)n1)c1ccccc1,1.915637234,1752
COc1cc2nn(CCC(C)(C)O)cc2cc1NC(=O)c1ccn(C(F)F)n1,1.271562825,2072
CN(Cc1cccc(C#N)c1)Cc1cnn(C)c1,0.675686709,730
Cc1csc2nc3n(c(=O)c12)CCNCC3,0.893539844,2344
COc1ccc(-c2cccc(C3CCCN(C(=O)C4CCCC4)C3)n2)cc1,2.243283666,1616
O=c1n(Cc2ccccn2)nc2n1-c1cc(Cl)ccc1C1=NCCN12,0.675686709,2827
Cc1sc(C)c(C(=O)NC2(c3ccc(C(=O)O)cc3)CC2)c1Cc1ccc(C(F)(F)F)cc1,0.675686709,1241
Cc1noc(Cc2ccc(C)c(O)c2)n1,1.0309234,2796
NC(=O)CN1CCC(CCc2ccccc2)CC1,0.675686709,1828
Cn1c(=O)n(-c2ccc(C(C)(C)C#N)cc2)c2c3cc(-c4cnc5ccccc5c4)ccc3ncc21,1.827771877,2828
COCCOCc1ccc(-c2cc3onc(-c4ccccc4)c3c(=O)n2C)cc1,1.137512353,874
Cn1cc(-c2nc(C(=O)Nc3ccc4c(c3)OCCCO4)cs2)cn1,0.951386095,1631
c1cnc(NCc2cccc3cnccc23)nc1,1.782028069,2846
C=C(C)COc1ccc(C(=O)NCCc2cn3ccccc3n2)cc1,2.062852629,1677
CN(Cc1nc(N)c2ccccc2n1)Cc1ccc(F)cc1F,1.732417887,805
Cc1ccc(Cl)c(OC[C@@]2(O)CN(C3CCCC3)CC[C@@H]2O)c1,2.511300347,2553
Cc1cc(NCC2(c3ccncc3)CC2)ncn1,0.675686709,2646
O=C(C1CCCN(c2ccc(Cl)nn2)C1)N1CCc2ccccc2C1,2.096193705,1767
O=C(CN1CCCC(c2cncc(-c3cccc(Cl)c3)n2)C1)N1CCCC1,1.937327282,678
Cc1ccc(NC(=O)CN(C)C(=O)c2ccccc2F)nc1,0.675686709,728
CN1CCc2nc(C(=O)N[C@H]3C[C@@H](C(=O)N(C)C)CC[C@@H]3NC(=O)C(=O)Nc3ccc(Cl)cn3)sc2C1,0.675686709,2356
O=C(COc1cccc(-n2cncn2)c1)N1CCc2ccccc21,1.577376892,2807
Cc1cccc(C(=O)N(C)CCc2cnccn2)c1,1.112873002,965
CC(C)c1cc(N2CCc3[nH]nc(C4CC4)c3C2)n2nccc2n1,1.847270275,1400
O=C(NCCc1cn2c(n1)CCCC2)c1ccccn1,0.675686709,1323
Nc1nc2ccccc2n1C1CCCC1,1.569362203,2926
CO[C@H]1CC[C@@H](C(=O)c2ccc3nc4c(cc3c2)CCCO4)CC1,1.468332558,1184
N#Cc1cc(-c2n[nH]c(-c3ccncc3)n2)ccn1,0.948706309,532
Cc1nc2cc(C(=O)N3CCc4nc5ccccc5c(=O)n4CC3)ccc2n1C,0.675686709,1793
CNC(=O)c1ccccc1Nc1nc(Nc2ccc(N3CCOCC3)cc2OC)ncc1Cl,1.173696047,1423
COc1ccccc1C(=O)Nc1cccc(-c2ccnc(C)n2)c1,1.780252487,1830
O=C(NCC1(N2CCCCC2)CCCC1)c1cnn[nH]1,0.675686709,2572
COc1ccc(S(=O)(=O)N2CCC(N3CCC(C)CC3)CC2)cc1,1.198299609,11
Cc1nnc2ccc(N3CCC4(CCCCC4)C3)nn12,1.521151165,2134
CS(=O)(=O)NC1CCN(C(=O)NCCc2ccc(F)cc2)CC1,0.675686709,737
CCCCNC(=O)NS(=O)(=O)c1ccc(C)cc1,0.675686709,120
Cc1cc(C)n(C(=O)CCCC(=O)n2nc(C)cc2C)n1,2.784436121,2834
O=C(NCCc1ccc2c(c1)OCO2)N1CCc2sccc2C1,2.214290034,530
COCCc1nc(-c2ccccc2-c2ccccc2)n(CCO)n1,1.388633969,1495
Cc1cnccc1NC(=O)COc1ccccc1C#N,1.088100635,2708
O=C1CCCN1CCCc1nc(Cc2c(Cl)cccc2Cl)n[nH]1,1.663738607,2335
Cc1ccc(C(=O)C2CCN(CC(=O)NC(=O)Nc3ccccc3)CC2)c(C)c1,1.808447305,2497
c1cnc2c(Oc3ncnc4sccc34)cccc2c1,1.646266456,2852
Cn1nccc1CC1CCN(C2CCCC2)CC1,0.675686709,1248
Nc1cnn(CC(=O)Nc2ccc(F)cc2)c1,1.206960729,1749
CCN(Cc1nc(C)no1)C(=O)c1cc(C)c(C)n(C)c1=O,0.675686709,2298
CN1CCC(O)(CNS(=O)(=O)CC2CCCCC2)CC1,0.675686709,1924
CCN(C(C)=O)c1ccc(C)cc1C(=O)O,0.675686709,769
CCCCN(CC)c1nc(C)nc2c1c(C)c(C)n2-c1c(C)cc(C)cc1C,2.296645449,2887
Cc1cc(C)cc(OCCN(C)C(=O)NCCN2CCCCC2=O)c1,2.175874058,2474
Cc1nc(C2CCN(CC(N)=O)CC2)no1,0.675686709,1818
Cn1nc(-c2cn(Cc3ccc(CO)cc3)nn2)c2c(Cl)cccc21,1.001171015,632
CC(=O)N1CCN(CCNC(=O)N2CCc3sccc3C2)CC1,1.005952287,761
Cc1nnc(-c2cccc(C(=O)O)c2)o1,0.675686709,1722
O=C(CCc1cc2ccccc2o1)N1CCN(c2cnccn2)CC1,1.842453215,985
CCc1nc2ccccc2n1CC(=O)Nc1cnc2ccccc2c1,1.328909405,2758
FC(F)(F)c1nccc(NCCSc2nc3ccccc3o2)n1,2.408097439,1451
Fc1cncc(-c2cnc(NCc3ccc(Cl)c(F)c3)nc2)c1,1.174350597,743
CN(Cc1ccccn1)c1nc2ccccc2o1,1.176236,952
Cc1c(C(=O)NCc2cnc(N(C)C)n2C)sc2ccccc12,1.25224605,1589
COc1ccc(-c2noc([C@@H]3CCCN3Cc3cccnc3)n2)cn1,1.991155165,948
OCCN1CCN(c2ccnc3ccc(Br)cc23)CC1,1.098297536,2633
CC(C)c1nc(CCn2ccnc2-c2ccoc2)cs1,2.368508161,1309
CCCS(=O)(=O)Nc1ccc(F)c(C(=O)c2c[nH]c3ncc(Cl)cc23)c1F,0.881384657,3002
c1nc(N2CCC3(CCCCC3)C2)c2cn[nH]c2n1,0.920801382,1945
Cc1cc(Nc2ccc(F)cn2)cc(C2CCN(C(=O)Cn3nc(C)ccc3=O)C2)n1,1.295215124,2496
O=C(NC1CCCCC1)N1CCc2nc3ccccn3c(=O)c2C1,0.675686709,1688
O=C(Cc1n[nH]c2ccccc12)N1CCCO1,0.675686709,2163
Cn1ncnc1COc1nn2c(-c3cc(F)ccc3F)nnc2cc1C(C)(C)C,0.675686709,2538
O=C(NC1CCCCC1)C1=CCN(C(=O)C2CC2)C1,0.675686709,2662
O=C(Nn1cnc2ccccc21)c1cc(Cl)ccc1F,0.675686709,1489
CC(C)(C)n1ncc(OCc2ccc(OCCOCCO)nc2)c(Cl)c1=O,0.913336926,332
COCCOc1cnc2ccn([C@H](C)c3nnc4c(F)cc(-c5cnn(C)c5)cn34)c(=O)c2c1,0.787956123,2232
CC(C)(O)CCn1cc2cc(NC(=O)c3cccc(C(F)F)n3)c(OCC3COC3)cc2n1,0.892094603,2073
